_id,SlNo,Station,Agency,State LGD Code,State,District LGD Code,District,Tehsil,Block,Village,River,Basin,Tributary,Subtributary,SubSubtributary,Local River,Latitude,Longitude,Data Acquisition Time,Telemetry Hourly Rainfall (mm)
1,1,DAC Mangan,Sikkim,11,Sikkim,226,MANGAN,MANGAN,-,-,Brahmaputra,Brahmaputra,-,-,-,Brahmaputra,27.49833333,88.53583333,14-01-2026 08:00,250
2,2,DAC Mangan,Sikkim,11,Sikkim,226,MANGAN,MANGAN,-,-,Brahmaputra,Brahmaputra,-,-,-,Brahmaputra,27.49833333,88.53583333,14-01-2026 09:00,270
3,3,DAC Mangan,Sikkim,11,Sikkim,226,MANGAN,MANGAN,-,-,Brahmaputra,Brahmaputra,-,-,-,Brahmaputra,27.49833333,88.53583333,14-01-2026 13:00,298
4,4,DAC Mangan,Sikkim,11,Sikkim,226,MANGAN,MANGAN,-,-,Brahmaputra,Brahmaputra,-,-,-,Brahmaputra,27.49833333,88.53583333,14-01-2026 17:00,268.5
5,5,DAC Mangan,Sikkim,11,Sikkim,226,MANGAN,MANGAN,-,-,Brahmaputra,Brahmaputra,-,-,-,Brahmaputra,27.49833333,88.53583333,14-01-2026 19:00,260
6,6,DAC Mangan,Sikkim,11,Sikkim,226,MANGAN,MANGAN,-,-,Brahmaputra,Brahmaputra,-,-,-,Brahmaputra,27.49833333,88.53583333,14-01-2026 20:00,257.5
7,7,DAC Mangan,Sikkim,11,Sikkim,226,MANGAN,MANGAN,-,-,Brahmaputra,Brahmaputra,-,-,-,Brahmaputra,27.49833333,88.53583333,14-01-2026 23:00,130
8,8,DAC Mangan,Sikkim,11,Sikkim,226,MANGAN,MANGAN,-,-,Brahmaputra,Brahmaputra,-,-,-,Brahmaputra,27.49833333,88.53583333,15-01-2026 01:00,244.5
9,9,DAC Mangan,Sikkim,11,Sikkim,226,MANGAN,MANGAN,-,-,Brahmaputra,Brahmaputra,-,-,-,Brahmaputra,27.49833333,88.53583333,15-01-2026 03:00,242.5
10,10,DAC Mangan,Sikkim,11,Sikkim,226,MANGAN,MANGAN,-,-,Brahmaputra,Brahmaputra,-,-,-,Brahmaputra,27.49833333,88.53583333,15-01-2026 04:00,240
11,11,DAC Mangan,Sikkim,11,Sikkim,226,MANGAN,MANGAN,-,-,Brahmaputra,Brahmaputra,-,-,-,Brahmaputra,27.49833333,88.53583333,15-01-2026 12:00,282.5
12,12,DAC Mangan,Sikkim,11,Sikkim,226,MANGAN,MANGAN,-,-,Brahmaputra,Brahmaputra,-,-,-,Brahmaputra,27.49833333,88.53583333,20-01-2026 05:00,254.5
13,13,DAC Mangan,Sikkim,11,Sikkim,226,MANGAN,MANGAN,-,-,Brahmaputra,Brahmaputra,-,-,-,Brahmaputra,27.49833333,88.53583333,20-01-2026 09:00,264
14,14,DAC Mangan,Sikkim,11,Sikkim,226,MANGAN,MANGAN,-,-,Brahmaputra,Brahmaputra,-,-,-,Brahmaputra,27.49833333,88.53583333,20-01-2026 13:00,287
15,15,DAC Mangan,Sikkim,11,Sikkim,226,MANGAN,MANGAN,-,-,Brahmaputra,Brahmaputra,-,-,-,Brahmaputra,27.49833333,88.53583333,20-01-2026 14:00,289.5
16,16,DAC Mangan,Sikkim,11,Sikkim,226,MANGAN,MANGAN,-,-,Brahmaputra,Brahmaputra,-,-,-,Brahmaputra,27.49833333,88.53583333,20-01-2026 16:00,267
17,17,DAC Mangan,Sikkim,11,Sikkim,226,MANGAN,MANGAN,-,-,Brahmaputra,Brahmaputra,-,-,-,Brahmaputra,27.49833333,88.53583333,20-01-2026 21:00,260.5
18,18,DAC Mangan,Sikkim,11,Sikkim,226,MANGAN,MANGAN,-,-,Brahmaputra,Brahmaputra,-,-,-,Brahmaputra,27.49833333,88.53583333,21-01-2026 00:00,257.5
19,19,DAC Mangan,Sikkim,11,Sikkim,226,MANGAN,MANGAN,-,-,Brahmaputra,Brahmaputra,-,-,-,Brahmaputra,27.49833333,88.53583333,21-01-2026 01:00,255
20,20,DAC Mangan,Sikkim,11,Sikkim,226,MANGAN,MANGAN,-,-,Brahmaputra,Brahmaputra,-,-,-,Brahmaputra,27.49833333,88.53583333,21-01-2026 03:00,252
21,21,DAC Mangan,Sikkim,11,Sikkim,226,MANGAN,MANGAN,-,-,Brahmaputra,Brahmaputra,-,-,-,Brahmaputra,27.49833333,88.53583333,21-01-2026 04:00,250
22,22,DAC Mangan,Sikkim,11,Sikkim,226,MANGAN,MANGAN,-,-,Brahmaputra,Brahmaputra,-,-,-,Brahmaputra,27.49833333,88.53583333,21-01-2026 06:00,250
23,23,DAC Mangan,Sikkim,11,Sikkim,226,MANGAN,MANGAN,-,-,Brahmaputra,Brahmaputra,-,-,-,Brahmaputra,27.49833333,88.53583333,21-01-2026 08:00,255.5
24,24,DAC Mangan,Sikkim,11,Sikkim,226,MANGAN,MANGAN,-,-,Brahmaputra,Brahmaputra,-,-,-,Brahmaputra,27.49833333,88.53583333,21-01-2026 10:00,286.5
25,25,DAC Mangan,Sikkim,11,Sikkim,226,MANGAN,MANGAN,-,-,Brahmaputra,Brahmaputra,-,-,-,Brahmaputra,27.49833333,88.53583333,28-01-2026 09:00,273
26,26,DAC Mangan,Sikkim,11,Sikkim,226,MANGAN,MANGAN,-,-,Brahmaputra,Brahmaputra,-,-,-,Brahmaputra,27.49833333,88.53583333,28-01-2026 11:00,284
27,27,DAC Mangan,Sikkim,11,Sikkim,226,MANGAN,MANGAN,-,-,Brahmaputra,Brahmaputra,-,-,-,Brahmaputra,27.49833333,88.53583333,28-01-2026 12:00,276
28,28,DAC Mangan,Sikkim,11,Sikkim,226,MANGAN,MANGAN,-,-,Brahmaputra,Brahmaputra,-,-,-,Brahmaputra,27.49833333,88.53583333,28-01-2026 16:00,269
29,29,DAC Mangan,Sikkim,11,Sikkim,226,MANGAN,MANGAN,-,-,Brahmaputra,Brahmaputra,-,-,-,Brahmaputra,27.49833333,88.53583333,28-01-2026 18:00,267
30,30,DAC Mangan,Sikkim,11,Sikkim,226,MANGAN,MANGAN,-,-,Brahmaputra,Brahmaputra,-,-,-,Brahmaputra,27.49833333,88.53583333,28-01-2026 23:00,170.5
31,31,DAC Mangan,Sikkim,11,Sikkim,226,MANGAN,MANGAN,-,-,Brahmaputra,Brahmaputra,-,-,-,Brahmaputra,27.49833333,88.53583333,29-01-2026 04:00,248
32,32,DAC Mangan,Sikkim,11,Sikkim,226,MANGAN,MANGAN,-,-,Brahmaputra,Brahmaputra,-,-,-,Brahmaputra,27.49833333,88.53583333,29-01-2026 05:00,247
33,33,DAC Mangan,Sikkim,11,Sikkim,226,MANGAN,MANGAN,-,-,Brahmaputra,Brahmaputra,-,-,-,Brahmaputra,27.49833333,88.53583333,29-01-2026 06:00,248.5
34,34,DAC Mangan,Sikkim,11,Sikkim,226,MANGAN,MANGAN,-,-,Brahmaputra,Brahmaputra,-,-,-,Brahmaputra,27.49833333,88.53583333,29-01-2026 13:00,278
35,35,DAC Mangan,Sikkim,11,Sikkim,226,MANGAN,MANGAN,-,-,Brahmaputra,Brahmaputra,-,-,-,Brahmaputra,27.49833333,88.53583333,29-01-2026 14:00,278
36,36,DAC Mangan,Sikkim,11,Sikkim,226,MANGAN,MANGAN,-,-,Brahmaputra,Brahmaputra,-,-,-,Brahmaputra,27.49833333,88.53583333,29-01-2026 16:00,272.5
37,37,DAC Mangan,Sikkim,11,Sikkim,226,MANGAN,MANGAN,-,-,Brahmaputra,Brahmaputra,-,-,-,Brahmaputra,27.49833333,88.53583333,29-01-2026 17:00,271.5
38,38,DAC Mangan,Sikkim,11,Sikkim,226,MANGAN,MANGAN,-,-,Brahmaputra,Brahmaputra,-,-,-,Brahmaputra,27.49833333,88.53583333,29-01-2026 19:00,265
39,39,DAC Mangan,Sikkim,11,Sikkim,226,MANGAN,MANGAN,-,-,Brahmaputra,Brahmaputra,-,-,-,Brahmaputra,27.49833333,88.53583333,29-01-2026 20:00,266.5
40,40,DAC Mangan,Sikkim,11,Sikkim,226,MANGAN,MANGAN,-,-,Brahmaputra,Brahmaputra,-,-,-,Brahmaputra,27.49833333,88.53583333,29-01-2026 22:00,257.5
41,41,DAC Mangan,Sikkim,11,Sikkim,226,MANGAN,MANGAN,-,-,Brahmaputra,Brahmaputra,-,-,-,Brahmaputra,27.49833333,88.53583333,29-01-2026 23:00,258
42,42,DAC Mangan,Sikkim,11,Sikkim,226,MANGAN,MANGAN,-,-,Brahmaputra,Brahmaputra,-,-,-,Brahmaputra,27.49833333,88.53583333,30-01-2026 00:00,255.5
43,43,DAC Mangan,Sikkim,11,Sikkim,226,MANGAN,MANGAN,-,-,Brahmaputra,Brahmaputra,-,-,-,Brahmaputra,27.49833333,88.53583333,30-01-2026 01:00,253
44,44,DAC Mangan,Sikkim,11,Sikkim,226,MANGAN,MANGAN,-,-,Brahmaputra,Brahmaputra,-,-,-,Brahmaputra,27.49833333,88.53583333,30-01-2026 04:00,246.5
45,45,DAC Mangan,Sikkim,11,Sikkim,226,MANGAN,MANGAN,-,-,Brahmaputra,Brahmaputra,-,-,-,Brahmaputra,27.49833333,88.53583333,30-01-2026 06:00,244
46,46,DAC Mangan,Sikkim,11,Sikkim,226,MANGAN,MANGAN,-,-,Brahmaputra,Brahmaputra,-,-,-,Brahmaputra,27.49833333,88.53583333,30-01-2026 08:00,256
47,47,DAC Mangan,Sikkim,11,Sikkim,226,MANGAN,MANGAN,-,-,Brahmaputra,Brahmaputra,-,-,-,Brahmaputra,27.49833333,88.53583333,30-01-2026 09:00,277.5
48,48,DAC Mangan,Sikkim,11,Sikkim,226,MANGAN,MANGAN,-,-,Brahmaputra,Brahmaputra,-,-,-,Brahmaputra,27.49833333,88.53583333,30-01-2026 10:00,287.5
49,49,DAC Mangan,Sikkim,11,Sikkim,226,MANGAN,MANGAN,-,-,Brahmaputra,Brahmaputra,-,-,-,Brahmaputra,27.49833333,88.53583333,30-01-2026 12:00,295.5
50,50,DAC Mangan,Sikkim,11,Sikkim,226,MANGAN,MANGAN,-,-,Brahmaputra,Brahmaputra,-,-,-,Brahmaputra,27.49833333,88.53583333,30-01-2026 18:00,274
51,51,DAC Mangan,Sikkim,11,Sikkim,226,MANGAN,MANGAN,-,-,Brahmaputra,Brahmaputra,-,-,-,Brahmaputra,27.49833333,88.53583333,30-01-2026 21:00,267
52,52,DAC Mangan,Sikkim,11,Sikkim,226,MANGAN,MANGAN,-,-,Brahmaputra,Brahmaputra,-,-,-,Brahmaputra,27.49833333,88.53583333,31-01-2026 01:00,258.5
53,53,DAC Mangan,Sikkim,11,Sikkim,226,MANGAN,MANGAN,-,-,Brahmaputra,Brahmaputra,-,-,-,Brahmaputra,27.49833333,88.53583333,31-01-2026 05:00,253.5
54,54,DAC Mangan,Sikkim,11,Sikkim,226,MANGAN,MANGAN,-,-,Brahmaputra,Brahmaputra,-,-,-,Brahmaputra,27.49833333,88.53583333,31-01-2026 07:00,262
55,55,DAC Mangan,Sikkim,11,Sikkim,226,MANGAN,MANGAN,-,-,Brahmaputra,Brahmaputra,-,-,-,Brahmaputra,27.49833333,88.53583333,31-01-2026 08:00,266
56,56,DAC Mangan,Sikkim,11,Sikkim,226,MANGAN,MANGAN,-,-,Brahmaputra,Brahmaputra,-,-,-,Brahmaputra,27.49833333,88.53583333,31-01-2026 16:00,277.5
57,57,DAC Mangan,Sikkim,11,Sikkim,226,MANGAN,MANGAN,-,-,Brahmaputra,Brahmaputra,-,-,-,Brahmaputra,27.49833333,88.53583333,31-01-2026 23:00,261
58,58,DAC Mangan,Sikkim,11,Sikkim,226,MANGAN,MANGAN,-,-,Brahmaputra,Brahmaputra,-,-,-,Brahmaputra,27.49833333,88.53583333,01-02-2026 07:00,258
59,59,DAC Mangan,Sikkim,11,Sikkim,226,MANGAN,MANGAN,-,-,Brahmaputra,Brahmaputra,-,-,-,Brahmaputra,27.49833333,88.53583333,01-02-2026 09:00,279.5
60,60,DAC Mangan,Sikkim,11,Sikkim,226,MANGAN,MANGAN,-,-,Brahmaputra,Brahmaputra,-,-,-,Brahmaputra,27.49833333,88.53583333,01-02-2026 11:00,291.5
61,61,DAC Mangan,Sikkim,11,Sikkim,226,MANGAN,MANGAN,-,-,Brahmaputra,Brahmaputra,-,-,-,Brahmaputra,27.49833333,88.53583333,01-02-2026 12:00,299
62,62,DAC Mangan,Sikkim,11,Sikkim,226,MANGAN,MANGAN,-,-,Brahmaputra,Brahmaputra,-,-,-,Brahmaputra,27.49833333,88.53583333,01-02-2026 15:00,287
63,63,DAC Mangan,Sikkim,11,Sikkim,226,MANGAN,MANGAN,-,-,Brahmaputra,Brahmaputra,-,-,-,Brahmaputra,27.49833333,88.53583333,01-02-2026 18:00,274
64,64,DAC Mangan,Sikkim,11,Sikkim,226,MANGAN,MANGAN,-,-,Brahmaputra,Brahmaputra,-,-,-,Brahmaputra,27.49833333,88.53583333,01-02-2026 20:00,270.5
65,65,DAC Mangan,Sikkim,11,Sikkim,226,MANGAN,MANGAN,-,-,Brahmaputra,Brahmaputra,-,-,-,Brahmaputra,27.49833333,88.53583333,01-02-2026 21:00,268.5
66,66,DAC Mangan,Sikkim,11,Sikkim,226,MANGAN,MANGAN,-,-,Brahmaputra,Brahmaputra,-,-,-,Brahmaputra,27.49833333,88.53583333,01-02-2026 23:00,265.5
67,67,DAC Mangan,Sikkim,11,Sikkim,226,MANGAN,MANGAN,-,-,Brahmaputra,Brahmaputra,-,-,-,Brahmaputra,27.49833333,88.53583333,02-02-2026 01:00,263
68,68,DAC Mangan,Sikkim,11,Sikkim,226,MANGAN,MANGAN,-,-,Brahmaputra,Brahmaputra,-,-,-,Brahmaputra,27.49833333,88.53583333,02-02-2026 08:00,262.5
69,69,DAC Mangan,Sikkim,11,Sikkim,226,MANGAN,MANGAN,-,-,Brahmaputra,Brahmaputra,-,-,-,Brahmaputra,27.49833333,88.53583333,02-02-2026 09:00,283.5
70,70,DAC Mangan,Sikkim,11,Sikkim,226,MANGAN,MANGAN,-,-,Brahmaputra,Brahmaputra,-,-,-,Brahmaputra,27.49833333,88.53583333,02-02-2026 11:00,294.5
71,71,DAC Mangan,Sikkim,11,Sikkim,226,MANGAN,MANGAN,-,-,Brahmaputra,Brahmaputra,-,-,-,Brahmaputra,27.49833333,88.53583333,02-02-2026 19:00,269.5
72,72,DAC Mangan,Sikkim,11,Sikkim,226,MANGAN,MANGAN,-,-,Brahmaputra,Brahmaputra,-,-,-,Brahmaputra,27.49833333,88.53583333,02-02-2026 23:00,264
73,73,DAC Mangan,Sikkim,11,Sikkim,226,MANGAN,MANGAN,-,-,Brahmaputra,Brahmaputra,-,-,-,Brahmaputra,27.49833333,88.53583333,03-02-2026 02:00,260
74,74,DAC Mangan,Sikkim,11,Sikkim,226,MANGAN,MANGAN,-,-,Brahmaputra,Brahmaputra,-,-,-,Brahmaputra,27.49833333,88.53583333,03-02-2026 08:00,267
75,75,DAC Mangan,Sikkim,11,Sikkim,226,MANGAN,MANGAN,-,-,Brahmaputra,Brahmaputra,-,-,-,Brahmaputra,27.49833333,88.53583333,03-02-2026 09:00,285.5
76,76,DAC Mangan,Sikkim,11,Sikkim,226,MANGAN,MANGAN,-,-,Brahmaputra,Brahmaputra,-,-,-,Brahmaputra,27.49833333,88.53583333,03-02-2026 16:00,286.5
77,77,DAC Mangan,Sikkim,11,Sikkim,226,MANGAN,MANGAN,-,-,Brahmaputra,Brahmaputra,-,-,-,Brahmaputra,27.49833333,88.53583333,03-02-2026 17:00,282
78,78,DAC Mangan,Sikkim,11,Sikkim,226,MANGAN,MANGAN,-,-,Brahmaputra,Brahmaputra,-,-,-,Brahmaputra,27.49833333,88.53583333,03-02-2026 21:00,267.5
79,79,DAC Mangan,Sikkim,11,Sikkim,226,MANGAN,MANGAN,-,-,Brahmaputra,Brahmaputra,-,-,-,Brahmaputra,27.49833333,88.53583333,03-02-2026 23:00,259.5
80,80,DAC Mangan,Sikkim,11,Sikkim,226,MANGAN,MANGAN,-,-,Brahmaputra,Brahmaputra,-,-,-,Brahmaputra,27.49833333,88.53583333,04-02-2026 01:00,257
81,81,DAC Mangan,Sikkim,11,Sikkim,226,MANGAN,MANGAN,-,-,Brahmaputra,Brahmaputra,-,-,-,Brahmaputra,27.49833333,88.53583333,04-02-2026 07:00,254
82,82,DAC Mangan,Sikkim,11,Sikkim,226,MANGAN,MANGAN,-,-,Brahmaputra,Brahmaputra,-,-,-,Brahmaputra,27.49833333,88.53583333,04-02-2026 08:00,264
83,83,DAC Mangan,Sikkim,11,Sikkim,226,MANGAN,MANGAN,-,-,Brahmaputra,Brahmaputra,-,-,-,Brahmaputra,27.49833333,88.53583333,04-02-2026 13:00,294
84,84,DAC Mangan,Sikkim,11,Sikkim,226,MANGAN,MANGAN,-,-,Brahmaputra,Brahmaputra,-,-,-,Brahmaputra,27.49833333,88.53583333,04-02-2026 17:00,274
85,85,DAC Mangan,Sikkim,11,Sikkim,226,MANGAN,MANGAN,-,-,Brahmaputra,Brahmaputra,-,-,-,Brahmaputra,27.49833333,88.53583333,04-02-2026 19:00,269.5
86,86,DAC Mangan,Sikkim,11,Sikkim,226,MANGAN,MANGAN,-,-,Brahmaputra,Brahmaputra,-,-,-,Brahmaputra,27.49833333,88.53583333,04-02-2026 22:00,264
87,87,DAC Mangan,Sikkim,11,Sikkim,226,MANGAN,MANGAN,-,-,Brahmaputra,Brahmaputra,-,-,-,Brahmaputra,27.49833333,88.53583333,05-02-2026 02:00,254.5
88,88,DAC Mangan,Sikkim,11,Sikkim,226,MANGAN,MANGAN,-,-,Brahmaputra,Brahmaputra,-,-,-,Brahmaputra,27.49833333,88.53583333,05-02-2026 04:00,250.5
89,89,DAC Mangan,Sikkim,11,Sikkim,226,MANGAN,MANGAN,-,-,Brahmaputra,Brahmaputra,-,-,-,Brahmaputra,27.49833333,88.53583333,05-02-2026 19:00,269
90,90,DAC Mangan,Sikkim,11,Sikkim,226,MANGAN,MANGAN,-,-,Brahmaputra,Brahmaputra,-,-,-,Brahmaputra,27.49833333,88.53583333,05-02-2026 21:00,266
91,91,DAC Mangan,Sikkim,11,Sikkim,226,MANGAN,MANGAN,-,-,Brahmaputra,Brahmaputra,-,-,-,Brahmaputra,27.49833333,88.53583333,05-02-2026 23:00,264
92,92,DAC Mangan,Sikkim,11,Sikkim,226,MANGAN,MANGAN,-,-,Brahmaputra,Brahmaputra,-,-,-,Brahmaputra,27.49833333,88.53583333,06-02-2026 00:00,262
93,93,DAC Mangan,Sikkim,11,Sikkim,226,MANGAN,MANGAN,-,-,Brahmaputra,Brahmaputra,-,-,-,Brahmaputra,27.49833333,88.53583333,06-02-2026 08:00,263
94,94,DAC Mangan,Sikkim,11,Sikkim,226,MANGAN,MANGAN,-,-,Brahmaputra,Brahmaputra,-,-,-,Brahmaputra,27.49833333,88.53583333,06-02-2026 09:00,275
95,95,DAC Mangan,Sikkim,11,Sikkim,226,MANGAN,MANGAN,-,-,Brahmaputra,Brahmaputra,-,-,-,Brahmaputra,27.49833333,88.53583333,06-02-2026 17:00,271
96,96,DAC Mangan,Sikkim,11,Sikkim,226,MANGAN,MANGAN,-,-,Brahmaputra,Brahmaputra,-,-,-,Brahmaputra,27.49833333,88.53583333,06-02-2026 18:00,268
97,97,DAC Mangan,Sikkim,11,Sikkim,226,MANGAN,MANGAN,-,-,Brahmaputra,Brahmaputra,-,-,-,Brahmaputra,27.49833333,88.53583333,06-02-2026 20:00,264
98,98,DAC Mangan,Sikkim,11,Sikkim,226,MANGAN,MANGAN,-,-,Brahmaputra,Brahmaputra,-,-,-,Brahmaputra,27.49833333,88.53583333,06-02-2026 21:00,264
99,99,DAC Mangan,Sikkim,11,Sikkim,226,MANGAN,MANGAN,-,-,Brahmaputra,Brahmaputra,-,-,-,Brahmaputra,27.49833333,88.53583333,06-02-2026 23:00,261.5
100,100,DAC Mangan,Sikkim,11,Sikkim,226,MANGAN,MANGAN,-,-,Brahmaputra,Brahmaputra,-,-,-,Brahmaputra,27.49833333,88.53583333,07-02-2026 03:00,257
101,101,DAC Mangan,Sikkim,11,Sikkim,226,MANGAN,MANGAN,-,-,Brahmaputra,Brahmaputra,-,-,-,Brahmaputra,27.49833333,88.53583333,07-02-2026 04:00,256.5
102,102,DAC Mangan,Sikkim,11,Sikkim,226,MANGAN,MANGAN,-,-,Brahmaputra,Brahmaputra,-,-,-,Brahmaputra,27.49833333,88.53583333,07-02-2026 09:00,271
103,103,DAC Mangan,Sikkim,11,Sikkim,226,MANGAN,MANGAN,-,-,Brahmaputra,Brahmaputra,-,-,-,Brahmaputra,27.49833333,88.53583333,07-02-2026 17:00,269.5
104,104,DAC Mangan,Sikkim,11,Sikkim,226,MANGAN,MANGAN,-,-,Brahmaputra,Brahmaputra,-,-,-,Brahmaputra,27.49833333,88.53583333,07-02-2026 18:00,266.5
105,105,DAC Mangan,Sikkim,11,Sikkim,226,MANGAN,MANGAN,-,-,Brahmaputra,Brahmaputra,-,-,-,Brahmaputra,27.49833333,88.53583333,07-02-2026 19:00,266
106,106,DAC Mangan,Sikkim,11,Sikkim,226,MANGAN,MANGAN,-,-,Brahmaputra,Brahmaputra,-,-,-,Brahmaputra,27.49833333,88.53583333,07-02-2026 23:00,258
107,107,DAC Mangan,Sikkim,11,Sikkim,226,MANGAN,MANGAN,-,-,Brahmaputra,Brahmaputra,-,-,-,Brahmaputra,27.49833333,88.53583333,08-02-2026 00:00,258.5
108,108,DAC Mangan,Sikkim,11,Sikkim,226,MANGAN,MANGAN,-,-,Brahmaputra,Brahmaputra,-,-,-,Brahmaputra,27.49833333,88.53583333,08-02-2026 02:00,255.5
109,109,DAC Mangan,Sikkim,11,Sikkim,226,MANGAN,MANGAN,-,-,Brahmaputra,Brahmaputra,-,-,-,Brahmaputra,27.49833333,88.53583333,08-02-2026 06:00,251.5
110,110,DAC Mangan,Sikkim,11,Sikkim,226,MANGAN,MANGAN,-,-,Brahmaputra,Brahmaputra,-,-,-,Brahmaputra,27.49833333,88.53583333,08-02-2026 07:00,255.5
111,111,DAC Mangan,Sikkim,11,Sikkim,226,MANGAN,MANGAN,-,-,Brahmaputra,Brahmaputra,-,-,-,Brahmaputra,27.49833333,88.53583333,08-02-2026 11:00,287.5
112,112,DAC Mangan,Sikkim,11,Sikkim,226,MANGAN,MANGAN,-,-,Brahmaputra,Brahmaputra,-,-,-,Brahmaputra,27.49833333,88.53583333,08-02-2026 23:00,262
113,113,DAC Mangan,Sikkim,11,Sikkim,226,MANGAN,MANGAN,-,-,Brahmaputra,Brahmaputra,-,-,-,Brahmaputra,27.49833333,88.53583333,09-02-2026 03:00,259
114,114,DAC Mangan,Sikkim,11,Sikkim,226,MANGAN,MANGAN,-,-,Brahmaputra,Brahmaputra,-,-,-,Brahmaputra,27.49833333,88.53583333,09-02-2026 05:00,251
115,115,DAC Mangan,Sikkim,11,Sikkim,226,MANGAN,MANGAN,-,-,Brahmaputra,Brahmaputra,-,-,-,Brahmaputra,27.49833333,88.53583333,09-02-2026 06:00,250
116,116,DAC Mangan,Sikkim,11,Sikkim,226,MANGAN,MANGAN,-,-,Brahmaputra,Brahmaputra,-,-,-,Brahmaputra,27.49833333,88.53583333,09-02-2026 08:00,264
117,117,DAC Mangan,Sikkim,11,Sikkim,226,MANGAN,MANGAN,-,-,Brahmaputra,Brahmaputra,-,-,-,Brahmaputra,27.49833333,88.53583333,09-02-2026 11:00,289.5
118,118,DAC Mangan,Sikkim,11,Sikkim,226,MANGAN,MANGAN,-,-,Brahmaputra,Brahmaputra,-,-,-,Brahmaputra,27.49833333,88.53583333,09-02-2026 16:00,279
119,119,DAC Mangan,Sikkim,11,Sikkim,226,MANGAN,MANGAN,-,-,Brahmaputra,Brahmaputra,-,-,-,Brahmaputra,27.49833333,88.53583333,09-02-2026 22:00,265.5
120,120,DAC Mangan,Sikkim,11,Sikkim,226,MANGAN,MANGAN,-,-,Brahmaputra,Brahmaputra,-,-,-,Brahmaputra,27.49833333,88.53583333,09-02-2026 23:00,265
121,121,DAC Mangan,Sikkim,11,Sikkim,226,MANGAN,MANGAN,-,-,Brahmaputra,Brahmaputra,-,-,-,Brahmaputra,27.49833333,88.53583333,10-02-2026 02:00,262
122,122,DAC Mangan,Sikkim,11,Sikkim,226,MANGAN,MANGAN,-,-,Brahmaputra,Brahmaputra,-,-,-,Brahmaputra,27.49833333,88.53583333,10-02-2026 03:00,261.5
123,123,DAC Mangan,Sikkim,11,Sikkim,226,MANGAN,MANGAN,-,-,Brahmaputra,Brahmaputra,-,-,-,Brahmaputra,27.49833333,88.53583333,10-02-2026 05:00,261
124,124,DAC Mangan,Sikkim,11,Sikkim,226,MANGAN,MANGAN,-,-,Brahmaputra,Brahmaputra,-,-,-,Brahmaputra,27.49833333,88.53583333,10-02-2026 06:00,262
125,125,DAC Mangan,Sikkim,11,Sikkim,226,MANGAN,MANGAN,-,-,Brahmaputra,Brahmaputra,-,-,-,Brahmaputra,27.49833333,88.53583333,10-02-2026 07:00,265.5
126,126,DAC Mangan,Sikkim,11,Sikkim,226,MANGAN,MANGAN,-,-,Brahmaputra,Brahmaputra,-,-,-,Brahmaputra,27.49833333,88.53583333,10-02-2026 09:00,284.5
127,127,DAC Mangan,Sikkim,11,Sikkim,226,MANGAN,MANGAN,-,-,Brahmaputra,Brahmaputra,-,-,-,Brahmaputra,27.49833333,88.53583333,11-02-2026 09:00,285.5
128,128,DAC Mangan,Sikkim,11,Sikkim,226,MANGAN,MANGAN,-,-,Brahmaputra,Brahmaputra,-,-,-,Brahmaputra,27.49833333,88.53583333,11-02-2026 11:00,286.5
129,129,DAC Mangan,Sikkim,11,Sikkim,226,MANGAN,MANGAN,-,-,Brahmaputra,Brahmaputra,-,-,-,Brahmaputra,27.49833333,88.53583333,11-02-2026 15:00,274.5
130,130,DAC Mangan,Sikkim,11,Sikkim,226,MANGAN,MANGAN,-,-,Brahmaputra,Brahmaputra,-,-,-,Brahmaputra,27.49833333,88.53583333,11-02-2026 17:00,260
131,131,DAC Mangan,Sikkim,11,Sikkim,226,MANGAN,MANGAN,-,-,Brahmaputra,Brahmaputra,-,-,-,Brahmaputra,27.49833333,88.53583333,11-02-2026 18:00,257
132,132,DAC Mangan,Sikkim,11,Sikkim,226,MANGAN,MANGAN,-,-,Brahmaputra,Brahmaputra,-,-,-,Brahmaputra,27.49833333,88.53583333,11-02-2026 19:00,0.5
133,133,DAC Mangan,Sikkim,11,Sikkim,226,MANGAN,MANGAN,-,-,Brahmaputra,Brahmaputra,-,-,-,Brahmaputra,27.49833333,88.53583333,11-02-2026 20:00,258
134,134,DAC Mangan,Sikkim,11,Sikkim,226,MANGAN,MANGAN,-,-,Brahmaputra,Brahmaputra,-,-,-,Brahmaputra,27.49833333,88.53583333,11-02-2026 23:00,260.5
135,135,DAC Mangan,Sikkim,11,Sikkim,226,MANGAN,MANGAN,-,-,Brahmaputra,Brahmaputra,-,-,-,Brahmaputra,27.49833333,88.53583333,12-02-2026 06:00,255.5
136,136,DAC Mangan,Sikkim,11,Sikkim,226,MANGAN,MANGAN,-,-,Brahmaputra,Brahmaputra,-,-,-,Brahmaputra,27.49833333,88.53583333,12-02-2026 07:00,258
137,137,DAC Mangan,Sikkim,11,Sikkim,226,MANGAN,MANGAN,-,-,Brahmaputra,Brahmaputra,-,-,-,Brahmaputra,27.49833333,88.53583333,12-02-2026 09:00,288.5
138,138,DAC Mangan,Sikkim,11,Sikkim,226,MANGAN,MANGAN,-,-,Brahmaputra,Brahmaputra,-,-,-,Brahmaputra,27.49833333,88.53583333,12-02-2026 12:00,305
139,139,DAC Mangan,Sikkim,11,Sikkim,226,MANGAN,MANGAN,-,-,Brahmaputra,Brahmaputra,-,-,-,Brahmaputra,27.49833333,88.53583333,12-02-2026 14:00,301
140,140,DAC Mangan,Sikkim,11,Sikkim,226,MANGAN,MANGAN,-,-,Brahmaputra,Brahmaputra,-,-,-,Brahmaputra,27.49833333,88.53583333,12-02-2026 15:00,292
141,141,DAC Mangan,Sikkim,11,Sikkim,226,MANGAN,MANGAN,-,-,Brahmaputra,Brahmaputra,-,-,-,Brahmaputra,27.49833333,88.53583333,12-02-2026 18:00,280.5
142,142,DAC Mangan,Sikkim,11,Sikkim,226,MANGAN,MANGAN,-,-,Brahmaputra,Brahmaputra,-,-,-,Brahmaputra,27.49833333,88.53583333,13-02-2026 00:00,263
143,143,DAC Mangan,Sikkim,11,Sikkim,226,MANGAN,MANGAN,-,-,Brahmaputra,Brahmaputra,-,-,-,Brahmaputra,27.49833333,88.53583333,13-02-2026 01:00,261.5
144,144,DAC Mangan,Sikkim,11,Sikkim,226,MANGAN,MANGAN,-,-,Brahmaputra,Brahmaputra,-,-,-,Brahmaputra,27.49833333,88.53583333,13-02-2026 02:00,259
145,145,DAC Mangan,Sikkim,11,Sikkim,226,MANGAN,MANGAN,-,-,Brahmaputra,Brahmaputra,-,-,-,Brahmaputra,27.49833333,88.53583333,13-02-2026 05:00,251
146,146,DAC Mangan,Sikkim,11,Sikkim,226,MANGAN,MANGAN,-,-,Brahmaputra,Brahmaputra,-,-,-,Brahmaputra,27.49833333,88.53583333,13-02-2026 07:00,257.5
147,147,DAC Mangan,Sikkim,11,Sikkim,226,MANGAN,MANGAN,-,-,Brahmaputra,Brahmaputra,-,-,-,Brahmaputra,27.49833333,88.53583333,13-02-2026 08:00,266
148,148,DAC Mangan,Sikkim,11,Sikkim,226,MANGAN,MANGAN,-,-,Brahmaputra,Brahmaputra,-,-,-,Brahmaputra,27.49833333,88.53583333,13-02-2026 09:00,285
149,149,DAC Mangan,Sikkim,11,Sikkim,226,MANGAN,MANGAN,-,-,Brahmaputra,Brahmaputra,-,-,-,Brahmaputra,27.49833333,88.53583333,13-02-2026 17:00,284.5
150,150,DAC Mangan,Sikkim,11,Sikkim,226,MANGAN,MANGAN,-,-,Brahmaputra,Brahmaputra,-,-,-,Brahmaputra,27.49833333,88.53583333,13-02-2026 19:00,277.5
151,151,DAC Mangan,Sikkim,11,Sikkim,226,MANGAN,MANGAN,-,-,Brahmaputra,Brahmaputra,-,-,-,Brahmaputra,27.49833333,88.53583333,13-02-2026 21:00,270.5
152,152,DAC Mangan,Sikkim,11,Sikkim,226,MANGAN,MANGAN,-,-,Brahmaputra,Brahmaputra,-,-,-,Brahmaputra,27.49833333,88.53583333,14-02-2026 01:00,263
153,153,DAC Mangan,Sikkim,11,Sikkim,226,MANGAN,MANGAN,-,-,Brahmaputra,Brahmaputra,-,-,-,Brahmaputra,27.49833333,88.53583333,14-02-2026 08:00,269.5
154,154,DAC Mangan,Sikkim,11,Sikkim,226,MANGAN,MANGAN,-,-,Brahmaputra,Brahmaputra,-,-,-,Brahmaputra,27.49833333,88.53583333,14-02-2026 09:00,293
155,155,DAC Mangan,Sikkim,11,Sikkim,226,MANGAN,MANGAN,-,-,Brahmaputra,Brahmaputra,-,-,-,Brahmaputra,27.49833333,88.53583333,14-02-2026 12:00,287
156,156,DAC Mangan,Sikkim,11,Sikkim,226,MANGAN,MANGAN,-,-,Brahmaputra,Brahmaputra,-,-,-,Brahmaputra,27.49833333,88.53583333,14-02-2026 17:00,0.5
157,157,DAC Mangan,Sikkim,11,Sikkim,226,MANGAN,MANGAN,-,-,Brahmaputra,Brahmaputra,-,-,-,Brahmaputra,27.49833333,88.53583333,14-02-2026 17:00,0.5
158,158,DAC Mangan,Sikkim,11,Sikkim,226,MANGAN,MANGAN,-,-,Brahmaputra,Brahmaputra,-,-,-,Brahmaputra,27.49833333,88.53583333,14-02-2026 20:00,265
159,159,DAC Mangan,Sikkim,11,Sikkim,226,MANGAN,MANGAN,-,-,Brahmaputra,Brahmaputra,-,-,-,Brahmaputra,27.49833333,88.53583333,15-02-2026 11:00,287
160,160,DAC Mangan,Sikkim,11,Sikkim,226,MANGAN,MANGAN,-,-,Brahmaputra,Brahmaputra,-,-,-,Brahmaputra,27.49833333,88.53583333,15-02-2026 12:00,283.5
161,161,DAC Mangan,Sikkim,11,Sikkim,226,MANGAN,MANGAN,-,-,Brahmaputra,Brahmaputra,-,-,-,Brahmaputra,27.49833333,88.53583333,15-02-2026 14:00,263.5
162,162,DAC Mangan,Sikkim,11,Sikkim,226,MANGAN,MANGAN,-,-,Brahmaputra,Brahmaputra,-,-,-,Brahmaputra,27.49833333,88.53583333,15-02-2026 16:00,0.5
163,163,DAC Mangan,Sikkim,11,Sikkim,226,MANGAN,MANGAN,-,-,Brahmaputra,Brahmaputra,-,-,-,Brahmaputra,27.49833333,88.53583333,15-02-2026 16:00,0.5
164,164,DAC Mangan,Sikkim,11,Sikkim,226,MANGAN,MANGAN,-,-,Brahmaputra,Brahmaputra,-,-,-,Brahmaputra,27.49833333,88.53583333,15-02-2026 17:00,0.5
165,165,DAC Mangan,Sikkim,11,Sikkim,226,MANGAN,MANGAN,-,-,Brahmaputra,Brahmaputra,-,-,-,Brahmaputra,27.49833333,88.53583333,15-02-2026 17:00,0.5
166,166,DAC Mangan,Sikkim,11,Sikkim,226,MANGAN,MANGAN,-,-,Brahmaputra,Brahmaputra,-,-,-,Brahmaputra,27.49833333,88.53583333,15-02-2026 18:00,260
167,167,DAC Mangan,Sikkim,11,Sikkim,226,MANGAN,MANGAN,-,-,Brahmaputra,Brahmaputra,-,-,-,Brahmaputra,27.49833333,88.53583333,15-02-2026 22:00,256.5
168,168,DAC Mangan,Sikkim,11,Sikkim,226,MANGAN,MANGAN,-,-,Brahmaputra,Brahmaputra,-,-,-,Brahmaputra,27.49833333,88.53583333,16-02-2026 04:00,247
169,169,DAC Mangan,Sikkim,11,Sikkim,226,MANGAN,MANGAN,-,-,Brahmaputra,Brahmaputra,-,-,-,Brahmaputra,27.49833333,88.53583333,16-02-2026 06:00,247.5
170,170,DAC Mangan,Sikkim,11,Sikkim,226,MANGAN,MANGAN,-,-,Brahmaputra,Brahmaputra,-,-,-,Brahmaputra,27.49833333,88.53583333,16-02-2026 07:00,251.5
171,171,DAC Mangan,Sikkim,11,Sikkim,226,MANGAN,MANGAN,-,-,Brahmaputra,Brahmaputra,-,-,-,Brahmaputra,27.49833333,88.53583333,16-02-2026 11:00,297
172,172,DAC Mangan,Sikkim,11,Sikkim,226,MANGAN,MANGAN,-,-,Brahmaputra,Brahmaputra,-,-,-,Brahmaputra,27.49833333,88.53583333,16-02-2026 12:00,306
173,173,DAC Mangan,Sikkim,11,Sikkim,226,MANGAN,MANGAN,-,-,Brahmaputra,Brahmaputra,-,-,-,Brahmaputra,27.49833333,88.53583333,16-02-2026 15:00,298
174,174,DAC Mangan,Sikkim,11,Sikkim,226,MANGAN,MANGAN,-,-,Brahmaputra,Brahmaputra,-,-,-,Brahmaputra,27.49833333,88.53583333,16-02-2026 21:00,265.5
175,175,DAC Mangan,Sikkim,11,Sikkim,226,MANGAN,MANGAN,-,-,Brahmaputra,Brahmaputra,-,-,-,Brahmaputra,27.49833333,88.53583333,16-02-2026 22:00,264.5
176,176,DAC Mangan,Sikkim,11,Sikkim,226,MANGAN,MANGAN,-,-,Brahmaputra,Brahmaputra,-,-,-,Brahmaputra,27.49833333,88.53583333,17-02-2026 00:00,263.5
177,177,DAC Mangan,Sikkim,11,Sikkim,226,MANGAN,MANGAN,-,-,Brahmaputra,Brahmaputra,-,-,-,Brahmaputra,27.49833333,88.53583333,17-02-2026 01:00,262.5
178,178,DAC Mangan,Sikkim,11,Sikkim,226,MANGAN,MANGAN,-,-,Brahmaputra,Brahmaputra,-,-,-,Brahmaputra,27.49833333,88.53583333,17-02-2026 02:00,258
179,179,DAC Mangan,Sikkim,11,Sikkim,226,MANGAN,MANGAN,-,-,Brahmaputra,Brahmaputra,-,-,-,Brahmaputra,27.49833333,88.53583333,17-02-2026 03:00,257.5
180,180,DAC Mangan,Sikkim,11,Sikkim,226,MANGAN,MANGAN,-,-,Brahmaputra,Brahmaputra,-,-,-,Brahmaputra,27.49833333,88.53583333,17-02-2026 09:00,295
181,181,DAC Mangan,Sikkim,11,Sikkim,226,MANGAN,MANGAN,-,-,Brahmaputra,Brahmaputra,-,-,-,Brahmaputra,27.49833333,88.53583333,17-02-2026 16:00,301.5
182,182,DAC Mangan,Sikkim,11,Sikkim,226,MANGAN,MANGAN,-,-,Brahmaputra,Brahmaputra,-,-,-,Brahmaputra,27.49833333,88.53583333,17-02-2026 17:00,292
183,183,DAC Mangan,Sikkim,11,Sikkim,226,MANGAN,MANGAN,-,-,Brahmaputra,Brahmaputra,-,-,-,Brahmaputra,27.49833333,88.53583333,17-02-2026 19:00,280.5
184,184,DAC Mangan,Sikkim,11,Sikkim,226,MANGAN,MANGAN,-,-,Brahmaputra,Brahmaputra,-,-,-,Brahmaputra,27.49833333,88.53583333,17-02-2026 20:00,275
185,185,DAC Mangan,Sikkim,11,Sikkim,226,MANGAN,MANGAN,-,-,Brahmaputra,Brahmaputra,-,-,-,Brahmaputra,27.49833333,88.53583333,17-02-2026 22:00,268.5
186,186,DAC Mangan,Sikkim,11,Sikkim,226,MANGAN,MANGAN,-,-,Brahmaputra,Brahmaputra,-,-,-,Brahmaputra,27.49833333,88.53583333,18-02-2026 01:00,261.5
187,187,DAC Mangan,Sikkim,11,Sikkim,226,MANGAN,MANGAN,-,-,Brahmaputra,Brahmaputra,-,-,-,Brahmaputra,27.49833333,88.53583333,18-02-2026 06:00,259
188,188,DAC Mangan,Sikkim,11,Sikkim,226,MANGAN,MANGAN,-,-,Brahmaputra,Brahmaputra,-,-,-,Brahmaputra,27.49833333,88.53583333,18-02-2026 11:00,313.5
189,189,DAC Mangan,Sikkim,11,Sikkim,226,MANGAN,MANGAN,-,-,Brahmaputra,Brahmaputra,-,-,-,Brahmaputra,27.49833333,88.53583333,18-02-2026 12:00,320
190,190,DAC Mangan,Sikkim,11,Sikkim,226,MANGAN,MANGAN,-,-,Brahmaputra,Brahmaputra,-,-,-,Brahmaputra,27.49833333,88.53583333,18-02-2026 14:00,321.5
191,191,DAC Mangan,Sikkim,11,Sikkim,226,MANGAN,MANGAN,-,-,Brahmaputra,Brahmaputra,-,-,-,Brahmaputra,27.49833333,88.53583333,18-02-2026 17:00,295
192,192,DAC Mangan,Sikkim,11,Sikkim,226,MANGAN,MANGAN,-,-,Brahmaputra,Brahmaputra,-,-,-,Brahmaputra,27.49833333,88.53583333,18-02-2026 23:00,267
193,193,DAC Mangan,Sikkim,11,Sikkim,226,MANGAN,MANGAN,-,-,Brahmaputra,Brahmaputra,-,-,-,Brahmaputra,27.49833333,88.53583333,19-02-2026 02:00,262
194,194,DAC Mangan,Sikkim,11,Sikkim,226,MANGAN,MANGAN,-,-,Brahmaputra,Brahmaputra,-,-,-,Brahmaputra,27.49833333,88.53583333,19-02-2026 03:00,259.5
195,195,DAC Mangan,Sikkim,11,Sikkim,226,MANGAN,MANGAN,-,-,Brahmaputra,Brahmaputra,-,-,-,Brahmaputra,27.49833333,88.53583333,19-02-2026 04:00,257.5
196,196,DAC Mangan,Sikkim,11,Sikkim,226,MANGAN,MANGAN,-,-,Brahmaputra,Brahmaputra,-,-,-,Brahmaputra,27.49833333,88.53583333,19-02-2026 05:00,258
197,197,DAC Mangan,Sikkim,11,Sikkim,226,MANGAN,MANGAN,-,-,Brahmaputra,Brahmaputra,-,-,-,Brahmaputra,27.49833333,88.53583333,19-02-2026 07:00,261
198,198,DAC Mangan,Sikkim,11,Sikkim,226,MANGAN,MANGAN,-,-,Brahmaputra,Brahmaputra,-,-,-,Brahmaputra,27.49833333,88.53583333,19-02-2026 11:00,309
199,199,DAC Mangan,Sikkim,11,Sikkim,226,MANGAN,MANGAN,-,-,Brahmaputra,Brahmaputra,-,-,-,Brahmaputra,27.49833333,88.53583333,19-02-2026 19:00,282
200,200,DAC Mangan,Sikkim,11,Sikkim,226,MANGAN,MANGAN,-,-,Brahmaputra,Brahmaputra,-,-,-,Brahmaputra,27.49833333,88.53583333,19-02-2026 20:00,279
201,201,DAC Mangan,Sikkim,11,Sikkim,226,MANGAN,MANGAN,-,-,Brahmaputra,Brahmaputra,-,-,-,Brahmaputra,27.49833333,88.53583333,19-02-2026 22:00,272.5
202,202,DAC Mangan,Sikkim,11,Sikkim,226,MANGAN,MANGAN,-,-,Brahmaputra,Brahmaputra,-,-,-,Brahmaputra,27.49833333,88.53583333,19-02-2026 23:00,270.5
203,203,DAC Mangan,Sikkim,11,Sikkim,226,MANGAN,MANGAN,-,-,Brahmaputra,Brahmaputra,-,-,-,Brahmaputra,27.49833333,88.53583333,20-02-2026 00:00,268
204,204,DAC Mangan,Sikkim,11,Sikkim,226,MANGAN,MANGAN,-,-,Brahmaputra,Brahmaputra,-,-,-,Brahmaputra,27.49833333,88.53583333,20-02-2026 04:00,261
205,205,DAC Mangan,Sikkim,11,Sikkim,226,MANGAN,MANGAN,-,-,Brahmaputra,Brahmaputra,-,-,-,Brahmaputra,27.49833333,88.53583333,20-02-2026 05:00,260.5
206,206,DAC Mangan,Sikkim,11,Sikkim,226,MANGAN,MANGAN,-,-,Brahmaputra,Brahmaputra,-,-,-,Brahmaputra,27.49833333,88.53583333,20-02-2026 07:00,264.5
207,207,DAC Mangan,Sikkim,11,Sikkim,226,MANGAN,MANGAN,-,-,Brahmaputra,Brahmaputra,-,-,-,Brahmaputra,27.49833333,88.53583333,20-02-2026 10:00,302
208,208,DAC Mangan,Sikkim,11,Sikkim,226,MANGAN,MANGAN,-,-,Brahmaputra,Brahmaputra,-,-,-,Brahmaputra,27.49833333,88.53583333,20-02-2026 14:00,0.5
209,209,DAC Mangan,Sikkim,11,Sikkim,226,MANGAN,MANGAN,-,-,Brahmaputra,Brahmaputra,-,-,-,Brahmaputra,27.49833333,88.53583333,20-02-2026 14:00,0.5
210,210,DAC Mangan,Sikkim,11,Sikkim,226,MANGAN,MANGAN,-,-,Brahmaputra,Brahmaputra,-,-,-,Brahmaputra,27.49833333,88.53583333,20-02-2026 17:00,274.5
211,211,DAC Mangan,Sikkim,11,Sikkim,226,MANGAN,MANGAN,-,-,Brahmaputra,Brahmaputra,-,-,-,Brahmaputra,27.49833333,88.53583333,20-02-2026 21:00,269
212,212,DAC Mangan,Sikkim,11,Sikkim,226,MANGAN,MANGAN,-,-,Brahmaputra,Brahmaputra,-,-,-,Brahmaputra,27.49833333,88.53583333,20-02-2026 22:00,264
213,213,DAC Mangan,Sikkim,11,Sikkim,226,MANGAN,MANGAN,-,-,Brahmaputra,Brahmaputra,-,-,-,Brahmaputra,27.49833333,88.53583333,21-02-2026 03:00,259.5
214,214,DAC Mangan,Sikkim,11,Sikkim,226,MANGAN,MANGAN,-,-,Brahmaputra,Brahmaputra,-,-,-,Brahmaputra,27.49833333,88.53583333,21-02-2026 07:00,264
215,215,DAC Mangan,Sikkim,11,Sikkim,226,MANGAN,MANGAN,-,-,Brahmaputra,Brahmaputra,-,-,-,Brahmaputra,27.49833333,88.53583333,21-02-2026 15:00,304
216,216,DAC Mangan,Sikkim,11,Sikkim,226,MANGAN,MANGAN,-,-,Brahmaputra,Brahmaputra,-,-,-,Brahmaputra,27.49833333,88.53583333,21-02-2026 16:00,298.5
217,217,DAC Mangan,Sikkim,11,Sikkim,226,MANGAN,MANGAN,-,-,Brahmaputra,Brahmaputra,-,-,-,Brahmaputra,27.49833333,88.53583333,21-02-2026 19:00,282.5
218,218,DAC Mangan,Sikkim,11,Sikkim,226,MANGAN,MANGAN,-,-,Brahmaputra,Brahmaputra,-,-,-,Brahmaputra,27.49833333,88.53583333,21-02-2026 23:00,274
219,219,DAC Mangan,Sikkim,11,Sikkim,226,MANGAN,MANGAN,-,-,Brahmaputra,Brahmaputra,-,-,-,Brahmaputra,27.49833333,88.53583333,22-02-2026 02:00,269.5
220,220,DAC Mangan,Sikkim,11,Sikkim,226,MANGAN,MANGAN,-,-,Brahmaputra,Brahmaputra,-,-,-,Brahmaputra,27.49833333,88.53583333,22-02-2026 06:00,266
221,221,DAC Mangan,Sikkim,11,Sikkim,226,MANGAN,MANGAN,-,-,Brahmaputra,Brahmaputra,-,-,-,Brahmaputra,27.49833333,88.53583333,22-02-2026 11:00,286
222,222,DAC Mangan,Sikkim,11,Sikkim,226,MANGAN,MANGAN,-,-,Brahmaputra,Brahmaputra,-,-,-,Brahmaputra,27.49833333,88.53583333,22-02-2026 13:00,0.5
223,223,DAC Mangan,Sikkim,11,Sikkim,226,MANGAN,MANGAN,-,-,Brahmaputra,Brahmaputra,-,-,-,Brahmaputra,27.49833333,88.53583333,22-02-2026 14:00,1
224,224,DAC Mangan,Sikkim,11,Sikkim,226,MANGAN,MANGAN,-,-,Brahmaputra,Brahmaputra,-,-,-,Brahmaputra,27.49833333,88.53583333,22-02-2026 14:00,1
225,225,DAC Mangan,Sikkim,11,Sikkim,226,MANGAN,MANGAN,-,-,Brahmaputra,Brahmaputra,-,-,-,Brahmaputra,27.49833333,88.53583333,22-02-2026 15:00,2.5
226,226,DAC Mangan,Sikkim,11,Sikkim,226,MANGAN,MANGAN,-,-,Brahmaputra,Brahmaputra,-,-,-,Brahmaputra,27.49833333,88.53583333,22-02-2026 15:00,2.5
227,227,DAC Mangan,Sikkim,11,Sikkim,226,MANGAN,MANGAN,-,-,Brahmaputra,Brahmaputra,-,-,-,Brahmaputra,27.49833333,88.53583333,22-02-2026 16:00,1.5
228,228,DAC Mangan,Sikkim,11,Sikkim,226,MANGAN,MANGAN,-,-,Brahmaputra,Brahmaputra,-,-,-,Brahmaputra,27.49833333,88.53583333,22-02-2026 16:00,1.5
229,229,DAC Mangan,Sikkim,11,Sikkim,226,MANGAN,MANGAN,-,-,Brahmaputra,Brahmaputra,-,-,-,Brahmaputra,27.49833333,88.53583333,22-02-2026 17:00,0.5
230,230,DAC Mangan,Sikkim,11,Sikkim,226,MANGAN,MANGAN,-,-,Brahmaputra,Brahmaputra,-,-,-,Brahmaputra,27.49833333,88.53583333,22-02-2026 17:00,0.5
231,231,DAC Mangan,Sikkim,11,Sikkim,226,MANGAN,MANGAN,-,-,Brahmaputra,Brahmaputra,-,-,-,Brahmaputra,27.49833333,88.53583333,22-02-2026 18:00,0.5
232,232,DAC Mangan,Sikkim,11,Sikkim,226,MANGAN,MANGAN,-,-,Brahmaputra,Brahmaputra,-,-,-,Brahmaputra,27.49833333,88.53583333,22-02-2026 18:00,0.5
233,233,DAC Mangan,Sikkim,11,Sikkim,226,MANGAN,MANGAN,-,-,Brahmaputra,Brahmaputra,-,-,-,Brahmaputra,27.49833333,88.53583333,22-02-2026 19:00,0.5
234,234,DAC Mangan,Sikkim,11,Sikkim,226,MANGAN,MANGAN,-,-,Brahmaputra,Brahmaputra,-,-,-,Brahmaputra,27.49833333,88.53583333,22-02-2026 19:00,257
235,235,DAC Mangan,Sikkim,11,Sikkim,226,MANGAN,MANGAN,-,-,Brahmaputra,Brahmaputra,-,-,-,Brahmaputra,27.49833333,88.53583333,23-02-2026 02:00,255
236,236,DAC Mangan,Sikkim,11,Sikkim,226,MANGAN,MANGAN,-,-,Brahmaputra,Brahmaputra,-,-,-,Brahmaputra,27.49833333,88.53583333,23-02-2026 03:00,253.5
237,237,DAC Mangan,Sikkim,11,Sikkim,226,MANGAN,MANGAN,-,-,Brahmaputra,Brahmaputra,-,-,-,Brahmaputra,27.49833333,88.53583333,23-02-2026 04:00,0.5
238,238,DAC Mangan,Sikkim,11,Sikkim,226,MANGAN,MANGAN,-,-,Brahmaputra,Brahmaputra,-,-,-,Brahmaputra,27.49833333,88.53583333,23-02-2026 04:00,0.5
239,239,DAC Mangan,Sikkim,11,Sikkim,226,MANGAN,MANGAN,-,-,Brahmaputra,Brahmaputra,-,-,-,Brahmaputra,27.49833333,88.53583333,23-02-2026 05:00,1
240,240,DAC Mangan,Sikkim,11,Sikkim,226,MANGAN,MANGAN,-,-,Brahmaputra,Brahmaputra,-,-,-,Brahmaputra,27.49833333,88.53583333,23-02-2026 05:00,253
241,241,DAC Mangan,Sikkim,11,Sikkim,226,MANGAN,MANGAN,-,-,Brahmaputra,Brahmaputra,-,-,-,Brahmaputra,27.49833333,88.53583333,23-02-2026 06:00,0.5
242,242,DAC Mangan,Sikkim,11,Sikkim,226,MANGAN,MANGAN,-,-,Brahmaputra,Brahmaputra,-,-,-,Brahmaputra,27.49833333,88.53583333,23-02-2026 06:00,253
243,243,DAC Mangan,Sikkim,11,Sikkim,226,MANGAN,MANGAN,-,-,Brahmaputra,Brahmaputra,-,-,-,Brahmaputra,27.49833333,88.53583333,23-02-2026 07:00,259
244,244,DAC Mangan,Sikkim,11,Sikkim,226,MANGAN,MANGAN,-,-,Brahmaputra,Brahmaputra,-,-,-,Brahmaputra,27.49833333,88.53583333,23-02-2026 10:00,290.5
245,245,DAC Mangan,Sikkim,11,Sikkim,226,MANGAN,MANGAN,-,-,Brahmaputra,Brahmaputra,-,-,-,Brahmaputra,27.49833333,88.53583333,23-02-2026 13:00,293.5
246,246,DAC Mangan,Sikkim,11,Sikkim,226,MANGAN,MANGAN,-,-,Brahmaputra,Brahmaputra,-,-,-,Brahmaputra,27.49833333,88.53583333,23-02-2026 15:00,287.5
247,247,DAC Mangan,Sikkim,11,Sikkim,226,MANGAN,MANGAN,-,-,Brahmaputra,Brahmaputra,-,-,-,Brahmaputra,27.49833333,88.53583333,23-02-2026 22:00,274
248,248,DAC Mangan,Sikkim,11,Sikkim,226,MANGAN,MANGAN,-,-,Brahmaputra,Brahmaputra,-,-,-,Brahmaputra,27.49833333,88.53583333,23-02-2026 23:00,272
249,249,DAC Mangan,Sikkim,11,Sikkim,226,MANGAN,MANGAN,-,-,Brahmaputra,Brahmaputra,-,-,-,Brahmaputra,27.49833333,88.53583333,24-02-2026 03:00,266
250,250,DAC Mangan,Sikkim,11,Sikkim,226,MANGAN,MANGAN,-,-,Brahmaputra,Brahmaputra,-,-,-,Brahmaputra,27.49833333,88.53583333,24-02-2026 04:00,264.5
251,251,DAC Mangan,Sikkim,11,Sikkim,226,MANGAN,MANGAN,-,-,Brahmaputra,Brahmaputra,-,-,-,Brahmaputra,27.49833333,88.53583333,24-02-2026 07:00,269.5
252,252,DAC Mangan,Sikkim,11,Sikkim,226,MANGAN,MANGAN,-,-,Brahmaputra,Brahmaputra,-,-,-,Brahmaputra,27.49833333,88.53583333,24-02-2026 08:00,273
253,253,DAC Mangan,Sikkim,11,Sikkim,226,MANGAN,MANGAN,-,-,Brahmaputra,Brahmaputra,-,-,-,Brahmaputra,27.49833333,88.53583333,24-02-2026 11:00,295.5
254,254,DAC Mangan,Sikkim,11,Sikkim,226,MANGAN,MANGAN,-,-,Brahmaputra,Brahmaputra,-,-,-,Brahmaputra,27.49833333,88.53583333,24-02-2026 12:00,292
255,255,DAC Mangan,Sikkim,11,Sikkim,226,MANGAN,MANGAN,-,-,Brahmaputra,Brahmaputra,-,-,-,Brahmaputra,27.49833333,88.53583333,24-02-2026 13:00,283.5
256,256,DAC Mangan,Sikkim,11,Sikkim,226,MANGAN,MANGAN,-,-,Brahmaputra,Brahmaputra,-,-,-,Brahmaputra,27.49833333,88.53583333,24-02-2026 16:00,0.5
257,257,DAC Mangan,Sikkim,11,Sikkim,226,MANGAN,MANGAN,-,-,Brahmaputra,Brahmaputra,-,-,-,Brahmaputra,27.49833333,88.53583333,24-02-2026 16:00,259
258,258,DAC Mangan,Sikkim,11,Sikkim,226,MANGAN,MANGAN,-,-,Brahmaputra,Brahmaputra,-,-,-,Brahmaputra,27.49833333,88.53583333,25-02-2026 11:00,287
259,259,DAC Mangan,Sikkim,11,Sikkim,226,MANGAN,MANGAN,-,-,Brahmaputra,Brahmaputra,-,-,-,Brahmaputra,27.49833333,88.53583333,27-02-2026 00:00,0.5
260,260,DAC Mangan,Sikkim,11,Sikkim,226,MANGAN,MANGAN,-,-,Brahmaputra,Brahmaputra,-,-,-,Brahmaputra,27.49833333,88.53583333,27-02-2026 01:00,0.5
261,261,DAC Mangan,Sikkim,11,Sikkim,226,MANGAN,MANGAN,-,-,Brahmaputra,Brahmaputra,-,-,-,Brahmaputra,27.49833333,88.53583333,27-02-2026 11:00,0.5
262,262,DAC Mangan,Sikkim,11,Sikkim,226,MANGAN,MANGAN,-,-,Brahmaputra,Brahmaputra,-,-,-,Brahmaputra,27.49833333,88.53583333,27-02-2026 11:00,0.5
263,263,DAC Mangan,Sikkim,11,Sikkim,226,MANGAN,MANGAN,-,-,Brahmaputra,Brahmaputra,-,-,-,Brahmaputra,27.49833333,88.53583333,28-02-2026 00:00,0.5
264,264,DAC Mangan,Sikkim,11,Sikkim,226,MANGAN,MANGAN,-,-,Brahmaputra,Brahmaputra,-,-,-,Brahmaputra,27.49833333,88.53583333,28-02-2026 02:00,0.5
265,265,DAC Mangan,Sikkim,11,Sikkim,226,MANGAN,MANGAN,-,-,Brahmaputra,Brahmaputra,-,-,-,Brahmaputra,27.49833333,88.53583333,28-02-2026 12:00,0.5
266,266,DAC Mangan,Sikkim,11,Sikkim,226,MANGAN,MANGAN,-,-,Brahmaputra,Brahmaputra,-,-,-,Brahmaputra,27.49833333,88.53583333,28-02-2026 12:00,0.5
267,267,DAC Mangan,Sikkim,11,Sikkim,226,MANGAN,MANGAN,-,-,Brahmaputra,Brahmaputra,-,-,-,Brahmaputra,27.49833333,88.53583333,28-02-2026 13:00,1
268,268,DAC Mangan,Sikkim,11,Sikkim,226,MANGAN,MANGAN,-,-,Brahmaputra,Brahmaputra,-,-,-,Brahmaputra,27.49833333,88.53583333,28-02-2026 14:00,0.5
269,269,DAC Mangan,Sikkim,11,Sikkim,226,MANGAN,MANGAN,-,-,Brahmaputra,Brahmaputra,-,-,-,Brahmaputra,27.49833333,88.53583333,28-02-2026 15:00,2.5
270,270,DAC Mangan,Sikkim,11,Sikkim,226,MANGAN,MANGAN,-,-,Brahmaputra,Brahmaputra,-,-,-,Brahmaputra,27.49833333,88.53583333,28-02-2026 16:00,3
271,271,DAC Mangan,Sikkim,11,Sikkim,226,MANGAN,MANGAN,-,-,Brahmaputra,Brahmaputra,-,-,-,Brahmaputra,27.49833333,88.53583333,28-02-2026 17:00,1
272,272,DAC Mangan,Sikkim,11,Sikkim,226,MANGAN,MANGAN,-,-,Brahmaputra,Brahmaputra,-,-,-,Brahmaputra,27.49833333,88.53583333,28-02-2026 18:00,0.5
273,273,DAC Mangan,Sikkim,11,Sikkim,226,MANGAN,MANGAN,-,-,Brahmaputra,Brahmaputra,-,-,-,Brahmaputra,27.49833333,88.53583333,28-02-2026 20:00,0.5
274,274,DAC Mangan,Sikkim,11,Sikkim,226,MANGAN,MANGAN,-,-,Brahmaputra,Brahmaputra,-,-,-,Brahmaputra,27.49833333,88.53583333,28-02-2026 23:00,0.5
275,275,DAC Mangan,Sikkim,11,Sikkim,226,MANGAN,MANGAN,-,-,Brahmaputra,Brahmaputra,-,-,-,Brahmaputra,27.49833333,88.53583333,01-03-2026 04:00,1
276,276,DAC Mangan,Sikkim,11,Sikkim,226,MANGAN,MANGAN,-,-,Brahmaputra,Brahmaputra,-,-,-,Brahmaputra,27.49833333,88.53583333,01-03-2026 05:00,1
277,277,DAC Mangan,Sikkim,11,Sikkim,226,MANGAN,MANGAN,-,-,Brahmaputra,Brahmaputra,-,-,-,Brahmaputra,27.49833333,88.53583333,01-03-2026 06:00,0.5
278,278,DAC Mangan,Sikkim,11,Sikkim,226,MANGAN,MANGAN,-,-,Brahmaputra,Brahmaputra,-,-,-,Brahmaputra,27.49833333,88.53583333,01-03-2026 07:00,3
279,279,DAC Mangan,Sikkim,11,Sikkim,226,MANGAN,MANGAN,-,-,Brahmaputra,Brahmaputra,-,-,-,Brahmaputra,27.49833333,88.53583333,01-03-2026 08:00,2
280,280,DAC Mangan,Sikkim,11,Sikkim,226,MANGAN,MANGAN,-,-,Brahmaputra,Brahmaputra,-,-,-,Brahmaputra,27.49833333,88.53583333,01-03-2026 09:00,0.5
281,281,DAC Mangan,Sikkim,11,Sikkim,226,MANGAN,MANGAN,-,-,Brahmaputra,Brahmaputra,-,-,-,Brahmaputra,27.49833333,88.53583333,01-03-2026 10:00,0.5
282,282,DAC Mangan,Sikkim,11,Sikkim,226,MANGAN,MANGAN,-,-,Brahmaputra,Brahmaputra,-,-,-,Brahmaputra,27.49833333,88.53583333,02-03-2026 00:00,0.5
283,283,DAC Mangan,Sikkim,11,Sikkim,226,MANGAN,MANGAN,-,-,Brahmaputra,Brahmaputra,-,-,-,Brahmaputra,27.49833333,88.53583333,10-03-2026 00:00,4
284,284,DAC Mangan,Sikkim,11,Sikkim,226,MANGAN,MANGAN,-,-,Brahmaputra,Brahmaputra,-,-,-,Brahmaputra,27.49833333,88.53583333,10-03-2026 01:00,1.5
285,285,DAC Mangan,Sikkim,11,Sikkim,226,MANGAN,MANGAN,-,-,Brahmaputra,Brahmaputra,-,-,-,Brahmaputra,27.49833333,88.53583333,10-03-2026 02:00,1
286,286,DAC Mangan,Sikkim,11,Sikkim,226,MANGAN,MANGAN,-,-,Brahmaputra,Brahmaputra,-,-,-,Brahmaputra,27.49833333,88.53583333,10-03-2026 21:00,0.5
287,287,DAC Mangan,Sikkim,11,Sikkim,226,MANGAN,MANGAN,-,-,Brahmaputra,Brahmaputra,-,-,-,Brahmaputra,27.49833333,88.53583333,11-03-2026 18:00,0.5
288,288,DAC Mangan,Sikkim,11,Sikkim,226,MANGAN,MANGAN,-,-,Brahmaputra,Brahmaputra,-,-,-,Brahmaputra,27.49833333,88.53583333,11-03-2026 22:00,0.5
289,289,DAC Mangan,Sikkim,11,Sikkim,226,MANGAN,MANGAN,-,-,Brahmaputra,Brahmaputra,-,-,-,Brahmaputra,27.49833333,88.53583333,12-03-2026 17:00,0.5
290,290,DAC Mangan,Sikkim,11,Sikkim,226,MANGAN,MANGAN,-,-,Brahmaputra,Brahmaputra,-,-,-,Brahmaputra,27.49833333,88.53583333,12-03-2026 18:00,1
291,291,DAC Mangan,Sikkim,11,Sikkim,226,MANGAN,MANGAN,-,-,Brahmaputra,Brahmaputra,-,-,-,Brahmaputra,27.49833333,88.53583333,12-03-2026 19:00,0.5
292,292,DAC Mangan,Sikkim,11,Sikkim,226,MANGAN,MANGAN,-,-,Brahmaputra,Brahmaputra,-,-,-,Brahmaputra,27.49833333,88.53583333,12-03-2026 20:00,3.5
293,293,DAC Mangan,Sikkim,11,Sikkim,226,MANGAN,MANGAN,-,-,Brahmaputra,Brahmaputra,-,-,-,Brahmaputra,27.49833333,88.53583333,12-03-2026 21:00,2
294,294,DAC Mangan,Sikkim,11,Sikkim,226,MANGAN,MANGAN,-,-,Brahmaputra,Brahmaputra,-,-,-,Brahmaputra,27.49833333,88.53583333,12-03-2026 22:00,0.5
295,295,DAC Mangan,Sikkim,11,Sikkim,226,MANGAN,MANGAN,-,-,Brahmaputra,Brahmaputra,-,-,-,Brahmaputra,27.49833333,88.53583333,12-03-2026 23:00,5
296,296,DAC Mangan,Sikkim,11,Sikkim,226,MANGAN,MANGAN,-,-,Brahmaputra,Brahmaputra,-,-,-,Brahmaputra,27.49833333,88.53583333,13-03-2026 00:00,9.5
297,297,DAC Mangan,Sikkim,11,Sikkim,226,MANGAN,MANGAN,-,-,Brahmaputra,Brahmaputra,-,-,-,Brahmaputra,27.49833333,88.53583333,13-03-2026 01:00,13.5
298,298,DAC Mangan,Sikkim,11,Sikkim,226,MANGAN,MANGAN,-,-,Brahmaputra,Brahmaputra,-,-,-,Brahmaputra,27.49833333,88.53583333,13-03-2026 02:00,8.5
299,299,DAC Mangan,Sikkim,11,Sikkim,226,MANGAN,MANGAN,-,-,Brahmaputra,Brahmaputra,-,-,-,Brahmaputra,27.49833333,88.53583333,13-03-2026 03:00,13
300,300,DAC Mangan,Sikkim,11,Sikkim,226,MANGAN,MANGAN,-,-,Brahmaputra,Brahmaputra,-,-,-,Brahmaputra,27.49833333,88.53583333,13-03-2026 04:00,11.5
301,301,DAC Mangan,Sikkim,11,Sikkim,226,MANGAN,MANGAN,-,-,Brahmaputra,Brahmaputra,-,-,-,Brahmaputra,27.49833333,88.53583333,13-03-2026 05:00,7
302,302,DAC Mangan,Sikkim,11,Sikkim,226,MANGAN,MANGAN,-,-,Brahmaputra,Brahmaputra,-,-,-,Brahmaputra,27.49833333,88.53583333,13-03-2026 06:00,3
303,303,DAC Mangan,Sikkim,11,Sikkim,226,MANGAN,MANGAN,-,-,Brahmaputra,Brahmaputra,-,-,-,Brahmaputra,27.49833333,88.53583333,13-03-2026 07:00,2.5
304,304,DAC Mangan,Sikkim,11,Sikkim,226,MANGAN,MANGAN,-,-,Brahmaputra,Brahmaputra,-,-,-,Brahmaputra,27.49833333,88.53583333,13-03-2026 08:00,4
305,305,DAC Mangan,Sikkim,11,Sikkim,226,MANGAN,MANGAN,-,-,Brahmaputra,Brahmaputra,-,-,-,Brahmaputra,27.49833333,88.53583333,13-03-2026 09:00,7
306,306,DAC Mangan,Sikkim,11,Sikkim,226,MANGAN,MANGAN,-,-,Brahmaputra,Brahmaputra,-,-,-,Brahmaputra,27.49833333,88.53583333,13-03-2026 10:00,5
307,307,DAC Mangan,Sikkim,11,Sikkim,226,MANGAN,MANGAN,-,-,Brahmaputra,Brahmaputra,-,-,-,Brahmaputra,27.49833333,88.53583333,13-03-2026 11:00,2
308,308,DAC Mangan,Sikkim,11,Sikkim,226,MANGAN,MANGAN,-,-,Brahmaputra,Brahmaputra,-,-,-,Brahmaputra,27.49833333,88.53583333,13-03-2026 12:00,2
309,309,DAC Mangan,Sikkim,11,Sikkim,226,MANGAN,MANGAN,-,-,Brahmaputra,Brahmaputra,-,-,-,Brahmaputra,27.49833333,88.53583333,13-03-2026 13:00,1.5
310,310,DAC Mangan,Sikkim,11,Sikkim,226,MANGAN,MANGAN,-,-,Brahmaputra,Brahmaputra,-,-,-,Brahmaputra,27.49833333,88.53583333,13-03-2026 14:00,3.5
311,311,DAC Mangan,Sikkim,11,Sikkim,226,MANGAN,MANGAN,-,-,Brahmaputra,Brahmaputra,-,-,-,Brahmaputra,27.49833333,88.53583333,13-03-2026 15:00,8
312,312,DAC Mangan,Sikkim,11,Sikkim,226,MANGAN,MANGAN,-,-,Brahmaputra,Brahmaputra,-,-,-,Brahmaputra,27.49833333,88.53583333,13-03-2026 16:00,7.5
313,313,DAC Mangan,Sikkim,11,Sikkim,226,MANGAN,MANGAN,-,-,Brahmaputra,Brahmaputra,-,-,-,Brahmaputra,27.49833333,88.53583333,13-03-2026 17:00,7.5
314,314,DAC Mangan,Sikkim,11,Sikkim,226,MANGAN,MANGAN,-,-,Brahmaputra,Brahmaputra,-,-,-,Brahmaputra,27.49833333,88.53583333,13-03-2026 18:00,5.5
315,315,DAC Mangan,Sikkim,11,Sikkim,226,MANGAN,MANGAN,-,-,Brahmaputra,Brahmaputra,-,-,-,Brahmaputra,27.49833333,88.53583333,13-03-2026 19:00,4
316,316,DAC Mangan,Sikkim,11,Sikkim,226,MANGAN,MANGAN,-,-,Brahmaputra,Brahmaputra,-,-,-,Brahmaputra,27.49833333,88.53583333,13-03-2026 20:00,2.5
317,317,DAC Mangan,Sikkim,11,Sikkim,226,MANGAN,MANGAN,-,-,Brahmaputra,Brahmaputra,-,-,-,Brahmaputra,27.49833333,88.53583333,13-03-2026 21:00,1.5
318,318,DAC Mangan,Sikkim,11,Sikkim,226,MANGAN,MANGAN,-,-,Brahmaputra,Brahmaputra,-,-,-,Brahmaputra,27.49833333,88.53583333,13-03-2026 22:00,1
319,319,DAC Mangan,Sikkim,11,Sikkim,226,MANGAN,MANGAN,-,-,Brahmaputra,Brahmaputra,-,-,-,Brahmaputra,27.49833333,88.53583333,13-03-2026 23:00,1
320,320,DAC Mangan,Sikkim,11,Sikkim,226,MANGAN,MANGAN,-,-,Brahmaputra,Brahmaputra,-,-,-,Brahmaputra,27.49833333,88.53583333,14-03-2026 00:00,1.5
321,321,DAC Mangan,Sikkim,11,Sikkim,226,MANGAN,MANGAN,-,-,Brahmaputra,Brahmaputra,-,-,-,Brahmaputra,27.49833333,88.53583333,14-03-2026 01:00,0.5
322,322,DAC Mangan,Sikkim,11,Sikkim,226,MANGAN,MANGAN,-,-,Brahmaputra,Brahmaputra,-,-,-,Brahmaputra,27.49833333,88.53583333,14-03-2026 02:00,1
323,323,DAC Mangan,Sikkim,11,Sikkim,226,MANGAN,MANGAN,-,-,Brahmaputra,Brahmaputra,-,-,-,Brahmaputra,27.49833333,88.53583333,14-03-2026 04:00,0.5
324,324,DAC Mangan,Sikkim,11,Sikkim,226,MANGAN,MANGAN,-,-,Brahmaputra,Brahmaputra,-,-,-,Brahmaputra,27.49833333,88.53583333,14-03-2026 06:00,0.5
325,325,DAC Mangan,Sikkim,11,Sikkim,226,MANGAN,MANGAN,-,-,Brahmaputra,Brahmaputra,-,-,-,Brahmaputra,27.49833333,88.53583333,14-03-2026 15:00,0.5
326,326,DAC Mangan,Sikkim,11,Sikkim,226,MANGAN,MANGAN,-,-,Brahmaputra,Brahmaputra,-,-,-,Brahmaputra,27.49833333,88.53583333,14-03-2026 18:00,0.5
327,327,DAC Mangan,Sikkim,11,Sikkim,226,MANGAN,MANGAN,-,-,Brahmaputra,Brahmaputra,-,-,-,Brahmaputra,27.49833333,88.53583333,14-03-2026 20:00,0.5
328,328,DAC Mangan,Sikkim,11,Sikkim,226,MANGAN,MANGAN,-,-,Brahmaputra,Brahmaputra,-,-,-,Brahmaputra,27.49833333,88.53583333,14-03-2026 22:00,0.5
329,329,DAC Mangan,Sikkim,11,Sikkim,226,MANGAN,MANGAN,-,-,Brahmaputra,Brahmaputra,-,-,-,Brahmaputra,27.49833333,88.53583333,15-03-2026 00:00,0.5
330,330,DAC Mangan,Sikkim,11,Sikkim,226,MANGAN,MANGAN,-,-,Brahmaputra,Brahmaputra,-,-,-,Brahmaputra,27.49833333,88.53583333,15-03-2026 03:00,0.5
331,331,DAC Mangan,Sikkim,11,Sikkim,226,MANGAN,MANGAN,-,-,Brahmaputra,Brahmaputra,-,-,-,Brahmaputra,27.49833333,88.53583333,15-03-2026 09:00,0.5
332,332,DAC Mangan,Sikkim,11,Sikkim,226,MANGAN,MANGAN,-,-,Brahmaputra,Brahmaputra,-,-,-,Brahmaputra,27.49833333,88.53583333,15-03-2026 14:00,0.5
333,333,DAC Mangan,Sikkim,11,Sikkim,226,MANGAN,MANGAN,-,-,Brahmaputra,Brahmaputra,-,-,-,Brahmaputra,27.49833333,88.53583333,15-03-2026 22:00,0.5
334,334,DAC Mangan,Sikkim,11,Sikkim,226,MANGAN,MANGAN,-,-,Brahmaputra,Brahmaputra,-,-,-,Brahmaputra,27.49833333,88.53583333,16-03-2026 08:00,0.5
335,335,DAC Mangan,Sikkim,11,Sikkim,226,MANGAN,MANGAN,-,-,Brahmaputra,Brahmaputra,-,-,-,Brahmaputra,27.49833333,88.53583333,16-03-2026 18:00,0.5
336,336,DAC Mangan,Sikkim,11,Sikkim,226,MANGAN,MANGAN,-,-,Brahmaputra,Brahmaputra,-,-,-,Brahmaputra,27.49833333,88.53583333,17-03-2026 09:00,0.5
337,337,DAC Mangan,Sikkim,11,Sikkim,226,MANGAN,MANGAN,-,-,Brahmaputra,Brahmaputra,-,-,-,Brahmaputra,27.49833333,88.53583333,17-03-2026 23:00,0.5
338,338,DAC Mangan,Sikkim,11,Sikkim,226,MANGAN,MANGAN,-,-,Brahmaputra,Brahmaputra,-,-,-,Brahmaputra,27.49833333,88.53583333,18-03-2026 13:00,0.5
339,339,DAC Mangan,Sikkim,11,Sikkim,226,MANGAN,MANGAN,-,-,Brahmaputra,Brahmaputra,-,-,-,Brahmaputra,27.49833333,88.53583333,19-03-2026 09:00,289.5
340,340,DAC Mangan,Sikkim,11,Sikkim,226,MANGAN,MANGAN,-,-,Brahmaputra,Brahmaputra,-,-,-,Brahmaputra,27.49833333,88.53583333,19-03-2026 10:00,308
341,341,DAC Mangan,Sikkim,11,Sikkim,226,MANGAN,MANGAN,-,-,Brahmaputra,Brahmaputra,-,-,-,Brahmaputra,27.49833333,88.53583333,19-03-2026 11:00,313
342,342,DAC Mangan,Sikkim,11,Sikkim,226,MANGAN,MANGAN,-,-,Brahmaputra,Brahmaputra,-,-,-,Brahmaputra,27.49833333,88.53583333,19-03-2026 15:00,258
343,343,DAC Mangan,Sikkim,11,Sikkim,226,MANGAN,MANGAN,-,-,Brahmaputra,Brahmaputra,-,-,-,Brahmaputra,27.49833333,88.53583333,19-03-2026 16:00,292.5
344,344,DAC Mangan,Sikkim,11,Sikkim,226,MANGAN,MANGAN,-,-,Brahmaputra,Brahmaputra,-,-,-,Brahmaputra,27.49833333,88.53583333,19-03-2026 17:00,0.5
345,345,DAC Mangan,Sikkim,11,Sikkim,226,MANGAN,MANGAN,-,-,Brahmaputra,Brahmaputra,-,-,-,Brahmaputra,27.49833333,88.53583333,19-03-2026 17:00,0.5
346,346,DAC Mangan,Sikkim,11,Sikkim,226,MANGAN,MANGAN,-,-,Brahmaputra,Brahmaputra,-,-,-,Brahmaputra,27.49833333,88.53583333,20-03-2026 00:00,272.5
347,347,DAC Mangan,Sikkim,11,Sikkim,226,MANGAN,MANGAN,-,-,Brahmaputra,Brahmaputra,-,-,-,Brahmaputra,27.49833333,88.53583333,20-03-2026 06:00,270
348,348,DAC Mangan,Sikkim,11,Sikkim,226,MANGAN,MANGAN,-,-,Brahmaputra,Brahmaputra,-,-,-,Brahmaputra,27.49833333,88.53583333,20-03-2026 07:00,271.5
349,349,DAC Mangan,Sikkim,11,Sikkim,226,MANGAN,MANGAN,-,-,Brahmaputra,Brahmaputra,-,-,-,Brahmaputra,27.49833333,88.53583333,20-03-2026 09:00,298
350,350,DAC Mangan,Sikkim,11,Sikkim,226,MANGAN,MANGAN,-,-,Brahmaputra,Brahmaputra,-,-,-,Brahmaputra,27.49833333,88.53583333,20-03-2026 10:00,307
351,351,DAC Mangan,Sikkim,11,Sikkim,226,MANGAN,MANGAN,-,-,Brahmaputra,Brahmaputra,-,-,-,Brahmaputra,27.49833333,88.53583333,20-03-2026 13:00,284.5
352,352,DAC Mangan,Sikkim,11,Sikkim,226,MANGAN,MANGAN,-,-,Brahmaputra,Brahmaputra,-,-,-,Brahmaputra,27.49833333,88.53583333,20-03-2026 16:00,272
353,353,DAC Mangan,Sikkim,11,Sikkim,226,MANGAN,MANGAN,-,-,Brahmaputra,Brahmaputra,-,-,-,Brahmaputra,27.49833333,88.53583333,20-03-2026 22:00,257.5
354,354,DAC Mangan,Sikkim,11,Sikkim,226,MANGAN,MANGAN,-,-,Brahmaputra,Brahmaputra,-,-,-,Brahmaputra,27.49833333,88.53583333,21-03-2026 00:00,254.5
355,355,DAC Mangan,Sikkim,11,Sikkim,226,MANGAN,MANGAN,-,-,Brahmaputra,Brahmaputra,-,-,-,Brahmaputra,27.49833333,88.53583333,21-03-2026 06:00,252.5
356,356,DAC Mangan,Sikkim,11,Sikkim,226,MANGAN,MANGAN,-,-,Brahmaputra,Brahmaputra,-,-,-,Brahmaputra,27.49833333,88.53583333,21-03-2026 20:00,0.5
357,357,DAC Mangan,Sikkim,11,Sikkim,226,MANGAN,MANGAN,-,-,Brahmaputra,Brahmaputra,-,-,-,Brahmaputra,27.49833333,88.53583333,21-03-2026 20:00,0.5
358,358,DAC Mangan,Sikkim,11,Sikkim,226,MANGAN,MANGAN,-,-,Brahmaputra,Brahmaputra,-,-,-,Brahmaputra,27.49833333,88.53583333,22-03-2026 01:00,245
359,359,DAC Mangan,Sikkim,11,Sikkim,226,MANGAN,MANGAN,-,-,Brahmaputra,Brahmaputra,-,-,-,Brahmaputra,27.49833333,88.53583333,22-03-2026 07:00,0.5
360,360,DAC Mangan,Sikkim,11,Sikkim,226,MANGAN,MANGAN,-,-,Brahmaputra,Brahmaputra,-,-,-,Brahmaputra,27.49833333,88.53583333,22-03-2026 07:00,0.5
361,361,DAC Mangan,Sikkim,11,Sikkim,226,MANGAN,MANGAN,-,-,Brahmaputra,Brahmaputra,-,-,-,Brahmaputra,27.49833333,88.53583333,22-03-2026 13:00,307.5
362,362,DAC Mangan,Sikkim,11,Sikkim,226,MANGAN,MANGAN,-,-,Brahmaputra,Brahmaputra,-,-,-,Brahmaputra,27.49833333,88.53583333,22-03-2026 16:00,0.5
363,363,DAC Mangan,Sikkim,11,Sikkim,226,MANGAN,MANGAN,-,-,Brahmaputra,Brahmaputra,-,-,-,Brahmaputra,27.49833333,88.53583333,22-03-2026 16:00,0.5
364,364,DAC Mangan,Sikkim,11,Sikkim,226,MANGAN,MANGAN,-,-,Brahmaputra,Brahmaputra,-,-,-,Brahmaputra,27.49833333,88.53583333,22-03-2026 21:00,266
365,365,DAC Mangan,Sikkim,11,Sikkim,226,MANGAN,MANGAN,-,-,Brahmaputra,Brahmaputra,-,-,-,Brahmaputra,27.49833333,88.53583333,22-03-2026 21:00,0.5
366,366,DAC Mangan,Sikkim,11,Sikkim,226,MANGAN,MANGAN,-,-,Brahmaputra,Brahmaputra,-,-,-,Brahmaputra,27.49833333,88.53583333,22-03-2026 23:00,262
367,367,DAC Mangan,Sikkim,11,Sikkim,226,MANGAN,MANGAN,-,-,Brahmaputra,Brahmaputra,-,-,-,Brahmaputra,27.49833333,88.53583333,23-03-2026 02:00,0.5
368,368,DAC Mangan,Sikkim,11,Sikkim,226,MANGAN,MANGAN,-,-,Brahmaputra,Brahmaputra,-,-,-,Brahmaputra,27.49833333,88.53583333,23-03-2026 02:00,0.5
369,369,DAC Mangan,Sikkim,11,Sikkim,226,MANGAN,MANGAN,-,-,Brahmaputra,Brahmaputra,-,-,-,Brahmaputra,27.49833333,88.53583333,23-03-2026 04:00,257.5
370,370,DAC Mangan,Sikkim,11,Sikkim,226,MANGAN,MANGAN,-,-,Brahmaputra,Brahmaputra,-,-,-,Brahmaputra,27.49833333,88.53583333,23-03-2026 06:00,260
371,371,DAC Mangan,Sikkim,11,Sikkim,226,MANGAN,MANGAN,-,-,Brahmaputra,Brahmaputra,-,-,-,Brahmaputra,27.49833333,88.53583333,23-03-2026 08:00,0.5
372,372,DAC Mangan,Sikkim,11,Sikkim,226,MANGAN,MANGAN,-,-,Brahmaputra,Brahmaputra,-,-,-,Brahmaputra,27.49833333,88.53583333,23-03-2026 08:00,267.5
373,373,DAC Mangan,Sikkim,11,Sikkim,226,MANGAN,MANGAN,-,-,Brahmaputra,Brahmaputra,-,-,-,Brahmaputra,27.49833333,88.53583333,23-03-2026 09:00,299
374,374,DAC Mangan,Sikkim,11,Sikkim,226,MANGAN,MANGAN,-,-,Brahmaputra,Brahmaputra,-,-,-,Brahmaputra,27.49833333,88.53583333,23-03-2026 13:00,304.5
375,375,DAC Mangan,Sikkim,11,Sikkim,226,MANGAN,MANGAN,-,-,Brahmaputra,Brahmaputra,-,-,-,Brahmaputra,27.49833333,88.53583333,23-03-2026 14:00,0.5
376,376,DAC Mangan,Sikkim,11,Sikkim,226,MANGAN,MANGAN,-,-,Brahmaputra,Brahmaputra,-,-,-,Brahmaputra,27.49833333,88.53583333,23-03-2026 14:00,297.5
377,377,DAC Mangan,Sikkim,11,Sikkim,226,MANGAN,MANGAN,-,-,Brahmaputra,Brahmaputra,-,-,-,Brahmaputra,27.49833333,88.53583333,23-03-2026 19:00,0.5
378,378,DAC Mangan,Sikkim,11,Sikkim,226,MANGAN,MANGAN,-,-,Brahmaputra,Brahmaputra,-,-,-,Brahmaputra,27.49833333,88.53583333,23-03-2026 19:00,0.5
379,379,DAC Mangan,Sikkim,11,Sikkim,226,MANGAN,MANGAN,-,-,Brahmaputra,Brahmaputra,-,-,-,Brahmaputra,27.49833333,88.53583333,23-03-2026 20:00,269
380,380,DAC Mangan,Sikkim,11,Sikkim,226,MANGAN,MANGAN,-,-,Brahmaputra,Brahmaputra,-,-,-,Brahmaputra,27.49833333,88.53583333,23-03-2026 21:00,268.5
381,381,DAC Mangan,Sikkim,11,Sikkim,226,MANGAN,MANGAN,-,-,Brahmaputra,Brahmaputra,-,-,-,Brahmaputra,27.49833333,88.53583333,23-03-2026 22:00,0.5
382,382,DAC Mangan,Sikkim,11,Sikkim,226,MANGAN,MANGAN,-,-,Brahmaputra,Brahmaputra,-,-,-,Brahmaputra,27.49833333,88.53583333,23-03-2026 22:00,0.5
383,383,DAC Mangan,Sikkim,11,Sikkim,226,MANGAN,MANGAN,-,-,Brahmaputra,Brahmaputra,-,-,-,Brahmaputra,27.49833333,88.53583333,24-03-2026 02:00,0.5
384,384,DAC Mangan,Sikkim,11,Sikkim,226,MANGAN,MANGAN,-,-,Brahmaputra,Brahmaputra,-,-,-,Brahmaputra,27.49833333,88.53583333,24-03-2026 02:00,0.5
385,385,DAC Mangan,Sikkim,11,Sikkim,226,MANGAN,MANGAN,-,-,Brahmaputra,Brahmaputra,-,-,-,Brahmaputra,27.49833333,88.53583333,24-03-2026 03:00,257
386,386,DAC Mangan,Sikkim,11,Sikkim,226,MANGAN,MANGAN,-,-,Brahmaputra,Brahmaputra,-,-,-,Brahmaputra,27.49833333,88.53583333,24-03-2026 04:00,0.5
387,387,DAC Mangan,Sikkim,11,Sikkim,226,MANGAN,MANGAN,-,-,Brahmaputra,Brahmaputra,-,-,-,Brahmaputra,27.49833333,88.53583333,24-03-2026 04:00,0.5
388,388,DAC Mangan,Sikkim,11,Sikkim,226,MANGAN,MANGAN,-,-,Brahmaputra,Brahmaputra,-,-,-,Brahmaputra,27.49833333,88.53583333,24-03-2026 07:00,256.5
389,389,DAC Mangan,Sikkim,11,Sikkim,226,MANGAN,MANGAN,-,-,Brahmaputra,Brahmaputra,-,-,-,Brahmaputra,27.49833333,88.53583333,24-03-2026 07:00,0.5
390,390,DAC Mangan,Sikkim,11,Sikkim,226,MANGAN,MANGAN,-,-,Brahmaputra,Brahmaputra,-,-,-,Brahmaputra,27.49833333,88.53583333,24-03-2026 09:00,0.5
391,391,DAC Mangan,Sikkim,11,Sikkim,226,MANGAN,MANGAN,-,-,Brahmaputra,Brahmaputra,-,-,-,Brahmaputra,27.49833333,88.53583333,24-03-2026 09:00,0.5
392,392,DAC Mangan,Sikkim,11,Sikkim,226,MANGAN,MANGAN,-,-,Brahmaputra,Brahmaputra,-,-,-,Brahmaputra,27.49833333,88.53583333,24-03-2026 11:00,0.5
393,393,DAC Mangan,Sikkim,11,Sikkim,226,MANGAN,MANGAN,-,-,Brahmaputra,Brahmaputra,-,-,-,Brahmaputra,27.49833333,88.53583333,24-03-2026 12:00,263
394,394,DAC Mangan,Sikkim,11,Sikkim,226,MANGAN,MANGAN,-,-,Brahmaputra,Brahmaputra,-,-,-,Brahmaputra,27.49833333,88.53583333,24-03-2026 13:00,0.5
395,395,DAC Mangan,Sikkim,11,Sikkim,226,MANGAN,MANGAN,-,-,Brahmaputra,Brahmaputra,-,-,-,Brahmaputra,27.49833333,88.53583333,24-03-2026 13:00,0.5
396,396,DAC Mangan,Sikkim,11,Sikkim,226,MANGAN,MANGAN,-,-,Brahmaputra,Brahmaputra,-,-,-,Brahmaputra,27.49833333,88.53583333,24-03-2026 15:00,0.5
397,397,DAC Mangan,Sikkim,11,Sikkim,226,MANGAN,MANGAN,-,-,Brahmaputra,Brahmaputra,-,-,-,Brahmaputra,27.49833333,88.53583333,24-03-2026 15:00,0.5
398,398,DAC Mangan,Sikkim,11,Sikkim,226,MANGAN,MANGAN,-,-,Brahmaputra,Brahmaputra,-,-,-,Brahmaputra,27.49833333,88.53583333,24-03-2026 17:00,252.5
399,399,DAC Mangan,Sikkim,11,Sikkim,226,MANGAN,MANGAN,-,-,Brahmaputra,Brahmaputra,-,-,-,Brahmaputra,27.49833333,88.53583333,24-03-2026 18:00,253.5
400,400,DAC Mangan,Sikkim,11,Sikkim,226,MANGAN,MANGAN,-,-,Brahmaputra,Brahmaputra,-,-,-,Brahmaputra,27.49833333,88.53583333,24-03-2026 18:00,0.5
401,401,DAC Mangan,Sikkim,11,Sikkim,226,MANGAN,MANGAN,-,-,Brahmaputra,Brahmaputra,-,-,-,Brahmaputra,27.49833333,88.53583333,24-03-2026 19:00,254.5
402,402,DAC Mangan,Sikkim,11,Sikkim,226,MANGAN,MANGAN,-,-,Brahmaputra,Brahmaputra,-,-,-,Brahmaputra,27.49833333,88.53583333,24-03-2026 20:00,0.5
403,403,DAC Mangan,Sikkim,11,Sikkim,226,MANGAN,MANGAN,-,-,Brahmaputra,Brahmaputra,-,-,-,Brahmaputra,27.49833333,88.53583333,24-03-2026 20:00,0.5
404,404,DAC Mangan,Sikkim,11,Sikkim,226,MANGAN,MANGAN,-,-,Brahmaputra,Brahmaputra,-,-,-,Brahmaputra,27.49833333,88.53583333,24-03-2026 21:00,0.5
405,405,DAC Mangan,Sikkim,11,Sikkim,226,MANGAN,MANGAN,-,-,Brahmaputra,Brahmaputra,-,-,-,Brahmaputra,27.49833333,88.53583333,24-03-2026 21:00,0.5
406,406,DAC Mangan,Sikkim,11,Sikkim,226,MANGAN,MANGAN,-,-,Brahmaputra,Brahmaputra,-,-,-,Brahmaputra,27.49833333,88.53583333,24-03-2026 23:00,0.5
407,407,DAC Mangan,Sikkim,11,Sikkim,226,MANGAN,MANGAN,-,-,Brahmaputra,Brahmaputra,-,-,-,Brahmaputra,27.49833333,88.53583333,25-03-2026 01:00,0.5
408,408,DAC Mangan,Sikkim,11,Sikkim,226,MANGAN,MANGAN,-,-,Brahmaputra,Brahmaputra,-,-,-,Brahmaputra,27.49833333,88.53583333,25-03-2026 03:00,0.5
409,409,DAC Mangan,Sikkim,11,Sikkim,226,MANGAN,MANGAN,-,-,Brahmaputra,Brahmaputra,-,-,-,Brahmaputra,27.49833333,88.53583333,25-03-2026 07:00,0.5
410,410,DAC Mangan,Sikkim,11,Sikkim,226,MANGAN,MANGAN,-,-,Brahmaputra,Brahmaputra,-,-,-,Brahmaputra,27.49833333,88.53583333,25-03-2026 12:00,0.5
411,411,DAC Mangan,Sikkim,11,Sikkim,226,MANGAN,MANGAN,-,-,Brahmaputra,Brahmaputra,-,-,-,Brahmaputra,27.49833333,88.53583333,25-03-2026 16:00,0.5
412,412,DAC Mangan,Sikkim,11,Sikkim,226,MANGAN,MANGAN,-,-,Brahmaputra,Brahmaputra,-,-,-,Brahmaputra,27.49833333,88.53583333,25-03-2026 18:00,0.5
413,413,DAC Mangan,Sikkim,11,Sikkim,226,MANGAN,MANGAN,-,-,Brahmaputra,Brahmaputra,-,-,-,Brahmaputra,27.49833333,88.53583333,25-03-2026 19:00,0.5
414,414,DAC Mangan,Sikkim,11,Sikkim,226,MANGAN,MANGAN,-,-,Brahmaputra,Brahmaputra,-,-,-,Brahmaputra,27.49833333,88.53583333,25-03-2026 20:00,0.5
415,415,DAC Mangan,Sikkim,11,Sikkim,226,MANGAN,MANGAN,-,-,Brahmaputra,Brahmaputra,-,-,-,Brahmaputra,27.49833333,88.53583333,25-03-2026 21:00,0.5
416,416,DAC Mangan,Sikkim,11,Sikkim,226,MANGAN,MANGAN,-,-,Brahmaputra,Brahmaputra,-,-,-,Brahmaputra,27.49833333,88.53583333,25-03-2026 23:00,0.5
417,417,DAC Mangan,Sikkim,11,Sikkim,226,MANGAN,MANGAN,-,-,Brahmaputra,Brahmaputra,-,-,-,Brahmaputra,27.49833333,88.53583333,26-03-2026 00:00,0.5
418,418,DAC Mangan,Sikkim,11,Sikkim,226,MANGAN,MANGAN,-,-,Brahmaputra,Brahmaputra,-,-,-,Brahmaputra,27.49833333,88.53583333,26-03-2026 04:00,0.5
419,419,DAC Mangan,Sikkim,11,Sikkim,226,MANGAN,MANGAN,-,-,Brahmaputra,Brahmaputra,-,-,-,Brahmaputra,27.49833333,88.53583333,26-03-2026 07:00,0.5
420,420,DAC Mangan,Sikkim,11,Sikkim,226,MANGAN,MANGAN,-,-,Brahmaputra,Brahmaputra,-,-,-,Brahmaputra,27.49833333,88.53583333,26-03-2026 11:00,0.5
421,421,DAC Mangan,Sikkim,11,Sikkim,226,MANGAN,MANGAN,-,-,Brahmaputra,Brahmaputra,-,-,-,Brahmaputra,27.49833333,88.53583333,26-03-2026 14:00,0.5
422,422,DAC Mangan,Sikkim,11,Sikkim,226,MANGAN,MANGAN,-,-,Brahmaputra,Brahmaputra,-,-,-,Brahmaputra,27.49833333,88.53583333,26-03-2026 16:00,0.5
423,423,DAC Mangan,Sikkim,11,Sikkim,226,MANGAN,MANGAN,-,-,Brahmaputra,Brahmaputra,-,-,-,Brahmaputra,27.49833333,88.53583333,26-03-2026 18:00,0.5
424,424,DAC Mangan,Sikkim,11,Sikkim,226,MANGAN,MANGAN,-,-,Brahmaputra,Brahmaputra,-,-,-,Brahmaputra,27.49833333,88.53583333,26-03-2026 20:00,0.5
425,425,DAC Mangan,Sikkim,11,Sikkim,226,MANGAN,MANGAN,-,-,Brahmaputra,Brahmaputra,-,-,-,Brahmaputra,27.49833333,88.53583333,26-03-2026 23:00,0.5
426,426,DAC Mangan,Sikkim,11,Sikkim,226,MANGAN,MANGAN,-,-,Brahmaputra,Brahmaputra,-,-,-,Brahmaputra,27.49833333,88.53583333,27-03-2026 01:00,0.5
427,427,DAC Mangan,Sikkim,11,Sikkim,226,MANGAN,MANGAN,-,-,Brahmaputra,Brahmaputra,-,-,-,Brahmaputra,27.49833333,88.53583333,27-03-2026 04:00,0.5
428,428,DAC Mangan,Sikkim,11,Sikkim,226,MANGAN,MANGAN,-,-,Brahmaputra,Brahmaputra,-,-,-,Brahmaputra,27.49833333,88.53583333,27-03-2026 06:00,0.5
429,429,DAC Mangan,Sikkim,11,Sikkim,226,MANGAN,MANGAN,-,-,Brahmaputra,Brahmaputra,-,-,-,Brahmaputra,27.49833333,88.53583333,27-03-2026 09:00,0.5
430,430,DAC Mangan,Sikkim,11,Sikkim,226,MANGAN,MANGAN,-,-,Brahmaputra,Brahmaputra,-,-,-,Brahmaputra,27.49833333,88.53583333,27-03-2026 12:00,0.5
431,431,DAC Mangan,Sikkim,11,Sikkim,226,MANGAN,MANGAN,-,-,Brahmaputra,Brahmaputra,-,-,-,Brahmaputra,27.49833333,88.53583333,27-03-2026 14:00,0.5
432,432,DAC Mangan,Sikkim,11,Sikkim,226,MANGAN,MANGAN,-,-,Brahmaputra,Brahmaputra,-,-,-,Brahmaputra,27.49833333,88.53583333,27-03-2026 16:00,0.5
433,433,DAC Mangan,Sikkim,11,Sikkim,226,MANGAN,MANGAN,-,-,Brahmaputra,Brahmaputra,-,-,-,Brahmaputra,27.49833333,88.53583333,27-03-2026 19:00,0.5
434,434,DAC Mangan,Sikkim,11,Sikkim,226,MANGAN,MANGAN,-,-,Brahmaputra,Brahmaputra,-,-,-,Brahmaputra,27.49833333,88.53583333,27-03-2026 21:00,0.5
435,435,DAC Mangan,Sikkim,11,Sikkim,226,MANGAN,MANGAN,-,-,Brahmaputra,Brahmaputra,-,-,-,Brahmaputra,27.49833333,88.53583333,28-03-2026 01:00,0.5
436,436,DAC Mangan,Sikkim,11,Sikkim,226,MANGAN,MANGAN,-,-,Brahmaputra,Brahmaputra,-,-,-,Brahmaputra,27.49833333,88.53583333,28-03-2026 04:00,0.5
437,437,DAC Mangan,Sikkim,11,Sikkim,226,MANGAN,MANGAN,-,-,Brahmaputra,Brahmaputra,-,-,-,Brahmaputra,27.49833333,88.53583333,28-03-2026 08:00,0.5
438,438,DAC Mangan,Sikkim,11,Sikkim,226,MANGAN,MANGAN,-,-,Brahmaputra,Brahmaputra,-,-,-,Brahmaputra,27.49833333,88.53583333,28-03-2026 13:00,0.5
439,439,DAC Mangan,Sikkim,11,Sikkim,226,MANGAN,MANGAN,-,-,Brahmaputra,Brahmaputra,-,-,-,Brahmaputra,27.49833333,88.53583333,28-03-2026 19:00,0.5
440,440,DAC Mangan,Sikkim,11,Sikkim,226,MANGAN,MANGAN,-,-,Brahmaputra,Brahmaputra,-,-,-,Brahmaputra,27.49833333,88.53583333,29-03-2026 00:00,0.5
441,441,DAC Mangan,Sikkim,11,Sikkim,226,MANGAN,MANGAN,-,-,Brahmaputra,Brahmaputra,-,-,-,Brahmaputra,27.49833333,88.53583333,29-03-2026 05:00,0.5
442,442,DAC Mangan,Sikkim,11,Sikkim,226,MANGAN,MANGAN,-,-,Brahmaputra,Brahmaputra,-,-,-,Brahmaputra,27.49833333,88.53583333,29-03-2026 13:00,0.5
443,443,DAC Mangan,Sikkim,11,Sikkim,226,MANGAN,MANGAN,-,-,Brahmaputra,Brahmaputra,-,-,-,Brahmaputra,27.49833333,88.53583333,29-03-2026 18:00,0.5
444,444,DAC Mangan,Sikkim,11,Sikkim,226,MANGAN,MANGAN,-,-,Brahmaputra,Brahmaputra,-,-,-,Brahmaputra,27.49833333,88.53583333,29-03-2026 20:00,0.5
445,445,DAC Mangan,Sikkim,11,Sikkim,226,MANGAN,MANGAN,-,-,Brahmaputra,Brahmaputra,-,-,-,Brahmaputra,27.49833333,88.53583333,29-03-2026 23:00,0.5
446,446,DAC Mangan,Sikkim,11,Sikkim,226,MANGAN,MANGAN,-,-,Brahmaputra,Brahmaputra,-,-,-,Brahmaputra,27.49833333,88.53583333,30-03-2026 04:00,0.5
447,447,DAC Mangan,Sikkim,11,Sikkim,226,MANGAN,MANGAN,-,-,Brahmaputra,Brahmaputra,-,-,-,Brahmaputra,27.49833333,88.53583333,30-03-2026 08:00,0.5
448,448,DAC Mangan,Sikkim,11,Sikkim,226,MANGAN,MANGAN,-,-,Brahmaputra,Brahmaputra,-,-,-,Brahmaputra,27.49833333,88.53583333,30-03-2026 12:00,0.5
449,449,DAC Mangan,Sikkim,11,Sikkim,226,MANGAN,MANGAN,-,-,Brahmaputra,Brahmaputra,-,-,-,Brahmaputra,27.49833333,88.53583333,30-03-2026 14:00,0.5
450,450,DAC Mangan,Sikkim,11,Sikkim,226,MANGAN,MANGAN,-,-,Brahmaputra,Brahmaputra,-,-,-,Brahmaputra,27.49833333,88.53583333,30-03-2026 17:00,0.5
451,451,DAC Mangan,Sikkim,11,Sikkim,226,MANGAN,MANGAN,-,-,Brahmaputra,Brahmaputra,-,-,-,Brahmaputra,27.49833333,88.53583333,30-03-2026 17:00,0.5
452,452,DAC Mangan,Sikkim,11,Sikkim,226,MANGAN,MANGAN,-,-,Brahmaputra,Brahmaputra,-,-,-,Brahmaputra,27.49833333,88.53583333,30-03-2026 19:00,0.5
453,453,DAC Mangan,Sikkim,11,Sikkim,226,MANGAN,MANGAN,-,-,Brahmaputra,Brahmaputra,-,-,-,Brahmaputra,27.49833333,88.53583333,30-03-2026 20:00,0.5
454,454,DAC Mangan,Sikkim,11,Sikkim,226,MANGAN,MANGAN,-,-,Brahmaputra,Brahmaputra,-,-,-,Brahmaputra,27.49833333,88.53583333,30-03-2026 21:00,0.5
455,455,DAC Mangan,Sikkim,11,Sikkim,226,MANGAN,MANGAN,-,-,Brahmaputra,Brahmaputra,-,-,-,Brahmaputra,27.49833333,88.53583333,30-03-2026 23:00,0.5
456,456,DAC Mangan,Sikkim,11,Sikkim,226,MANGAN,MANGAN,-,-,Brahmaputra,Brahmaputra,-,-,-,Brahmaputra,27.49833333,88.53583333,31-03-2026 00:00,0.5
457,457,DAC Mangan,Sikkim,11,Sikkim,226,MANGAN,MANGAN,-,-,Brahmaputra,Brahmaputra,-,-,-,Brahmaputra,27.49833333,88.53583333,31-03-2026 01:00,0.5
458,458,DAC Mangan,Sikkim,11,Sikkim,226,MANGAN,MANGAN,-,-,Brahmaputra,Brahmaputra,-,-,-,Brahmaputra,27.49833333,88.53583333,31-03-2026 03:00,0.5
459,459,DAC Mangan,Sikkim,11,Sikkim,226,MANGAN,MANGAN,-,-,Brahmaputra,Brahmaputra,-,-,-,Brahmaputra,27.49833333,88.53583333,31-03-2026 04:00,0.5
460,460,DAC Mangan,Sikkim,11,Sikkim,226,MANGAN,MANGAN,-,-,Brahmaputra,Brahmaputra,-,-,-,Brahmaputra,27.49833333,88.53583333,31-03-2026 05:00,0.5
461,461,DAC Mangan,Sikkim,11,Sikkim,226,MANGAN,MANGAN,-,-,Brahmaputra,Brahmaputra,-,-,-,Brahmaputra,27.49833333,88.53583333,31-03-2026 06:00,0.5
462,462,DAC Mangan,Sikkim,11,Sikkim,226,MANGAN,MANGAN,-,-,Brahmaputra,Brahmaputra,-,-,-,Brahmaputra,27.49833333,88.53583333,31-03-2026 08:00,0.5
463,463,DAC Mangan,Sikkim,11,Sikkim,226,MANGAN,MANGAN,-,-,Brahmaputra,Brahmaputra,-,-,-,Brahmaputra,27.49833333,88.53583333,31-03-2026 09:00,0.5
464,464,DAC Mangan,Sikkim,11,Sikkim,226,MANGAN,MANGAN,-,-,Brahmaputra,Brahmaputra,-,-,-,Brahmaputra,27.49833333,88.53583333,31-03-2026 10:00,0.5
465,465,DAC Mangan,Sikkim,11,Sikkim,226,MANGAN,MANGAN,-,-,Brahmaputra,Brahmaputra,-,-,-,Brahmaputra,27.49833333,88.53583333,31-03-2026 12:00,0.5
466,466,DAC Mangan,Sikkim,11,Sikkim,226,MANGAN,MANGAN,-,-,Brahmaputra,Brahmaputra,-,-,-,Brahmaputra,27.49833333,88.53583333,31-03-2026 13:00,0.5
467,467,DAC Mangan,Sikkim,11,Sikkim,226,MANGAN,MANGAN,-,-,Brahmaputra,Brahmaputra,-,-,-,Brahmaputra,27.49833333,88.53583333,31-03-2026 15:00,0.5
468,468,DAC Mangan,Sikkim,11,Sikkim,226,MANGAN,MANGAN,-,-,Brahmaputra,Brahmaputra,-,-,-,Brahmaputra,27.49833333,88.53583333,31-03-2026 16:00,0.5
469,469,DAC Mangan,Sikkim,11,Sikkim,226,MANGAN,MANGAN,-,-,Brahmaputra,Brahmaputra,-,-,-,Brahmaputra,27.49833333,88.53583333,31-03-2026 18:00,0.5
470,470,DAC Mangan,Sikkim,11,Sikkim,226,MANGAN,MANGAN,-,-,Brahmaputra,Brahmaputra,-,-,-,Brahmaputra,27.49833333,88.53583333,31-03-2026 19:00,0.5
471,471,DAC Mangan,Sikkim,11,Sikkim,226,MANGAN,MANGAN,-,-,Brahmaputra,Brahmaputra,-,-,-,Brahmaputra,27.49833333,88.53583333,31-03-2026 20:00,0.5
472,472,DAC Mangan,Sikkim,11,Sikkim,226,MANGAN,MANGAN,-,-,Brahmaputra,Brahmaputra,-,-,-,Brahmaputra,27.49833333,88.53583333,31-03-2026 21:00,0.5
473,473,DAC Mangan,Sikkim,11,Sikkim,226,MANGAN,MANGAN,-,-,Brahmaputra,Brahmaputra,-,-,-,Brahmaputra,27.49833333,88.53583333,31-03-2026 22:00,0.5
474,474,DAC Mangan,Sikkim,11,Sikkim,226,MANGAN,MANGAN,-,-,Brahmaputra,Brahmaputra,-,-,-,Brahmaputra,27.49833333,88.53583333,01-04-2026 00:00,0.5
475,475,DAC Mangan,Sikkim,11,Sikkim,226,MANGAN,MANGAN,-,-,Brahmaputra,Brahmaputra,-,-,-,Brahmaputra,27.49833333,88.53583333,01-04-2026 01:00,0.5
476,476,DAC Mangan,Sikkim,11,Sikkim,226,MANGAN,MANGAN,-,-,Brahmaputra,Brahmaputra,-,-,-,Brahmaputra,27.49833333,88.53583333,01-04-2026 03:00,0.5
477,477,DAC Mangan,Sikkim,11,Sikkim,226,MANGAN,MANGAN,-,-,Brahmaputra,Brahmaputra,-,-,-,Brahmaputra,27.49833333,88.53583333,01-04-2026 04:00,0.5
478,478,DAC Mangan,Sikkim,11,Sikkim,226,MANGAN,MANGAN,-,-,Brahmaputra,Brahmaputra,-,-,-,Brahmaputra,27.49833333,88.53583333,01-04-2026 06:00,0.5
479,479,DAC Mangan,Sikkim,11,Sikkim,226,MANGAN,MANGAN,-,-,Brahmaputra,Brahmaputra,-,-,-,Brahmaputra,27.49833333,88.53583333,01-04-2026 08:00,0.5
480,480,DAC Mangan,Sikkim,11,Sikkim,226,MANGAN,MANGAN,-,-,Brahmaputra,Brahmaputra,-,-,-,Brahmaputra,27.49833333,88.53583333,01-04-2026 10:00,0.5
481,481,DAC Mangan,Sikkim,11,Sikkim,226,MANGAN,MANGAN,-,-,Brahmaputra,Brahmaputra,-,-,-,Brahmaputra,27.49833333,88.53583333,01-04-2026 12:00,0.5
482,482,DAC Mangan,Sikkim,11,Sikkim,226,MANGAN,MANGAN,-,-,Brahmaputra,Brahmaputra,-,-,-,Brahmaputra,27.49833333,88.53583333,01-04-2026 14:00,0.5
483,483,DAC Mangan,Sikkim,11,Sikkim,226,MANGAN,MANGAN,-,-,Brahmaputra,Brahmaputra,-,-,-,Brahmaputra,27.49833333,88.53583333,01-04-2026 16:00,0.5
484,484,DAC Mangan,Sikkim,11,Sikkim,226,MANGAN,MANGAN,-,-,Brahmaputra,Brahmaputra,-,-,-,Brahmaputra,27.49833333,88.53583333,01-04-2026 18:00,0.5
485,485,DAC Mangan,Sikkim,11,Sikkim,226,MANGAN,MANGAN,-,-,Brahmaputra,Brahmaputra,-,-,-,Brahmaputra,27.49833333,88.53583333,01-04-2026 19:00,0.5
486,486,DAC Mangan,Sikkim,11,Sikkim,226,MANGAN,MANGAN,-,-,Brahmaputra,Brahmaputra,-,-,-,Brahmaputra,27.49833333,88.53583333,01-04-2026 20:00,0.5
487,487,DAC Mangan,Sikkim,11,Sikkim,226,MANGAN,MANGAN,-,-,Brahmaputra,Brahmaputra,-,-,-,Brahmaputra,27.49833333,88.53583333,01-04-2026 21:00,0.5
488,488,DAC Mangan,Sikkim,11,Sikkim,226,MANGAN,MANGAN,-,-,Brahmaputra,Brahmaputra,-,-,-,Brahmaputra,27.49833333,88.53583333,01-04-2026 22:00,0.5
489,489,DAC Mangan,Sikkim,11,Sikkim,226,MANGAN,MANGAN,-,-,Brahmaputra,Brahmaputra,-,-,-,Brahmaputra,27.49833333,88.53583333,02-04-2026 00:00,0.5
490,490,DAC Mangan,Sikkim,11,Sikkim,226,MANGAN,MANGAN,-,-,Brahmaputra,Brahmaputra,-,-,-,Brahmaputra,27.49833333,88.53583333,02-04-2026 01:00,0.5
491,491,DAC Mangan,Sikkim,11,Sikkim,226,MANGAN,MANGAN,-,-,Brahmaputra,Brahmaputra,-,-,-,Brahmaputra,27.49833333,88.53583333,02-04-2026 02:00,0.5
492,492,DAC Mangan,Sikkim,11,Sikkim,226,MANGAN,MANGAN,-,-,Brahmaputra,Brahmaputra,-,-,-,Brahmaputra,27.49833333,88.53583333,02-04-2026 03:00,0.5
493,493,DAC Mangan,Sikkim,11,Sikkim,226,MANGAN,MANGAN,-,-,Brahmaputra,Brahmaputra,-,-,-,Brahmaputra,27.49833333,88.53583333,02-04-2026 05:00,0.5
494,494,DAC Mangan,Sikkim,11,Sikkim,226,MANGAN,MANGAN,-,-,Brahmaputra,Brahmaputra,-,-,-,Brahmaputra,27.49833333,88.53583333,02-04-2026 07:00,0.5
495,495,DAC Mangan,Sikkim,11,Sikkim,226,MANGAN,MANGAN,-,-,Brahmaputra,Brahmaputra,-,-,-,Brahmaputra,27.49833333,88.53583333,02-04-2026 09:00,0.5
496,496,DAC Mangan,Sikkim,11,Sikkim,226,MANGAN,MANGAN,-,-,Brahmaputra,Brahmaputra,-,-,-,Brahmaputra,27.49833333,88.53583333,02-04-2026 10:00,0.5
497,497,DAC Mangan,Sikkim,11,Sikkim,226,MANGAN,MANGAN,-,-,Brahmaputra,Brahmaputra,-,-,-,Brahmaputra,27.49833333,88.53583333,02-04-2026 12:00,0.5
498,498,DAC Mangan,Sikkim,11,Sikkim,226,MANGAN,MANGAN,-,-,Brahmaputra,Brahmaputra,-,-,-,Brahmaputra,27.49833333,88.53583333,02-04-2026 14:00,0.5
499,499,DAC Mangan,Sikkim,11,Sikkim,226,MANGAN,MANGAN,-,-,Brahmaputra,Brahmaputra,-,-,-,Brahmaputra,27.49833333,88.53583333,02-04-2026 16:00,0.5
500,500,DAC Mangan,Sikkim,11,Sikkim,226,MANGAN,MANGAN,-,-,Brahmaputra,Brahmaputra,-,-,-,Brahmaputra,27.49833333,88.53583333,02-04-2026 18:00,0.5
501,501,DAC Mangan,Sikkim,11,Sikkim,226,MANGAN,MANGAN,-,-,Brahmaputra,Brahmaputra,-,-,-,Brahmaputra,27.49833333,88.53583333,02-04-2026 19:00,0.5
502,502,DAC Mangan,Sikkim,11,Sikkim,226,MANGAN,MANGAN,-,-,Brahmaputra,Brahmaputra,-,-,-,Brahmaputra,27.49833333,88.53583333,02-04-2026 20:00,0.5
503,503,DAC Mangan,Sikkim,11,Sikkim,226,MANGAN,MANGAN,-,-,Brahmaputra,Brahmaputra,-,-,-,Brahmaputra,27.49833333,88.53583333,02-04-2026 21:00,0.5
504,504,DAC Mangan,Sikkim,11,Sikkim,226,MANGAN,MANGAN,-,-,Brahmaputra,Brahmaputra,-,-,-,Brahmaputra,27.49833333,88.53583333,02-04-2026 22:00,0.5
505,505,DAC Mangan,Sikkim,11,Sikkim,226,MANGAN,MANGAN,-,-,Brahmaputra,Brahmaputra,-,-,-,Brahmaputra,27.49833333,88.53583333,02-04-2026 23:00,0.5
506,506,DAC Mangan,Sikkim,11,Sikkim,226,MANGAN,MANGAN,-,-,Brahmaputra,Brahmaputra,-,-,-,Brahmaputra,27.49833333,88.53583333,03-04-2026 00:00,0.5
507,507,DAC Mangan,Sikkim,11,Sikkim,226,MANGAN,MANGAN,-,-,Brahmaputra,Brahmaputra,-,-,-,Brahmaputra,27.49833333,88.53583333,03-04-2026 01:00,0.5
508,508,DAC Mangan,Sikkim,11,Sikkim,226,MANGAN,MANGAN,-,-,Brahmaputra,Brahmaputra,-,-,-,Brahmaputra,27.49833333,88.53583333,03-04-2026 02:00,0.5
509,509,DAC Mangan,Sikkim,11,Sikkim,226,MANGAN,MANGAN,-,-,Brahmaputra,Brahmaputra,-,-,-,Brahmaputra,27.49833333,88.53583333,03-04-2026 03:00,0.5
510,510,DAC Mangan,Sikkim,11,Sikkim,226,MANGAN,MANGAN,-,-,Brahmaputra,Brahmaputra,-,-,-,Brahmaputra,27.49833333,88.53583333,03-04-2026 04:00,0.5
511,511,DAC Mangan,Sikkim,11,Sikkim,226,MANGAN,MANGAN,-,-,Brahmaputra,Brahmaputra,-,-,-,Brahmaputra,27.49833333,88.53583333,03-04-2026 05:00,0.5
512,512,DAC Mangan,Sikkim,11,Sikkim,226,MANGAN,MANGAN,-,-,Brahmaputra,Brahmaputra,-,-,-,Brahmaputra,27.49833333,88.53583333,03-04-2026 06:00,0.5
513,513,DAC Mangan,Sikkim,11,Sikkim,226,MANGAN,MANGAN,-,-,Brahmaputra,Brahmaputra,-,-,-,Brahmaputra,27.49833333,88.53583333,03-04-2026 07:00,0.5
514,514,DAC Mangan,Sikkim,11,Sikkim,226,MANGAN,MANGAN,-,-,Brahmaputra,Brahmaputra,-,-,-,Brahmaputra,27.49833333,88.53583333,03-04-2026 08:00,0.5
515,515,DAC Mangan,Sikkim,11,Sikkim,226,MANGAN,MANGAN,-,-,Brahmaputra,Brahmaputra,-,-,-,Brahmaputra,27.49833333,88.53583333,03-04-2026 09:00,0.5
516,516,DAC Mangan,Sikkim,11,Sikkim,226,MANGAN,MANGAN,-,-,Brahmaputra,Brahmaputra,-,-,-,Brahmaputra,27.49833333,88.53583333,03-04-2026 10:00,0.5
517,517,DAC Mangan,Sikkim,11,Sikkim,226,MANGAN,MANGAN,-,-,Brahmaputra,Brahmaputra,-,-,-,Brahmaputra,27.49833333,88.53583333,03-04-2026 12:00,0.5
518,518,DAC Mangan,Sikkim,11,Sikkim,226,MANGAN,MANGAN,-,-,Brahmaputra,Brahmaputra,-,-,-,Brahmaputra,27.49833333,88.53583333,03-04-2026 13:00,0.5
519,519,DAC Mangan,Sikkim,11,Sikkim,226,MANGAN,MANGAN,-,-,Brahmaputra,Brahmaputra,-,-,-,Brahmaputra,27.49833333,88.53583333,03-04-2026 15:00,0.5
520,520,DAC Mangan,Sikkim,11,Sikkim,226,MANGAN,MANGAN,-,-,Brahmaputra,Brahmaputra,-,-,-,Brahmaputra,27.49833333,88.53583333,03-04-2026 17:00,0.5
521,521,DAC Mangan,Sikkim,11,Sikkim,226,MANGAN,MANGAN,-,-,Brahmaputra,Brahmaputra,-,-,-,Brahmaputra,27.49833333,88.53583333,03-04-2026 18:00,0.5
522,522,DAC Mangan,Sikkim,11,Sikkim,226,MANGAN,MANGAN,-,-,Brahmaputra,Brahmaputra,-,-,-,Brahmaputra,27.49833333,88.53583333,03-04-2026 19:00,0.5
523,523,DAC Mangan,Sikkim,11,Sikkim,226,MANGAN,MANGAN,-,-,Brahmaputra,Brahmaputra,-,-,-,Brahmaputra,27.49833333,88.53583333,03-04-2026 20:00,0.5
524,524,DAC Mangan,Sikkim,11,Sikkim,226,MANGAN,MANGAN,-,-,Brahmaputra,Brahmaputra,-,-,-,Brahmaputra,27.49833333,88.53583333,03-04-2026 21:00,0.5
525,525,DAC Mangan,Sikkim,11,Sikkim,226,MANGAN,MANGAN,-,-,Brahmaputra,Brahmaputra,-,-,-,Brahmaputra,27.49833333,88.53583333,03-04-2026 22:00,0.5
526,526,DAC Mangan,Sikkim,11,Sikkim,226,MANGAN,MANGAN,-,-,Brahmaputra,Brahmaputra,-,-,-,Brahmaputra,27.49833333,88.53583333,03-04-2026 23:00,0.5
527,527,DAC Mangan,Sikkim,11,Sikkim,226,MANGAN,MANGAN,-,-,Brahmaputra,Brahmaputra,-,-,-,Brahmaputra,27.49833333,88.53583333,04-04-2026 00:00,0.5
528,528,DAC Mangan,Sikkim,11,Sikkim,226,MANGAN,MANGAN,-,-,Brahmaputra,Brahmaputra,-,-,-,Brahmaputra,27.49833333,88.53583333,04-04-2026 01:00,0.5
529,529,DAC Mangan,Sikkim,11,Sikkim,226,MANGAN,MANGAN,-,-,Brahmaputra,Brahmaputra,-,-,-,Brahmaputra,27.49833333,88.53583333,04-04-2026 02:00,0.5
530,530,DAC Mangan,Sikkim,11,Sikkim,226,MANGAN,MANGAN,-,-,Brahmaputra,Brahmaputra,-,-,-,Brahmaputra,27.49833333,88.53583333,04-04-2026 03:00,0.5
531,531,DAC Mangan,Sikkim,11,Sikkim,226,MANGAN,MANGAN,-,-,Brahmaputra,Brahmaputra,-,-,-,Brahmaputra,27.49833333,88.53583333,04-04-2026 04:00,0.5
532,532,DAC Mangan,Sikkim,11,Sikkim,226,MANGAN,MANGAN,-,-,Brahmaputra,Brahmaputra,-,-,-,Brahmaputra,27.49833333,88.53583333,04-04-2026 05:00,0.5
533,533,DAC Mangan,Sikkim,11,Sikkim,226,MANGAN,MANGAN,-,-,Brahmaputra,Brahmaputra,-,-,-,Brahmaputra,27.49833333,88.53583333,04-04-2026 06:00,0.5
534,534,DAC Mangan,Sikkim,11,Sikkim,226,MANGAN,MANGAN,-,-,Brahmaputra,Brahmaputra,-,-,-,Brahmaputra,27.49833333,88.53583333,04-04-2026 08:00,0.5
535,535,DAC Mangan,Sikkim,11,Sikkim,226,MANGAN,MANGAN,-,-,Brahmaputra,Brahmaputra,-,-,-,Brahmaputra,27.49833333,88.53583333,04-04-2026 10:00,0.5
536,536,DAC Mangan,Sikkim,11,Sikkim,226,MANGAN,MANGAN,-,-,Brahmaputra,Brahmaputra,-,-,-,Brahmaputra,27.49833333,88.53583333,04-04-2026 14:00,0.5
537,537,DAC Mangan,Sikkim,11,Sikkim,226,MANGAN,MANGAN,-,-,Brahmaputra,Brahmaputra,-,-,-,Brahmaputra,27.49833333,88.53583333,04-04-2026 18:00,0.5
538,538,DAC Mangan,Sikkim,11,Sikkim,226,MANGAN,MANGAN,-,-,Brahmaputra,Brahmaputra,-,-,-,Brahmaputra,27.49833333,88.53583333,04-04-2026 20:00,0.5
539,539,DAC Mangan,Sikkim,11,Sikkim,226,MANGAN,MANGAN,-,-,Brahmaputra,Brahmaputra,-,-,-,Brahmaputra,27.49833333,88.53583333,04-04-2026 23:00,0.5
540,540,DAC Mangan,Sikkim,11,Sikkim,226,MANGAN,MANGAN,-,-,Brahmaputra,Brahmaputra,-,-,-,Brahmaputra,27.49833333,88.53583333,05-04-2026 00:00,0.5
541,541,DAC Mangan,Sikkim,11,Sikkim,226,MANGAN,MANGAN,-,-,Brahmaputra,Brahmaputra,-,-,-,Brahmaputra,27.49833333,88.53583333,05-04-2026 02:00,0.5
542,542,DAC Mangan,Sikkim,11,Sikkim,226,MANGAN,MANGAN,-,-,Brahmaputra,Brahmaputra,-,-,-,Brahmaputra,27.49833333,88.53583333,05-04-2026 04:00,0.5
543,543,DAC Mangan,Sikkim,11,Sikkim,226,MANGAN,MANGAN,-,-,Brahmaputra,Brahmaputra,-,-,-,Brahmaputra,27.49833333,88.53583333,05-04-2026 06:00,0.5
544,544,DAC Mangan,Sikkim,11,Sikkim,226,MANGAN,MANGAN,-,-,Brahmaputra,Brahmaputra,-,-,-,Brahmaputra,27.49833333,88.53583333,05-04-2026 08:00,0.5
545,545,DAC Mangan,Sikkim,11,Sikkim,226,MANGAN,MANGAN,-,-,Brahmaputra,Brahmaputra,-,-,-,Brahmaputra,27.49833333,88.53583333,05-04-2026 11:00,0.5
546,546,DAC Mangan,Sikkim,11,Sikkim,226,MANGAN,MANGAN,-,-,Brahmaputra,Brahmaputra,-,-,-,Brahmaputra,27.49833333,88.53583333,05-04-2026 14:00,0.5
547,547,DAC Mangan,Sikkim,11,Sikkim,226,MANGAN,MANGAN,-,-,Brahmaputra,Brahmaputra,-,-,-,Brahmaputra,27.49833333,88.53583333,05-04-2026 20:00,0.5
548,548,DAC Mangan,Sikkim,11,Sikkim,226,MANGAN,MANGAN,-,-,Brahmaputra,Brahmaputra,-,-,-,Brahmaputra,27.49833333,88.53583333,06-04-2026 03:00,0.5
549,549,DAC Mangan,Sikkim,11,Sikkim,226,MANGAN,MANGAN,-,-,Brahmaputra,Brahmaputra,-,-,-,Brahmaputra,27.49833333,88.53583333,06-04-2026 14:00,0.5
550,550,DAC Mangan,Sikkim,11,Sikkim,226,MANGAN,MANGAN,-,-,Brahmaputra,Brahmaputra,-,-,-,Brahmaputra,27.49833333,88.53583333,07-04-2026 00:00,0.5
551,551,DAC Mangan,Sikkim,11,Sikkim,226,MANGAN,MANGAN,-,-,Brahmaputra,Brahmaputra,-,-,-,Brahmaputra,27.49833333,88.53583333,07-04-2026 08:00,0.5
552,552,DAC Mangan,Sikkim,11,Sikkim,226,MANGAN,MANGAN,-,-,Brahmaputra,Brahmaputra,-,-,-,Brahmaputra,27.49833333,88.53583333,07-04-2026 15:00,0.5
553,553,DAC Mangan,Sikkim,11,Sikkim,226,MANGAN,MANGAN,-,-,Brahmaputra,Brahmaputra,-,-,-,Brahmaputra,27.49833333,88.53583333,07-04-2026 21:00,0.5
554,554,DAC Mangan,Sikkim,11,Sikkim,226,MANGAN,MANGAN,-,-,Brahmaputra,Brahmaputra,-,-,-,Brahmaputra,27.49833333,88.53583333,08-04-2026 02:00,0.5
555,555,DAC Mangan,Sikkim,11,Sikkim,226,MANGAN,MANGAN,-,-,Brahmaputra,Brahmaputra,-,-,-,Brahmaputra,27.49833333,88.53583333,08-04-2026 04:00,0.5
556,556,DAC Mangan,Sikkim,11,Sikkim,226,MANGAN,MANGAN,-,-,Brahmaputra,Brahmaputra,-,-,-,Brahmaputra,27.49833333,88.53583333,08-04-2026 06:00,0.5
557,557,DAC Mangan,Sikkim,11,Sikkim,226,MANGAN,MANGAN,-,-,Brahmaputra,Brahmaputra,-,-,-,Brahmaputra,27.49833333,88.53583333,08-04-2026 08:00,0.5
558,558,DAC Mangan,Sikkim,11,Sikkim,226,MANGAN,MANGAN,-,-,Brahmaputra,Brahmaputra,-,-,-,Brahmaputra,27.49833333,88.53583333,08-04-2026 11:00,0.5
559,559,DAC Mangan,Sikkim,11,Sikkim,226,MANGAN,MANGAN,-,-,Brahmaputra,Brahmaputra,-,-,-,Brahmaputra,27.49833333,88.53583333,08-04-2026 14:00,0.5
560,560,DAC Mangan,Sikkim,11,Sikkim,226,MANGAN,MANGAN,-,-,Brahmaputra,Brahmaputra,-,-,-,Brahmaputra,27.49833333,88.53583333,08-04-2026 17:00,0.5
561,561,DAC Mangan,Sikkim,11,Sikkim,226,MANGAN,MANGAN,-,-,Brahmaputra,Brahmaputra,-,-,-,Brahmaputra,27.49833333,88.53583333,08-04-2026 21:00,0.5
562,562,DAC Mangan,Sikkim,11,Sikkim,226,MANGAN,MANGAN,-,-,Brahmaputra,Brahmaputra,-,-,-,Brahmaputra,27.49833333,88.53583333,09-04-2026 00:00,0.5
563,563,DAC Mangan,Sikkim,11,Sikkim,226,MANGAN,MANGAN,-,-,Brahmaputra,Brahmaputra,-,-,-,Brahmaputra,27.49833333,88.53583333,09-04-2026 03:00,0.5
564,564,DAC Mangan,Sikkim,11,Sikkim,226,MANGAN,MANGAN,-,-,Brahmaputra,Brahmaputra,-,-,-,Brahmaputra,27.49833333,88.53583333,09-04-2026 07:00,0.5
565,565,DAC Mangan,Sikkim,11,Sikkim,226,MANGAN,MANGAN,-,-,Brahmaputra,Brahmaputra,-,-,-,Brahmaputra,27.49833333,88.53583333,09-04-2026 13:00,0.5
566,566,DAC Mangan,Sikkim,11,Sikkim,226,MANGAN,MANGAN,-,-,Brahmaputra,Brahmaputra,-,-,-,Brahmaputra,27.49833333,88.53583333,09-04-2026 18:00,0.5
567,567,DAC Mangan,Sikkim,11,Sikkim,226,MANGAN,MANGAN,-,-,Brahmaputra,Brahmaputra,-,-,-,Brahmaputra,27.49833333,88.53583333,09-04-2026 21:00,0.5
568,568,DAC Mangan,Sikkim,11,Sikkim,226,MANGAN,MANGAN,-,-,Brahmaputra,Brahmaputra,-,-,-,Brahmaputra,27.49833333,88.53583333,10-04-2026 00:00,0.5
569,569,DAC Mangan,Sikkim,11,Sikkim,226,MANGAN,MANGAN,-,-,Brahmaputra,Brahmaputra,-,-,-,Brahmaputra,27.49833333,88.53583333,10-04-2026 03:00,0.5
570,570,DAC Mangan,Sikkim,11,Sikkim,226,MANGAN,MANGAN,-,-,Brahmaputra,Brahmaputra,-,-,-,Brahmaputra,27.49833333,88.53583333,10-04-2026 05:00,0.5
571,571,DAC Mangan,Sikkim,11,Sikkim,226,MANGAN,MANGAN,-,-,Brahmaputra,Brahmaputra,-,-,-,Brahmaputra,27.49833333,88.53583333,10-04-2026 09:00,0.5
572,572,DAC Mangan,Sikkim,11,Sikkim,226,MANGAN,MANGAN,-,-,Brahmaputra,Brahmaputra,-,-,-,Brahmaputra,27.49833333,88.53583333,10-04-2026 12:00,0.5
573,573,DAC Mangan,Sikkim,11,Sikkim,226,MANGAN,MANGAN,-,-,Brahmaputra,Brahmaputra,-,-,-,Brahmaputra,27.49833333,88.53583333,10-04-2026 16:00,0.5
574,574,DAC Mangan,Sikkim,11,Sikkim,226,MANGAN,MANGAN,-,-,Brahmaputra,Brahmaputra,-,-,-,Brahmaputra,27.49833333,88.53583333,10-04-2026 18:00,0.5
575,575,DAC Mangan,Sikkim,11,Sikkim,226,MANGAN,MANGAN,-,-,Brahmaputra,Brahmaputra,-,-,-,Brahmaputra,27.49833333,88.53583333,10-04-2026 20:00,0.5
576,576,DAC Mangan,Sikkim,11,Sikkim,226,MANGAN,MANGAN,-,-,Brahmaputra,Brahmaputra,-,-,-,Brahmaputra,27.49833333,88.53583333,10-04-2026 21:00,0.5
577,577,DAC Mangan,Sikkim,11,Sikkim,226,MANGAN,MANGAN,-,-,Brahmaputra,Brahmaputra,-,-,-,Brahmaputra,27.49833333,88.53583333,10-04-2026 23:00,0.5
578,578,DAC Mangan,Sikkim,11,Sikkim,226,MANGAN,MANGAN,-,-,Brahmaputra,Brahmaputra,-,-,-,Brahmaputra,27.49833333,88.53583333,11-04-2026 01:00,0.5
579,579,DAC Mangan,Sikkim,11,Sikkim,226,MANGAN,MANGAN,-,-,Brahmaputra,Brahmaputra,-,-,-,Brahmaputra,27.49833333,88.53583333,11-04-2026 04:00,0.5
580,580,DAC Mangan,Sikkim,11,Sikkim,226,MANGAN,MANGAN,-,-,Brahmaputra,Brahmaputra,-,-,-,Brahmaputra,27.49833333,88.53583333,11-04-2026 06:00,0.5
581,581,DAC Mangan,Sikkim,11,Sikkim,226,MANGAN,MANGAN,-,-,Brahmaputra,Brahmaputra,-,-,-,Brahmaputra,27.49833333,88.53583333,11-04-2026 09:00,0.5
582,582,DAC Mangan,Sikkim,11,Sikkim,226,MANGAN,MANGAN,-,-,Brahmaputra,Brahmaputra,-,-,-,Brahmaputra,27.49833333,88.53583333,11-04-2026 11:00,0.5
583,583,DAC Mangan,Sikkim,11,Sikkim,226,MANGAN,MANGAN,-,-,Brahmaputra,Brahmaputra,-,-,-,Brahmaputra,27.49833333,88.53583333,11-04-2026 14:00,0.5
584,584,DAC Mangan,Sikkim,11,Sikkim,226,MANGAN,MANGAN,-,-,Brahmaputra,Brahmaputra,-,-,-,Brahmaputra,27.49833333,88.53583333,11-04-2026 17:00,0.5
585,585,DAC Mangan,Sikkim,11,Sikkim,226,MANGAN,MANGAN,-,-,Brahmaputra,Brahmaputra,-,-,-,Brahmaputra,27.49833333,88.53583333,11-04-2026 22:00,0.5
586,586,DAC Mangan,Sikkim,11,Sikkim,226,MANGAN,MANGAN,-,-,Brahmaputra,Brahmaputra,-,-,-,Brahmaputra,27.49833333,88.53583333,12-04-2026 01:00,0.5
587,587,DAC Mangan,Sikkim,11,Sikkim,226,MANGAN,MANGAN,-,-,Brahmaputra,Brahmaputra,-,-,-,Brahmaputra,27.49833333,88.53583333,12-04-2026 03:00,0.5
588,588,DAC Mangan,Sikkim,11,Sikkim,226,MANGAN,MANGAN,-,-,Brahmaputra,Brahmaputra,-,-,-,Brahmaputra,27.49833333,88.53583333,12-04-2026 06:00,0.5
589,589,DAC Mangan,Sikkim,11,Sikkim,226,MANGAN,MANGAN,-,-,Brahmaputra,Brahmaputra,-,-,-,Brahmaputra,27.49833333,88.53583333,12-04-2026 09:00,0.5
590,590,DAC Mangan,Sikkim,11,Sikkim,226,MANGAN,MANGAN,-,-,Brahmaputra,Brahmaputra,-,-,-,Brahmaputra,27.49833333,88.53583333,12-04-2026 12:00,0.5
591,591,DAC Mangan,Sikkim,11,Sikkim,226,MANGAN,MANGAN,-,-,Brahmaputra,Brahmaputra,-,-,-,Brahmaputra,27.49833333,88.53583333,12-04-2026 17:00,0.5
592,592,DAC Mangan,Sikkim,11,Sikkim,226,MANGAN,MANGAN,-,-,Brahmaputra,Brahmaputra,-,-,-,Brahmaputra,27.49833333,88.53583333,12-04-2026 22:00,0.5
593,593,DAC Mangan,Sikkim,11,Sikkim,226,MANGAN,MANGAN,-,-,Brahmaputra,Brahmaputra,-,-,-,Brahmaputra,27.49833333,88.53583333,13-04-2026 01:00,0.5
594,594,DAC Mangan,Sikkim,11,Sikkim,226,MANGAN,MANGAN,-,-,Brahmaputra,Brahmaputra,-,-,-,Brahmaputra,27.49833333,88.53583333,13-04-2026 05:00,0.5
595,595,DAC Mangan,Sikkim,11,Sikkim,226,MANGAN,MANGAN,-,-,Brahmaputra,Brahmaputra,-,-,-,Brahmaputra,27.49833333,88.53583333,13-04-2026 09:00,0.5
596,596,DAC Mangan,Sikkim,11,Sikkim,226,MANGAN,MANGAN,-,-,Brahmaputra,Brahmaputra,-,-,-,Brahmaputra,27.49833333,88.53583333,13-04-2026 14:00,0.5
597,597,DAC Mangan,Sikkim,11,Sikkim,226,MANGAN,MANGAN,-,-,Brahmaputra,Brahmaputra,-,-,-,Brahmaputra,27.49833333,88.53583333,13-04-2026 20:00,0.5
598,598,DAC Mangan,Sikkim,11,Sikkim,226,MANGAN,MANGAN,-,-,Brahmaputra,Brahmaputra,-,-,-,Brahmaputra,27.49833333,88.53583333,14-04-2026 00:00,0.5
599,599,DAC Mangan,Sikkim,11,Sikkim,226,MANGAN,MANGAN,-,-,Brahmaputra,Brahmaputra,-,-,-,Brahmaputra,27.49833333,88.53583333,14-04-2026 07:00,0.5
600,600,DAC Mangan,Sikkim,11,Sikkim,226,MANGAN,MANGAN,-,-,Brahmaputra,Brahmaputra,-,-,-,Brahmaputra,27.49833333,88.53583333,14-04-2026 12:00,0.5
601,601,DAC Mangan,Sikkim,11,Sikkim,226,MANGAN,MANGAN,-,-,Brahmaputra,Brahmaputra,-,-,-,Brahmaputra,27.49833333,88.53583333,14-04-2026 18:00,0.5
602,602,DAC Mangan,Sikkim,11,Sikkim,226,MANGAN,MANGAN,-,-,Brahmaputra,Brahmaputra,-,-,-,Brahmaputra,27.49833333,88.53583333,14-04-2026 21:00,0.5
603,603,DAC Mangan,Sikkim,11,Sikkim,226,MANGAN,MANGAN,-,-,Brahmaputra,Brahmaputra,-,-,-,Brahmaputra,27.49833333,88.53583333,14-04-2026 22:00,0.5
604,604,DAC Mangan,Sikkim,11,Sikkim,226,MANGAN,MANGAN,-,-,Brahmaputra,Brahmaputra,-,-,-,Brahmaputra,27.49833333,88.53583333,14-04-2026 23:00,0.5
605,605,DAC Mangan,Sikkim,11,Sikkim,226,MANGAN,MANGAN,-,-,Brahmaputra,Brahmaputra,-,-,-,Brahmaputra,27.49833333,88.53583333,15-04-2026 00:00,1
606,606,DAC Mangan,Sikkim,11,Sikkim,226,MANGAN,MANGAN,-,-,Brahmaputra,Brahmaputra,-,-,-,Brahmaputra,27.49833333,88.53583333,15-04-2026 01:00,0.5
607,607,DAC Mangan,Sikkim,11,Sikkim,226,MANGAN,MANGAN,-,-,Brahmaputra,Brahmaputra,-,-,-,Brahmaputra,27.49833333,88.53583333,15-04-2026 02:00,0.5
608,608,DAC Mangan,Sikkim,11,Sikkim,226,MANGAN,MANGAN,-,-,Brahmaputra,Brahmaputra,-,-,-,Brahmaputra,27.49833333,88.53583333,15-04-2026 04:00,273
609,609,DAC Mangan,Sikkim,11,Sikkim,226,MANGAN,MANGAN,-,-,Brahmaputra,Brahmaputra,-,-,-,Brahmaputra,27.49833333,88.53583333,15-04-2026 04:00,0.5
610,610,DAC Mangan,Sikkim,11,Sikkim,226,MANGAN,MANGAN,-,-,Brahmaputra,Brahmaputra,-,-,-,Brahmaputra,27.49833333,88.53583333,15-04-2026 05:00,0.5
611,611,DAC Mangan,Sikkim,11,Sikkim,226,MANGAN,MANGAN,-,-,Brahmaputra,Brahmaputra,-,-,-,Brahmaputra,27.49833333,88.53583333,15-04-2026 06:00,0.5
612,612,DAC Mangan,Sikkim,11,Sikkim,226,MANGAN,MANGAN,-,-,Brahmaputra,Brahmaputra,-,-,-,Brahmaputra,27.49833333,88.53583333,15-04-2026 06:00,0.5
613,613,DAC Mangan,Sikkim,11,Sikkim,226,MANGAN,MANGAN,-,-,Brahmaputra,Brahmaputra,-,-,-,Brahmaputra,27.49833333,88.53583333,15-04-2026 07:00,0.5
614,614,DAC Mangan,Sikkim,11,Sikkim,226,MANGAN,MANGAN,-,-,Brahmaputra,Brahmaputra,-,-,-,Brahmaputra,27.49833333,88.53583333,15-04-2026 07:00,0.5
615,615,DAC Mangan,Sikkim,11,Sikkim,226,MANGAN,MANGAN,-,-,Brahmaputra,Brahmaputra,-,-,-,Brahmaputra,27.49833333,88.53583333,15-04-2026 08:00,0.5
616,616,DAC Mangan,Sikkim,11,Sikkim,226,MANGAN,MANGAN,-,-,Brahmaputra,Brahmaputra,-,-,-,Brahmaputra,27.49833333,88.53583333,15-04-2026 08:00,0.5
617,617,DAC Mangan,Sikkim,11,Sikkim,226,MANGAN,MANGAN,-,-,Brahmaputra,Brahmaputra,-,-,-,Brahmaputra,27.49833333,88.53583333,15-04-2026 10:00,0.5
618,618,DAC Mangan,Sikkim,11,Sikkim,226,MANGAN,MANGAN,-,-,Brahmaputra,Brahmaputra,-,-,-,Brahmaputra,27.49833333,88.53583333,15-04-2026 10:00,0.5
619,619,DAC Mangan,Sikkim,11,Sikkim,226,MANGAN,MANGAN,-,-,Brahmaputra,Brahmaputra,-,-,-,Brahmaputra,27.49833333,88.53583333,15-04-2026 11:00,0.5
620,620,DAC Mangan,Sikkim,11,Sikkim,226,MANGAN,MANGAN,-,-,Brahmaputra,Brahmaputra,-,-,-,Brahmaputra,27.49833333,88.53583333,15-04-2026 11:00,0.5
621,621,DAC Mangan,Sikkim,11,Sikkim,226,MANGAN,MANGAN,-,-,Brahmaputra,Brahmaputra,-,-,-,Brahmaputra,27.49833333,88.53583333,15-04-2026 12:00,284.5
622,622,DAC Mangan,Sikkim,11,Sikkim,226,MANGAN,MANGAN,-,-,Brahmaputra,Brahmaputra,-,-,-,Brahmaputra,27.49833333,88.53583333,15-04-2026 13:00,0.5
623,623,DAC Mangan,Sikkim,11,Sikkim,226,MANGAN,MANGAN,-,-,Brahmaputra,Brahmaputra,-,-,-,Brahmaputra,27.49833333,88.53583333,15-04-2026 13:00,0.5
624,624,DAC Mangan,Sikkim,11,Sikkim,226,MANGAN,MANGAN,-,-,Brahmaputra,Brahmaputra,-,-,-,Brahmaputra,27.49833333,88.53583333,15-04-2026 15:00,0.5
625,625,DAC Mangan,Sikkim,11,Sikkim,226,MANGAN,MANGAN,-,-,Brahmaputra,Brahmaputra,-,-,-,Brahmaputra,27.49833333,88.53583333,15-04-2026 15:00,0.5
626,626,DAC Mangan,Sikkim,11,Sikkim,226,MANGAN,MANGAN,-,-,Brahmaputra,Brahmaputra,-,-,-,Brahmaputra,27.49833333,88.53583333,15-04-2026 16:00,0.5
627,627,DAC Mangan,Sikkim,11,Sikkim,226,MANGAN,MANGAN,-,-,Brahmaputra,Brahmaputra,-,-,-,Brahmaputra,27.49833333,88.53583333,15-04-2026 16:00,0.5
628,628,DAC Mangan,Sikkim,11,Sikkim,226,MANGAN,MANGAN,-,-,Brahmaputra,Brahmaputra,-,-,-,Brahmaputra,27.49833333,88.53583333,15-04-2026 17:00,0.5
629,629,DAC Mangan,Sikkim,11,Sikkim,226,MANGAN,MANGAN,-,-,Brahmaputra,Brahmaputra,-,-,-,Brahmaputra,27.49833333,88.53583333,15-04-2026 17:00,0.5
630,630,DAC Mangan,Sikkim,11,Sikkim,226,MANGAN,MANGAN,-,-,Brahmaputra,Brahmaputra,-,-,-,Brahmaputra,27.49833333,88.53583333,15-04-2026 18:00,1
631,631,DAC Mangan,Sikkim,11,Sikkim,226,MANGAN,MANGAN,-,-,Brahmaputra,Brahmaputra,-,-,-,Brahmaputra,27.49833333,88.53583333,15-04-2026 18:00,1
632,632,DAC Mangan,Sikkim,11,Sikkim,226,MANGAN,MANGAN,-,-,Brahmaputra,Brahmaputra,-,-,-,Brahmaputra,27.49833333,88.53583333,15-04-2026 19:00,0.5
633,633,DAC Mangan,Sikkim,11,Sikkim,226,MANGAN,MANGAN,-,-,Brahmaputra,Brahmaputra,-,-,-,Brahmaputra,27.49833333,88.53583333,15-04-2026 19:00,0.5
634,634,DAC Mangan,Sikkim,11,Sikkim,226,MANGAN,MANGAN,-,-,Brahmaputra,Brahmaputra,-,-,-,Brahmaputra,27.49833333,88.53583333,15-04-2026 20:00,0.5
635,635,DAC Mangan,Sikkim,11,Sikkim,226,MANGAN,MANGAN,-,-,Brahmaputra,Brahmaputra,-,-,-,Brahmaputra,27.49833333,88.53583333,15-04-2026 20:00,0.5
636,636,DAC Mangan,Sikkim,11,Sikkim,226,MANGAN,MANGAN,-,-,Brahmaputra,Brahmaputra,-,-,-,Brahmaputra,27.49833333,88.53583333,15-04-2026 21:00,0.5
637,637,DAC Mangan,Sikkim,11,Sikkim,226,MANGAN,MANGAN,-,-,Brahmaputra,Brahmaputra,-,-,-,Brahmaputra,27.49833333,88.53583333,15-04-2026 21:00,272.5
638,638,DAC Mangan,Sikkim,11,Sikkim,226,MANGAN,MANGAN,-,-,Brahmaputra,Brahmaputra,-,-,-,Brahmaputra,27.49833333,88.53583333,15-04-2026 22:00,0.5
639,639,DAC Mangan,Sikkim,11,Sikkim,226,MANGAN,MANGAN,-,-,Brahmaputra,Brahmaputra,-,-,-,Brahmaputra,27.49833333,88.53583333,15-04-2026 22:00,0.5
640,640,DAC Mangan,Sikkim,11,Sikkim,226,MANGAN,MANGAN,-,-,Brahmaputra,Brahmaputra,-,-,-,Brahmaputra,27.49833333,88.53583333,15-04-2026 23:00,0.5
641,641,DAC Mangan,Sikkim,11,Sikkim,226,MANGAN,MANGAN,-,-,Brahmaputra,Brahmaputra,-,-,-,Brahmaputra,27.49833333,88.53583333,15-04-2026 23:00,0.5
642,642,DAC Mangan,Sikkim,11,Sikkim,226,MANGAN,MANGAN,-,-,Brahmaputra,Brahmaputra,-,-,-,Brahmaputra,27.49833333,88.53583333,16-04-2026 00:00,0.5
643,643,DAC Mangan,Sikkim,11,Sikkim,226,MANGAN,MANGAN,-,-,Brahmaputra,Brahmaputra,-,-,-,Brahmaputra,27.49833333,88.53583333,16-04-2026 00:00,0.5
644,644,DAC Mangan,Sikkim,11,Sikkim,226,MANGAN,MANGAN,-,-,Brahmaputra,Brahmaputra,-,-,-,Brahmaputra,27.49833333,88.53583333,16-04-2026 01:00,0.5
645,645,DAC Mangan,Sikkim,11,Sikkim,226,MANGAN,MANGAN,-,-,Brahmaputra,Brahmaputra,-,-,-,Brahmaputra,27.49833333,88.53583333,16-04-2026 01:00,0.5
646,646,DAC Mangan,Sikkim,11,Sikkim,226,MANGAN,MANGAN,-,-,Brahmaputra,Brahmaputra,-,-,-,Brahmaputra,27.49833333,88.53583333,16-04-2026 02:00,0.5
647,647,DAC Mangan,Sikkim,11,Sikkim,226,MANGAN,MANGAN,-,-,Brahmaputra,Brahmaputra,-,-,-,Brahmaputra,27.49833333,88.53583333,16-04-2026 02:00,0.5
648,648,DAC Mangan,Sikkim,11,Sikkim,226,MANGAN,MANGAN,-,-,Brahmaputra,Brahmaputra,-,-,-,Brahmaputra,27.49833333,88.53583333,16-04-2026 03:00,1
649,649,DAC Mangan,Sikkim,11,Sikkim,226,MANGAN,MANGAN,-,-,Brahmaputra,Brahmaputra,-,-,-,Brahmaputra,27.49833333,88.53583333,16-04-2026 03:00,1
650,650,DAC Mangan,Sikkim,11,Sikkim,226,MANGAN,MANGAN,-,-,Brahmaputra,Brahmaputra,-,-,-,Brahmaputra,27.49833333,88.53583333,16-04-2026 04:00,1
651,651,DAC Mangan,Sikkim,11,Sikkim,226,MANGAN,MANGAN,-,-,Brahmaputra,Brahmaputra,-,-,-,Brahmaputra,27.49833333,88.53583333,16-04-2026 04:00,1
652,652,DAC Mangan,Sikkim,11,Sikkim,226,MANGAN,MANGAN,-,-,Brahmaputra,Brahmaputra,-,-,-,Brahmaputra,27.49833333,88.53583333,16-04-2026 05:00,1
653,653,DAC Mangan,Sikkim,11,Sikkim,226,MANGAN,MANGAN,-,-,Brahmaputra,Brahmaputra,-,-,-,Brahmaputra,27.49833333,88.53583333,16-04-2026 05:00,1
654,654,DAC Mangan,Sikkim,11,Sikkim,226,MANGAN,MANGAN,-,-,Brahmaputra,Brahmaputra,-,-,-,Brahmaputra,27.49833333,88.53583333,16-04-2026 06:00,1
655,655,DAC Mangan,Sikkim,11,Sikkim,226,MANGAN,MANGAN,-,-,Brahmaputra,Brahmaputra,-,-,-,Brahmaputra,27.49833333,88.53583333,16-04-2026 06:00,1
656,656,DAC Mangan,Sikkim,11,Sikkim,226,MANGAN,MANGAN,-,-,Brahmaputra,Brahmaputra,-,-,-,Brahmaputra,27.49833333,88.53583333,16-04-2026 07:00,0.5
657,657,DAC Mangan,Sikkim,11,Sikkim,226,MANGAN,MANGAN,-,-,Brahmaputra,Brahmaputra,-,-,-,Brahmaputra,27.49833333,88.53583333,16-04-2026 07:00,0.5
658,658,DAC Mangan,Sikkim,11,Sikkim,226,MANGAN,MANGAN,-,-,Brahmaputra,Brahmaputra,-,-,-,Brahmaputra,27.49833333,88.53583333,16-04-2026 08:00,1
659,659,DAC Mangan,Sikkim,11,Sikkim,226,MANGAN,MANGAN,-,-,Brahmaputra,Brahmaputra,-,-,-,Brahmaputra,27.49833333,88.53583333,16-04-2026 08:00,1
660,660,DAC Mangan,Sikkim,11,Sikkim,226,MANGAN,MANGAN,-,-,Brahmaputra,Brahmaputra,-,-,-,Brahmaputra,27.49833333,88.53583333,16-04-2026 09:00,1
661,661,DAC Mangan,Sikkim,11,Sikkim,226,MANGAN,MANGAN,-,-,Brahmaputra,Brahmaputra,-,-,-,Brahmaputra,27.49833333,88.53583333,16-04-2026 09:00,1
662,662,DAC Mangan,Sikkim,11,Sikkim,226,MANGAN,MANGAN,-,-,Brahmaputra,Brahmaputra,-,-,-,Brahmaputra,27.49833333,88.53583333,16-04-2026 10:00,0.5
663,663,DAC Mangan,Sikkim,11,Sikkim,226,MANGAN,MANGAN,-,-,Brahmaputra,Brahmaputra,-,-,-,Brahmaputra,27.49833333,88.53583333,16-04-2026 10:00,0.5
664,664,DAC Mangan,Sikkim,11,Sikkim,226,MANGAN,MANGAN,-,-,Brahmaputra,Brahmaputra,-,-,-,Brahmaputra,27.49833333,88.53583333,16-04-2026 11:00,0.5
665,665,DAC Mangan,Sikkim,11,Sikkim,226,MANGAN,MANGAN,-,-,Brahmaputra,Brahmaputra,-,-,-,Brahmaputra,27.49833333,88.53583333,16-04-2026 11:00,0.5
666,666,DAC Mangan,Sikkim,11,Sikkim,226,MANGAN,MANGAN,-,-,Brahmaputra,Brahmaputra,-,-,-,Brahmaputra,27.49833333,88.53583333,16-04-2026 12:00,0.5
667,667,DAC Mangan,Sikkim,11,Sikkim,226,MANGAN,MANGAN,-,-,Brahmaputra,Brahmaputra,-,-,-,Brahmaputra,27.49833333,88.53583333,16-04-2026 12:00,0.5
668,668,DAC Mangan,Sikkim,11,Sikkim,226,MANGAN,MANGAN,-,-,Brahmaputra,Brahmaputra,-,-,-,Brahmaputra,27.49833333,88.53583333,16-04-2026 14:00,0.5
669,669,DAC Mangan,Sikkim,11,Sikkim,226,MANGAN,MANGAN,-,-,Brahmaputra,Brahmaputra,-,-,-,Brahmaputra,27.49833333,88.53583333,16-04-2026 14:00,0.5
670,670,DAC Mangan,Sikkim,11,Sikkim,226,MANGAN,MANGAN,-,-,Brahmaputra,Brahmaputra,-,-,-,Brahmaputra,27.49833333,88.53583333,16-04-2026 16:00,292.5
671,671,DAC Mangan,Sikkim,11,Sikkim,226,MANGAN,MANGAN,-,-,Brahmaputra,Brahmaputra,-,-,-,Brahmaputra,27.49833333,88.53583333,16-04-2026 18:00,0.5
672,672,DAC Mangan,Sikkim,11,Sikkim,226,MANGAN,MANGAN,-,-,Brahmaputra,Brahmaputra,-,-,-,Brahmaputra,27.49833333,88.53583333,16-04-2026 18:00,0.5
673,673,DAC Mangan,Sikkim,11,Sikkim,226,MANGAN,MANGAN,-,-,Brahmaputra,Brahmaputra,-,-,-,Brahmaputra,27.49833333,88.53583333,16-04-2026 22:00,0.5
674,674,DAC Mangan,Sikkim,11,Sikkim,226,MANGAN,MANGAN,-,-,Brahmaputra,Brahmaputra,-,-,-,Brahmaputra,27.49833333,88.53583333,16-04-2026 22:00,0.5
675,675,DAC Mangan,Sikkim,11,Sikkim,226,MANGAN,MANGAN,-,-,Brahmaputra,Brahmaputra,-,-,-,Brahmaputra,27.49833333,88.53583333,17-04-2026 02:00,0.5
676,676,DAC Mangan,Sikkim,11,Sikkim,226,MANGAN,MANGAN,-,-,Brahmaputra,Brahmaputra,-,-,-,Brahmaputra,27.49833333,88.53583333,17-04-2026 02:00,0.5
677,677,DAC Mangan,Sikkim,11,Sikkim,226,MANGAN,MANGAN,-,-,Brahmaputra,Brahmaputra,-,-,-,Brahmaputra,27.49833333,88.53583333,17-04-2026 05:00,0.5
678,678,DAC Mangan,Sikkim,11,Sikkim,226,MANGAN,MANGAN,-,-,Brahmaputra,Brahmaputra,-,-,-,Brahmaputra,27.49833333,88.53583333,17-04-2026 05:00,0.5
679,679,DAC Mangan,Sikkim,11,Sikkim,226,MANGAN,MANGAN,-,-,Brahmaputra,Brahmaputra,-,-,-,Brahmaputra,27.49833333,88.53583333,17-04-2026 11:00,0.5
680,680,DAC Mangan,Sikkim,11,Sikkim,226,MANGAN,MANGAN,-,-,Brahmaputra,Brahmaputra,-,-,-,Brahmaputra,27.49833333,88.53583333,17-04-2026 11:00,0.5
681,681,DAC Mangan,Sikkim,11,Sikkim,226,MANGAN,MANGAN,-,-,Brahmaputra,Brahmaputra,-,-,-,Brahmaputra,27.49833333,88.53583333,17-04-2026 12:00,314
682,682,DAC Mangan,Sikkim,11,Sikkim,226,MANGAN,MANGAN,-,-,Brahmaputra,Brahmaputra,-,-,-,Brahmaputra,27.49833333,88.53583333,17-04-2026 16:00,0.5
683,683,DAC Mangan,Sikkim,11,Sikkim,226,MANGAN,MANGAN,-,-,Brahmaputra,Brahmaputra,-,-,-,Brahmaputra,27.49833333,88.53583333,17-04-2026 16:00,0.5
684,684,DAC Mangan,Sikkim,11,Sikkim,226,MANGAN,MANGAN,-,-,Brahmaputra,Brahmaputra,-,-,-,Brahmaputra,27.49833333,88.53583333,17-04-2026 21:00,0.5
685,685,DAC Mangan,Sikkim,11,Sikkim,226,MANGAN,MANGAN,-,-,Brahmaputra,Brahmaputra,-,-,-,Brahmaputra,27.49833333,88.53583333,17-04-2026 21:00,0.5
686,686,DAC Mangan,Sikkim,11,Sikkim,226,MANGAN,MANGAN,-,-,Brahmaputra,Brahmaputra,-,-,-,Brahmaputra,27.49833333,88.53583333,18-04-2026 00:00,0.5
687,687,DAC Mangan,Sikkim,11,Sikkim,226,MANGAN,MANGAN,-,-,Brahmaputra,Brahmaputra,-,-,-,Brahmaputra,27.49833333,88.53583333,18-04-2026 00:00,0.5
688,688,DAC Mangan,Sikkim,11,Sikkim,226,MANGAN,MANGAN,-,-,Brahmaputra,Brahmaputra,-,-,-,Brahmaputra,27.49833333,88.53583333,18-04-2026 05:00,0.5
689,689,DAC Mangan,Sikkim,11,Sikkim,226,MANGAN,MANGAN,-,-,Brahmaputra,Brahmaputra,-,-,-,Brahmaputra,27.49833333,88.53583333,18-04-2026 05:00,0.5
690,690,DAC Mangan,Sikkim,11,Sikkim,226,MANGAN,MANGAN,-,-,Brahmaputra,Brahmaputra,-,-,-,Brahmaputra,27.49833333,88.53583333,18-04-2026 09:00,0.5
691,691,DAC Mangan,Sikkim,11,Sikkim,226,MANGAN,MANGAN,-,-,Brahmaputra,Brahmaputra,-,-,-,Brahmaputra,27.49833333,88.53583333,18-04-2026 09:00,0.5
692,692,DAC Mangan,Sikkim,11,Sikkim,226,MANGAN,MANGAN,-,-,Brahmaputra,Brahmaputra,-,-,-,Brahmaputra,27.49833333,88.53583333,18-04-2026 16:00,0.5
693,693,DAC Mangan,Sikkim,11,Sikkim,226,MANGAN,MANGAN,-,-,Brahmaputra,Brahmaputra,-,-,-,Brahmaputra,27.49833333,88.53583333,18-04-2026 16:00,0.5
694,694,DAC Mangan,Sikkim,11,Sikkim,226,MANGAN,MANGAN,-,-,Brahmaputra,Brahmaputra,-,-,-,Brahmaputra,27.49833333,88.53583333,18-04-2026 17:00,293.5
695,695,DAC Mangan,Sikkim,11,Sikkim,226,MANGAN,MANGAN,-,-,Brahmaputra,Brahmaputra,-,-,-,Brahmaputra,27.49833333,88.53583333,18-04-2026 21:00,0.5
696,696,DAC Mangan,Sikkim,11,Sikkim,226,MANGAN,MANGAN,-,-,Brahmaputra,Brahmaputra,-,-,-,Brahmaputra,27.49833333,88.53583333,18-04-2026 21:00,0.5
697,697,DAC Mangan,Sikkim,11,Sikkim,226,MANGAN,MANGAN,-,-,Brahmaputra,Brahmaputra,-,-,-,Brahmaputra,27.49833333,88.53583333,19-04-2026 02:00,0.5
698,698,DAC Mangan,Sikkim,11,Sikkim,226,MANGAN,MANGAN,-,-,Brahmaputra,Brahmaputra,-,-,-,Brahmaputra,27.49833333,88.53583333,19-04-2026 02:00,0.5
699,699,DAC Mangan,Sikkim,11,Sikkim,226,MANGAN,MANGAN,-,-,Brahmaputra,Brahmaputra,-,-,-,Brahmaputra,27.49833333,88.53583333,19-04-2026 07:00,0.5
700,700,DAC Mangan,Sikkim,11,Sikkim,226,MANGAN,MANGAN,-,-,Brahmaputra,Brahmaputra,-,-,-,Brahmaputra,27.49833333,88.53583333,19-04-2026 07:00,0.5
701,701,DAC Mangan,Sikkim,11,Sikkim,226,MANGAN,MANGAN,-,-,Brahmaputra,Brahmaputra,-,-,-,Brahmaputra,27.49833333,88.53583333,19-04-2026 12:00,0.5
702,702,DAC Mangan,Sikkim,11,Sikkim,226,MANGAN,MANGAN,-,-,Brahmaputra,Brahmaputra,-,-,-,Brahmaputra,27.49833333,88.53583333,19-04-2026 12:00,0.5
703,703,DAC Mangan,Sikkim,11,Sikkim,226,MANGAN,MANGAN,-,-,Brahmaputra,Brahmaputra,-,-,-,Brahmaputra,27.49833333,88.53583333,19-04-2026 16:00,0.5
704,704,DAC Mangan,Sikkim,11,Sikkim,226,MANGAN,MANGAN,-,-,Brahmaputra,Brahmaputra,-,-,-,Brahmaputra,27.49833333,88.53583333,19-04-2026 16:00,0.5
705,705,DAC Mangan,Sikkim,11,Sikkim,226,MANGAN,MANGAN,-,-,Brahmaputra,Brahmaputra,-,-,-,Brahmaputra,27.49833333,88.53583333,19-04-2026 20:00,0.5
706,706,DAC Mangan,Sikkim,11,Sikkim,226,MANGAN,MANGAN,-,-,Brahmaputra,Brahmaputra,-,-,-,Brahmaputra,27.49833333,88.53583333,19-04-2026 20:00,0.5
707,707,DAC Mangan,Sikkim,11,Sikkim,226,MANGAN,MANGAN,-,-,Brahmaputra,Brahmaputra,-,-,-,Brahmaputra,27.49833333,88.53583333,19-04-2026 22:00,0.5
708,708,DAC Mangan,Sikkim,11,Sikkim,226,MANGAN,MANGAN,-,-,Brahmaputra,Brahmaputra,-,-,-,Brahmaputra,27.49833333,88.53583333,19-04-2026 22:00,0.5
709,709,DAC Mangan,Sikkim,11,Sikkim,226,MANGAN,MANGAN,-,-,Brahmaputra,Brahmaputra,-,-,-,Brahmaputra,27.49833333,88.53583333,20-04-2026 01:00,0.5
710,710,DAC Mangan,Sikkim,11,Sikkim,226,MANGAN,MANGAN,-,-,Brahmaputra,Brahmaputra,-,-,-,Brahmaputra,27.49833333,88.53583333,20-04-2026 01:00,0.5
711,711,DAC Mangan,Sikkim,11,Sikkim,226,MANGAN,MANGAN,-,-,Brahmaputra,Brahmaputra,-,-,-,Brahmaputra,27.49833333,88.53583333,20-04-2026 04:00,0.5
712,712,DAC Mangan,Sikkim,11,Sikkim,226,MANGAN,MANGAN,-,-,Brahmaputra,Brahmaputra,-,-,-,Brahmaputra,27.49833333,88.53583333,20-04-2026 04:00,0.5
713,713,DAC Mangan,Sikkim,11,Sikkim,226,MANGAN,MANGAN,-,-,Brahmaputra,Brahmaputra,-,-,-,Brahmaputra,27.49833333,88.53583333,20-04-2026 07:00,0.5
714,714,DAC Mangan,Sikkim,11,Sikkim,226,MANGAN,MANGAN,-,-,Brahmaputra,Brahmaputra,-,-,-,Brahmaputra,27.49833333,88.53583333,20-04-2026 07:00,0.5
715,715,DAC Mangan,Sikkim,11,Sikkim,226,MANGAN,MANGAN,-,-,Brahmaputra,Brahmaputra,-,-,-,Brahmaputra,27.49833333,88.53583333,20-04-2026 08:00,294.5
716,716,DAC Mangan,Sikkim,11,Sikkim,226,MANGAN,MANGAN,-,-,Brahmaputra,Brahmaputra,-,-,-,Brahmaputra,27.49833333,88.53583333,20-04-2026 10:00,0.5
717,717,DAC Mangan,Sikkim,11,Sikkim,226,MANGAN,MANGAN,-,-,Brahmaputra,Brahmaputra,-,-,-,Brahmaputra,27.49833333,88.53583333,20-04-2026 10:00,0.5
718,718,DAC Mangan,Sikkim,11,Sikkim,226,MANGAN,MANGAN,-,-,Brahmaputra,Brahmaputra,-,-,-,Brahmaputra,27.49833333,88.53583333,20-04-2026 11:00,335
719,719,DAC Mangan,Sikkim,11,Sikkim,226,MANGAN,MANGAN,-,-,Brahmaputra,Brahmaputra,-,-,-,Brahmaputra,27.49833333,88.53583333,20-04-2026 14:00,0.5
720,720,DAC Mangan,Sikkim,11,Sikkim,226,MANGAN,MANGAN,-,-,Brahmaputra,Brahmaputra,-,-,-,Brahmaputra,27.49833333,88.53583333,20-04-2026 14:00,0.5
721,721,DAC Mangan,Sikkim,11,Sikkim,226,MANGAN,MANGAN,-,-,Brahmaputra,Brahmaputra,-,-,-,Brahmaputra,27.49833333,88.53583333,20-04-2026 16:00,0.5
722,722,DAC Mangan,Sikkim,11,Sikkim,226,MANGAN,MANGAN,-,-,Brahmaputra,Brahmaputra,-,-,-,Brahmaputra,27.49833333,88.53583333,20-04-2026 16:00,0.5
723,723,DAC Mangan,Sikkim,11,Sikkim,226,MANGAN,MANGAN,-,-,Brahmaputra,Brahmaputra,-,-,-,Brahmaputra,27.49833333,88.53583333,20-04-2026 18:00,0.5
724,724,DAC Mangan,Sikkim,11,Sikkim,226,MANGAN,MANGAN,-,-,Brahmaputra,Brahmaputra,-,-,-,Brahmaputra,27.49833333,88.53583333,20-04-2026 18:00,0.5
725,725,DAC Mangan,Sikkim,11,Sikkim,226,MANGAN,MANGAN,-,-,Brahmaputra,Brahmaputra,-,-,-,Brahmaputra,27.49833333,88.53583333,20-04-2026 19:00,0.5
726,726,DAC Mangan,Sikkim,11,Sikkim,226,MANGAN,MANGAN,-,-,Brahmaputra,Brahmaputra,-,-,-,Brahmaputra,27.49833333,88.53583333,20-04-2026 19:00,0.5
727,727,DAC Mangan,Sikkim,11,Sikkim,226,MANGAN,MANGAN,-,-,Brahmaputra,Brahmaputra,-,-,-,Brahmaputra,27.49833333,88.53583333,20-04-2026 21:00,0.5
728,728,DAC Mangan,Sikkim,11,Sikkim,226,MANGAN,MANGAN,-,-,Brahmaputra,Brahmaputra,-,-,-,Brahmaputra,27.49833333,88.53583333,20-04-2026 21:00,0.5
729,729,DAC Mangan,Sikkim,11,Sikkim,226,MANGAN,MANGAN,-,-,Brahmaputra,Brahmaputra,-,-,-,Brahmaputra,27.49833333,88.53583333,20-04-2026 23:00,0.5
730,730,DAC Mangan,Sikkim,11,Sikkim,226,MANGAN,MANGAN,-,-,Brahmaputra,Brahmaputra,-,-,-,Brahmaputra,27.49833333,88.53583333,20-04-2026 23:00,0.5
731,731,DAC Mangan,Sikkim,11,Sikkim,226,MANGAN,MANGAN,-,-,Brahmaputra,Brahmaputra,-,-,-,Brahmaputra,27.49833333,88.53583333,21-04-2026 01:00,0.5
732,732,DAC Mangan,Sikkim,11,Sikkim,226,MANGAN,MANGAN,-,-,Brahmaputra,Brahmaputra,-,-,-,Brahmaputra,27.49833333,88.53583333,21-04-2026 01:00,0.5
733,733,DAC Mangan,Sikkim,11,Sikkim,226,MANGAN,MANGAN,-,-,Brahmaputra,Brahmaputra,-,-,-,Brahmaputra,27.49833333,88.53583333,21-04-2026 04:00,0.5
734,734,DAC Mangan,Sikkim,11,Sikkim,226,MANGAN,MANGAN,-,-,Brahmaputra,Brahmaputra,-,-,-,Brahmaputra,27.49833333,88.53583333,21-04-2026 04:00,0.5
735,735,DAC Mangan,Sikkim,11,Sikkim,226,MANGAN,MANGAN,-,-,Brahmaputra,Brahmaputra,-,-,-,Brahmaputra,27.49833333,88.53583333,21-04-2026 06:00,0.5
736,736,DAC Mangan,Sikkim,11,Sikkim,226,MANGAN,MANGAN,-,-,Brahmaputra,Brahmaputra,-,-,-,Brahmaputra,27.49833333,88.53583333,21-04-2026 06:00,0.5
737,737,DAC Mangan,Sikkim,11,Sikkim,226,MANGAN,MANGAN,-,-,Brahmaputra,Brahmaputra,-,-,-,Brahmaputra,27.49833333,88.53583333,21-04-2026 10:00,0.5
738,738,DAC Mangan,Sikkim,11,Sikkim,226,MANGAN,MANGAN,-,-,Brahmaputra,Brahmaputra,-,-,-,Brahmaputra,27.49833333,88.53583333,21-04-2026 10:00,0.5
739,739,DAC Mangan,Sikkim,11,Sikkim,226,MANGAN,MANGAN,-,-,Brahmaputra,Brahmaputra,-,-,-,Brahmaputra,27.49833333,88.53583333,21-04-2026 14:00,0.5
740,740,DAC Mangan,Sikkim,11,Sikkim,226,MANGAN,MANGAN,-,-,Brahmaputra,Brahmaputra,-,-,-,Brahmaputra,27.49833333,88.53583333,21-04-2026 14:00,0.5
741,741,DAC Mangan,Sikkim,11,Sikkim,226,MANGAN,MANGAN,-,-,Brahmaputra,Brahmaputra,-,-,-,Brahmaputra,27.49833333,88.53583333,21-04-2026 18:00,0.5
742,742,DAC Mangan,Sikkim,11,Sikkim,226,MANGAN,MANGAN,-,-,Brahmaputra,Brahmaputra,-,-,-,Brahmaputra,27.49833333,88.53583333,21-04-2026 18:00,0.5
743,743,DAC Mangan,Sikkim,11,Sikkim,226,MANGAN,MANGAN,-,-,Brahmaputra,Brahmaputra,-,-,-,Brahmaputra,27.49833333,88.53583333,21-04-2026 23:00,0.5
744,744,DAC Mangan,Sikkim,11,Sikkim,226,MANGAN,MANGAN,-,-,Brahmaputra,Brahmaputra,-,-,-,Brahmaputra,27.49833333,88.53583333,21-04-2026 23:00,0.5
745,745,DAC Mangan,Sikkim,11,Sikkim,226,MANGAN,MANGAN,-,-,Brahmaputra,Brahmaputra,-,-,-,Brahmaputra,27.49833333,88.53583333,22-04-2026 04:00,0.5
746,746,DAC Mangan,Sikkim,11,Sikkim,226,MANGAN,MANGAN,-,-,Brahmaputra,Brahmaputra,-,-,-,Brahmaputra,27.49833333,88.53583333,22-04-2026 04:00,0.5
747,747,DAC Mangan,Sikkim,11,Sikkim,226,MANGAN,MANGAN,-,-,Brahmaputra,Brahmaputra,-,-,-,Brahmaputra,27.49833333,88.53583333,22-04-2026 09:00,0.5
748,748,DAC Mangan,Sikkim,11,Sikkim,226,MANGAN,MANGAN,-,-,Brahmaputra,Brahmaputra,-,-,-,Brahmaputra,27.49833333,88.53583333,22-04-2026 09:00,0.5
749,749,DAC Mangan,Sikkim,11,Sikkim,226,MANGAN,MANGAN,-,-,Brahmaputra,Brahmaputra,-,-,-,Brahmaputra,27.49833333,88.53583333,22-04-2026 12:00,318
750,750,DAC Mangan,Sikkim,11,Sikkim,226,MANGAN,MANGAN,-,-,Brahmaputra,Brahmaputra,-,-,-,Brahmaputra,27.49833333,88.53583333,22-04-2026 16:00,0.5
751,751,DAC Mangan,Sikkim,11,Sikkim,226,MANGAN,MANGAN,-,-,Brahmaputra,Brahmaputra,-,-,-,Brahmaputra,27.49833333,88.53583333,22-04-2026 16:00,0.5
752,752,DAC Mangan,Sikkim,11,Sikkim,226,MANGAN,MANGAN,-,-,Brahmaputra,Brahmaputra,-,-,-,Brahmaputra,27.49833333,88.53583333,22-04-2026 23:00,0.5
753,753,DAC Mangan,Sikkim,11,Sikkim,226,MANGAN,MANGAN,-,-,Brahmaputra,Brahmaputra,-,-,-,Brahmaputra,27.49833333,88.53583333,22-04-2026 23:00,0.5
754,754,DAC Mangan,Sikkim,11,Sikkim,226,MANGAN,MANGAN,-,-,Brahmaputra,Brahmaputra,-,-,-,Brahmaputra,27.49833333,88.53583333,23-04-2026 05:00,0.5
755,755,DAC Mangan,Sikkim,11,Sikkim,226,MANGAN,MANGAN,-,-,Brahmaputra,Brahmaputra,-,-,-,Brahmaputra,27.49833333,88.53583333,23-04-2026 05:00,0.5
756,756,DAC Mangan,Sikkim,11,Sikkim,226,MANGAN,MANGAN,-,-,Brahmaputra,Brahmaputra,-,-,-,Brahmaputra,27.49833333,88.53583333,23-04-2026 12:00,0.5
757,757,DAC Mangan,Sikkim,11,Sikkim,226,MANGAN,MANGAN,-,-,Brahmaputra,Brahmaputra,-,-,-,Brahmaputra,27.49833333,88.53583333,23-04-2026 12:00,0.5
758,758,DAC Mangan,Sikkim,11,Sikkim,226,MANGAN,MANGAN,-,-,Brahmaputra,Brahmaputra,-,-,-,Brahmaputra,27.49833333,88.53583333,23-04-2026 20:00,0.5
759,759,DAC Mangan,Sikkim,11,Sikkim,226,MANGAN,MANGAN,-,-,Brahmaputra,Brahmaputra,-,-,-,Brahmaputra,27.49833333,88.53583333,23-04-2026 20:00,304.5
760,760,DAC Mangan,Sikkim,11,Sikkim,226,MANGAN,MANGAN,-,-,Brahmaputra,Brahmaputra,-,-,-,Brahmaputra,27.49833333,88.53583333,24-04-2026 08:00,311
761,761,DAC Mangan,Sikkim,11,Sikkim,226,MANGAN,MANGAN,-,-,Brahmaputra,Brahmaputra,-,-,-,Brahmaputra,27.49833333,88.53583333,24-04-2026 08:00,0.5
762,762,DAC Mangan,Sikkim,11,Sikkim,226,MANGAN,MANGAN,-,-,Brahmaputra,Brahmaputra,-,-,-,Brahmaputra,27.49833333,88.53583333,24-04-2026 11:00,327
763,763,DAC Mangan,Sikkim,11,Sikkim,226,MANGAN,MANGAN,-,-,Brahmaputra,Brahmaputra,-,-,-,Brahmaputra,27.49833333,88.53583333,24-04-2026 14:00,328
764,764,DAC Mangan,Sikkim,11,Sikkim,226,MANGAN,MANGAN,-,-,Brahmaputra,Brahmaputra,-,-,-,Brahmaputra,27.49833333,88.53583333,24-04-2026 17:00,0.5
765,765,DAC Mangan,Sikkim,11,Sikkim,226,MANGAN,MANGAN,-,-,Brahmaputra,Brahmaputra,-,-,-,Brahmaputra,27.49833333,88.53583333,24-04-2026 17:00,0.5
766,766,DAC Mangan,Sikkim,11,Sikkim,226,MANGAN,MANGAN,-,-,Brahmaputra,Brahmaputra,-,-,-,Brahmaputra,27.49833333,88.53583333,25-04-2026 03:00,0.5
767,767,DAC Mangan,Sikkim,11,Sikkim,226,MANGAN,MANGAN,-,-,Brahmaputra,Brahmaputra,-,-,-,Brahmaputra,27.49833333,88.53583333,25-04-2026 03:00,0.5
768,768,DAC Mangan,Sikkim,11,Sikkim,226,MANGAN,MANGAN,-,-,Brahmaputra,Brahmaputra,-,-,-,Brahmaputra,27.49833333,88.53583333,25-04-2026 13:00,0.5
769,769,DAC Mangan,Sikkim,11,Sikkim,226,MANGAN,MANGAN,-,-,Brahmaputra,Brahmaputra,-,-,-,Brahmaputra,27.49833333,88.53583333,25-04-2026 13:00,0.5
770,770,DAC Mangan,Sikkim,11,Sikkim,226,MANGAN,MANGAN,-,-,Brahmaputra,Brahmaputra,-,-,-,Brahmaputra,27.49833333,88.53583333,25-04-2026 17:00,287
771,771,DAC Mangan,Sikkim,11,Sikkim,226,MANGAN,MANGAN,-,-,Brahmaputra,Brahmaputra,-,-,-,Brahmaputra,27.49833333,88.53583333,26-04-2026 06:00,0.5
772,772,DAC Mangan,Sikkim,11,Sikkim,226,MANGAN,MANGAN,-,-,Brahmaputra,Brahmaputra,-,-,-,Brahmaputra,27.49833333,88.53583333,26-04-2026 06:00,0.5
773,773,DAC Mangan,Sikkim,11,Sikkim,226,MANGAN,MANGAN,-,-,Brahmaputra,Brahmaputra,-,-,-,Brahmaputra,27.49833333,88.53583333,26-04-2026 12:00,289.5
774,774,DAC Mangan,Sikkim,11,Sikkim,226,MANGAN,MANGAN,-,-,Brahmaputra,Brahmaputra,-,-,-,Brahmaputra,27.49833333,88.53583333,26-04-2026 22:00,0.5
775,775,DAC Mangan,Sikkim,11,Sikkim,226,MANGAN,MANGAN,-,-,Brahmaputra,Brahmaputra,-,-,-,Brahmaputra,27.49833333,88.53583333,26-04-2026 23:00,280.5
776,776,DAC Mangan,Sikkim,11,Sikkim,226,MANGAN,MANGAN,-,-,Brahmaputra,Brahmaputra,-,-,-,Brahmaputra,27.49833333,88.53583333,27-04-2026 12:00,315
777,777,DAC Mangan,Sikkim,11,Sikkim,226,MANGAN,MANGAN,-,-,Brahmaputra,Brahmaputra,-,-,-,Brahmaputra,27.49833333,88.53583333,27-04-2026 21:00,0.5
778,778,DAC Mangan,Sikkim,11,Sikkim,226,MANGAN,MANGAN,-,-,Brahmaputra,Brahmaputra,-,-,-,Brahmaputra,27.49833333,88.53583333,27-04-2026 21:00,0.5
779,779,DAC Mangan,Sikkim,11,Sikkim,226,MANGAN,MANGAN,-,-,Brahmaputra,Brahmaputra,-,-,-,Brahmaputra,27.49833333,88.53583333,28-04-2026 05:00,283.5
780,780,DAC Mangan,Sikkim,11,Sikkim,226,MANGAN,MANGAN,-,-,Brahmaputra,Brahmaputra,-,-,-,Brahmaputra,27.49833333,88.53583333,28-04-2026 15:00,0.5
781,781,DAC Mangan,Sikkim,11,Sikkim,226,MANGAN,MANGAN,-,-,Brahmaputra,Brahmaputra,-,-,-,Brahmaputra,27.49833333,88.53583333,28-04-2026 15:00,287.5
782,782,DAC Mangan,Sikkim,11,Sikkim,226,MANGAN,MANGAN,-,-,Brahmaputra,Brahmaputra,-,-,-,Brahmaputra,27.49833333,88.53583333,28-04-2026 23:00,282
783,783,DAC Mangan,Sikkim,11,Sikkim,226,MANGAN,MANGAN,-,-,Brahmaputra,Brahmaputra,-,-,-,Brahmaputra,27.49833333,88.53583333,29-04-2026 11:00,287.5
784,784,DAC Mangan,Sikkim,11,Sikkim,226,MANGAN,MANGAN,-,-,Brahmaputra,Brahmaputra,-,-,-,Brahmaputra,27.49833333,88.53583333,29-04-2026 13:00,283.5
785,785,DAC Mangan,Sikkim,11,Sikkim,226,MANGAN,MANGAN,-,-,Brahmaputra,Brahmaputra,-,-,-,Brahmaputra,27.49833333,88.53583333,29-04-2026 14:00,0.5
786,786,DAC Mangan,Sikkim,11,Sikkim,226,MANGAN,MANGAN,-,-,Brahmaputra,Brahmaputra,-,-,-,Brahmaputra,27.49833333,88.53583333,29-04-2026 14:00,0.5
787,787,DAC Mangan,Sikkim,11,Sikkim,226,MANGAN,MANGAN,-,-,Brahmaputra,Brahmaputra,-,-,-,Brahmaputra,27.49833333,88.53583333,29-04-2026 16:00,280.5
788,788,DAC Mangan,Sikkim,11,Sikkim,226,MANGAN,MANGAN,-,-,Brahmaputra,Brahmaputra,-,-,-,Brahmaputra,27.49833333,88.53583333,30-04-2026 06:00,272
789,789,DAC Mangan,Sikkim,11,Sikkim,226,MANGAN,MANGAN,-,-,Brahmaputra,Brahmaputra,-,-,-,Brahmaputra,27.49833333,88.53583333,30-04-2026 07:00,273
790,790,DAC Mangan,Sikkim,11,Sikkim,226,MANGAN,MANGAN,-,-,Brahmaputra,Brahmaputra,-,-,-,Brahmaputra,27.49833333,88.53583333,30-04-2026 08:00,278
791,791,DAC Mangan,Sikkim,11,Sikkim,226,MANGAN,MANGAN,-,-,Brahmaputra,Brahmaputra,-,-,-,Brahmaputra,27.49833333,88.53583333,30-04-2026 10:00,277
792,792,DAC Mangan,Sikkim,11,Sikkim,226,MANGAN,MANGAN,-,-,Brahmaputra,Brahmaputra,-,-,-,Brahmaputra,27.49833333,88.53583333,30-04-2026 10:00,0.5
793,793,DAC Mangan,Sikkim,11,Sikkim,226,MANGAN,MANGAN,-,-,Brahmaputra,Brahmaputra,-,-,-,Brahmaputra,27.49833333,88.53583333,30-04-2026 11:00,277.5
794,794,DAC Mangan,Sikkim,11,Sikkim,226,MANGAN,MANGAN,-,-,Brahmaputra,Brahmaputra,-,-,-,Brahmaputra,27.49833333,88.53583333,30-04-2026 12:00,0.5
795,795,DAC Mangan,Sikkim,11,Sikkim,226,MANGAN,MANGAN,-,-,Brahmaputra,Brahmaputra,-,-,-,Brahmaputra,27.49833333,88.53583333,30-04-2026 12:00,284
796,796,DAC Mangan,Sikkim,11,Sikkim,226,MANGAN,MANGAN,-,-,Brahmaputra,Brahmaputra,-,-,-,Brahmaputra,27.49833333,88.53583333,30-04-2026 13:00,283
797,797,DAC Mangan,Sikkim,11,Sikkim,226,MANGAN,MANGAN,-,-,Brahmaputra,Brahmaputra,-,-,-,Brahmaputra,27.49833333,88.53583333,30-04-2026 14:00,277.5
798,798,DAC Mangan,Sikkim,11,Sikkim,226,MANGAN,MANGAN,-,-,Brahmaputra,Brahmaputra,-,-,-,Brahmaputra,27.49833333,88.53583333,30-04-2026 15:00,0.5
799,799,DAC Mangan,Sikkim,11,Sikkim,226,MANGAN,MANGAN,-,-,Brahmaputra,Brahmaputra,-,-,-,Brahmaputra,27.49833333,88.53583333,30-04-2026 15:00,276.5
800,800,DAC Mangan,Sikkim,11,Sikkim,226,MANGAN,MANGAN,-,-,Brahmaputra,Brahmaputra,-,-,-,Brahmaputra,27.49833333,88.53583333,30-04-2026 16:00,272.5
801,801,DAC Mangan,Sikkim,11,Sikkim,226,MANGAN,MANGAN,-,-,Brahmaputra,Brahmaputra,-,-,-,Brahmaputra,27.49833333,88.53583333,30-04-2026 17:00,272
802,802,DAC Mangan,Sikkim,11,Sikkim,226,MANGAN,MANGAN,-,-,Brahmaputra,Brahmaputra,-,-,-,Brahmaputra,27.49833333,88.53583333,30-04-2026 19:00,273
803,803,DAC Mangan,Sikkim,11,Sikkim,226,MANGAN,MANGAN,-,-,Brahmaputra,Brahmaputra,-,-,-,Brahmaputra,27.49833333,88.53583333,30-04-2026 20:00,272.5
804,804,DAC Mangan,Sikkim,11,Sikkim,226,MANGAN,MANGAN,-,-,Brahmaputra,Brahmaputra,-,-,-,Brahmaputra,27.49833333,88.53583333,30-04-2026 21:00,272
805,805,DAC Mangan,Sikkim,11,Sikkim,226,MANGAN,MANGAN,-,-,Brahmaputra,Brahmaputra,-,-,-,Brahmaputra,27.49833333,88.53583333,30-04-2026 22:00,272.5
806,806,DAC Mangan,Sikkim,11,Sikkim,226,MANGAN,MANGAN,-,-,Brahmaputra,Brahmaputra,-,-,-,Brahmaputra,27.49833333,88.53583333,30-04-2026 23:00,0.5
807,807,DAC Mangan,Sikkim,11,Sikkim,226,MANGAN,MANGAN,-,-,Brahmaputra,Brahmaputra,-,-,-,Brahmaputra,27.49833333,88.53583333,30-04-2026 23:00,271.5
808,808,DAC Mangan,Sikkim,11,Sikkim,226,MANGAN,MANGAN,-,-,Brahmaputra,Brahmaputra,-,-,-,Brahmaputra,27.49833333,88.53583333,01-05-2026 00:00,271
809,809,DAC Mangan,Sikkim,11,Sikkim,226,MANGAN,MANGAN,-,-,Brahmaputra,Brahmaputra,-,-,-,Brahmaputra,27.49833333,88.53583333,01-05-2026 01:00,271.5
810,810,DAC Mangan,Sikkim,11,Sikkim,226,MANGAN,MANGAN,-,-,Brahmaputra,Brahmaputra,-,-,-,Brahmaputra,27.49833333,88.53583333,01-05-2026 02:00,270
811,811,DAC Mangan,Sikkim,11,Sikkim,226,MANGAN,MANGAN,-,-,Brahmaputra,Brahmaputra,-,-,-,Brahmaputra,27.49833333,88.53583333,01-05-2026 03:00,269.5
812,812,DAC Mangan,Sikkim,11,Sikkim,226,MANGAN,MANGAN,-,-,Brahmaputra,Brahmaputra,-,-,-,Brahmaputra,27.49833333,88.53583333,01-05-2026 04:00,269.5
813,813,DAC Mangan,Sikkim,11,Sikkim,226,MANGAN,MANGAN,-,-,Brahmaputra,Brahmaputra,-,-,-,Brahmaputra,27.49833333,88.53583333,01-05-2026 05:00,270.5
814,814,DAC Mangan,Sikkim,11,Sikkim,226,MANGAN,MANGAN,-,-,Brahmaputra,Brahmaputra,-,-,-,Brahmaputra,27.49833333,88.53583333,01-05-2026 06:00,273
815,815,DAC Mangan,Sikkim,11,Sikkim,226,MANGAN,MANGAN,-,-,Brahmaputra,Brahmaputra,-,-,-,Brahmaputra,27.49833333,88.53583333,01-05-2026 07:00,274
816,816,DAC Mangan,Sikkim,11,Sikkim,226,MANGAN,MANGAN,-,-,Brahmaputra,Brahmaputra,-,-,-,Brahmaputra,27.49833333,88.53583333,01-05-2026 08:00,287
817,817,DAC Mangan,Sikkim,11,Sikkim,226,MANGAN,MANGAN,-,-,Brahmaputra,Brahmaputra,-,-,-,Brahmaputra,27.49833333,88.53583333,01-05-2026 11:00,291
818,818,DAC Mangan,Sikkim,11,Sikkim,226,MANGAN,MANGAN,-,-,Brahmaputra,Brahmaputra,-,-,-,Brahmaputra,27.49833333,88.53583333,01-05-2026 11:00,0.5
819,819,DAC Mangan,Sikkim,11,Sikkim,226,MANGAN,MANGAN,-,-,Brahmaputra,Brahmaputra,-,-,-,Brahmaputra,27.49833333,88.53583333,01-05-2026 12:00,7.5
820,820,DAC Mangan,Sikkim,11,Sikkim,226,MANGAN,MANGAN,-,-,Brahmaputra,Brahmaputra,-,-,-,Brahmaputra,27.49833333,88.53583333,01-05-2026 12:00,7.5
821,821,DAC Mangan,Sikkim,11,Sikkim,226,MANGAN,MANGAN,-,-,Brahmaputra,Brahmaputra,-,-,-,Brahmaputra,27.49833333,88.53583333,01-05-2026 13:00,8
822,822,DAC Mangan,Sikkim,11,Sikkim,226,MANGAN,MANGAN,-,-,Brahmaputra,Brahmaputra,-,-,-,Brahmaputra,27.49833333,88.53583333,01-05-2026 13:00,8
823,823,DAC Mangan,Sikkim,11,Sikkim,226,MANGAN,MANGAN,-,-,Brahmaputra,Brahmaputra,-,-,-,Brahmaputra,27.49833333,88.53583333,01-05-2026 14:00,8
824,824,DAC Mangan,Sikkim,11,Sikkim,226,MANGAN,MANGAN,-,-,Brahmaputra,Brahmaputra,-,-,-,Brahmaputra,27.49833333,88.53583333,01-05-2026 15:00,6
825,825,DAC Mangan,Sikkim,11,Sikkim,226,MANGAN,MANGAN,-,-,Brahmaputra,Brahmaputra,-,-,-,Brahmaputra,27.49833333,88.53583333,01-05-2026 15:00,6
826,826,DAC Mangan,Sikkim,11,Sikkim,226,MANGAN,MANGAN,-,-,Brahmaputra,Brahmaputra,-,-,-,Brahmaputra,27.49833333,88.53583333,01-05-2026 16:00,29
827,827,DAC Mangan,Sikkim,11,Sikkim,226,MANGAN,MANGAN,-,-,Brahmaputra,Brahmaputra,-,-,-,Brahmaputra,27.49833333,88.53583333,01-05-2026 16:00,29
828,828,DAC Mangan,Sikkim,11,Sikkim,226,MANGAN,MANGAN,-,-,Brahmaputra,Brahmaputra,-,-,-,Brahmaputra,27.49833333,88.53583333,01-05-2026 17:00,48
829,829,DAC Mangan,Sikkim,11,Sikkim,226,MANGAN,MANGAN,-,-,Brahmaputra,Brahmaputra,-,-,-,Brahmaputra,27.49833333,88.53583333,01-05-2026 17:00,48
830,830,DAC Mangan,Sikkim,11,Sikkim,226,MANGAN,MANGAN,-,-,Brahmaputra,Brahmaputra,-,-,-,Brahmaputra,27.49833333,88.53583333,01-05-2026 18:00,46
831,831,DAC Mangan,Sikkim,11,Sikkim,226,MANGAN,MANGAN,-,-,Brahmaputra,Brahmaputra,-,-,-,Brahmaputra,27.49833333,88.53583333,01-05-2026 18:00,46
832,832,DAC Mangan,Sikkim,11,Sikkim,226,MANGAN,MANGAN,-,-,Brahmaputra,Brahmaputra,-,-,-,Brahmaputra,27.49833333,88.53583333,01-05-2026 19:00,18.5
833,833,DAC Mangan,Sikkim,11,Sikkim,226,MANGAN,MANGAN,-,-,Brahmaputra,Brahmaputra,-,-,-,Brahmaputra,27.49833333,88.53583333,01-05-2026 19:00,18.5
834,834,DAC Mangan,Sikkim,11,Sikkim,226,MANGAN,MANGAN,-,-,Brahmaputra,Brahmaputra,-,-,-,Brahmaputra,27.49833333,88.53583333,01-05-2026 21:00,276
835,835,DAC Mangan,Sikkim,11,Sikkim,226,MANGAN,MANGAN,-,-,Brahmaputra,Brahmaputra,-,-,-,Brahmaputra,27.49833333,88.53583333,01-05-2026 21:00,0.5
836,836,DAC Mangan,Sikkim,11,Sikkim,226,MANGAN,MANGAN,-,-,Brahmaputra,Brahmaputra,-,-,-,Brahmaputra,27.49833333,88.53583333,02-05-2026 01:00,273
837,837,DAC Mangan,Sikkim,11,Sikkim,226,MANGAN,MANGAN,-,-,Brahmaputra,Brahmaputra,-,-,-,Brahmaputra,27.49833333,88.53583333,02-05-2026 03:00,272.5
838,838,DAC Mangan,Sikkim,11,Sikkim,226,MANGAN,MANGAN,-,-,Brahmaputra,Brahmaputra,-,-,-,Brahmaputra,27.49833333,88.53583333,02-05-2026 08:00,0.5
839,839,DAC Mangan,Sikkim,11,Sikkim,226,MANGAN,MANGAN,-,-,Brahmaputra,Brahmaputra,-,-,-,Brahmaputra,27.49833333,88.53583333,03-05-2026 22:00,1
840,840,DAC Mangan,Sikkim,11,Sikkim,226,MANGAN,MANGAN,-,-,Brahmaputra,Brahmaputra,-,-,-,Brahmaputra,27.49833333,88.53583333,04-05-2026 01:00,1
841,841,DAC Mangan,Sikkim,11,Sikkim,226,MANGAN,MANGAN,-,-,Brahmaputra,Brahmaputra,-,-,-,Brahmaputra,27.49833333,88.53583333,04-05-2026 02:00,5.5
842,842,DAC Mangan,Sikkim,11,Sikkim,226,MANGAN,MANGAN,-,-,Brahmaputra,Brahmaputra,-,-,-,Brahmaputra,27.49833333,88.53583333,04-05-2026 03:00,1.5
843,843,DAC Mangan,Sikkim,11,Sikkim,226,MANGAN,MANGAN,-,-,Brahmaputra,Brahmaputra,-,-,-,Brahmaputra,27.49833333,88.53583333,04-05-2026 14:00,0.5
844,844,DAC Mangan,Sikkim,11,Sikkim,226,MANGAN,MANGAN,-,-,Brahmaputra,Brahmaputra,-,-,-,Brahmaputra,27.49833333,88.53583333,04-05-2026 17:00,1
845,845,DAC Mangan,Sikkim,11,Sikkim,226,MANGAN,MANGAN,-,-,Brahmaputra,Brahmaputra,-,-,-,Brahmaputra,27.49833333,88.53583333,04-05-2026 18:00,2
846,846,DAC Mangan,Sikkim,11,Sikkim,226,MANGAN,MANGAN,-,-,Brahmaputra,Brahmaputra,-,-,-,Brahmaputra,27.49833333,88.53583333,04-05-2026 21:00,0.5
847,847,DAC Mangan,Sikkim,11,Sikkim,226,MANGAN,MANGAN,-,-,Brahmaputra,Brahmaputra,-,-,-,Brahmaputra,27.49833333,88.53583333,04-05-2026 22:00,0.5
848,848,DAC Mangan,Sikkim,11,Sikkim,226,MANGAN,MANGAN,-,-,Brahmaputra,Brahmaputra,-,-,-,Brahmaputra,27.49833333,88.53583333,04-05-2026 23:00,1
849,849,DAC Mangan,Sikkim,11,Sikkim,226,MANGAN,MANGAN,-,-,Brahmaputra,Brahmaputra,-,-,-,Brahmaputra,27.49833333,88.53583333,05-05-2026 00:00,1
850,850,DAC Mangan,Sikkim,11,Sikkim,226,MANGAN,MANGAN,-,-,Brahmaputra,Brahmaputra,-,-,-,Brahmaputra,27.49833333,88.53583333,05-05-2026 13:00,0.5
851,851,DAC Mangan,Sikkim,11,Sikkim,226,MANGAN,MANGAN,-,-,Brahmaputra,Brahmaputra,-,-,-,Brahmaputra,27.49833333,88.53583333,05-05-2026 16:00,1
852,852,DAC Mangan,Sikkim,11,Sikkim,226,MANGAN,MANGAN,-,-,Brahmaputra,Brahmaputra,-,-,-,Brahmaputra,27.49833333,88.53583333,05-05-2026 17:00,1.5
853,853,DAC Mangan,Sikkim,11,Sikkim,226,MANGAN,MANGAN,-,-,Brahmaputra,Brahmaputra,-,-,-,Brahmaputra,27.49833333,88.53583333,05-05-2026 18:00,2
854,854,DAC Mangan,Sikkim,11,Sikkim,226,MANGAN,MANGAN,-,-,Brahmaputra,Brahmaputra,-,-,-,Brahmaputra,27.49833333,88.53583333,05-05-2026 19:00,2
855,855,DAC Mangan,Sikkim,11,Sikkim,226,MANGAN,MANGAN,-,-,Brahmaputra,Brahmaputra,-,-,-,Brahmaputra,27.49833333,88.53583333,05-05-2026 20:00,1.5
856,856,DAC Mangan,Sikkim,11,Sikkim,226,MANGAN,MANGAN,-,-,Brahmaputra,Brahmaputra,-,-,-,Brahmaputra,27.49833333,88.53583333,05-05-2026 21:00,1.5
857,857,DAC Mangan,Sikkim,11,Sikkim,226,MANGAN,MANGAN,-,-,Brahmaputra,Brahmaputra,-,-,-,Brahmaputra,27.49833333,88.53583333,05-05-2026 22:00,1
858,858,DAC Mangan,Sikkim,11,Sikkim,226,MANGAN,MANGAN,-,-,Brahmaputra,Brahmaputra,-,-,-,Brahmaputra,27.49833333,88.53583333,05-05-2026 23:00,1
859,859,DAC Mangan,Sikkim,11,Sikkim,226,MANGAN,MANGAN,-,-,Brahmaputra,Brahmaputra,-,-,-,Brahmaputra,27.49833333,88.53583333,06-05-2026 00:00,1
860,860,DAC Mangan,Sikkim,11,Sikkim,226,MANGAN,MANGAN,-,-,Brahmaputra,Brahmaputra,-,-,-,Brahmaputra,27.49833333,88.53583333,06-05-2026 01:00,0.5
861,861,DAC Mangan,Sikkim,11,Sikkim,226,MANGAN,MANGAN,-,-,Brahmaputra,Brahmaputra,-,-,-,Brahmaputra,27.49833333,88.53583333,06-05-2026 02:00,1
862,862,DAC Mangan,Sikkim,11,Sikkim,226,MANGAN,MANGAN,-,-,Brahmaputra,Brahmaputra,-,-,-,Brahmaputra,27.49833333,88.53583333,06-05-2026 03:00,0.5
863,863,DAC Mangan,Sikkim,11,Sikkim,226,MANGAN,MANGAN,-,-,Brahmaputra,Brahmaputra,-,-,-,Brahmaputra,27.49833333,88.53583333,06-05-2026 04:00,0.5
864,864,DAC Mangan,Sikkim,11,Sikkim,226,MANGAN,MANGAN,-,-,Brahmaputra,Brahmaputra,-,-,-,Brahmaputra,27.49833333,88.53583333,06-05-2026 06:00,1
865,865,DAC Mangan,Sikkim,11,Sikkim,226,MANGAN,MANGAN,-,-,Brahmaputra,Brahmaputra,-,-,-,Brahmaputra,27.49833333,88.53583333,06-05-2026 11:00,0.5
866,866,DAC Mangan,Sikkim,11,Sikkim,226,MANGAN,MANGAN,-,-,Brahmaputra,Brahmaputra,-,-,-,Brahmaputra,27.49833333,88.53583333,06-05-2026 12:00,0.5
867,867,DAC Mangan,Sikkim,11,Sikkim,226,MANGAN,MANGAN,-,-,Brahmaputra,Brahmaputra,-,-,-,Brahmaputra,27.49833333,88.53583333,06-05-2026 13:00,0.5
868,868,DAC Mangan,Sikkim,11,Sikkim,226,MANGAN,MANGAN,-,-,Brahmaputra,Brahmaputra,-,-,-,Brahmaputra,27.49833333,88.53583333,06-05-2026 14:00,0.5
869,869,DAC Mangan,Sikkim,11,Sikkim,226,MANGAN,MANGAN,-,-,Brahmaputra,Brahmaputra,-,-,-,Brahmaputra,27.49833333,88.53583333,06-05-2026 17:00,0.5
870,870,DAC Mangan,Sikkim,11,Sikkim,226,MANGAN,MANGAN,-,-,Brahmaputra,Brahmaputra,-,-,-,Brahmaputra,27.49833333,88.53583333,06-05-2026 21:00,0.5
871,871,DAC Mangan,Sikkim,11,Sikkim,226,MANGAN,MANGAN,-,-,Brahmaputra,Brahmaputra,-,-,-,Brahmaputra,27.49833333,88.53583333,07-05-2026 06:00,0.5
872,872,DAC Mangan,Sikkim,11,Sikkim,226,MANGAN,MANGAN,-,-,Brahmaputra,Brahmaputra,-,-,-,Brahmaputra,27.49833333,88.53583333,07-05-2026 17:00,0.5
873,873,DAC Mangan,Sikkim,11,Sikkim,226,MANGAN,MANGAN,-,-,Brahmaputra,Brahmaputra,-,-,-,Brahmaputra,27.49833333,88.53583333,08-05-2026 19:00,0.5
874,874,DAC Mangan,Sikkim,11,Sikkim,226,MANGAN,MANGAN,-,-,Brahmaputra,Brahmaputra,-,-,-,Brahmaputra,27.49833333,88.53583333,10-05-2026 10:00,0.5
875,875,DAC Mangan,Sikkim,11,Sikkim,226,MANGAN,MANGAN,-,-,Brahmaputra,Brahmaputra,-,-,-,Brahmaputra,27.49833333,88.53583333,11-05-2026 04:00,0.5
876,876,DAC Mangan,Sikkim,11,Sikkim,226,MANGAN,MANGAN,-,-,Brahmaputra,Brahmaputra,-,-,-,Brahmaputra,27.49833333,88.53583333,12-05-2026 08:00,0.5
877,877,DAC Mangan,Sikkim,11,Sikkim,226,MANGAN,MANGAN,-,-,Brahmaputra,Brahmaputra,-,-,-,Brahmaputra,27.49833333,88.53583333,13-05-2026 12:00,0.5
878,878,DAC Mangan,Sikkim,11,Sikkim,226,MANGAN,MANGAN,-,-,Brahmaputra,Brahmaputra,-,-,-,Brahmaputra,27.49833333,88.53583333,14-05-2026 04:00,0.5
879,879,DAC Mangan,Sikkim,11,Sikkim,226,MANGAN,MANGAN,-,-,Brahmaputra,Brahmaputra,-,-,-,Brahmaputra,27.49833333,88.53583333,14-05-2026 10:00,0.5
880,880,DAC Mangan,Sikkim,11,Sikkim,226,MANGAN,MANGAN,-,-,Brahmaputra,Brahmaputra,-,-,-,Brahmaputra,27.49833333,88.53583333,14-05-2026 14:00,0.5
881,881,DAC Mangan,Sikkim,11,Sikkim,226,MANGAN,MANGAN,-,-,Brahmaputra,Brahmaputra,-,-,-,Brahmaputra,27.49833333,88.53583333,14-05-2026 17:00,0.5
882,882,DAC Mangan,Sikkim,11,Sikkim,226,MANGAN,MANGAN,-,-,Brahmaputra,Brahmaputra,-,-,-,Brahmaputra,27.49833333,88.53583333,14-05-2026 20:00,0.5
883,883,DAC Mangan,Sikkim,11,Sikkim,226,MANGAN,MANGAN,-,-,Brahmaputra,Brahmaputra,-,-,-,Brahmaputra,27.49833333,88.53583333,15-05-2026 00:00,0.5
884,884,DAC Mangan,Sikkim,11,Sikkim,226,MANGAN,MANGAN,-,-,Brahmaputra,Brahmaputra,-,-,-,Brahmaputra,27.49833333,88.53583333,15-05-2026 01:00,0.5
885,885,DAC Mangan,Sikkim,11,Sikkim,226,MANGAN,MANGAN,-,-,Brahmaputra,Brahmaputra,-,-,-,Brahmaputra,27.49833333,88.53583333,15-05-2026 03:00,0.5
886,886,DAC Mangan,Sikkim,11,Sikkim,226,MANGAN,MANGAN,-,-,Brahmaputra,Brahmaputra,-,-,-,Brahmaputra,27.49833333,88.53583333,15-05-2026 04:00,0.5
887,887,DAC Mangan,Sikkim,11,Sikkim,226,MANGAN,MANGAN,-,-,Brahmaputra,Brahmaputra,-,-,-,Brahmaputra,27.49833333,88.53583333,15-05-2026 06:00,0.5
888,888,DAC Mangan,Sikkim,11,Sikkim,226,MANGAN,MANGAN,-,-,Brahmaputra,Brahmaputra,-,-,-,Brahmaputra,27.49833333,88.53583333,15-05-2026 07:00,0.5
889,889,DAC Mangan,Sikkim,11,Sikkim,226,MANGAN,MANGAN,-,-,Brahmaputra,Brahmaputra,-,-,-,Brahmaputra,27.49833333,88.53583333,15-05-2026 09:00,0.5
890,890,DAC Mangan,Sikkim,11,Sikkim,226,MANGAN,MANGAN,-,-,Brahmaputra,Brahmaputra,-,-,-,Brahmaputra,27.49833333,88.53583333,15-05-2026 11:00,0.5
891,891,DAC Mangan,Sikkim,11,Sikkim,226,MANGAN,MANGAN,-,-,Brahmaputra,Brahmaputra,-,-,-,Brahmaputra,27.49833333,88.53583333,15-05-2026 13:00,0.5
892,892,DAC Mangan,Sikkim,11,Sikkim,226,MANGAN,MANGAN,-,-,Brahmaputra,Brahmaputra,-,-,-,Brahmaputra,27.49833333,88.53583333,15-05-2026 14:00,0.5
893,893,DAC Mangan,Sikkim,11,Sikkim,226,MANGAN,MANGAN,-,-,Brahmaputra,Brahmaputra,-,-,-,Brahmaputra,27.49833333,88.53583333,15-05-2026 16:00,0.5
894,894,DAC Mangan,Sikkim,11,Sikkim,226,MANGAN,MANGAN,-,-,Brahmaputra,Brahmaputra,-,-,-,Brahmaputra,27.49833333,88.53583333,15-05-2026 18:00,0.5
895,895,DAC Mangan,Sikkim,11,Sikkim,226,MANGAN,MANGAN,-,-,Brahmaputra,Brahmaputra,-,-,-,Brahmaputra,27.49833333,88.53583333,15-05-2026 20:00,0.5
896,896,DAC Mangan,Sikkim,11,Sikkim,226,MANGAN,MANGAN,-,-,Brahmaputra,Brahmaputra,-,-,-,Brahmaputra,27.49833333,88.53583333,15-05-2026 21:00,0.5
897,897,DAC Mangan,Sikkim,11,Sikkim,226,MANGAN,MANGAN,-,-,Brahmaputra,Brahmaputra,-,-,-,Brahmaputra,27.49833333,88.53583333,15-05-2026 23:00,0.5
898,898,DAC Mangan,Sikkim,11,Sikkim,226,MANGAN,MANGAN,-,-,Brahmaputra,Brahmaputra,-,-,-,Brahmaputra,27.49833333,88.53583333,16-05-2026 00:00,0.5
899,899,DAC Mangan,Sikkim,11,Sikkim,226,MANGAN,MANGAN,-,-,Brahmaputra,Brahmaputra,-,-,-,Brahmaputra,27.49833333,88.53583333,16-05-2026 02:00,0.5
900,900,DAC Mangan,Sikkim,11,Sikkim,226,MANGAN,MANGAN,-,-,Brahmaputra,Brahmaputra,-,-,-,Brahmaputra,27.49833333,88.53583333,16-05-2026 04:00,0.5
901,901,DAC Mangan,Sikkim,11,Sikkim,226,MANGAN,MANGAN,-,-,Brahmaputra,Brahmaputra,-,-,-,Brahmaputra,27.49833333,88.53583333,16-05-2026 05:00,0.5
902,902,DAC Mangan,Sikkim,11,Sikkim,226,MANGAN,MANGAN,-,-,Brahmaputra,Brahmaputra,-,-,-,Brahmaputra,27.49833333,88.53583333,16-05-2026 07:00,0.5
903,903,DAC Mangan,Sikkim,11,Sikkim,226,MANGAN,MANGAN,-,-,Brahmaputra,Brahmaputra,-,-,-,Brahmaputra,27.49833333,88.53583333,16-05-2026 09:00,0.5
904,904,DAC Mangan,Sikkim,11,Sikkim,226,MANGAN,MANGAN,-,-,Brahmaputra,Brahmaputra,-,-,-,Brahmaputra,27.49833333,88.53583333,16-05-2026 11:00,0.5
905,905,DAC Mangan,Sikkim,11,Sikkim,226,MANGAN,MANGAN,-,-,Brahmaputra,Brahmaputra,-,-,-,Brahmaputra,27.49833333,88.53583333,16-05-2026 14:00,0.5
906,906,DAC Mangan,Sikkim,11,Sikkim,226,MANGAN,MANGAN,-,-,Brahmaputra,Brahmaputra,-,-,-,Brahmaputra,27.49833333,88.53583333,16-05-2026 18:00,0.5
907,907,DAC Mangan,Sikkim,11,Sikkim,226,MANGAN,MANGAN,-,-,Brahmaputra,Brahmaputra,-,-,-,Brahmaputra,27.49833333,88.53583333,16-05-2026 21:00,0.5
908,908,DAC Mangan,Sikkim,11,Sikkim,226,MANGAN,MANGAN,-,-,Brahmaputra,Brahmaputra,-,-,-,Brahmaputra,27.49833333,88.53583333,17-05-2026 00:00,0.5
909,909,DAC Mangan,Sikkim,11,Sikkim,226,MANGAN,MANGAN,-,-,Brahmaputra,Brahmaputra,-,-,-,Brahmaputra,27.49833333,88.53583333,17-05-2026 02:00,0.5
910,910,DAC Mangan,Sikkim,11,Sikkim,226,MANGAN,MANGAN,-,-,Brahmaputra,Brahmaputra,-,-,-,Brahmaputra,27.49833333,88.53583333,17-05-2026 05:00,0.5
911,911,DAC Mangan,Sikkim,11,Sikkim,226,MANGAN,MANGAN,-,-,Brahmaputra,Brahmaputra,-,-,-,Brahmaputra,27.49833333,88.53583333,17-05-2026 08:00,0.5
912,912,DAC Mangan,Sikkim,11,Sikkim,226,MANGAN,MANGAN,-,-,Brahmaputra,Brahmaputra,-,-,-,Brahmaputra,27.49833333,88.53583333,17-05-2026 12:00,0.5
913,913,DAC Mangan,Sikkim,11,Sikkim,226,MANGAN,MANGAN,-,-,Brahmaputra,Brahmaputra,-,-,-,Brahmaputra,27.49833333,88.53583333,17-05-2026 17:00,0.5
914,914,DAC Mangan,Sikkim,11,Sikkim,226,MANGAN,MANGAN,-,-,Brahmaputra,Brahmaputra,-,-,-,Brahmaputra,27.49833333,88.53583333,17-05-2026 19:00,0.5
915,915,DAC Mangan,Sikkim,11,Sikkim,226,MANGAN,MANGAN,-,-,Brahmaputra,Brahmaputra,-,-,-,Brahmaputra,27.49833333,88.53583333,18-05-2026 01:00,0.5
916,916,DAC Mangan,Sikkim,11,Sikkim,226,MANGAN,MANGAN,-,-,Brahmaputra,Brahmaputra,-,-,-,Brahmaputra,27.49833333,88.53583333,18-05-2026 04:00,0.5
917,917,DAC Mangan,Sikkim,11,Sikkim,226,MANGAN,MANGAN,-,-,Brahmaputra,Brahmaputra,-,-,-,Brahmaputra,27.49833333,88.53583333,18-05-2026 07:00,0.5
918,918,DAC Mangan,Sikkim,11,Sikkim,226,MANGAN,MANGAN,-,-,Brahmaputra,Brahmaputra,-,-,-,Brahmaputra,27.49833333,88.53583333,18-05-2026 12:00,0.5
919,919,DAC Mangan,Sikkim,11,Sikkim,226,MANGAN,MANGAN,-,-,Brahmaputra,Brahmaputra,-,-,-,Brahmaputra,27.49833333,88.53583333,18-05-2026 16:00,0.5
920,920,DAC Mangan,Sikkim,11,Sikkim,226,MANGAN,MANGAN,-,-,Brahmaputra,Brahmaputra,-,-,-,Brahmaputra,27.49833333,88.53583333,18-05-2026 20:00,0.5
921,921,DAC Mangan,Sikkim,11,Sikkim,226,MANGAN,MANGAN,-,-,Brahmaputra,Brahmaputra,-,-,-,Brahmaputra,27.49833333,88.53583333,18-05-2026 23:00,0.5
922,922,DAC Mangan,Sikkim,11,Sikkim,226,MANGAN,MANGAN,-,-,Brahmaputra,Brahmaputra,-,-,-,Brahmaputra,27.49833333,88.53583333,19-05-2026 02:00,0.5
923,923,DAC Mangan,Sikkim,11,Sikkim,226,MANGAN,MANGAN,-,-,Brahmaputra,Brahmaputra,-,-,-,Brahmaputra,27.49833333,88.53583333,19-05-2026 05:00,0.5
924,924,DAC Mangan,Sikkim,11,Sikkim,226,MANGAN,MANGAN,-,-,Brahmaputra,Brahmaputra,-,-,-,Brahmaputra,27.49833333,88.53583333,19-05-2026 09:00,0.5
925,925,DAC Mangan,Sikkim,11,Sikkim,226,MANGAN,MANGAN,-,-,Brahmaputra,Brahmaputra,-,-,-,Brahmaputra,27.49833333,88.53583333,19-05-2026 14:00,0.5
926,926,DAC Mangan,Sikkim,11,Sikkim,226,MANGAN,MANGAN,-,-,Brahmaputra,Brahmaputra,-,-,-,Brahmaputra,27.49833333,88.53583333,19-05-2026 18:00,0.5
927,927,DAC Mangan,Sikkim,11,Sikkim,226,MANGAN,MANGAN,-,-,Brahmaputra,Brahmaputra,-,-,-,Brahmaputra,27.49833333,88.53583333,19-05-2026 22:00,0.5
928,928,DAC Mangan,Sikkim,11,Sikkim,226,MANGAN,MANGAN,-,-,Brahmaputra,Brahmaputra,-,-,-,Brahmaputra,27.49833333,88.53583333,20-05-2026 02:00,0.5
929,929,DAC Mangan,Sikkim,11,Sikkim,226,MANGAN,MANGAN,-,-,Brahmaputra,Brahmaputra,-,-,-,Brahmaputra,27.49833333,88.53583333,20-05-2026 09:00,0.5
930,930,DAC Mangan,Sikkim,11,Sikkim,226,MANGAN,MANGAN,-,-,Brahmaputra,Brahmaputra,-,-,-,Brahmaputra,27.49833333,88.53583333,20-05-2026 15:00,0.5
931,931,DAC Mangan,Sikkim,11,Sikkim,226,MANGAN,MANGAN,-,-,Brahmaputra,Brahmaputra,-,-,-,Brahmaputra,27.49833333,88.53583333,20-05-2026 20:00,0.5
932,932,DAC Mangan,Sikkim,11,Sikkim,226,MANGAN,MANGAN,-,-,Brahmaputra,Brahmaputra,-,-,-,Brahmaputra,27.49833333,88.53583333,21-05-2026 01:00,0.5
933,933,DAC Mangan,Sikkim,11,Sikkim,226,MANGAN,MANGAN,-,-,Brahmaputra,Brahmaputra,-,-,-,Brahmaputra,27.49833333,88.53583333,21-05-2026 08:00,0.5
934,934,DAC Mangan,Sikkim,11,Sikkim,226,MANGAN,MANGAN,-,-,Brahmaputra,Brahmaputra,-,-,-,Brahmaputra,27.49833333,88.53583333,21-05-2026 20:00,0.5
935,935,DAC Mangan,Sikkim,11,Sikkim,226,MANGAN,MANGAN,-,-,Brahmaputra,Brahmaputra,-,-,-,Brahmaputra,27.49833333,88.53583333,22-05-2026 07:00,0.5
936,936,DAC Mangan,Sikkim,11,Sikkim,226,MANGAN,MANGAN,-,-,Brahmaputra,Brahmaputra,-,-,-,Brahmaputra,27.49833333,88.53583333,22-05-2026 20:00,0.5
937,937,DAC Mangan,Sikkim,11,Sikkim,226,MANGAN,MANGAN,-,-,Brahmaputra,Brahmaputra,-,-,-,Brahmaputra,27.49833333,88.53583333,23-05-2026 09:00,0.5
938,938,DAC Mangan,Sikkim,11,Sikkim,226,MANGAN,MANGAN,-,-,Brahmaputra,Brahmaputra,-,-,-,Brahmaputra,27.49833333,88.53583333,24-05-2026 01:00,0.5
939,939,DAC Mangan,Sikkim,11,Sikkim,226,MANGAN,MANGAN,-,-,Brahmaputra,Brahmaputra,-,-,-,Brahmaputra,27.49833333,88.53583333,24-05-2026 18:00,0.5
940,940,DAC Mangan,Sikkim,11,Sikkim,226,MANGAN,MANGAN,-,-,Brahmaputra,Brahmaputra,-,-,-,Brahmaputra,27.49833333,88.53583333,25-05-2026 14:00,0.5
941,941,DAC Mangan,Sikkim,11,Sikkim,226,MANGAN,MANGAN,-,-,Brahmaputra,Brahmaputra,-,-,-,Brahmaputra,27.49833333,88.53583333,26-05-2026 10:00,0.5
942,942,DAC Mangan,Sikkim,11,Sikkim,226,MANGAN,MANGAN,-,-,Brahmaputra,Brahmaputra,-,-,-,Brahmaputra,27.49833333,88.53583333,27-05-2026 10:00,0.5
943,943,DAC Mangan,Sikkim,11,Sikkim,226,MANGAN,MANGAN,-,-,Brahmaputra,Brahmaputra,-,-,-,Brahmaputra,27.49833333,88.53583333,28-05-2026 09:00,0.5
944,944,DAC Mangan,Sikkim,11,Sikkim,226,MANGAN,MANGAN,-,-,Brahmaputra,Brahmaputra,-,-,-,Brahmaputra,27.49833333,88.53583333,29-05-2026 15:00,0.5
945,945,DAC Mangan,Sikkim,11,Sikkim,226,MANGAN,MANGAN,-,-,Brahmaputra,Brahmaputra,-,-,-,Brahmaputra,27.49833333,88.53583333,30-05-2026 16:00,0.5
946,946,DAC Mangan,Sikkim,11,Sikkim,226,MANGAN,MANGAN,-,-,Brahmaputra,Brahmaputra,-,-,-,Brahmaputra,27.49833333,88.53583333,31-05-2026 20:00,0.5
947,947,DAC Mangan,Sikkim,11,Sikkim,226,MANGAN,MANGAN,-,-,Brahmaputra,Brahmaputra,-,-,-,Brahmaputra,27.49833333,88.53583333,02-06-2026 03:00,0.5
948,948,DAC Mangan,Sikkim,11,Sikkim,226,MANGAN,MANGAN,-,-,Brahmaputra,Brahmaputra,-,-,-,Brahmaputra,27.49833333,88.53583333,04-06-2026 00:00,0.5
949,949,DAC Mangan,Sikkim,11,Sikkim,226,MANGAN,MANGAN,-,-,Brahmaputra,Brahmaputra,-,-,-,Brahmaputra,27.49833333,88.53583333,05-06-2026 17:00,0.5
950,950,DAC Mangan,Sikkim,11,Sikkim,226,MANGAN,MANGAN,-,-,Brahmaputra,Brahmaputra,-,-,-,Brahmaputra,27.49833333,88.53583333,06-06-2026 11:00,0.5
951,951,DAC Mangan,Sikkim,11,Sikkim,226,MANGAN,MANGAN,-,-,Brahmaputra,Brahmaputra,-,-,-,Brahmaputra,27.49833333,88.53583333,07-06-2026 01:00,0.5
952,952,DAC Mangan,Sikkim,11,Sikkim,226,MANGAN,MANGAN,-,-,Brahmaputra,Brahmaputra,-,-,-,Brahmaputra,27.49833333,88.53583333,09-06-2026 22:00,1
953,953,DAC Mangan,Sikkim,11,Sikkim,226,MANGAN,MANGAN,-,-,Brahmaputra,Brahmaputra,-,-,-,Brahmaputra,27.49833333,88.53583333,09-06-2026 23:00,1.5
954,954,DAC Mangan,Sikkim,11,Sikkim,226,MANGAN,MANGAN,-,-,Brahmaputra,Brahmaputra,-,-,-,Brahmaputra,27.49833333,88.53583333,10-06-2026 00:00,2.5
955,955,DAC Mangan,Sikkim,11,Sikkim,226,MANGAN,MANGAN,-,-,Brahmaputra,Brahmaputra,-,-,-,Brahmaputra,27.49833333,88.53583333,10-06-2026 01:00,3
956,956,DAC Mangan,Sikkim,11,Sikkim,226,MANGAN,MANGAN,-,-,Brahmaputra,Brahmaputra,-,-,-,Brahmaputra,27.49833333,88.53583333,10-06-2026 02:00,0.5
957,957,DAC Mangan,Sikkim,11,Sikkim,226,MANGAN,MANGAN,-,-,Brahmaputra,Brahmaputra,-,-,-,Brahmaputra,27.49833333,88.53583333,10-06-2026 23:00,0.5
958,958,DAC Mangan,Sikkim,11,Sikkim,226,MANGAN,MANGAN,-,-,Brahmaputra,Brahmaputra,-,-,-,Brahmaputra,27.49833333,88.53583333,11-06-2026 00:00,2
959,959,DAC Mangan,Sikkim,11,Sikkim,226,MANGAN,MANGAN,-,-,Brahmaputra,Brahmaputra,-,-,-,Brahmaputra,27.49833333,88.53583333,11-06-2026 01:00,2.5
960,960,DAC Mangan,Sikkim,11,Sikkim,226,MANGAN,MANGAN,-,-,Brahmaputra,Brahmaputra,-,-,-,Brahmaputra,27.49833333,88.53583333,11-06-2026 02:00,2.5
961,961,DAC Mangan,Sikkim,11,Sikkim,226,MANGAN,MANGAN,-,-,Brahmaputra,Brahmaputra,-,-,-,Brahmaputra,27.49833333,88.53583333,11-06-2026 03:00,1.5
962,962,DAC Mangan,Sikkim,11,Sikkim,226,MANGAN,MANGAN,-,-,Brahmaputra,Brahmaputra,-,-,-,Brahmaputra,27.49833333,88.53583333,12-06-2026 01:00,1.5
963,963,DAC Mangan,Sikkim,11,Sikkim,226,MANGAN,MANGAN,-,-,Brahmaputra,Brahmaputra,-,-,-,Brahmaputra,27.49833333,88.53583333,16-06-2026 21:00,1
964,964,DAC Mangan,Sikkim,11,Sikkim,226,MANGAN,MANGAN,-,-,Brahmaputra,Brahmaputra,-,-,-,Brahmaputra,27.49833333,88.53583333,17-06-2026 03:00,0.5
965,965,DAC Mangan,Sikkim,11,Sikkim,226,MANGAN,MANGAN,-,-,Brahmaputra,Brahmaputra,-,-,-,Brahmaputra,27.49833333,88.53583333,17-06-2026 04:00,0.5
966,966,DAC Mangan,Sikkim,11,Sikkim,226,MANGAN,MANGAN,-,-,Brahmaputra,Brahmaputra,-,-,-,Brahmaputra,27.49833333,88.53583333,17-06-2026 23:00,6
967,967,DAC Mangan,Sikkim,11,Sikkim,226,MANGAN,MANGAN,-,-,Brahmaputra,Brahmaputra,-,-,-,Brahmaputra,27.49833333,88.53583333,18-06-2026 00:00,6.5
968,968,DAC Mangan,Sikkim,11,Sikkim,226,MANGAN,MANGAN,-,-,Brahmaputra,Brahmaputra,-,-,-,Brahmaputra,27.49833333,88.53583333,18-06-2026 01:00,2
969,969,DAC Mangan,Sikkim,11,Sikkim,226,MANGAN,MANGAN,-,-,Brahmaputra,Brahmaputra,-,-,-,Brahmaputra,27.49833333,88.53583333,18-06-2026 02:00,0.5
970,970,DAC Mangan,Sikkim,11,Sikkim,226,MANGAN,MANGAN,-,-,Brahmaputra,Brahmaputra,-,-,-,Brahmaputra,27.49833333,88.53583333,18-06-2026 03:00,12.5
971,971,DAC Mangan,Sikkim,11,Sikkim,226,MANGAN,MANGAN,-,-,Brahmaputra,Brahmaputra,-,-,-,Brahmaputra,27.49833333,88.53583333,18-06-2026 04:00,8
972,972,DAC Mangan,Sikkim,11,Sikkim,226,MANGAN,MANGAN,-,-,Brahmaputra,Brahmaputra,-,-,-,Brahmaputra,27.49833333,88.53583333,18-06-2026 05:00,1.5
973,973,DAC Mangan,Sikkim,11,Sikkim,226,MANGAN,MANGAN,-,-,Brahmaputra,Brahmaputra,-,-,-,Brahmaputra,27.49833333,88.53583333,18-06-2026 23:00,13.5
974,974,DAC Mangan,Sikkim,11,Sikkim,226,MANGAN,MANGAN,-,-,Brahmaputra,Brahmaputra,-,-,-,Brahmaputra,27.49833333,88.53583333,19-06-2026 00:00,17.5
975,975,DAC Mangan,Sikkim,11,Sikkim,226,MANGAN,MANGAN,-,-,Brahmaputra,Brahmaputra,-,-,-,Brahmaputra,27.49833333,88.53583333,19-06-2026 01:00,20
976,976,DAC Mangan,Sikkim,11,Sikkim,226,MANGAN,MANGAN,-,-,Brahmaputra,Brahmaputra,-,-,-,Brahmaputra,27.49833333,88.53583333,19-06-2026 02:00,6.5
977,977,DAC Mangan,Sikkim,11,Sikkim,226,MANGAN,MANGAN,-,-,Brahmaputra,Brahmaputra,-,-,-,Brahmaputra,27.49833333,88.53583333,19-06-2026 03:00,6.5
978,978,DAC Mangan,Sikkim,11,Sikkim,226,MANGAN,MANGAN,-,-,Brahmaputra,Brahmaputra,-,-,-,Brahmaputra,27.49833333,88.53583333,19-06-2026 04:00,3
979,979,DAC Mangan,Sikkim,11,Sikkim,226,MANGAN,MANGAN,-,-,Brahmaputra,Brahmaputra,-,-,-,Brahmaputra,27.49833333,88.53583333,19-06-2026 05:00,3.5
980,980,DAC Mangan,Sikkim,11,Sikkim,226,MANGAN,MANGAN,-,-,Brahmaputra,Brahmaputra,-,-,-,Brahmaputra,27.49833333,88.53583333,19-06-2026 06:00,2.5
981,981,DAC Mangan,Sikkim,11,Sikkim,226,MANGAN,MANGAN,-,-,Brahmaputra,Brahmaputra,-,-,-,Brahmaputra,27.49833333,88.53583333,19-06-2026 07:00,0.5
982,982,DAC Mangan,Sikkim,11,Sikkim,226,MANGAN,MANGAN,-,-,Brahmaputra,Brahmaputra,-,-,-,Brahmaputra,27.49833333,88.53583333,19-06-2026 08:00,0.5
983,983,DAC Mangan,Sikkim,11,Sikkim,226,MANGAN,MANGAN,-,-,Brahmaputra,Brahmaputra,-,-,-,Brahmaputra,27.49833333,88.53583333,19-06-2026 20:00,0.5
984,984,DAC Mangan,Sikkim,11,Sikkim,226,MANGAN,MANGAN,-,-,Brahmaputra,Brahmaputra,-,-,-,Brahmaputra,27.49833333,88.53583333,19-06-2026 21:00,4.5
985,985,DAC Mangan,Sikkim,11,Sikkim,226,MANGAN,MANGAN,-,-,Brahmaputra,Brahmaputra,-,-,-,Brahmaputra,27.49833333,88.53583333,19-06-2026 22:00,4
986,986,DAC Mangan,Sikkim,11,Sikkim,226,MANGAN,MANGAN,-,-,Brahmaputra,Brahmaputra,-,-,-,Brahmaputra,27.49833333,88.53583333,19-06-2026 23:00,6.5
987,987,DAC Mangan,Sikkim,11,Sikkim,226,MANGAN,MANGAN,-,-,Brahmaputra,Brahmaputra,-,-,-,Brahmaputra,27.49833333,88.53583333,20-06-2026 00:00,2.5
988,988,DAC Mangan,Sikkim,11,Sikkim,226,MANGAN,MANGAN,-,-,Brahmaputra,Brahmaputra,-,-,-,Brahmaputra,27.49833333,88.53583333,20-06-2026 01:00,1
989,989,DAC Mangan,Sikkim,11,Sikkim,226,MANGAN,MANGAN,-,-,Brahmaputra,Brahmaputra,-,-,-,Brahmaputra,27.49833333,88.53583333,20-06-2026 02:00,1.5
990,990,DAC Mangan,Sikkim,11,Sikkim,226,MANGAN,MANGAN,-,-,Brahmaputra,Brahmaputra,-,-,-,Brahmaputra,27.49833333,88.53583333,20-06-2026 03:00,1.5
991,991,DAC Mangan,Sikkim,11,Sikkim,226,MANGAN,MANGAN,-,-,Brahmaputra,Brahmaputra,-,-,-,Brahmaputra,27.49833333,88.53583333,20-06-2026 04:00,0.5
992,992,DAC Mangan,Sikkim,11,Sikkim,226,MANGAN,MANGAN,-,-,Brahmaputra,Brahmaputra,-,-,-,Brahmaputra,27.49833333,88.53583333,21-06-2026 02:00,0.5
993,993,DAC Mangan,Sikkim,11,Sikkim,226,MANGAN,MANGAN,-,-,Brahmaputra,Brahmaputra,-,-,-,Brahmaputra,27.49833333,88.53583333,21-06-2026 03:00,0.5
994,994,DAC Mangan,Sikkim,11,Sikkim,226,MANGAN,MANGAN,-,-,Brahmaputra,Brahmaputra,-,-,-,Brahmaputra,27.49833333,88.53583333,21-06-2026 05:00,1
995,995,DAC Mangan,Sikkim,11,Sikkim,226,MANGAN,MANGAN,-,-,Brahmaputra,Brahmaputra,-,-,-,Brahmaputra,27.49833333,88.53583333,21-06-2026 06:00,5
996,996,DAC Mangan,Sikkim,11,Sikkim,226,MANGAN,MANGAN,-,-,Brahmaputra,Brahmaputra,-,-,-,Brahmaputra,27.49833333,88.53583333,21-06-2026 07:00,11.5
997,997,DAC Mangan,Sikkim,11,Sikkim,226,MANGAN,MANGAN,-,-,Brahmaputra,Brahmaputra,-,-,-,Brahmaputra,27.49833333,88.53583333,21-06-2026 08:00,1
998,998,DAC Mangan,Sikkim,11,Sikkim,226,MANGAN,MANGAN,-,-,Brahmaputra,Brahmaputra,-,-,-,Brahmaputra,27.49833333,88.53583333,21-06-2026 09:00,0.5
999,999,DAC Mangan,Sikkim,11,Sikkim,226,MANGAN,MANGAN,-,-,Brahmaputra,Brahmaputra,-,-,-,Brahmaputra,27.49833333,88.53583333,21-06-2026 16:00,0.5
1000,1000,DAC Mangan,Sikkim,11,Sikkim,226,MANGAN,MANGAN,-,-,Brahmaputra,Brahmaputra,-,-,-,Brahmaputra,27.49833333,88.53583333,21-06-2026 17:00,2
1001,1001,DAC Mangan,Sikkim,11,Sikkim,226,MANGAN,MANGAN,-,-,Brahmaputra,Brahmaputra,-,-,-,Brahmaputra,27.49833333,88.53583333,21-06-2026 18:00,4
1002,1002,DAC Mangan,Sikkim,11,Sikkim,226,MANGAN,MANGAN,-,-,Brahmaputra,Brahmaputra,-,-,-,Brahmaputra,27.49833333,88.53583333,21-06-2026 19:00,2.5
1003,1003,DAC Mangan,Sikkim,11,Sikkim,226,MANGAN,MANGAN,-,-,Brahmaputra,Brahmaputra,-,-,-,Brahmaputra,27.49833333,88.53583333,21-06-2026 20:00,2
1004,1004,DAC Mangan,Sikkim,11,Sikkim,226,MANGAN,MANGAN,-,-,Brahmaputra,Brahmaputra,-,-,-,Brahmaputra,27.49833333,88.53583333,21-06-2026 21:00,4.5
1005,1005,DAC Mangan,Sikkim,11,Sikkim,226,MANGAN,MANGAN,-,-,Brahmaputra,Brahmaputra,-,-,-,Brahmaputra,27.49833333,88.53583333,21-06-2026 22:00,4.5
1006,1006,DAC Mangan,Sikkim,11,Sikkim,226,MANGAN,MANGAN,-,-,Brahmaputra,Brahmaputra,-,-,-,Brahmaputra,27.49833333,88.53583333,21-06-2026 23:00,5
1007,1007,DAC Mangan,Sikkim,11,Sikkim,226,MANGAN,MANGAN,-,-,Brahmaputra,Brahmaputra,-,-,-,Brahmaputra,27.49833333,88.53583333,22-06-2026 00:00,5.5
1008,1008,DAC Mangan,Sikkim,11,Sikkim,226,MANGAN,MANGAN,-,-,Brahmaputra,Brahmaputra,-,-,-,Brahmaputra,27.49833333,88.53583333,22-06-2026 01:00,4
1009,1009,DAC Mangan,Sikkim,11,Sikkim,226,MANGAN,MANGAN,-,-,Brahmaputra,Brahmaputra,-,-,-,Brahmaputra,27.49833333,88.53583333,22-06-2026 02:00,3.5
1010,1010,DAC Mangan,Sikkim,11,Sikkim,226,MANGAN,MANGAN,-,-,Brahmaputra,Brahmaputra,-,-,-,Brahmaputra,27.49833333,88.53583333,22-06-2026 03:00,2.5
1011,1011,DAC Mangan,Sikkim,11,Sikkim,226,MANGAN,MANGAN,-,-,Brahmaputra,Brahmaputra,-,-,-,Brahmaputra,27.49833333,88.53583333,22-06-2026 04:00,1.5
1012,1012,DAC Mangan,Sikkim,11,Sikkim,226,MANGAN,MANGAN,-,-,Brahmaputra,Brahmaputra,-,-,-,Brahmaputra,27.49833333,88.53583333,22-06-2026 05:00,2
1013,1013,DAC Mangan,Sikkim,11,Sikkim,226,MANGAN,MANGAN,-,-,Brahmaputra,Brahmaputra,-,-,-,Brahmaputra,27.49833333,88.53583333,22-06-2026 06:00,1
1014,1014,DAC Mangan,Sikkim,11,Sikkim,226,MANGAN,MANGAN,-,-,Brahmaputra,Brahmaputra,-,-,-,Brahmaputra,27.49833333,88.53583333,22-06-2026 07:00,0.5
1015,1015,DAC Mangan,Sikkim,11,Sikkim,226,MANGAN,MANGAN,-,-,Brahmaputra,Brahmaputra,-,-,-,Brahmaputra,27.49833333,88.53583333,22-06-2026 12:00,1.5
1016,1016,DAC Mangan,Sikkim,11,Sikkim,226,MANGAN,MANGAN,-,-,Brahmaputra,Brahmaputra,-,-,-,Brahmaputra,27.49833333,88.53583333,22-06-2026 13:00,1
1017,1017,DAC Mangan,Sikkim,11,Sikkim,226,MANGAN,MANGAN,-,-,Brahmaputra,Brahmaputra,-,-,-,Brahmaputra,27.49833333,88.53583333,22-06-2026 14:00,1.5
1018,1018,DAC Mangan,Sikkim,11,Sikkim,226,MANGAN,MANGAN,-,-,Brahmaputra,Brahmaputra,-,-,-,Brahmaputra,27.49833333,88.53583333,22-06-2026 15:00,1.5
1019,1019,DAC Mangan,Sikkim,11,Sikkim,226,MANGAN,MANGAN,-,-,Brahmaputra,Brahmaputra,-,-,-,Brahmaputra,27.49833333,88.53583333,22-06-2026 16:00,1.5
1020,1020,DAC Mangan,Sikkim,11,Sikkim,226,MANGAN,MANGAN,-,-,Brahmaputra,Brahmaputra,-,-,-,Brahmaputra,27.49833333,88.53583333,22-06-2026 17:00,2
1021,1021,DAC Mangan,Sikkim,11,Sikkim,226,MANGAN,MANGAN,-,-,Brahmaputra,Brahmaputra,-,-,-,Brahmaputra,27.49833333,88.53583333,22-06-2026 18:00,1.5
1022,1022,DAC Mangan,Sikkim,11,Sikkim,226,MANGAN,MANGAN,-,-,Brahmaputra,Brahmaputra,-,-,-,Brahmaputra,27.49833333,88.53583333,22-06-2026 19:00,1.5
1023,1023,DAC Mangan,Sikkim,11,Sikkim,226,MANGAN,MANGAN,-,-,Brahmaputra,Brahmaputra,-,-,-,Brahmaputra,27.49833333,88.53583333,22-06-2026 20:00,2
1024,1024,DAC Mangan,Sikkim,11,Sikkim,226,MANGAN,MANGAN,-,-,Brahmaputra,Brahmaputra,-,-,-,Brahmaputra,27.49833333,88.53583333,22-06-2026 21:00,2.5
1025,1025,DAC Mangan,Sikkim,11,Sikkim,226,MANGAN,MANGAN,-,-,Brahmaputra,Brahmaputra,-,-,-,Brahmaputra,27.49833333,88.53583333,22-06-2026 22:00,2
1026,1026,DAC Mangan,Sikkim,11,Sikkim,226,MANGAN,MANGAN,-,-,Brahmaputra,Brahmaputra,-,-,-,Brahmaputra,27.49833333,88.53583333,22-06-2026 23:00,2
1027,1027,DAC Mangan,Sikkim,11,Sikkim,226,MANGAN,MANGAN,-,-,Brahmaputra,Brahmaputra,-,-,-,Brahmaputra,27.49833333,88.53583333,23-06-2026 00:00,2.5
1028,1028,DAC Mangan,Sikkim,11,Sikkim,226,MANGAN,MANGAN,-,-,Brahmaputra,Brahmaputra,-,-,-,Brahmaputra,27.49833333,88.53583333,23-06-2026 01:00,2
1029,1029,DAC Mangan,Sikkim,11,Sikkim,226,MANGAN,MANGAN,-,-,Brahmaputra,Brahmaputra,-,-,-,Brahmaputra,27.49833333,88.53583333,23-06-2026 02:00,2
1030,1030,DAC Mangan,Sikkim,11,Sikkim,226,MANGAN,MANGAN,-,-,Brahmaputra,Brahmaputra,-,-,-,Brahmaputra,27.49833333,88.53583333,23-06-2026 03:00,1.5
1031,1031,DAC Mangan,Sikkim,11,Sikkim,226,MANGAN,MANGAN,-,-,Brahmaputra,Brahmaputra,-,-,-,Brahmaputra,27.49833333,88.53583333,23-06-2026 04:00,2
1032,1032,DAC Mangan,Sikkim,11,Sikkim,226,MANGAN,MANGAN,-,-,Brahmaputra,Brahmaputra,-,-,-,Brahmaputra,27.49833333,88.53583333,23-06-2026 05:00,2
1033,1033,DAC Mangan,Sikkim,11,Sikkim,226,MANGAN,MANGAN,-,-,Brahmaputra,Brahmaputra,-,-,-,Brahmaputra,27.49833333,88.53583333,23-06-2026 06:00,2
1034,1034,DAC Mangan,Sikkim,11,Sikkim,226,MANGAN,MANGAN,-,-,Brahmaputra,Brahmaputra,-,-,-,Brahmaputra,27.49833333,88.53583333,23-06-2026 07:00,1.5
1035,1035,DAC Mangan,Sikkim,11,Sikkim,226,MANGAN,MANGAN,-,-,Brahmaputra,Brahmaputra,-,-,-,Brahmaputra,27.49833333,88.53583333,23-06-2026 08:00,1.5
1036,1036,DAC Mangan,Sikkim,11,Sikkim,226,MANGAN,MANGAN,-,-,Brahmaputra,Brahmaputra,-,-,-,Brahmaputra,27.49833333,88.53583333,23-06-2026 09:00,1.5
1037,1037,DAC Mangan,Sikkim,11,Sikkim,226,MANGAN,MANGAN,-,-,Brahmaputra,Brahmaputra,-,-,-,Brahmaputra,27.49833333,88.53583333,23-06-2026 10:00,1.5
1038,1038,DAC Mangan,Sikkim,11,Sikkim,226,MANGAN,MANGAN,-,-,Brahmaputra,Brahmaputra,-,-,-,Brahmaputra,27.49833333,88.53583333,23-06-2026 11:00,1.5
1039,1039,DAC Mangan,Sikkim,11,Sikkim,226,MANGAN,MANGAN,-,-,Brahmaputra,Brahmaputra,-,-,-,Brahmaputra,27.49833333,88.53583333,23-06-2026 12:00,1.5
1040,1040,DAC Mangan,Sikkim,11,Sikkim,226,MANGAN,MANGAN,-,-,Brahmaputra,Brahmaputra,-,-,-,Brahmaputra,27.49833333,88.53583333,23-06-2026 13:00,1.5
1041,1041,DAC Mangan,Sikkim,11,Sikkim,226,MANGAN,MANGAN,-,-,Brahmaputra,Brahmaputra,-,-,-,Brahmaputra,27.49833333,88.53583333,23-06-2026 14:00,1.5
1042,1042,DAC Mangan,Sikkim,11,Sikkim,226,MANGAN,MANGAN,-,-,Brahmaputra,Brahmaputra,-,-,-,Brahmaputra,27.49833333,88.53583333,23-06-2026 15:00,1.5
1043,1043,DAC Mangan,Sikkim,11,Sikkim,226,MANGAN,MANGAN,-,-,Brahmaputra,Brahmaputra,-,-,-,Brahmaputra,27.49833333,88.53583333,23-06-2026 16:00,1.5
1044,1044,DAC Mangan,Sikkim,11,Sikkim,226,MANGAN,MANGAN,-,-,Brahmaputra,Brahmaputra,-,-,-,Brahmaputra,27.49833333,88.53583333,23-06-2026 17:00,1.5
1045,1045,DAC Mangan,Sikkim,11,Sikkim,226,MANGAN,MANGAN,-,-,Brahmaputra,Brahmaputra,-,-,-,Brahmaputra,27.49833333,88.53583333,23-06-2026 18:00,1.5
1046,1046,DAC Mangan,Sikkim,11,Sikkim,226,MANGAN,MANGAN,-,-,Brahmaputra,Brahmaputra,-,-,-,Brahmaputra,27.49833333,88.53583333,23-06-2026 19:00,1.5
1047,1047,DAC Mangan,Sikkim,11,Sikkim,226,MANGAN,MANGAN,-,-,Brahmaputra,Brahmaputra,-,-,-,Brahmaputra,27.49833333,88.53583333,23-06-2026 20:00,1.5
1048,1048,DAC Mangan,Sikkim,11,Sikkim,226,MANGAN,MANGAN,-,-,Brahmaputra,Brahmaputra,-,-,-,Brahmaputra,27.49833333,88.53583333,23-06-2026 21:00,2
1049,1049,DAC Mangan,Sikkim,11,Sikkim,226,MANGAN,MANGAN,-,-,Brahmaputra,Brahmaputra,-,-,-,Brahmaputra,27.49833333,88.53583333,23-06-2026 22:00,1.5
1050,1050,DAC Mangan,Sikkim,11,Sikkim,226,MANGAN,MANGAN,-,-,Brahmaputra,Brahmaputra,-,-,-,Brahmaputra,27.49833333,88.53583333,23-06-2026 23:00,1
1051,1051,DAC Mangan,Sikkim,11,Sikkim,226,MANGAN,MANGAN,-,-,Brahmaputra,Brahmaputra,-,-,-,Brahmaputra,27.49833333,88.53583333,24-06-2026 00:00,1.5
1052,1052,DAC Mangan,Sikkim,11,Sikkim,226,MANGAN,MANGAN,-,-,Brahmaputra,Brahmaputra,-,-,-,Brahmaputra,27.49833333,88.53583333,24-06-2026 01:00,1.5
1053,1053,DAC Mangan,Sikkim,11,Sikkim,226,MANGAN,MANGAN,-,-,Brahmaputra,Brahmaputra,-,-,-,Brahmaputra,27.49833333,88.53583333,24-06-2026 02:00,1
1054,1054,DAC Mangan,Sikkim,11,Sikkim,226,MANGAN,MANGAN,-,-,Brahmaputra,Brahmaputra,-,-,-,Brahmaputra,27.49833333,88.53583333,24-06-2026 03:00,1.5
1055,1055,DAC Mangan,Sikkim,11,Sikkim,226,MANGAN,MANGAN,-,-,Brahmaputra,Brahmaputra,-,-,-,Brahmaputra,27.49833333,88.53583333,24-06-2026 04:00,1
1056,1056,DAC Mangan,Sikkim,11,Sikkim,226,MANGAN,MANGAN,-,-,Brahmaputra,Brahmaputra,-,-,-,Brahmaputra,27.49833333,88.53583333,24-06-2026 05:00,1
1057,1057,DAC Mangan,Sikkim,11,Sikkim,226,MANGAN,MANGAN,-,-,Brahmaputra,Brahmaputra,-,-,-,Brahmaputra,27.49833333,88.53583333,24-06-2026 06:00,0.5
1058,1058,DAC Mangan,Sikkim,11,Sikkim,226,MANGAN,MANGAN,-,-,Brahmaputra,Brahmaputra,-,-,-,Brahmaputra,27.49833333,88.53583333,24-06-2026 07:00,0.5
1059,1059,DAC Mangan,Sikkim,11,Sikkim,226,MANGAN,MANGAN,-,-,Brahmaputra,Brahmaputra,-,-,-,Brahmaputra,27.49833333,88.53583333,24-06-2026 08:00,0.5
1060,1060,DAC Mangan,Sikkim,11,Sikkim,226,MANGAN,MANGAN,-,-,Brahmaputra,Brahmaputra,-,-,-,Brahmaputra,27.49833333,88.53583333,24-06-2026 09:00,0.5
1061,1061,DAC Mangan,Sikkim,11,Sikkim,226,MANGAN,MANGAN,-,-,Brahmaputra,Brahmaputra,-,-,-,Brahmaputra,27.49833333,88.53583333,24-06-2026 10:00,1
1062,1062,DAC Mangan,Sikkim,11,Sikkim,226,MANGAN,MANGAN,-,-,Brahmaputra,Brahmaputra,-,-,-,Brahmaputra,27.49833333,88.53583333,24-06-2026 11:00,0.5
1063,1063,DAC Mangan,Sikkim,11,Sikkim,226,MANGAN,MANGAN,-,-,Brahmaputra,Brahmaputra,-,-,-,Brahmaputra,27.49833333,88.53583333,24-06-2026 12:00,0.5
1064,1064,DAC Mangan,Sikkim,11,Sikkim,226,MANGAN,MANGAN,-,-,Brahmaputra,Brahmaputra,-,-,-,Brahmaputra,27.49833333,88.53583333,27-06-2026 12:00,0.5
1065,1065,DAC Mangan,Sikkim,11,Sikkim,226,MANGAN,MANGAN,-,-,Brahmaputra,Brahmaputra,-,-,-,Brahmaputra,27.49833333,88.53583333,27-06-2026 14:00,0.5
1066,1066,DAC Mangan,Sikkim,11,Sikkim,226,MANGAN,MANGAN,-,-,Brahmaputra,Brahmaputra,-,-,-,Brahmaputra,27.49833333,88.53583333,27-06-2026 16:00,0.5
1067,1067,DAC Mangan,Sikkim,11,Sikkim,226,MANGAN,MANGAN,-,-,Brahmaputra,Brahmaputra,-,-,-,Brahmaputra,27.49833333,88.53583333,27-06-2026 18:00,0.5
1068,1068,DAC Mangan,Sikkim,11,Sikkim,226,MANGAN,MANGAN,-,-,Brahmaputra,Brahmaputra,-,-,-,Brahmaputra,27.49833333,88.53583333,27-06-2026 21:00,0.5
1069,1069,DAC Mangan,Sikkim,11,Sikkim,226,MANGAN,MANGAN,-,-,Brahmaputra,Brahmaputra,-,-,-,Brahmaputra,27.49833333,88.53583333,27-06-2026 22:00,0.5
1070,1070,DAC Mangan,Sikkim,11,Sikkim,226,MANGAN,MANGAN,-,-,Brahmaputra,Brahmaputra,-,-,-,Brahmaputra,27.49833333,88.53583333,28-06-2026 00:00,1
1071,1071,DAC Mangan,Sikkim,11,Sikkim,226,MANGAN,MANGAN,-,-,Brahmaputra,Brahmaputra,-,-,-,Brahmaputra,27.49833333,88.53583333,28-06-2026 01:00,1
1072,1072,DAC Mangan,Sikkim,11,Sikkim,226,MANGAN,MANGAN,-,-,Brahmaputra,Brahmaputra,-,-,-,Brahmaputra,27.49833333,88.53583333,28-06-2026 02:00,1
1073,1073,DAC Mangan,Sikkim,11,Sikkim,226,MANGAN,MANGAN,-,-,Brahmaputra,Brahmaputra,-,-,-,Brahmaputra,27.49833333,88.53583333,28-06-2026 03:00,1
1074,1074,DAC Mangan,Sikkim,11,Sikkim,226,MANGAN,MANGAN,-,-,Brahmaputra,Brahmaputra,-,-,-,Brahmaputra,27.49833333,88.53583333,28-06-2026 04:00,1.5
1075,1075,DAC Mangan,Sikkim,11,Sikkim,226,MANGAN,MANGAN,-,-,Brahmaputra,Brahmaputra,-,-,-,Brahmaputra,27.49833333,88.53583333,28-06-2026 05:00,1
1076,1076,DAC Mangan,Sikkim,11,Sikkim,226,MANGAN,MANGAN,-,-,Brahmaputra,Brahmaputra,-,-,-,Brahmaputra,27.49833333,88.53583333,28-06-2026 06:00,2
1077,1077,DAC Mangan,Sikkim,11,Sikkim,226,MANGAN,MANGAN,-,-,Brahmaputra,Brahmaputra,-,-,-,Brahmaputra,27.49833333,88.53583333,28-06-2026 07:00,1.5
1078,1078,DAC Mangan,Sikkim,11,Sikkim,226,MANGAN,MANGAN,-,-,Brahmaputra,Brahmaputra,-,-,-,Brahmaputra,27.49833333,88.53583333,28-06-2026 08:00,1.5
1079,1079,DAC Mangan,Sikkim,11,Sikkim,226,MANGAN,MANGAN,-,-,Brahmaputra,Brahmaputra,-,-,-,Brahmaputra,27.49833333,88.53583333,28-06-2026 09:00,1.5
1080,1080,DAC Mangan,Sikkim,11,Sikkim,226,MANGAN,MANGAN,-,-,Brahmaputra,Brahmaputra,-,-,-,Brahmaputra,27.49833333,88.53583333,28-06-2026 10:00,1.5
1081,1081,DAC Mangan,Sikkim,11,Sikkim,226,MANGAN,MANGAN,-,-,Brahmaputra,Brahmaputra,-,-,-,Brahmaputra,27.49833333,88.53583333,28-06-2026 11:00,1
1082,1082,DAC Mangan,Sikkim,11,Sikkim,226,MANGAN,MANGAN,-,-,Brahmaputra,Brahmaputra,-,-,-,Brahmaputra,27.49833333,88.53583333,28-06-2026 12:00,1
1083,1083,DAC Mangan,Sikkim,11,Sikkim,226,MANGAN,MANGAN,-,-,Brahmaputra,Brahmaputra,-,-,-,Brahmaputra,27.49833333,88.53583333,28-06-2026 13:00,1
1084,1084,DAC Mangan,Sikkim,11,Sikkim,226,MANGAN,MANGAN,-,-,Brahmaputra,Brahmaputra,-,-,-,Brahmaputra,27.49833333,88.53583333,28-06-2026 14:00,1.5
1085,1085,DAC Mangan,Sikkim,11,Sikkim,226,MANGAN,MANGAN,-,-,Brahmaputra,Brahmaputra,-,-,-,Brahmaputra,27.49833333,88.53583333,28-06-2026 15:00,1.5
1086,1086,DAC Mangan,Sikkim,11,Sikkim,226,MANGAN,MANGAN,-,-,Brahmaputra,Brahmaputra,-,-,-,Brahmaputra,27.49833333,88.53583333,28-06-2026 16:00,2
1087,1087,DAC Mangan,Sikkim,11,Sikkim,226,MANGAN,MANGAN,-,-,Brahmaputra,Brahmaputra,-,-,-,Brahmaputra,27.49833333,88.53583333,28-06-2026 17:00,1.5
1088,1088,DAC Mangan,Sikkim,11,Sikkim,226,MANGAN,MANGAN,-,-,Brahmaputra,Brahmaputra,-,-,-,Brahmaputra,27.49833333,88.53583333,28-06-2026 18:00,2
1089,1089,DAC Mangan,Sikkim,11,Sikkim,226,MANGAN,MANGAN,-,-,Brahmaputra,Brahmaputra,-,-,-,Brahmaputra,27.49833333,88.53583333,28-06-2026 19:00,1.5
1090,1090,DAC Mangan,Sikkim,11,Sikkim,226,MANGAN,MANGAN,-,-,Brahmaputra,Brahmaputra,-,-,-,Brahmaputra,27.49833333,88.53583333,28-06-2026 20:00,1.5
1091,1091,DAC Mangan,Sikkim,11,Sikkim,226,MANGAN,MANGAN,-,-,Brahmaputra,Brahmaputra,-,-,-,Brahmaputra,27.49833333,88.53583333,28-06-2026 21:00,1
1092,1092,DAC Mangan,Sikkim,11,Sikkim,226,MANGAN,MANGAN,-,-,Brahmaputra,Brahmaputra,-,-,-,Brahmaputra,27.49833333,88.53583333,28-06-2026 22:00,1.5
1093,1093,DAC Mangan,Sikkim,11,Sikkim,226,MANGAN,MANGAN,-,-,Brahmaputra,Brahmaputra,-,-,-,Brahmaputra,27.49833333,88.53583333,28-06-2026 23:00,1.5
1094,1094,DAC Mangan,Sikkim,11,Sikkim,226,MANGAN,MANGAN,-,-,Brahmaputra,Brahmaputra,-,-,-,Brahmaputra,27.49833333,88.53583333,29-06-2026 00:00,2
1095,1095,DAC Mangan,Sikkim,11,Sikkim,226,MANGAN,MANGAN,-,-,Brahmaputra,Brahmaputra,-,-,-,Brahmaputra,27.49833333,88.53583333,29-06-2026 01:00,1.5
1096,1096,DAC Mangan,Sikkim,11,Sikkim,226,MANGAN,MANGAN,-,-,Brahmaputra,Brahmaputra,-,-,-,Brahmaputra,27.49833333,88.53583333,29-06-2026 02:00,3
1097,1097,DAC Mangan,Sikkim,11,Sikkim,226,MANGAN,MANGAN,-,-,Brahmaputra,Brahmaputra,-,-,-,Brahmaputra,27.49833333,88.53583333,29-06-2026 03:00,3.5
1098,1098,DAC Mangan,Sikkim,11,Sikkim,226,MANGAN,MANGAN,-,-,Brahmaputra,Brahmaputra,-,-,-,Brahmaputra,27.49833333,88.53583333,29-06-2026 04:00,3
1099,1099,DAC Mangan,Sikkim,11,Sikkim,226,MANGAN,MANGAN,-,-,Brahmaputra,Brahmaputra,-,-,-,Brahmaputra,27.49833333,88.53583333,29-06-2026 05:00,3.5
1100,1100,DAC Mangan,Sikkim,11,Sikkim,226,MANGAN,MANGAN,-,-,Brahmaputra,Brahmaputra,-,-,-,Brahmaputra,27.49833333,88.53583333,29-06-2026 06:00,2.5
1101,1101,DAC Mangan,Sikkim,11,Sikkim,226,MANGAN,MANGAN,-,-,Brahmaputra,Brahmaputra,-,-,-,Brahmaputra,27.49833333,88.53583333,29-06-2026 07:00,3
1102,1102,DAC Mangan,Sikkim,11,Sikkim,226,MANGAN,MANGAN,-,-,Brahmaputra,Brahmaputra,-,-,-,Brahmaputra,27.49833333,88.53583333,29-06-2026 08:00,2.5
1103,1103,DAC Mangan,Sikkim,11,Sikkim,226,MANGAN,MANGAN,-,-,Brahmaputra,Brahmaputra,-,-,-,Brahmaputra,27.49833333,88.53583333,29-06-2026 09:00,3.5
1104,1104,DAC Mangan,Sikkim,11,Sikkim,226,MANGAN,MANGAN,-,-,Brahmaputra,Brahmaputra,-,-,-,Brahmaputra,27.49833333,88.53583333,29-06-2026 10:00,2.5
1105,1105,DAC Mangan,Sikkim,11,Sikkim,226,MANGAN,MANGAN,-,-,Brahmaputra,Brahmaputra,-,-,-,Brahmaputra,27.49833333,88.53583333,29-06-2026 11:00,2.5
1106,1106,DAC Mangan,Sikkim,11,Sikkim,226,MANGAN,MANGAN,-,-,Brahmaputra,Brahmaputra,-,-,-,Brahmaputra,27.49833333,88.53583333,29-06-2026 12:00,2.5
1107,1107,DAC Mangan,Sikkim,11,Sikkim,226,MANGAN,MANGAN,-,-,Brahmaputra,Brahmaputra,-,-,-,Brahmaputra,27.49833333,88.53583333,29-06-2026 13:00,2.5
1108,1108,DAC Mangan,Sikkim,11,Sikkim,226,MANGAN,MANGAN,-,-,Brahmaputra,Brahmaputra,-,-,-,Brahmaputra,27.49833333,88.53583333,29-06-2026 14:00,2
1109,1109,DAC Mangan,Sikkim,11,Sikkim,226,MANGAN,MANGAN,-,-,Brahmaputra,Brahmaputra,-,-,-,Brahmaputra,27.49833333,88.53583333,29-06-2026 15:00,1.5
1110,1110,DAC Mangan,Sikkim,11,Sikkim,226,MANGAN,MANGAN,-,-,Brahmaputra,Brahmaputra,-,-,-,Brahmaputra,27.49833333,88.53583333,29-06-2026 16:00,1.5
1111,1111,DAC Mangan,Sikkim,11,Sikkim,226,MANGAN,MANGAN,-,-,Brahmaputra,Brahmaputra,-,-,-,Brahmaputra,27.49833333,88.53583333,29-06-2026 17:00,1.5
1112,1112,DAC Mangan,Sikkim,11,Sikkim,226,MANGAN,MANGAN,-,-,Brahmaputra,Brahmaputra,-,-,-,Brahmaputra,27.49833333,88.53583333,29-06-2026 18:00,1
1113,1113,DAC Mangan,Sikkim,11,Sikkim,226,MANGAN,MANGAN,-,-,Brahmaputra,Brahmaputra,-,-,-,Brahmaputra,27.49833333,88.53583333,29-06-2026 19:00,1.5
1114,1114,DAC Mangan,Sikkim,11,Sikkim,226,MANGAN,MANGAN,-,-,Brahmaputra,Brahmaputra,-,-,-,Brahmaputra,27.49833333,88.53583333,29-06-2026 20:00,1.5
1115,1115,DAC Mangan,Sikkim,11,Sikkim,226,MANGAN,MANGAN,-,-,Brahmaputra,Brahmaputra,-,-,-,Brahmaputra,27.49833333,88.53583333,29-06-2026 21:00,1
1116,1116,DAC Mangan,Sikkim,11,Sikkim,226,MANGAN,MANGAN,-,-,Brahmaputra,Brahmaputra,-,-,-,Brahmaputra,27.49833333,88.53583333,29-06-2026 22:00,1
1117,1117,DAC Mangan,Sikkim,11,Sikkim,226,MANGAN,MANGAN,-,-,Brahmaputra,Brahmaputra,-,-,-,Brahmaputra,27.49833333,88.53583333,29-06-2026 23:00,1.5
1118,1118,DAC Mangan,Sikkim,11,Sikkim,226,MANGAN,MANGAN,-,-,Brahmaputra,Brahmaputra,-,-,-,Brahmaputra,27.49833333,88.53583333,30-06-2026 00:00,1
1119,1119,DAC Mangan,Sikkim,11,Sikkim,226,MANGAN,MANGAN,-,-,Brahmaputra,Brahmaputra,-,-,-,Brahmaputra,27.49833333,88.53583333,30-06-2026 01:00,1
1120,1120,DAC Mangan,Sikkim,11,Sikkim,226,MANGAN,MANGAN,-,-,Brahmaputra,Brahmaputra,-,-,-,Brahmaputra,27.49833333,88.53583333,30-06-2026 02:00,1.5
1121,1121,DAC Mangan,Sikkim,11,Sikkim,226,MANGAN,MANGAN,-,-,Brahmaputra,Brahmaputra,-,-,-,Brahmaputra,27.49833333,88.53583333,30-06-2026 03:00,1
1122,1122,DAC Mangan,Sikkim,11,Sikkim,226,MANGAN,MANGAN,-,-,Brahmaputra,Brahmaputra,-,-,-,Brahmaputra,27.49833333,88.53583333,30-06-2026 04:00,1.5
1123,1123,DAC Mangan,Sikkim,11,Sikkim,226,MANGAN,MANGAN,-,-,Brahmaputra,Brahmaputra,-,-,-,Brahmaputra,27.49833333,88.53583333,30-06-2026 05:00,1
1124,1124,DAC Mangan,Sikkim,11,Sikkim,226,MANGAN,MANGAN,-,-,Brahmaputra,Brahmaputra,-,-,-,Brahmaputra,27.49833333,88.53583333,30-06-2026 06:00,1
1125,1125,DAC Mangan,Sikkim,11,Sikkim,226,MANGAN,MANGAN,-,-,Brahmaputra,Brahmaputra,-,-,-,Brahmaputra,27.49833333,88.53583333,30-06-2026 07:00,1.5
1126,1126,DAC Mangan,Sikkim,11,Sikkim,226,MANGAN,MANGAN,-,-,Brahmaputra,Brahmaputra,-,-,-,Brahmaputra,27.49833333,88.53583333,30-06-2026 08:00,1
1127,1127,DAC Mangan,Sikkim,11,Sikkim,226,MANGAN,MANGAN,-,-,Brahmaputra,Brahmaputra,-,-,-,Brahmaputra,27.49833333,88.53583333,30-06-2026 09:00,1
1128,1128,DAC Mangan,Sikkim,11,Sikkim,226,MANGAN,MANGAN,-,-,Brahmaputra,Brahmaputra,-,-,-,Brahmaputra,27.49833333,88.53583333,30-06-2026 10:00,1
1129,1129,DAC Mangan,Sikkim,11,Sikkim,226,MANGAN,MANGAN,-,-,Brahmaputra,Brahmaputra,-,-,-,Brahmaputra,27.49833333,88.53583333,30-06-2026 11:00,0.5
1130,1130,DAC Mangan,Sikkim,11,Sikkim,226,MANGAN,MANGAN,-,-,Brahmaputra,Brahmaputra,-,-,-,Brahmaputra,27.49833333,88.53583333,30-06-2026 12:00,1
1131,1131,DAC Mangan,Sikkim,11,Sikkim,226,MANGAN,MANGAN,-,-,Brahmaputra,Brahmaputra,-,-,-,Brahmaputra,27.49833333,88.53583333,30-06-2026 13:00,0.5
1132,1132,DAC Mangan,Sikkim,11,Sikkim,226,MANGAN,MANGAN,-,-,Brahmaputra,Brahmaputra,-,-,-,Brahmaputra,27.49833333,88.53583333,30-06-2026 14:00,1
1133,1133,DAC Mangan,Sikkim,11,Sikkim,226,MANGAN,MANGAN,-,-,Brahmaputra,Brahmaputra,-,-,-,Brahmaputra,27.49833333,88.53583333,30-06-2026 15:00,1
1134,1134,DAC Mangan,Sikkim,11,Sikkim,226,MANGAN,MANGAN,-,-,Brahmaputra,Brahmaputra,-,-,-,Brahmaputra,27.49833333,88.53583333,30-06-2026 16:00,1
1135,1135,DAC Mangan,Sikkim,11,Sikkim,226,MANGAN,MANGAN,-,-,Brahmaputra,Brahmaputra,-,-,-,Brahmaputra,27.49833333,88.53583333,30-06-2026 17:00,1
1136,1136,DAC Mangan,Sikkim,11,Sikkim,226,MANGAN,MANGAN,-,-,Brahmaputra,Brahmaputra,-,-,-,Brahmaputra,27.49833333,88.53583333,30-06-2026 18:00,1.5
1137,1137,DAC Mangan,Sikkim,11,Sikkim,226,MANGAN,MANGAN,-,-,Brahmaputra,Brahmaputra,-,-,-,Brahmaputra,27.49833333,88.53583333,30-06-2026 19:00,1
1138,1138,DAC Mangan,Sikkim,11,Sikkim,226,MANGAN,MANGAN,-,-,Brahmaputra,Brahmaputra,-,-,-,Brahmaputra,27.49833333,88.53583333,30-06-2026 20:00,1.5
1139,1139,DAC Mangan,Sikkim,11,Sikkim,226,MANGAN,MANGAN,-,-,Brahmaputra,Brahmaputra,-,-,-,Brahmaputra,27.49833333,88.53583333,30-06-2026 21:00,1.5
1140,1140,DAC Mangan,Sikkim,11,Sikkim,226,MANGAN,MANGAN,-,-,Brahmaputra,Brahmaputra,-,-,-,Brahmaputra,27.49833333,88.53583333,30-06-2026 22:00,1
1141,1141,DAC Mangan,Sikkim,11,Sikkim,226,MANGAN,MANGAN,-,-,Brahmaputra,Brahmaputra,-,-,-,Brahmaputra,27.49833333,88.53583333,30-06-2026 23:00,2
1142,1142,DAC Mangan,Sikkim,11,Sikkim,226,MANGAN,MANGAN,-,-,Brahmaputra,Brahmaputra,-,-,-,Brahmaputra,27.49833333,88.53583333,01-07-2026 00:00,1.5
1143,1143,DAC Mangan,Sikkim,11,Sikkim,226,MANGAN,MANGAN,-,-,Brahmaputra,Brahmaputra,-,-,-,Brahmaputra,27.49833333,88.53583333,01-07-2026 01:00,2.5
1144,1144,DAC Mangan,Sikkim,11,Sikkim,226,MANGAN,MANGAN,-,-,Brahmaputra,Brahmaputra,-,-,-,Brahmaputra,27.49833333,88.53583333,01-07-2026 02:00,2
1145,1145,DAC Mangan,Sikkim,11,Sikkim,226,MANGAN,MANGAN,-,-,Brahmaputra,Brahmaputra,-,-,-,Brahmaputra,27.49833333,88.53583333,01-07-2026 03:00,2.5
1146,1146,DAC Mangan,Sikkim,11,Sikkim,226,MANGAN,MANGAN,-,-,Brahmaputra,Brahmaputra,-,-,-,Brahmaputra,27.49833333,88.53583333,01-07-2026 04:00,3
1147,1147,DAC Mangan,Sikkim,11,Sikkim,226,MANGAN,MANGAN,-,-,Brahmaputra,Brahmaputra,-,-,-,Brahmaputra,27.49833333,88.53583333,01-07-2026 05:00,2.5
1148,1148,DAC Mangan,Sikkim,11,Sikkim,226,MANGAN,MANGAN,-,-,Brahmaputra,Brahmaputra,-,-,-,Brahmaputra,27.49833333,88.53583333,01-07-2026 06:00,3
1149,1149,DAC Mangan,Sikkim,11,Sikkim,226,MANGAN,MANGAN,-,-,Brahmaputra,Brahmaputra,-,-,-,Brahmaputra,27.49833333,88.53583333,01-07-2026 07:00,3
1150,1150,DAC Mangan,Sikkim,11,Sikkim,226,MANGAN,MANGAN,-,-,Brahmaputra,Brahmaputra,-,-,-,Brahmaputra,27.49833333,88.53583333,01-07-2026 08:00,2.5
1151,1151,DAC Mangan,Sikkim,11,Sikkim,226,MANGAN,MANGAN,-,-,Brahmaputra,Brahmaputra,-,-,-,Brahmaputra,27.49833333,88.53583333,01-07-2026 09:00,3
1152,1152,DAC Mangan,Sikkim,11,Sikkim,226,MANGAN,MANGAN,-,-,Brahmaputra,Brahmaputra,-,-,-,Brahmaputra,27.49833333,88.53583333,01-07-2026 10:00,2.5
1153,1153,DAC Mangan,Sikkim,11,Sikkim,226,MANGAN,MANGAN,-,-,Brahmaputra,Brahmaputra,-,-,-,Brahmaputra,27.49833333,88.53583333,01-07-2026 11:00,2
1154,1154,DAC Mangan,Sikkim,11,Sikkim,226,MANGAN,MANGAN,-,-,Brahmaputra,Brahmaputra,-,-,-,Brahmaputra,27.49833333,88.53583333,01-07-2026 12:00,2.5
1155,1155,DAC Mangan,Sikkim,11,Sikkim,226,MANGAN,MANGAN,-,-,Brahmaputra,Brahmaputra,-,-,-,Brahmaputra,27.49833333,88.53583333,01-07-2026 13:00,1.5
1156,1156,DAC Mangan,Sikkim,11,Sikkim,226,MANGAN,MANGAN,-,-,Brahmaputra,Brahmaputra,-,-,-,Brahmaputra,27.49833333,88.53583333,01-07-2026 14:00,2
1157,1157,DAC Mangan,Sikkim,11,Sikkim,226,MANGAN,MANGAN,-,-,Brahmaputra,Brahmaputra,-,-,-,Brahmaputra,27.49833333,88.53583333,01-07-2026 15:00,1
1158,1158,DAC Mangan,Sikkim,11,Sikkim,226,MANGAN,MANGAN,-,-,Brahmaputra,Brahmaputra,-,-,-,Brahmaputra,27.49833333,88.53583333,01-07-2026 16:00,1.5
1159,1159,DAC Mangan,Sikkim,11,Sikkim,226,MANGAN,MANGAN,-,-,Brahmaputra,Brahmaputra,-,-,-,Brahmaputra,27.49833333,88.53583333,01-07-2026 17:00,1
1160,1160,DAC Mangan,Sikkim,11,Sikkim,226,MANGAN,MANGAN,-,-,Brahmaputra,Brahmaputra,-,-,-,Brahmaputra,27.49833333,88.53583333,01-07-2026 18:00,1.5
1161,1161,DAC Mangan,Sikkim,11,Sikkim,226,MANGAN,MANGAN,-,-,Brahmaputra,Brahmaputra,-,-,-,Brahmaputra,27.49833333,88.53583333,01-07-2026 19:00,1
1162,1162,DAC Mangan,Sikkim,11,Sikkim,226,MANGAN,MANGAN,-,-,Brahmaputra,Brahmaputra,-,-,-,Brahmaputra,27.49833333,88.53583333,01-07-2026 20:00,1.5
1163,1163,DAC Mangan,Sikkim,11,Sikkim,226,MANGAN,MANGAN,-,-,Brahmaputra,Brahmaputra,-,-,-,Brahmaputra,27.49833333,88.53583333,01-07-2026 21:00,1.5
1164,1164,DAC Mangan,Sikkim,11,Sikkim,226,MANGAN,MANGAN,-,-,Brahmaputra,Brahmaputra,-,-,-,Brahmaputra,27.49833333,88.53583333,01-07-2026 22:00,1
1165,1165,DAC Mangan,Sikkim,11,Sikkim,226,MANGAN,MANGAN,-,-,Brahmaputra,Brahmaputra,-,-,-,Brahmaputra,27.49833333,88.53583333,01-07-2026 23:00,1
1166,1166,DAC Mangan,Sikkim,11,Sikkim,226,MANGAN,MANGAN,-,-,Brahmaputra,Brahmaputra,-,-,-,Brahmaputra,27.49833333,88.53583333,02-07-2026 00:00,1.5
1167,1167,DAC Mangan,Sikkim,11,Sikkim,226,MANGAN,MANGAN,-,-,Brahmaputra,Brahmaputra,-,-,-,Brahmaputra,27.49833333,88.53583333,02-07-2026 01:00,1
1168,1168,DAC Mangan,Sikkim,11,Sikkim,226,MANGAN,MANGAN,-,-,Brahmaputra,Brahmaputra,-,-,-,Brahmaputra,27.49833333,88.53583333,02-07-2026 02:00,1
1169,1169,DAC Mangan,Sikkim,11,Sikkim,226,MANGAN,MANGAN,-,-,Brahmaputra,Brahmaputra,-,-,-,Brahmaputra,27.49833333,88.53583333,02-07-2026 03:00,1
1170,1170,DAC Mangan,Sikkim,11,Sikkim,226,MANGAN,MANGAN,-,-,Brahmaputra,Brahmaputra,-,-,-,Brahmaputra,27.49833333,88.53583333,02-07-2026 04:00,1
1171,1171,DAC Mangan,Sikkim,11,Sikkim,226,MANGAN,MANGAN,-,-,Brahmaputra,Brahmaputra,-,-,-,Brahmaputra,27.49833333,88.53583333,02-07-2026 05:00,1
1172,1172,DAC Mangan,Sikkim,11,Sikkim,226,MANGAN,MANGAN,-,-,Brahmaputra,Brahmaputra,-,-,-,Brahmaputra,27.49833333,88.53583333,02-07-2026 06:00,1
1173,1173,DAC Mangan,Sikkim,11,Sikkim,226,MANGAN,MANGAN,-,-,Brahmaputra,Brahmaputra,-,-,-,Brahmaputra,27.49833333,88.53583333,02-07-2026 07:00,0.5
1174,1174,DAC Mangan,Sikkim,11,Sikkim,226,MANGAN,MANGAN,-,-,Brahmaputra,Brahmaputra,-,-,-,Brahmaputra,27.49833333,88.53583333,02-07-2026 08:00,1
1175,1175,DAC Mangan,Sikkim,11,Sikkim,226,MANGAN,MANGAN,-,-,Brahmaputra,Brahmaputra,-,-,-,Brahmaputra,27.49833333,88.53583333,02-07-2026 09:00,0.5
1176,1176,DAC Mangan,Sikkim,11,Sikkim,226,MANGAN,MANGAN,-,-,Brahmaputra,Brahmaputra,-,-,-,Brahmaputra,27.49833333,88.53583333,02-07-2026 10:00,1
1177,1177,DAC Mangan,Sikkim,11,Sikkim,226,MANGAN,MANGAN,-,-,Brahmaputra,Brahmaputra,-,-,-,Brahmaputra,27.49833333,88.53583333,02-07-2026 11:00,1
1178,1178,DAC Mangan,Sikkim,11,Sikkim,226,MANGAN,MANGAN,-,-,Brahmaputra,Brahmaputra,-,-,-,Brahmaputra,27.49833333,88.53583333,02-07-2026 12:00,1
1179,1179,DAC Mangan,Sikkim,11,Sikkim,226,MANGAN,MANGAN,-,-,Brahmaputra,Brahmaputra,-,-,-,Brahmaputra,27.49833333,88.53583333,02-07-2026 13:00,0.5
1180,1180,DAC Mangan,Sikkim,11,Sikkim,226,MANGAN,MANGAN,-,-,Brahmaputra,Brahmaputra,-,-,-,Brahmaputra,27.49833333,88.53583333,02-07-2026 14:00,0.5
1181,1181,DAC Mangan,Sikkim,11,Sikkim,226,MANGAN,MANGAN,-,-,Brahmaputra,Brahmaputra,-,-,-,Brahmaputra,27.49833333,88.53583333,02-07-2026 15:00,0.5
1182,1182,DAC Mangan,Sikkim,11,Sikkim,226,MANGAN,MANGAN,-,-,Brahmaputra,Brahmaputra,-,-,-,Brahmaputra,27.49833333,88.53583333,02-07-2026 16:00,1
1183,1183,DAC Mangan,Sikkim,11,Sikkim,226,MANGAN,MANGAN,-,-,Brahmaputra,Brahmaputra,-,-,-,Brahmaputra,27.49833333,88.53583333,02-07-2026 17:00,0.5
1184,1184,DAC Mangan,Sikkim,11,Sikkim,226,MANGAN,MANGAN,-,-,Brahmaputra,Brahmaputra,-,-,-,Brahmaputra,27.49833333,88.53583333,02-07-2026 18:00,1
1185,1185,DAC Mangan,Sikkim,11,Sikkim,226,MANGAN,MANGAN,-,-,Brahmaputra,Brahmaputra,-,-,-,Brahmaputra,27.49833333,88.53583333,02-07-2026 19:00,1
1186,1186,DAC Mangan,Sikkim,11,Sikkim,226,MANGAN,MANGAN,-,-,Brahmaputra,Brahmaputra,-,-,-,Brahmaputra,27.49833333,88.53583333,02-07-2026 20:00,1
1187,1187,DAC Mangan,Sikkim,11,Sikkim,226,MANGAN,MANGAN,-,-,Brahmaputra,Brahmaputra,-,-,-,Brahmaputra,27.49833333,88.53583333,02-07-2026 21:00,1
1188,1188,DAC Mangan,Sikkim,11,Sikkim,226,MANGAN,MANGAN,-,-,Brahmaputra,Brahmaputra,-,-,-,Brahmaputra,27.49833333,88.53583333,02-07-2026 22:00,1
1189,1189,DAC Mangan,Sikkim,11,Sikkim,226,MANGAN,MANGAN,-,-,Brahmaputra,Brahmaputra,-,-,-,Brahmaputra,27.49833333,88.53583333,02-07-2026 23:00,1
1190,1190,DAC Mangan,Sikkim,11,Sikkim,226,MANGAN,MANGAN,-,-,Brahmaputra,Brahmaputra,-,-,-,Brahmaputra,27.49833333,88.53583333,03-07-2026 00:00,1.5
1191,1191,DAC Mangan,Sikkim,11,Sikkim,226,MANGAN,MANGAN,-,-,Brahmaputra,Brahmaputra,-,-,-,Brahmaputra,27.49833333,88.53583333,03-07-2026 01:00,1
1192,1192,DAC Mangan,Sikkim,11,Sikkim,226,MANGAN,MANGAN,-,-,Brahmaputra,Brahmaputra,-,-,-,Brahmaputra,27.49833333,88.53583333,03-07-2026 02:00,1
1193,1193,DAC Mangan,Sikkim,11,Sikkim,226,MANGAN,MANGAN,-,-,Brahmaputra,Brahmaputra,-,-,-,Brahmaputra,27.49833333,88.53583333,03-07-2026 03:00,1.5
1194,1194,DAC Mangan,Sikkim,11,Sikkim,226,MANGAN,MANGAN,-,-,Brahmaputra,Brahmaputra,-,-,-,Brahmaputra,27.49833333,88.53583333,03-07-2026 04:00,0.5
1195,1195,DAC Mangan,Sikkim,11,Sikkim,226,MANGAN,MANGAN,-,-,Brahmaputra,Brahmaputra,-,-,-,Brahmaputra,27.49833333,88.53583333,03-07-2026 05:00,1
1196,1196,DAC Mangan,Sikkim,11,Sikkim,226,MANGAN,MANGAN,-,-,Brahmaputra,Brahmaputra,-,-,-,Brahmaputra,27.49833333,88.53583333,03-07-2026 06:00,0.5
1197,1197,DAC Mangan,Sikkim,11,Sikkim,226,MANGAN,MANGAN,-,-,Brahmaputra,Brahmaputra,-,-,-,Brahmaputra,27.49833333,88.53583333,03-07-2026 07:00,0.5
1198,1198,DAC Mangan,Sikkim,11,Sikkim,226,MANGAN,MANGAN,-,-,Brahmaputra,Brahmaputra,-,-,-,Brahmaputra,27.49833333,88.53583333,03-07-2026 08:00,1
1199,1199,DAC Mangan,Sikkim,11,Sikkim,226,MANGAN,MANGAN,-,-,Brahmaputra,Brahmaputra,-,-,-,Brahmaputra,27.49833333,88.53583333,03-07-2026 10:00,0.5
1200,1200,DAC Mangan,Sikkim,11,Sikkim,226,MANGAN,MANGAN,-,-,Brahmaputra,Brahmaputra,-,-,-,Brahmaputra,27.49833333,88.53583333,03-07-2026 11:00,0.5
1201,1201,DAC Mangan,Sikkim,11,Sikkim,226,MANGAN,MANGAN,-,-,Brahmaputra,Brahmaputra,-,-,-,Brahmaputra,27.49833333,88.53583333,03-07-2026 12:00,1.5
1202,1202,DAC Mangan,Sikkim,11,Sikkim,226,MANGAN,MANGAN,-,-,Brahmaputra,Brahmaputra,-,-,-,Brahmaputra,27.49833333,88.53583333,03-07-2026 13:00,1
1203,1203,DAC Mangan,Sikkim,11,Sikkim,226,MANGAN,MANGAN,-,-,Brahmaputra,Brahmaputra,-,-,-,Brahmaputra,27.49833333,88.53583333,03-07-2026 14:00,0.5
1204,1204,DAC Mangan,Sikkim,11,Sikkim,226,MANGAN,MANGAN,-,-,Brahmaputra,Brahmaputra,-,-,-,Brahmaputra,27.49833333,88.53583333,03-07-2026 15:00,1
1205,1205,DAC Mangan,Sikkim,11,Sikkim,226,MANGAN,MANGAN,-,-,Brahmaputra,Brahmaputra,-,-,-,Brahmaputra,27.49833333,88.53583333,03-07-2026 17:00,0.5
1206,1206,DAC Mangan,Sikkim,11,Sikkim,226,MANGAN,MANGAN,-,-,Brahmaputra,Brahmaputra,-,-,-,Brahmaputra,27.49833333,88.53583333,03-07-2026 18:00,0.5
1207,1207,DAC Mangan,Sikkim,11,Sikkim,226,MANGAN,MANGAN,-,-,Brahmaputra,Brahmaputra,-,-,-,Brahmaputra,27.49833333,88.53583333,03-07-2026 19:00,0.5
1208,1208,DAC Mangan,Sikkim,11,Sikkim,226,MANGAN,MANGAN,-,-,Brahmaputra,Brahmaputra,-,-,-,Brahmaputra,27.49833333,88.53583333,03-07-2026 20:00,0.5
1209,1209,DAC Mangan,Sikkim,11,Sikkim,226,MANGAN,MANGAN,-,-,Brahmaputra,Brahmaputra,-,-,-,Brahmaputra,27.49833333,88.53583333,03-07-2026 21:00,1
1210,1210,DAC Mangan,Sikkim,11,Sikkim,226,MANGAN,MANGAN,-,-,Brahmaputra,Brahmaputra,-,-,-,Brahmaputra,27.49833333,88.53583333,03-07-2026 22:00,0.5
1211,1211,DAC Mangan,Sikkim,11,Sikkim,226,MANGAN,MANGAN,-,-,Brahmaputra,Brahmaputra,-,-,-,Brahmaputra,27.49833333,88.53583333,03-07-2026 23:00,1
1212,1212,DAC Mangan,Sikkim,11,Sikkim,226,MANGAN,MANGAN,-,-,Brahmaputra,Brahmaputra,-,-,-,Brahmaputra,27.49833333,88.53583333,04-07-2026 00:00,0.5
1213,1213,DAC Mangan,Sikkim,11,Sikkim,226,MANGAN,MANGAN,-,-,Brahmaputra,Brahmaputra,-,-,-,Brahmaputra,27.49833333,88.53583333,04-07-2026 01:00,1
1214,1214,DAC Mangan,Sikkim,11,Sikkim,226,MANGAN,MANGAN,-,-,Brahmaputra,Brahmaputra,-,-,-,Brahmaputra,27.49833333,88.53583333,04-07-2026 02:00,1
1215,1215,DAC Mangan,Sikkim,11,Sikkim,226,MANGAN,MANGAN,-,-,Brahmaputra,Brahmaputra,-,-,-,Brahmaputra,27.49833333,88.53583333,04-07-2026 03:00,1
1216,1216,DAC Mangan,Sikkim,11,Sikkim,226,MANGAN,MANGAN,-,-,Brahmaputra,Brahmaputra,-,-,-,Brahmaputra,27.49833333,88.53583333,04-07-2026 04:00,1
1217,1217,DAC Mangan,Sikkim,11,Sikkim,226,MANGAN,MANGAN,-,-,Brahmaputra,Brahmaputra,-,-,-,Brahmaputra,27.49833333,88.53583333,04-07-2026 05:00,1.5
1218,1218,DAC Mangan,Sikkim,11,Sikkim,226,MANGAN,MANGAN,-,-,Brahmaputra,Brahmaputra,-,-,-,Brahmaputra,27.49833333,88.53583333,04-07-2026 06:00,1
1219,1219,DAC Mangan,Sikkim,11,Sikkim,226,MANGAN,MANGAN,-,-,Brahmaputra,Brahmaputra,-,-,-,Brahmaputra,27.49833333,88.53583333,04-07-2026 07:00,1.5
1220,1220,DAC Mangan,Sikkim,11,Sikkim,226,MANGAN,MANGAN,-,-,Brahmaputra,Brahmaputra,-,-,-,Brahmaputra,27.49833333,88.53583333,04-07-2026 08:00,1
1221,1221,DAC Mangan,Sikkim,11,Sikkim,226,MANGAN,MANGAN,-,-,Brahmaputra,Brahmaputra,-,-,-,Brahmaputra,27.49833333,88.53583333,04-07-2026 09:00,1
1222,1222,DAC Mangan,Sikkim,11,Sikkim,226,MANGAN,MANGAN,-,-,Brahmaputra,Brahmaputra,-,-,-,Brahmaputra,27.49833333,88.53583333,04-07-2026 11:00,1
1223,1223,DAC Mangan,Sikkim,11,Sikkim,226,MANGAN,MANGAN,-,-,Brahmaputra,Brahmaputra,-,-,-,Brahmaputra,27.49833333,88.53583333,04-07-2026 12:00,0.5
1224,1224,DAC Mangan,Sikkim,11,Sikkim,226,MANGAN,MANGAN,-,-,Brahmaputra,Brahmaputra,-,-,-,Brahmaputra,27.49833333,88.53583333,04-07-2026 13:00,1
1225,1225,DAC Mangan,Sikkim,11,Sikkim,226,MANGAN,MANGAN,-,-,Brahmaputra,Brahmaputra,-,-,-,Brahmaputra,27.49833333,88.53583333,04-07-2026 14:00,0.5
1226,1226,DAC Mangan,Sikkim,11,Sikkim,226,MANGAN,MANGAN,-,-,Brahmaputra,Brahmaputra,-,-,-,Brahmaputra,27.49833333,88.53583333,04-07-2026 15:00,0.5
1227,1227,DAC Mangan,Sikkim,11,Sikkim,226,MANGAN,MANGAN,-,-,Brahmaputra,Brahmaputra,-,-,-,Brahmaputra,27.49833333,88.53583333,04-07-2026 16:00,0.5
1228,1228,DAC Mangan,Sikkim,11,Sikkim,226,MANGAN,MANGAN,-,-,Brahmaputra,Brahmaputra,-,-,-,Brahmaputra,27.49833333,88.53583333,04-07-2026 17:00,0.5
1229,1229,DAC Mangan,Sikkim,11,Sikkim,226,MANGAN,MANGAN,-,-,Brahmaputra,Brahmaputra,-,-,-,Brahmaputra,27.49833333,88.53583333,04-07-2026 18:00,0.5
1230,1230,DAC Mangan,Sikkim,11,Sikkim,226,MANGAN,MANGAN,-,-,Brahmaputra,Brahmaputra,-,-,-,Brahmaputra,27.49833333,88.53583333,04-07-2026 19:00,1
1231,1231,DAC Mangan,Sikkim,11,Sikkim,226,MANGAN,MANGAN,-,-,Brahmaputra,Brahmaputra,-,-,-,Brahmaputra,27.49833333,88.53583333,04-07-2026 20:00,0.5
1232,1232,DAC Mangan,Sikkim,11,Sikkim,226,MANGAN,MANGAN,-,-,Brahmaputra,Brahmaputra,-,-,-,Brahmaputra,27.49833333,88.53583333,04-07-2026 21:00,0.5
1233,1233,DAC Mangan,Sikkim,11,Sikkim,226,MANGAN,MANGAN,-,-,Brahmaputra,Brahmaputra,-,-,-,Brahmaputra,27.49833333,88.53583333,04-07-2026 22:00,0.5
1234,1234,DAC Mangan,Sikkim,11,Sikkim,226,MANGAN,MANGAN,-,-,Brahmaputra,Brahmaputra,-,-,-,Brahmaputra,27.49833333,88.53583333,04-07-2026 23:00,0.5
1235,1235,DAC Mangan,Sikkim,11,Sikkim,226,MANGAN,MANGAN,-,-,Brahmaputra,Brahmaputra,-,-,-,Brahmaputra,27.49833333,88.53583333,05-07-2026 00:00,0.5
1236,1236,DAC Mangan,Sikkim,11,Sikkim,226,MANGAN,MANGAN,-,-,Brahmaputra,Brahmaputra,-,-,-,Brahmaputra,27.49833333,88.53583333,05-07-2026 01:00,0.5
1237,1237,DAC Mangan,Sikkim,11,Sikkim,226,MANGAN,MANGAN,-,-,Brahmaputra,Brahmaputra,-,-,-,Brahmaputra,27.49833333,88.53583333,05-07-2026 02:00,0.5
1238,1238,DAC Mangan,Sikkim,11,Sikkim,226,MANGAN,MANGAN,-,-,Brahmaputra,Brahmaputra,-,-,-,Brahmaputra,27.49833333,88.53583333,05-07-2026 03:00,0.5
1239,1239,DAC Mangan,Sikkim,11,Sikkim,226,MANGAN,MANGAN,-,-,Brahmaputra,Brahmaputra,-,-,-,Brahmaputra,27.49833333,88.53583333,05-07-2026 04:00,0.5
1240,1240,DAC Mangan,Sikkim,11,Sikkim,226,MANGAN,MANGAN,-,-,Brahmaputra,Brahmaputra,-,-,-,Brahmaputra,27.49833333,88.53583333,05-07-2026 06:00,0.5
1241,1241,DAC Mangan,Sikkim,11,Sikkim,226,MANGAN,MANGAN,-,-,Brahmaputra,Brahmaputra,-,-,-,Brahmaputra,27.49833333,88.53583333,05-07-2026 07:00,0.5
1242,1242,DAC Mangan,Sikkim,11,Sikkim,226,MANGAN,MANGAN,-,-,Brahmaputra,Brahmaputra,-,-,-,Brahmaputra,27.49833333,88.53583333,05-07-2026 08:00,0.5
1243,1243,DAC Mangan,Sikkim,11,Sikkim,226,MANGAN,MANGAN,-,-,Brahmaputra,Brahmaputra,-,-,-,Brahmaputra,27.49833333,88.53583333,05-07-2026 09:00,1
1244,1244,DAC Mangan,Sikkim,11,Sikkim,226,MANGAN,MANGAN,-,-,Brahmaputra,Brahmaputra,-,-,-,Brahmaputra,27.49833333,88.53583333,05-07-2026 10:00,0.5
1245,1245,DAC Mangan,Sikkim,11,Sikkim,226,MANGAN,MANGAN,-,-,Brahmaputra,Brahmaputra,-,-,-,Brahmaputra,27.49833333,88.53583333,05-07-2026 11:00,0.5
1246,1246,DAC Mangan,Sikkim,11,Sikkim,226,MANGAN,MANGAN,-,-,Brahmaputra,Brahmaputra,-,-,-,Brahmaputra,27.49833333,88.53583333,05-07-2026 12:00,0.5
1247,1247,DAC Mangan,Sikkim,11,Sikkim,226,MANGAN,MANGAN,-,-,Brahmaputra,Brahmaputra,-,-,-,Brahmaputra,27.49833333,88.53583333,05-07-2026 14:00,0.5
1248,1248,DAC Mangan,Sikkim,11,Sikkim,226,MANGAN,MANGAN,-,-,Brahmaputra,Brahmaputra,-,-,-,Brahmaputra,27.49833333,88.53583333,05-07-2026 16:00,0.5
1249,1249,DAC Mangan,Sikkim,11,Sikkim,226,MANGAN,MANGAN,-,-,Brahmaputra,Brahmaputra,-,-,-,Brahmaputra,27.49833333,88.53583333,05-07-2026 18:00,1
1250,1250,DAC Mangan,Sikkim,11,Sikkim,226,MANGAN,MANGAN,-,-,Brahmaputra,Brahmaputra,-,-,-,Brahmaputra,27.49833333,88.53583333,05-07-2026 19:00,0.5
1251,1251,DAC Mangan,Sikkim,11,Sikkim,226,MANGAN,MANGAN,-,-,Brahmaputra,Brahmaputra,-,-,-,Brahmaputra,27.49833333,88.53583333,05-07-2026 21:00,1
1252,1252,DAC Mangan,Sikkim,11,Sikkim,226,MANGAN,MANGAN,-,-,Brahmaputra,Brahmaputra,-,-,-,Brahmaputra,27.49833333,88.53583333,05-07-2026 22:00,1
1253,1253,DAC Mangan,Sikkim,11,Sikkim,226,MANGAN,MANGAN,-,-,Brahmaputra,Brahmaputra,-,-,-,Brahmaputra,27.49833333,88.53583333,05-07-2026 23:00,0.5
1254,1254,DAC Mangan,Sikkim,11,Sikkim,226,MANGAN,MANGAN,-,-,Brahmaputra,Brahmaputra,-,-,-,Brahmaputra,27.49833333,88.53583333,06-07-2026 00:00,1
1255,1255,DAC Mangan,Sikkim,11,Sikkim,226,MANGAN,MANGAN,-,-,Brahmaputra,Brahmaputra,-,-,-,Brahmaputra,27.49833333,88.53583333,06-07-2026 01:00,0.5
1256,1256,DAC Mangan,Sikkim,11,Sikkim,226,MANGAN,MANGAN,-,-,Brahmaputra,Brahmaputra,-,-,-,Brahmaputra,27.49833333,88.53583333,06-07-2026 02:00,0.5
1257,1257,DAC Mangan,Sikkim,11,Sikkim,226,MANGAN,MANGAN,-,-,Brahmaputra,Brahmaputra,-,-,-,Brahmaputra,27.49833333,88.53583333,06-07-2026 03:00,0.5
1258,1258,DAC Mangan,Sikkim,11,Sikkim,226,MANGAN,MANGAN,-,-,Brahmaputra,Brahmaputra,-,-,-,Brahmaputra,27.49833333,88.53583333,06-07-2026 06:00,0.5
1259,1259,DAC Mangan,Sikkim,11,Sikkim,226,MANGAN,MANGAN,-,-,Brahmaputra,Brahmaputra,-,-,-,Brahmaputra,27.49833333,88.53583333,06-07-2026 09:00,0.5
1260,1260,DAC Mangan,Sikkim,11,Sikkim,226,MANGAN,MANGAN,-,-,Brahmaputra,Brahmaputra,-,-,-,Brahmaputra,27.49833333,88.53583333,06-07-2026 13:00,0.5
1261,1261,DAC Mangan,Sikkim,11,Sikkim,226,MANGAN,MANGAN,-,-,Brahmaputra,Brahmaputra,-,-,-,Brahmaputra,27.49833333,88.53583333,06-07-2026 15:00,0.5
1262,1262,DAC Mangan,Sikkim,11,Sikkim,226,MANGAN,MANGAN,-,-,Brahmaputra,Brahmaputra,-,-,-,Brahmaputra,27.49833333,88.53583333,06-07-2026 17:00,0.5
1263,1263,DAC Mangan,Sikkim,11,Sikkim,226,MANGAN,MANGAN,-,-,Brahmaputra,Brahmaputra,-,-,-,Brahmaputra,27.49833333,88.53583333,06-07-2026 20:00,0.5
1264,1264,DAC Mangan,Sikkim,11,Sikkim,226,MANGAN,MANGAN,-,-,Brahmaputra,Brahmaputra,-,-,-,Brahmaputra,27.49833333,88.53583333,06-07-2026 23:00,0.5
1265,1265,DAC Mangan,Sikkim,11,Sikkim,226,MANGAN,MANGAN,-,-,Brahmaputra,Brahmaputra,-,-,-,Brahmaputra,27.49833333,88.53583333,07-07-2026 02:00,0.5
1266,1266,DAC Mangan,Sikkim,11,Sikkim,226,MANGAN,MANGAN,-,-,Brahmaputra,Brahmaputra,-,-,-,Brahmaputra,27.49833333,88.53583333,07-07-2026 05:00,0.5
1267,1267,DAC Mangan,Sikkim,11,Sikkim,226,MANGAN,MANGAN,-,-,Brahmaputra,Brahmaputra,-,-,-,Brahmaputra,27.49833333,88.53583333,07-07-2026 07:00,14.5
1268,1268,DAC Mangan,Sikkim,11,Sikkim,226,MANGAN,MANGAN,-,-,Brahmaputra,Brahmaputra,-,-,-,Brahmaputra,27.49833333,88.53583333,07-07-2026 08:00,3
1269,1269,DAC Mangan,Sikkim,11,Sikkim,226,MANGAN,MANGAN,-,-,Brahmaputra,Brahmaputra,-,-,-,Brahmaputra,27.49833333,88.53583333,07-07-2026 11:00,0.5
1270,1270,DAC Mangan,Sikkim,11,Sikkim,226,MANGAN,MANGAN,-,-,Brahmaputra,Brahmaputra,-,-,-,Brahmaputra,27.49833333,88.53583333,07-07-2026 13:00,0.5
1271,1271,DAC Mangan,Sikkim,11,Sikkim,226,MANGAN,MANGAN,-,-,Brahmaputra,Brahmaputra,-,-,-,Brahmaputra,27.49833333,88.53583333,07-07-2026 15:00,0.5
1272,1272,DAC Mangan,Sikkim,11,Sikkim,226,MANGAN,MANGAN,-,-,Brahmaputra,Brahmaputra,-,-,-,Brahmaputra,27.49833333,88.53583333,07-07-2026 18:00,0.5
1273,1273,DAC Mangan,Sikkim,11,Sikkim,226,MANGAN,MANGAN,-,-,Brahmaputra,Brahmaputra,-,-,-,Brahmaputra,27.49833333,88.53583333,07-07-2026 20:00,0.5
1274,1274,DAC Mangan,Sikkim,11,Sikkim,226,MANGAN,MANGAN,-,-,Brahmaputra,Brahmaputra,-,-,-,Brahmaputra,27.49833333,88.53583333,07-07-2026 22:00,0.5
1275,1275,DAC Mangan,Sikkim,11,Sikkim,226,MANGAN,MANGAN,-,-,Brahmaputra,Brahmaputra,-,-,-,Brahmaputra,27.49833333,88.53583333,08-07-2026 01:00,0.5
1276,1276,DAC Mangan,Sikkim,11,Sikkim,226,MANGAN,MANGAN,-,-,Brahmaputra,Brahmaputra,-,-,-,Brahmaputra,27.49833333,88.53583333,08-07-2026 03:00,0.5
1277,1277,DAC Mangan,Sikkim,11,Sikkim,226,MANGAN,MANGAN,-,-,Brahmaputra,Brahmaputra,-,-,-,Brahmaputra,27.49833333,88.53583333,08-07-2026 06:00,0.5
1278,1278,DAC Mangan,Sikkim,11,Sikkim,226,MANGAN,MANGAN,-,-,Brahmaputra,Brahmaputra,-,-,-,Brahmaputra,27.49833333,88.53583333,08-07-2026 09:00,0.5
1279,1279,DAC Mangan,Sikkim,11,Sikkim,226,MANGAN,MANGAN,-,-,Brahmaputra,Brahmaputra,-,-,-,Brahmaputra,27.49833333,88.53583333,08-07-2026 12:00,0.5
1280,1280,DAC Mangan,Sikkim,11,Sikkim,226,MANGAN,MANGAN,-,-,Brahmaputra,Brahmaputra,-,-,-,Brahmaputra,27.49833333,88.53583333,08-07-2026 14:00,0.5
1281,1281,DAC Mangan,Sikkim,11,Sikkim,226,MANGAN,MANGAN,-,-,Brahmaputra,Brahmaputra,-,-,-,Brahmaputra,27.49833333,88.53583333,08-07-2026 16:00,0.5
1282,1282,DAC Mangan,Sikkim,11,Sikkim,226,MANGAN,MANGAN,-,-,Brahmaputra,Brahmaputra,-,-,-,Brahmaputra,27.49833333,88.53583333,08-07-2026 17:00,0.5
1283,1283,DAC Mangan,Sikkim,11,Sikkim,226,MANGAN,MANGAN,-,-,Brahmaputra,Brahmaputra,-,-,-,Brahmaputra,27.49833333,88.53583333,08-07-2026 18:00,0.5
1284,1284,DAC Mangan,Sikkim,11,Sikkim,226,MANGAN,MANGAN,-,-,Brahmaputra,Brahmaputra,-,-,-,Brahmaputra,27.49833333,88.53583333,08-07-2026 20:00,0.5
1285,1285,DAC Mangan,Sikkim,11,Sikkim,226,MANGAN,MANGAN,-,-,Brahmaputra,Brahmaputra,-,-,-,Brahmaputra,27.49833333,88.53583333,08-07-2026 22:00,0.5
1286,1286,DAC Mangan,Sikkim,11,Sikkim,226,MANGAN,MANGAN,-,-,Brahmaputra,Brahmaputra,-,-,-,Brahmaputra,27.49833333,88.53583333,09-07-2026 01:00,0.5
1287,1287,DAC Mangan,Sikkim,11,Sikkim,226,MANGAN,MANGAN,-,-,Brahmaputra,Brahmaputra,-,-,-,Brahmaputra,27.49833333,88.53583333,09-07-2026 04:00,0.5
1288,1288,DAC Mangan,Sikkim,11,Sikkim,226,MANGAN,MANGAN,-,-,Brahmaputra,Brahmaputra,-,-,-,Brahmaputra,27.49833333,88.53583333,09-07-2026 08:00,0.5
1289,1289,DAC Mangan,Sikkim,11,Sikkim,226,MANGAN,MANGAN,-,-,Brahmaputra,Brahmaputra,-,-,-,Brahmaputra,27.49833333,88.53583333,09-07-2026 12:00,0.5
1290,1290,DAC Mangan,Sikkim,11,Sikkim,226,MANGAN,MANGAN,-,-,Brahmaputra,Brahmaputra,-,-,-,Brahmaputra,27.49833333,88.53583333,09-07-2026 13:00,0.5
1291,1291,DAC Mangan,Sikkim,11,Sikkim,226,MANGAN,MANGAN,-,-,Brahmaputra,Brahmaputra,-,-,-,Brahmaputra,27.49833333,88.53583333,09-07-2026 14:00,0.5
1292,1292,DAC Mangan,Sikkim,11,Sikkim,226,MANGAN,MANGAN,-,-,Brahmaputra,Brahmaputra,-,-,-,Brahmaputra,27.49833333,88.53583333,09-07-2026 15:00,0.5
1293,1293,DAC Mangan,Sikkim,11,Sikkim,226,MANGAN,MANGAN,-,-,Brahmaputra,Brahmaputra,-,-,-,Brahmaputra,27.49833333,88.53583333,09-07-2026 17:00,0.5
1294,1294,DAC Mangan,Sikkim,11,Sikkim,226,MANGAN,MANGAN,-,-,Brahmaputra,Brahmaputra,-,-,-,Brahmaputra,27.49833333,88.53583333,09-07-2026 18:00,0.5
1295,1295,DAC Mangan,Sikkim,11,Sikkim,226,MANGAN,MANGAN,-,-,Brahmaputra,Brahmaputra,-,-,-,Brahmaputra,27.49833333,88.53583333,09-07-2026 19:00,0.5
1296,1296,DAC Mangan,Sikkim,11,Sikkim,226,MANGAN,MANGAN,-,-,Brahmaputra,Brahmaputra,-,-,-,Brahmaputra,27.49833333,88.53583333,09-07-2026 20:00,0.5
1297,1297,DAC Mangan,Sikkim,11,Sikkim,226,MANGAN,MANGAN,-,-,Brahmaputra,Brahmaputra,-,-,-,Brahmaputra,27.49833333,88.53583333,09-07-2026 22:00,1
1298,1298,DAC Mangan,Sikkim,11,Sikkim,226,MANGAN,MANGAN,-,-,Brahmaputra,Brahmaputra,-,-,-,Brahmaputra,27.49833333,88.53583333,10-07-2026 00:00,0.5
1299,1299,DAC Mangan,Sikkim,11,Sikkim,226,MANGAN,MANGAN,-,-,Brahmaputra,Brahmaputra,-,-,-,Brahmaputra,27.49833333,88.53583333,10-07-2026 01:00,0.5
1300,1300,DAC Mangan,Sikkim,11,Sikkim,226,MANGAN,MANGAN,-,-,Brahmaputra,Brahmaputra,-,-,-,Brahmaputra,27.49833333,88.53583333,10-07-2026 04:00,0.5
1301,1301,DAC Mangan,Sikkim,11,Sikkim,226,MANGAN,MANGAN,-,-,Brahmaputra,Brahmaputra,-,-,-,Brahmaputra,27.49833333,88.53583333,10-07-2026 06:00,0.5
1302,1302,DAC Mangan,Sikkim,11,Sikkim,226,MANGAN,MANGAN,-,-,Brahmaputra,Brahmaputra,-,-,-,Brahmaputra,27.49833333,88.53583333,10-07-2026 08:00,0.5
1303,1303,DAC Mangan,Sikkim,11,Sikkim,226,MANGAN,MANGAN,-,-,Brahmaputra,Brahmaputra,-,-,-,Brahmaputra,27.49833333,88.53583333,10-07-2026 09:00,0.5
1304,1304,DAC Mangan,Sikkim,11,Sikkim,226,MANGAN,MANGAN,-,-,Brahmaputra,Brahmaputra,-,-,-,Brahmaputra,27.49833333,88.53583333,10-07-2026 10:00,0.5
1305,1305,DAC Mangan,Sikkim,11,Sikkim,226,MANGAN,MANGAN,-,-,Brahmaputra,Brahmaputra,-,-,-,Brahmaputra,27.49833333,88.53583333,10-07-2026 12:00,0.5
1306,1306,DAC Mangan,Sikkim,11,Sikkim,226,MANGAN,MANGAN,-,-,Brahmaputra,Brahmaputra,-,-,-,Brahmaputra,27.49833333,88.53583333,10-07-2026 13:00,0.5
1307,1307,DAC Mangan,Sikkim,11,Sikkim,226,MANGAN,MANGAN,-,-,Brahmaputra,Brahmaputra,-,-,-,Brahmaputra,27.49833333,88.53583333,10-07-2026 14:00,0.5
1308,1308,DAC Mangan,Sikkim,11,Sikkim,226,MANGAN,MANGAN,-,-,Brahmaputra,Brahmaputra,-,-,-,Brahmaputra,27.49833333,88.53583333,10-07-2026 17:00,0.5
1309,1309,DAC Mangan,Sikkim,11,Sikkim,226,MANGAN,MANGAN,-,-,Brahmaputra,Brahmaputra,-,-,-,Brahmaputra,27.49833333,88.53583333,10-07-2026 19:00,0.5
1310,1310,DAC Mangan,Sikkim,11,Sikkim,226,MANGAN,MANGAN,-,-,Brahmaputra,Brahmaputra,-,-,-,Brahmaputra,27.49833333,88.53583333,10-07-2026 21:00,0.5
1311,1311,DAC Mangan,Sikkim,11,Sikkim,226,MANGAN,MANGAN,-,-,Brahmaputra,Brahmaputra,-,-,-,Brahmaputra,27.49833333,88.53583333,10-07-2026 22:00,0.5
1312,1312,DAC Mangan,Sikkim,11,Sikkim,226,MANGAN,MANGAN,-,-,Brahmaputra,Brahmaputra,-,-,-,Brahmaputra,27.49833333,88.53583333,11-07-2026 01:00,0.5
1313,1313,DAC Mangan,Sikkim,11,Sikkim,226,MANGAN,MANGAN,-,-,Brahmaputra,Brahmaputra,-,-,-,Brahmaputra,27.49833333,88.53583333,11-07-2026 03:00,0.5
1314,1314,DAC Mangan,Sikkim,11,Sikkim,226,MANGAN,MANGAN,-,-,Brahmaputra,Brahmaputra,-,-,-,Brahmaputra,27.49833333,88.53583333,11-07-2026 05:00,0.5
1315,1315,DAC Mangan,Sikkim,11,Sikkim,226,MANGAN,MANGAN,-,-,Brahmaputra,Brahmaputra,-,-,-,Brahmaputra,27.49833333,88.53583333,11-07-2026 08:00,0.5
1316,1316,DAC Mangan,Sikkim,11,Sikkim,226,MANGAN,MANGAN,-,-,Brahmaputra,Brahmaputra,-,-,-,Brahmaputra,27.49833333,88.53583333,11-07-2026 11:00,0.5
1317,1317,DAC Mangan,Sikkim,11,Sikkim,226,MANGAN,MANGAN,-,-,Brahmaputra,Brahmaputra,-,-,-,Brahmaputra,27.49833333,88.53583333,11-07-2026 12:00,0.5
1318,1318,DAC Mangan,Sikkim,11,Sikkim,226,MANGAN,MANGAN,-,-,Brahmaputra,Brahmaputra,-,-,-,Brahmaputra,27.49833333,88.53583333,11-07-2026 13:00,0.5
1319,1319,DAC Mangan,Sikkim,11,Sikkim,226,MANGAN,MANGAN,-,-,Brahmaputra,Brahmaputra,-,-,-,Brahmaputra,27.49833333,88.53583333,11-07-2026 14:00,0.5
1320,1320,DAC Mangan,Sikkim,11,Sikkim,226,MANGAN,MANGAN,-,-,Brahmaputra,Brahmaputra,-,-,-,Brahmaputra,27.49833333,88.53583333,11-07-2026 16:00,0.5
1321,1321,DAC Mangan,Sikkim,11,Sikkim,226,MANGAN,MANGAN,-,-,Brahmaputra,Brahmaputra,-,-,-,Brahmaputra,27.49833333,88.53583333,11-07-2026 18:00,0.5
1322,1322,DAC Mangan,Sikkim,11,Sikkim,226,MANGAN,MANGAN,-,-,Brahmaputra,Brahmaputra,-,-,-,Brahmaputra,27.49833333,88.53583333,11-07-2026 21:00,0.5
1323,1323,DAC Mangan,Sikkim,11,Sikkim,226,MANGAN,MANGAN,-,-,Brahmaputra,Brahmaputra,-,-,-,Brahmaputra,27.49833333,88.53583333,12-07-2026 00:00,0.5
1324,1324,DAC Mangan,Sikkim,11,Sikkim,226,MANGAN,MANGAN,-,-,Brahmaputra,Brahmaputra,-,-,-,Brahmaputra,27.49833333,88.53583333,12-07-2026 02:00,0.5
1325,1325,DAC Mangan,Sikkim,11,Sikkim,226,MANGAN,MANGAN,-,-,Brahmaputra,Brahmaputra,-,-,-,Brahmaputra,27.49833333,88.53583333,12-07-2026 04:00,0.5
1326,1326,DAC Mangan,Sikkim,11,Sikkim,226,MANGAN,MANGAN,-,-,Brahmaputra,Brahmaputra,-,-,-,Brahmaputra,27.49833333,88.53583333,12-07-2026 07:00,0.5
1327,1327,DAC Mangan,Sikkim,11,Sikkim,226,MANGAN,MANGAN,-,-,Brahmaputra,Brahmaputra,-,-,-,Brahmaputra,27.49833333,88.53583333,12-07-2026 09:00,0.5
1328,1328,DAC Mangan,Sikkim,11,Sikkim,226,MANGAN,MANGAN,-,-,Brahmaputra,Brahmaputra,-,-,-,Brahmaputra,27.49833333,88.53583333,12-07-2026 10:00,0.5
1329,1329,DAC Mangan,Sikkim,11,Sikkim,226,MANGAN,MANGAN,-,-,Brahmaputra,Brahmaputra,-,-,-,Brahmaputra,27.49833333,88.53583333,12-07-2026 11:00,0.5
1330,1330,DAC Mangan,Sikkim,11,Sikkim,226,MANGAN,MANGAN,-,-,Brahmaputra,Brahmaputra,-,-,-,Brahmaputra,27.49833333,88.53583333,12-07-2026 13:00,0.5
1331,1331,DAC Mangan,Sikkim,11,Sikkim,226,MANGAN,MANGAN,-,-,Brahmaputra,Brahmaputra,-,-,-,Brahmaputra,27.49833333,88.53583333,12-07-2026 14:00,0.5
1332,1332,DAC Mangan,Sikkim,11,Sikkim,226,MANGAN,MANGAN,-,-,Brahmaputra,Brahmaputra,-,-,-,Brahmaputra,27.49833333,88.53583333,12-07-2026 15:00,4
1333,1333,DAC Mangan,Sikkim,11,Sikkim,226,MANGAN,MANGAN,-,-,Brahmaputra,Brahmaputra,-,-,-,Brahmaputra,27.49833333,88.53583333,12-07-2026 16:00,4.5
1334,1334,DAC Mangan,Sikkim,11,Sikkim,226,MANGAN,MANGAN,-,-,Brahmaputra,Brahmaputra,-,-,-,Brahmaputra,27.49833333,88.53583333,12-07-2026 17:00,3.5
1335,1335,DAC Mangan,Sikkim,11,Sikkim,226,MANGAN,MANGAN,-,-,Brahmaputra,Brahmaputra,-,-,-,Brahmaputra,27.49833333,88.53583333,12-07-2026 18:00,3
1336,1336,DAC Mangan,Sikkim,11,Sikkim,226,MANGAN,MANGAN,-,-,Brahmaputra,Brahmaputra,-,-,-,Brahmaputra,27.49833333,88.53583333,12-07-2026 19:00,2.5
1337,1337,DAC Mangan,Sikkim,11,Sikkim,226,MANGAN,MANGAN,-,-,Brahmaputra,Brahmaputra,-,-,-,Brahmaputra,27.49833333,88.53583333,12-07-2026 20:00,2.5
1338,1338,DAC Mangan,Sikkim,11,Sikkim,226,MANGAN,MANGAN,-,-,Brahmaputra,Brahmaputra,-,-,-,Brahmaputra,27.49833333,88.53583333,12-07-2026 21:00,4
1339,1339,DAC Mangan,Sikkim,11,Sikkim,226,MANGAN,MANGAN,-,-,Brahmaputra,Brahmaputra,-,-,-,Brahmaputra,27.49833333,88.53583333,12-07-2026 22:00,3.5
1340,1340,DAC Mangan,Sikkim,11,Sikkim,226,MANGAN,MANGAN,-,-,Brahmaputra,Brahmaputra,-,-,-,Brahmaputra,27.49833333,88.53583333,12-07-2026 23:00,4
1341,1341,DAC Mangan,Sikkim,11,Sikkim,226,MANGAN,MANGAN,-,-,Brahmaputra,Brahmaputra,-,-,-,Brahmaputra,27.49833333,88.53583333,13-07-2026 00:00,3
1342,1342,DAC Mangan,Sikkim,11,Sikkim,226,MANGAN,MANGAN,-,-,Brahmaputra,Brahmaputra,-,-,-,Brahmaputra,27.49833333,88.53583333,13-07-2026 01:00,2.5
1343,1343,DAC Mangan,Sikkim,11,Sikkim,226,MANGAN,MANGAN,-,-,Brahmaputra,Brahmaputra,-,-,-,Brahmaputra,27.49833333,88.53583333,13-07-2026 02:00,2
1344,1344,DAC Mangan,Sikkim,11,Sikkim,226,MANGAN,MANGAN,-,-,Brahmaputra,Brahmaputra,-,-,-,Brahmaputra,27.49833333,88.53583333,13-07-2026 03:00,1.5
1345,1345,DAC Mangan,Sikkim,11,Sikkim,226,MANGAN,MANGAN,-,-,Brahmaputra,Brahmaputra,-,-,-,Brahmaputra,27.49833333,88.53583333,13-07-2026 04:00,1.5
1346,1346,DAC Mangan,Sikkim,11,Sikkim,226,MANGAN,MANGAN,-,-,Brahmaputra,Brahmaputra,-,-,-,Brahmaputra,27.49833333,88.53583333,13-07-2026 05:00,2.5
1347,1347,DAC Mangan,Sikkim,11,Sikkim,226,MANGAN,MANGAN,-,-,Brahmaputra,Brahmaputra,-,-,-,Brahmaputra,27.49833333,88.53583333,13-07-2026 06:00,3
1348,1348,DAC Mangan,Sikkim,11,Sikkim,226,MANGAN,MANGAN,-,-,Brahmaputra,Brahmaputra,-,-,-,Brahmaputra,27.49833333,88.53583333,13-07-2026 07:00,2.5
1349,1349,DAC Mangan,Sikkim,11,Sikkim,226,MANGAN,MANGAN,-,-,Brahmaputra,Brahmaputra,-,-,-,Brahmaputra,27.49833333,88.53583333,13-07-2026 08:00,2.5
1350,1350,DAC Mangan,Sikkim,11,Sikkim,226,MANGAN,MANGAN,-,-,Brahmaputra,Brahmaputra,-,-,-,Brahmaputra,27.49833333,88.53583333,13-07-2026 09:00,1.5
1351,1351,DAC Mangan,Sikkim,11,Sikkim,226,MANGAN,MANGAN,-,-,Brahmaputra,Brahmaputra,-,-,-,Brahmaputra,27.49833333,88.53583333,13-07-2026 10:00,1
1352,1352,DAC Mangan,Sikkim,11,Sikkim,226,MANGAN,MANGAN,-,-,Brahmaputra,Brahmaputra,-,-,-,Brahmaputra,27.49833333,88.53583333,13-07-2026 11:00,1.5
1353,1353,DAC Mangan,Sikkim,11,Sikkim,226,MANGAN,MANGAN,-,-,Brahmaputra,Brahmaputra,-,-,-,Brahmaputra,27.49833333,88.53583333,13-07-2026 12:00,1
1354,1354,DAC Mangan,Sikkim,11,Sikkim,226,MANGAN,MANGAN,-,-,Brahmaputra,Brahmaputra,-,-,-,Brahmaputra,27.49833333,88.53583333,13-07-2026 13:00,1
1355,1355,DAC Mangan,Sikkim,11,Sikkim,226,MANGAN,MANGAN,-,-,Brahmaputra,Brahmaputra,-,-,-,Brahmaputra,27.49833333,88.53583333,13-07-2026 14:00,2
1356,1356,DAC Mangan,Sikkim,11,Sikkim,226,MANGAN,MANGAN,-,-,Brahmaputra,Brahmaputra,-,-,-,Brahmaputra,27.49833333,88.53583333,13-07-2026 15:00,2
1357,1357,DAC Mangan,Sikkim,11,Sikkim,226,MANGAN,MANGAN,-,-,Brahmaputra,Brahmaputra,-,-,-,Brahmaputra,27.49833333,88.53583333,13-07-2026 16:00,1.5
1358,1358,DAC Mangan,Sikkim,11,Sikkim,226,MANGAN,MANGAN,-,-,Brahmaputra,Brahmaputra,-,-,-,Brahmaputra,27.49833333,88.53583333,13-07-2026 17:00,2
1359,1359,DAC Mangan,Sikkim,11,Sikkim,226,MANGAN,MANGAN,-,-,Brahmaputra,Brahmaputra,-,-,-,Brahmaputra,27.49833333,88.53583333,13-07-2026 18:00,2
1360,1360,DAC Mangan,Sikkim,11,Sikkim,226,MANGAN,MANGAN,-,-,Brahmaputra,Brahmaputra,-,-,-,Brahmaputra,27.49833333,88.53583333,13-07-2026 19:00,1
1361,1361,DAC Mangan,Sikkim,11,Sikkim,226,MANGAN,MANGAN,-,-,Brahmaputra,Brahmaputra,-,-,-,Brahmaputra,27.49833333,88.53583333,13-07-2026 20:00,1
1362,1362,DAC Mangan,Sikkim,11,Sikkim,226,MANGAN,MANGAN,-,-,Brahmaputra,Brahmaputra,-,-,-,Brahmaputra,27.49833333,88.53583333,13-07-2026 21:00,1
1363,1363,DAC Mangan,Sikkim,11,Sikkim,226,MANGAN,MANGAN,-,-,Brahmaputra,Brahmaputra,-,-,-,Brahmaputra,27.49833333,88.53583333,13-07-2026 22:00,1
1364,1364,DAC Mangan,Sikkim,11,Sikkim,226,MANGAN,MANGAN,-,-,Brahmaputra,Brahmaputra,-,-,-,Brahmaputra,27.49833333,88.53583333,13-07-2026 23:00,2
1365,1365,DAC Mangan,Sikkim,11,Sikkim,226,MANGAN,MANGAN,-,-,Brahmaputra,Brahmaputra,-,-,-,Brahmaputra,27.49833333,88.53583333,14-07-2026 00:00,2
1366,1366,DAC Mangan,Sikkim,11,Sikkim,226,MANGAN,MANGAN,-,-,Brahmaputra,Brahmaputra,-,-,-,Brahmaputra,27.49833333,88.53583333,14-07-2026 01:00,1.5
1367,1367,DAC Mangan,Sikkim,11,Sikkim,226,MANGAN,MANGAN,-,-,Brahmaputra,Brahmaputra,-,-,-,Brahmaputra,27.49833333,88.53583333,14-07-2026 02:00,2
1368,1368,DAC Mangan,Sikkim,11,Sikkim,226,MANGAN,MANGAN,-,-,Brahmaputra,Brahmaputra,-,-,-,Brahmaputra,27.49833333,88.53583333,14-07-2026 03:00,1
1369,1369,DAC Mangan,Sikkim,11,Sikkim,226,MANGAN,MANGAN,-,-,Brahmaputra,Brahmaputra,-,-,-,Brahmaputra,27.49833333,88.53583333,14-07-2026 04:00,1
1370,1370,DAC Mangan,Sikkim,11,Sikkim,226,MANGAN,MANGAN,-,-,Brahmaputra,Brahmaputra,-,-,-,Brahmaputra,27.49833333,88.53583333,14-07-2026 05:00,0.5
1371,1371,DAC Mangan,Sikkim,11,Sikkim,226,MANGAN,MANGAN,-,-,Brahmaputra,Brahmaputra,-,-,-,Brahmaputra,27.49833333,88.53583333,14-07-2026 06:00,1
1372,1372,DAC Mangan,Sikkim,11,Sikkim,226,MANGAN,MANGAN,-,-,Brahmaputra,Brahmaputra,-,-,-,Brahmaputra,27.49833333,88.53583333,14-07-2026 07:00,0.5
1373,1373,DAC Mangan,Sikkim,11,Sikkim,226,MANGAN,MANGAN,-,-,Brahmaputra,Brahmaputra,-,-,-,Brahmaputra,27.49833333,88.53583333,14-07-2026 08:00,1
1374,1374,DAC Mangan,Sikkim,11,Sikkim,226,MANGAN,MANGAN,-,-,Brahmaputra,Brahmaputra,-,-,-,Brahmaputra,27.49833333,88.53583333,14-07-2026 09:00,1.5
1375,1375,DAC Mangan,Sikkim,11,Sikkim,226,MANGAN,MANGAN,-,-,Brahmaputra,Brahmaputra,-,-,-,Brahmaputra,27.49833333,88.53583333,14-07-2026 10:00,1
1376,1376,DAC Mangan,Sikkim,11,Sikkim,226,MANGAN,MANGAN,-,-,Brahmaputra,Brahmaputra,-,-,-,Brahmaputra,27.49833333,88.53583333,14-07-2026 11:00,1.5
1377,1377,DAC Mangan,Sikkim,11,Sikkim,226,MANGAN,MANGAN,-,-,Brahmaputra,Brahmaputra,-,-,-,Brahmaputra,27.49833333,88.53583333,14-07-2026 12:00,1
1378,1378,DAC Mangan,Sikkim,11,Sikkim,226,MANGAN,MANGAN,-,-,Brahmaputra,Brahmaputra,-,-,-,Brahmaputra,27.49833333,88.53583333,14-07-2026 13:00,1
1379,1379,DAC Mangan,Sikkim,11,Sikkim,226,MANGAN,MANGAN,-,-,Brahmaputra,Brahmaputra,-,-,-,Brahmaputra,27.49833333,88.53583333,14-07-2026 14:00,0.5
1380,1380,DAC Mangan,Sikkim,11,Sikkim,226,MANGAN,MANGAN,-,-,Brahmaputra,Brahmaputra,-,-,-,Brahmaputra,27.49833333,88.53583333,14-07-2026 15:00,1
1381,1381,DAC Mangan,Sikkim,11,Sikkim,226,MANGAN,MANGAN,-,-,Brahmaputra,Brahmaputra,-,-,-,Brahmaputra,27.49833333,88.53583333,14-07-2026 16:00,0.5
1382,1382,DAC Mangan,Sikkim,11,Sikkim,226,MANGAN,MANGAN,-,-,Brahmaputra,Brahmaputra,-,-,-,Brahmaputra,27.49833333,88.53583333,14-07-2026 17:00,1
1383,1383,DAC Mangan,Sikkim,11,Sikkim,226,MANGAN,MANGAN,-,-,Brahmaputra,Brahmaputra,-,-,-,Brahmaputra,27.49833333,88.53583333,14-07-2026 18:00,1
1384,1384,DAC Mangan,Sikkim,11,Sikkim,226,MANGAN,MANGAN,-,-,Brahmaputra,Brahmaputra,-,-,-,Brahmaputra,27.49833333,88.53583333,14-07-2026 19:00,0.5
1385,1385,DAC Mangan,Sikkim,11,Sikkim,226,MANGAN,MANGAN,-,-,Brahmaputra,Brahmaputra,-,-,-,Brahmaputra,27.49833333,88.53583333,14-07-2026 20:00,1
1386,1386,DAC Mangan,Sikkim,11,Sikkim,226,MANGAN,MANGAN,-,-,Brahmaputra,Brahmaputra,-,-,-,Brahmaputra,27.49833333,88.53583333,14-07-2026 21:00,0.5
1387,1387,DAC Mangan,Sikkim,11,Sikkim,226,MANGAN,MANGAN,-,-,Brahmaputra,Brahmaputra,-,-,-,Brahmaputra,27.49833333,88.53583333,14-07-2026 22:00,0.5
1388,1388,DAC Mangan,Sikkim,11,Sikkim,226,MANGAN,MANGAN,-,-,Brahmaputra,Brahmaputra,-,-,-,Brahmaputra,27.49833333,88.53583333,14-07-2026 23:00,0.5
1389,1389,DAC Mangan,Sikkim,11,Sikkim,226,MANGAN,MANGAN,-,-,Brahmaputra,Brahmaputra,-,-,-,Brahmaputra,27.49833333,88.53583333,15-07-2026 00:00,0.5
1390,1390,DAC Mangan,Sikkim,11,Sikkim,226,MANGAN,MANGAN,-,-,Brahmaputra,Brahmaputra,-,-,-,Brahmaputra,27.49833333,88.53583333,15-07-2026 01:00,0.5
1391,1391,DAC Mangan,Sikkim,11,Sikkim,226,MANGAN,MANGAN,-,-,Brahmaputra,Brahmaputra,-,-,-,Brahmaputra,27.49833333,88.53583333,15-07-2026 02:00,0.5
1392,1392,DAC Mangan,Sikkim,11,Sikkim,226,MANGAN,MANGAN,-,-,Brahmaputra,Brahmaputra,-,-,-,Brahmaputra,27.49833333,88.53583333,15-07-2026 03:00,0.5
1393,1393,DAC Mangan,Sikkim,11,Sikkim,226,MANGAN,MANGAN,-,-,Brahmaputra,Brahmaputra,-,-,-,Brahmaputra,27.49833333,88.53583333,15-07-2026 04:00,0.5
1394,1394,DAC Mangan,Sikkim,11,Sikkim,226,MANGAN,MANGAN,-,-,Brahmaputra,Brahmaputra,-,-,-,Brahmaputra,27.49833333,88.53583333,15-07-2026 06:00,0.5
1395,1395,DAC Mangan,Sikkim,11,Sikkim,226,MANGAN,MANGAN,-,-,Brahmaputra,Brahmaputra,-,-,-,Brahmaputra,27.49833333,88.53583333,15-07-2026 07:00,0.5
1396,1396,DAC Mangan,Sikkim,11,Sikkim,226,MANGAN,MANGAN,-,-,Brahmaputra,Brahmaputra,-,-,-,Brahmaputra,27.49833333,88.53583333,15-07-2026 09:00,0.5
1397,1397,DAC Mangan,Sikkim,11,Sikkim,226,MANGAN,MANGAN,-,-,Brahmaputra,Brahmaputra,-,-,-,Brahmaputra,27.49833333,88.53583333,15-07-2026 10:00,0.5
1398,1398,DAC Mangan,Sikkim,11,Sikkim,226,MANGAN,MANGAN,-,-,Brahmaputra,Brahmaputra,-,-,-,Brahmaputra,27.49833333,88.53583333,15-07-2026 12:00,0.5
1399,1399,DAC Mangan,Sikkim,11,Sikkim,226,MANGAN,MANGAN,-,-,Brahmaputra,Brahmaputra,-,-,-,Brahmaputra,27.49833333,88.53583333,15-07-2026 13:00,0.5
1400,1400,DAC Mangan,Sikkim,11,Sikkim,226,MANGAN,MANGAN,-,-,Brahmaputra,Brahmaputra,-,-,-,Brahmaputra,27.49833333,88.53583333,15-07-2026 14:00,1
1401,1401,DAC Mangan,Sikkim,11,Sikkim,226,MANGAN,MANGAN,-,-,Brahmaputra,Brahmaputra,-,-,-,Brahmaputra,27.49833333,88.53583333,15-07-2026 15:00,0.5
1402,1402,DAC Mangan,Sikkim,11,Sikkim,226,MANGAN,MANGAN,-,-,Brahmaputra,Brahmaputra,-,-,-,Brahmaputra,27.49833333,88.53583333,15-07-2026 17:00,0.5
1403,1403,DAC Mangan,Sikkim,11,Sikkim,226,MANGAN,MANGAN,-,-,Brahmaputra,Brahmaputra,-,-,-,Brahmaputra,27.49833333,88.53583333,15-07-2026 18:00,0.5
1404,1404,DAC Mangan,Sikkim,11,Sikkim,226,MANGAN,MANGAN,-,-,Brahmaputra,Brahmaputra,-,-,-,Brahmaputra,27.49833333,88.53583333,15-07-2026 20:00,0.5
1405,1405,DAC Mangan,Sikkim,11,Sikkim,226,MANGAN,MANGAN,-,-,Brahmaputra,Brahmaputra,-,-,-,Brahmaputra,27.49833333,88.53583333,15-07-2026 22:00,0.5
1406,1406,DAC Mangan,Sikkim,11,Sikkim,226,MANGAN,MANGAN,-,-,Brahmaputra,Brahmaputra,-,-,-,Brahmaputra,27.49833333,88.53583333,16-07-2026 00:00,0.5
1407,1407,DAC Mangan,Sikkim,11,Sikkim,226,MANGAN,MANGAN,-,-,Brahmaputra,Brahmaputra,-,-,-,Brahmaputra,27.49833333,88.53583333,16-07-2026 03:00,0.5
1408,1408,DAC Mangan,Sikkim,11,Sikkim,226,MANGAN,MANGAN,-,-,Brahmaputra,Brahmaputra,-,-,-,Brahmaputra,27.49833333,88.53583333,16-07-2026 05:00,0.5
1409,1409,DAC Mangan,Sikkim,11,Sikkim,226,MANGAN,MANGAN,-,-,Brahmaputra,Brahmaputra,-,-,-,Brahmaputra,27.49833333,88.53583333,16-07-2026 07:00,0.5
1410,1410,DAC Mangan,Sikkim,11,Sikkim,226,MANGAN,MANGAN,-,-,Brahmaputra,Brahmaputra,-,-,-,Brahmaputra,27.49833333,88.53583333,16-07-2026 10:00,0.5
1411,1411,DAC Mangan,Sikkim,11,Sikkim,226,MANGAN,MANGAN,-,-,Brahmaputra,Brahmaputra,-,-,-,Brahmaputra,27.49833333,88.53583333,16-07-2026 12:00,0.5
1412,1412,DAC Mangan,Sikkim,11,Sikkim,226,MANGAN,MANGAN,-,-,Brahmaputra,Brahmaputra,-,-,-,Brahmaputra,27.49833333,88.53583333,16-07-2026 14:00,0.5
1413,1413,DAC Mangan,Sikkim,11,Sikkim,226,MANGAN,MANGAN,-,-,Brahmaputra,Brahmaputra,-,-,-,Brahmaputra,27.49833333,88.53583333,16-07-2026 15:00,0.5
1414,1414,DAC Mangan,Sikkim,11,Sikkim,226,MANGAN,MANGAN,-,-,Brahmaputra,Brahmaputra,-,-,-,Brahmaputra,27.49833333,88.53583333,16-07-2026 17:00,0.5
1415,1415,DAC Mangan,Sikkim,11,Sikkim,226,MANGAN,MANGAN,-,-,Brahmaputra,Brahmaputra,-,-,-,Brahmaputra,27.49833333,88.53583333,16-07-2026 20:00,0.5
1416,1416,DAC Mangan,Sikkim,11,Sikkim,226,MANGAN,MANGAN,-,-,Brahmaputra,Brahmaputra,-,-,-,Brahmaputra,27.49833333,88.53583333,16-07-2026 22:00,1
1417,1417,DAC Mangan,Sikkim,11,Sikkim,226,MANGAN,MANGAN,-,-,Brahmaputra,Brahmaputra,-,-,-,Brahmaputra,27.49833333,88.53583333,16-07-2026 23:00,1
1418,1418,DAC Mangan,Sikkim,11,Sikkim,226,MANGAN,MANGAN,-,-,Brahmaputra,Brahmaputra,-,-,-,Brahmaputra,27.49833333,88.53583333,17-07-2026 00:00,1
1419,1419,DAC Mangan,Sikkim,11,Sikkim,226,MANGAN,MANGAN,-,-,Brahmaputra,Brahmaputra,-,-,-,Brahmaputra,27.49833333,88.53583333,17-07-2026 01:00,1
1420,1420,DAC Mangan,Sikkim,11,Sikkim,226,MANGAN,MANGAN,-,-,Brahmaputra,Brahmaputra,-,-,-,Brahmaputra,27.49833333,88.53583333,17-07-2026 03:00,0.5
1421,1421,DAC Mangan,Sikkim,11,Sikkim,226,MANGAN,MANGAN,-,-,Brahmaputra,Brahmaputra,-,-,-,Brahmaputra,27.49833333,88.53583333,17-07-2026 05:00,0.5
1422,1422,DAC Mangan,Sikkim,11,Sikkim,226,MANGAN,MANGAN,-,-,Brahmaputra,Brahmaputra,-,-,-,Brahmaputra,27.49833333,88.53583333,17-07-2026 07:00,0.5
1423,1423,DAC Mangan,Sikkim,11,Sikkim,226,MANGAN,MANGAN,-,-,Brahmaputra,Brahmaputra,-,-,-,Brahmaputra,27.49833333,88.53583333,17-07-2026 09:00,0.5
1424,1424,DAC Mangan,Sikkim,11,Sikkim,226,MANGAN,MANGAN,-,-,Brahmaputra,Brahmaputra,-,-,-,Brahmaputra,27.49833333,88.53583333,17-07-2026 11:00,0.5
1425,1425,DAC Mangan,Sikkim,11,Sikkim,226,MANGAN,MANGAN,-,-,Brahmaputra,Brahmaputra,-,-,-,Brahmaputra,27.49833333,88.53583333,17-07-2026 12:00,0.5
1426,1426,DAC Mangan,Sikkim,11,Sikkim,226,MANGAN,MANGAN,-,-,Brahmaputra,Brahmaputra,-,-,-,Brahmaputra,27.49833333,88.53583333,17-07-2026 13:00,0.5
1427,1427,DAC Mangan,Sikkim,11,Sikkim,226,MANGAN,MANGAN,-,-,Brahmaputra,Brahmaputra,-,-,-,Brahmaputra,27.49833333,88.53583333,17-07-2026 14:00,0.5
1428,1428,DAC Mangan,Sikkim,11,Sikkim,226,MANGAN,MANGAN,-,-,Brahmaputra,Brahmaputra,-,-,-,Brahmaputra,27.49833333,88.53583333,17-07-2026 15:00,0.5
1429,1429,DAC Mangan,Sikkim,11,Sikkim,226,MANGAN,MANGAN,-,-,Brahmaputra,Brahmaputra,-,-,-,Brahmaputra,27.49833333,88.53583333,17-07-2026 17:00,0.5
1430,1430,DAC Mangan,Sikkim,11,Sikkim,226,MANGAN,MANGAN,-,-,Brahmaputra,Brahmaputra,-,-,-,Brahmaputra,27.49833333,88.53583333,17-07-2026 19:00,0.5
1431,1431,DAC Mangan,Sikkim,11,Sikkim,226,MANGAN,MANGAN,-,-,Brahmaputra,Brahmaputra,-,-,-,Brahmaputra,27.49833333,88.53583333,17-07-2026 21:00,0.5
1432,1432,DAC Mangan,Sikkim,11,Sikkim,226,MANGAN,MANGAN,-,-,Brahmaputra,Brahmaputra,-,-,-,Brahmaputra,27.49833333,88.53583333,17-07-2026 23:00,0.5
1433,1433,DAC Mangan,Sikkim,11,Sikkim,226,MANGAN,MANGAN,-,-,Brahmaputra,Brahmaputra,-,-,-,Brahmaputra,27.49833333,88.53583333,18-07-2026 01:00,0.5
1434,1434,DAC Mangan,Sikkim,11,Sikkim,226,MANGAN,MANGAN,-,-,Brahmaputra,Brahmaputra,-,-,-,Brahmaputra,27.49833333,88.53583333,18-07-2026 02:00,0.5
1435,1435,DAC Mangan,Sikkim,11,Sikkim,226,MANGAN,MANGAN,-,-,Brahmaputra,Brahmaputra,-,-,-,Brahmaputra,27.49833333,88.53583333,18-07-2026 03:00,0.5
1436,1436,DAC Mangan,Sikkim,11,Sikkim,226,MANGAN,MANGAN,-,-,Brahmaputra,Brahmaputra,-,-,-,Brahmaputra,27.49833333,88.53583333,18-07-2026 05:00,0.5
1437,1437,DAC Mangan,Sikkim,11,Sikkim,226,MANGAN,MANGAN,-,-,Brahmaputra,Brahmaputra,-,-,-,Brahmaputra,27.49833333,88.53583333,18-07-2026 06:00,0.5
1438,1438,DAC Mangan,Sikkim,11,Sikkim,226,MANGAN,MANGAN,-,-,Brahmaputra,Brahmaputra,-,-,-,Brahmaputra,27.49833333,88.53583333,18-07-2026 07:00,0.5
1439,1439,DAC Mangan,Sikkim,11,Sikkim,226,MANGAN,MANGAN,-,-,Brahmaputra,Brahmaputra,-,-,-,Brahmaputra,27.49833333,88.53583333,18-07-2026 09:00,0.5
1440,1440,DAC Mangan,Sikkim,11,Sikkim,226,MANGAN,MANGAN,-,-,Brahmaputra,Brahmaputra,-,-,-,Brahmaputra,27.49833333,88.53583333,18-07-2026 10:00,1
1441,1441,DAC Mangan,Sikkim,11,Sikkim,226,MANGAN,MANGAN,-,-,Brahmaputra,Brahmaputra,-,-,-,Brahmaputra,27.49833333,88.53583333,18-07-2026 11:00,0.5
1442,1442,DAC Mangan,Sikkim,11,Sikkim,226,MANGAN,MANGAN,-,-,Brahmaputra,Brahmaputra,-,-,-,Brahmaputra,27.49833333,88.53583333,18-07-2026 13:00,1
1443,1443,DAC Mangan,Sikkim,11,Sikkim,226,MANGAN,MANGAN,-,-,Brahmaputra,Brahmaputra,-,-,-,Brahmaputra,27.49833333,88.53583333,18-07-2026 14:00,0.5
1444,1444,DAC Mangan,Sikkim,11,Sikkim,226,MANGAN,MANGAN,-,-,Brahmaputra,Brahmaputra,-,-,-,Brahmaputra,27.49833333,88.53583333,18-07-2026 15:00,0.5
1445,1445,DAC Mangan,Sikkim,11,Sikkim,226,MANGAN,MANGAN,-,-,Brahmaputra,Brahmaputra,-,-,-,Brahmaputra,27.49833333,88.53583333,18-07-2026 17:00,0.5
1446,1446,DAC Mangan,Sikkim,11,Sikkim,226,MANGAN,MANGAN,-,-,Brahmaputra,Brahmaputra,-,-,-,Brahmaputra,27.49833333,88.53583333,18-07-2026 18:00,0.5
1447,1447,DAC Mangan,Sikkim,11,Sikkim,226,MANGAN,MANGAN,-,-,Brahmaputra,Brahmaputra,-,-,-,Brahmaputra,27.49833333,88.53583333,18-07-2026 19:00,0.5
1448,1448,DAC Mangan,Sikkim,11,Sikkim,226,MANGAN,MANGAN,-,-,Brahmaputra,Brahmaputra,-,-,-,Brahmaputra,27.49833333,88.53583333,18-07-2026 20:00,0.5
1449,1449,DAC Mangan,Sikkim,11,Sikkim,226,MANGAN,MANGAN,-,-,Brahmaputra,Brahmaputra,-,-,-,Brahmaputra,27.49833333,88.53583333,18-07-2026 22:00,0.5
1450,1450,DAC Mangan,Sikkim,11,Sikkim,226,MANGAN,MANGAN,-,-,Brahmaputra,Brahmaputra,-,-,-,Brahmaputra,27.49833333,88.53583333,18-07-2026 23:00,0.5
1451,1451,DAC Mangan,Sikkim,11,Sikkim,226,MANGAN,MANGAN,-,-,Brahmaputra,Brahmaputra,-,-,-,Brahmaputra,27.49833333,88.53583333,19-07-2026 01:00,0.5
1452,1452,DAC Mangan,Sikkim,11,Sikkim,226,MANGAN,MANGAN,-,-,Brahmaputra,Brahmaputra,-,-,-,Brahmaputra,27.49833333,88.53583333,19-07-2026 02:00,0.5
1453,1453,DAC Mangan,Sikkim,11,Sikkim,226,MANGAN,MANGAN,-,-,Brahmaputra,Brahmaputra,-,-,-,Brahmaputra,27.49833333,88.53583333,19-07-2026 04:00,0.5
1454,1454,DAC Mangan,Sikkim,11,Sikkim,226,MANGAN,MANGAN,-,-,Brahmaputra,Brahmaputra,-,-,-,Brahmaputra,27.49833333,88.53583333,19-07-2026 05:00,0.5
1455,1455,DAC Mangan,Sikkim,11,Sikkim,226,MANGAN,MANGAN,-,-,Brahmaputra,Brahmaputra,-,-,-,Brahmaputra,27.49833333,88.53583333,19-07-2026 06:00,0.5
1456,1456,DAC Mangan,Sikkim,11,Sikkim,226,MANGAN,MANGAN,-,-,Brahmaputra,Brahmaputra,-,-,-,Brahmaputra,27.49833333,88.53583333,19-07-2026 07:00,0.5
1457,1457,DAC Mangan,Sikkim,11,Sikkim,226,MANGAN,MANGAN,-,-,Brahmaputra,Brahmaputra,-,-,-,Brahmaputra,27.49833333,88.53583333,19-07-2026 08:00,0.5
1458,1458,DAC Mangan,Sikkim,11,Sikkim,226,MANGAN,MANGAN,-,-,Brahmaputra,Brahmaputra,-,-,-,Brahmaputra,27.49833333,88.53583333,19-07-2026 09:00,0.5
1459,1459,DAC Mangan,Sikkim,11,Sikkim,226,MANGAN,MANGAN,-,-,Brahmaputra,Brahmaputra,-,-,-,Brahmaputra,27.49833333,88.53583333,19-07-2026 11:00,0.5
1460,1460,DAC Mangan,Sikkim,11,Sikkim,226,MANGAN,MANGAN,-,-,Brahmaputra,Brahmaputra,-,-,-,Brahmaputra,27.49833333,88.53583333,19-07-2026 13:00,0.5
1461,1461,DAC Mangan,Sikkim,11,Sikkim,226,MANGAN,MANGAN,-,-,Brahmaputra,Brahmaputra,-,-,-,Brahmaputra,27.49833333,88.53583333,19-07-2026 14:00,0.5
1462,1462,DAC Mangan,Sikkim,11,Sikkim,226,MANGAN,MANGAN,-,-,Brahmaputra,Brahmaputra,-,-,-,Brahmaputra,27.49833333,88.53583333,19-07-2026 15:00,0.5
1463,1463,DAC Mangan,Sikkim,11,Sikkim,226,MANGAN,MANGAN,-,-,Brahmaputra,Brahmaputra,-,-,-,Brahmaputra,27.49833333,88.53583333,19-07-2026 16:00,1
1464,1464,DAC Mangan,Sikkim,11,Sikkim,226,MANGAN,MANGAN,-,-,Brahmaputra,Brahmaputra,-,-,-,Brahmaputra,27.49833333,88.53583333,19-07-2026 17:00,0.5
1465,1465,DAC Mangan,Sikkim,11,Sikkim,226,MANGAN,MANGAN,-,-,Brahmaputra,Brahmaputra,-,-,-,Brahmaputra,27.49833333,88.53583333,19-07-2026 18:00,0.5
1466,1466,DAC Mangan,Sikkim,11,Sikkim,226,MANGAN,MANGAN,-,-,Brahmaputra,Brahmaputra,-,-,-,Brahmaputra,27.49833333,88.53583333,19-07-2026 20:00,0.5
1467,1467,DAC Mangan,Sikkim,11,Sikkim,226,MANGAN,MANGAN,-,-,Brahmaputra,Brahmaputra,-,-,-,Brahmaputra,27.49833333,88.53583333,19-07-2026 21:00,0.5
1468,1468,DAC Mangan,Sikkim,11,Sikkim,226,MANGAN,MANGAN,-,-,Brahmaputra,Brahmaputra,-,-,-,Brahmaputra,27.49833333,88.53583333,19-07-2026 22:00,0.5
1469,1469,DAC Mangan,Sikkim,11,Sikkim,226,MANGAN,MANGAN,-,-,Brahmaputra,Brahmaputra,-,-,-,Brahmaputra,27.49833333,88.53583333,20-07-2026 00:00,0.5
1470,1470,DAC Mangan,Sikkim,11,Sikkim,226,MANGAN,MANGAN,-,-,Brahmaputra,Brahmaputra,-,-,-,Brahmaputra,27.49833333,88.53583333,20-07-2026 01:00,0.5
1471,1471,DAC Mangan,Sikkim,11,Sikkim,226,MANGAN,MANGAN,-,-,Brahmaputra,Brahmaputra,-,-,-,Brahmaputra,27.49833333,88.53583333,20-07-2026 02:00,0.5
1472,1472,DAC Mangan,Sikkim,11,Sikkim,226,MANGAN,MANGAN,-,-,Brahmaputra,Brahmaputra,-,-,-,Brahmaputra,27.49833333,88.53583333,20-07-2026 04:00,0.5
1473,1473,DAC Mangan,Sikkim,11,Sikkim,226,MANGAN,MANGAN,-,-,Brahmaputra,Brahmaputra,-,-,-,Brahmaputra,27.49833333,88.53583333,20-07-2026 05:00,0.5
1474,1474,DAC Mangan,Sikkim,11,Sikkim,226,MANGAN,MANGAN,-,-,Brahmaputra,Brahmaputra,-,-,-,Brahmaputra,27.49833333,88.53583333,20-07-2026 06:00,0.5
1475,1475,DAC Mangan,Sikkim,11,Sikkim,226,MANGAN,MANGAN,-,-,Brahmaputra,Brahmaputra,-,-,-,Brahmaputra,27.49833333,88.53583333,20-07-2026 07:00,0.5
1476,1476,DAC Mangan,Sikkim,11,Sikkim,226,MANGAN,MANGAN,-,-,Brahmaputra,Brahmaputra,-,-,-,Brahmaputra,27.49833333,88.53583333,20-07-2026 08:00,0.5
1477,1477,DAC Mangan,Sikkim,11,Sikkim,226,MANGAN,MANGAN,-,-,Brahmaputra,Brahmaputra,-,-,-,Brahmaputra,27.49833333,88.53583333,20-07-2026 10:00,0.5
1478,1478,DAC Mangan,Sikkim,11,Sikkim,226,MANGAN,MANGAN,-,-,Brahmaputra,Brahmaputra,-,-,-,Brahmaputra,27.49833333,88.53583333,20-07-2026 12:00,0.5
1479,1479,DAC Mangan,Sikkim,11,Sikkim,226,MANGAN,MANGAN,-,-,Brahmaputra,Brahmaputra,-,-,-,Brahmaputra,27.49833333,88.53583333,20-07-2026 13:00,0.5
1480,1480,DAC Mangan,Sikkim,11,Sikkim,226,MANGAN,MANGAN,-,-,Brahmaputra,Brahmaputra,-,-,-,Brahmaputra,27.49833333,88.53583333,20-07-2026 14:00,0.5
1481,1481,DAC Mangan,Sikkim,11,Sikkim,226,MANGAN,MANGAN,-,-,Brahmaputra,Brahmaputra,-,-,-,Brahmaputra,27.49833333,88.53583333,20-07-2026 15:00,0.5
1482,1482,DAC Mangan,Sikkim,11,Sikkim,226,MANGAN,MANGAN,-,-,Brahmaputra,Brahmaputra,-,-,-,Brahmaputra,27.49833333,88.53583333,20-07-2026 16:00,0.5
1483,1483,DAC Mangan,Sikkim,11,Sikkim,226,MANGAN,MANGAN,-,-,Brahmaputra,Brahmaputra,-,-,-,Brahmaputra,27.49833333,88.53583333,20-07-2026 17:00,0.5
1484,1484,DAC Mangan,Sikkim,11,Sikkim,226,MANGAN,MANGAN,-,-,Brahmaputra,Brahmaputra,-,-,-,Brahmaputra,27.49833333,88.53583333,20-07-2026 18:00,0.5
1485,1485,DAC Mangan,Sikkim,11,Sikkim,226,MANGAN,MANGAN,-,-,Brahmaputra,Brahmaputra,-,-,-,Brahmaputra,27.49833333,88.53583333,20-07-2026 19:00,0.5
1486,1486,DAC Mangan,Sikkim,11,Sikkim,226,MANGAN,MANGAN,-,-,Brahmaputra,Brahmaputra,-,-,-,Brahmaputra,27.49833333,88.53583333,20-07-2026 21:00,0.5
1487,1487,DAC Mangan,Sikkim,11,Sikkim,226,MANGAN,MANGAN,-,-,Brahmaputra,Brahmaputra,-,-,-,Brahmaputra,27.49833333,88.53583333,20-07-2026 22:00,0.5
1488,1488,DAC Mangan,Sikkim,11,Sikkim,226,MANGAN,MANGAN,-,-,Brahmaputra,Brahmaputra,-,-,-,Brahmaputra,27.49833333,88.53583333,20-07-2026 23:00,0.5
1489,1489,DAC Mangan,Sikkim,11,Sikkim,226,MANGAN,MANGAN,-,-,Brahmaputra,Brahmaputra,-,-,-,Brahmaputra,27.49833333,88.53583333,21-07-2026 00:00,1
1490,1490,DAC Mangan,Sikkim,11,Sikkim,226,MANGAN,MANGAN,-,-,Brahmaputra,Brahmaputra,-,-,-,Brahmaputra,27.49833333,88.53583333,21-07-2026 01:00,1.5
1491,1491,DAC Mangan,Sikkim,11,Sikkim,226,MANGAN,MANGAN,-,-,Brahmaputra,Brahmaputra,-,-,-,Brahmaputra,27.49833333,88.53583333,21-07-2026 02:00,1
1492,1492,DAC Mangan,Sikkim,11,Sikkim,226,MANGAN,MANGAN,-,-,Brahmaputra,Brahmaputra,-,-,-,Brahmaputra,27.49833333,88.53583333,21-07-2026 03:00,1
1493,1493,DAC Mangan,Sikkim,11,Sikkim,226,MANGAN,MANGAN,-,-,Brahmaputra,Brahmaputra,-,-,-,Brahmaputra,27.49833333,88.53583333,21-07-2026 04:00,1
1494,1494,DAC Mangan,Sikkim,11,Sikkim,226,MANGAN,MANGAN,-,-,Brahmaputra,Brahmaputra,-,-,-,Brahmaputra,27.49833333,88.53583333,21-07-2026 05:00,0.5
1495,1495,DAC Mangan,Sikkim,11,Sikkim,226,MANGAN,MANGAN,-,-,Brahmaputra,Brahmaputra,-,-,-,Brahmaputra,27.49833333,88.53583333,21-07-2026 06:00,0.5
1496,1496,DAC Mangan,Sikkim,11,Sikkim,226,MANGAN,MANGAN,-,-,Brahmaputra,Brahmaputra,-,-,-,Brahmaputra,27.49833333,88.53583333,21-07-2026 07:00,0.5
1497,1497,DAC Mangan,Sikkim,11,Sikkim,226,MANGAN,MANGAN,-,-,Brahmaputra,Brahmaputra,-,-,-,Brahmaputra,27.49833333,88.53583333,21-07-2026 08:00,0.5
1498,1498,DAC Mangan,Sikkim,11,Sikkim,226,MANGAN,MANGAN,-,-,Brahmaputra,Brahmaputra,-,-,-,Brahmaputra,27.49833333,88.53583333,21-07-2026 09:00,0.5
1499,1499,DAC Mangan,Sikkim,11,Sikkim,226,MANGAN,MANGAN,-,-,Brahmaputra,Brahmaputra,-,-,-,Brahmaputra,27.49833333,88.53583333,21-07-2026 10:00,0.5
1500,1500,DAC Mangan,Sikkim,11,Sikkim,226,MANGAN,MANGAN,-,-,Brahmaputra,Brahmaputra,-,-,-,Brahmaputra,27.49833333,88.53583333,21-07-2026 11:00,1
1501,1501,DAC Mangan,Sikkim,11,Sikkim,226,MANGAN,MANGAN,-,-,Brahmaputra,Brahmaputra,-,-,-,Brahmaputra,27.49833333,88.53583333,21-07-2026 12:00,0.5
1502,1502,DAC Mangan,Sikkim,11,Sikkim,226,MANGAN,MANGAN,-,-,Brahmaputra,Brahmaputra,-,-,-,Brahmaputra,27.49833333,88.53583333,21-07-2026 13:00,1
1503,1503,DAC Mangan,Sikkim,11,Sikkim,226,MANGAN,MANGAN,-,-,Brahmaputra,Brahmaputra,-,-,-,Brahmaputra,27.49833333,88.53583333,21-07-2026 14:00,1
1504,1504,DAC Mangan,Sikkim,11,Sikkim,226,MANGAN,MANGAN,-,-,Brahmaputra,Brahmaputra,-,-,-,Brahmaputra,27.49833333,88.53583333,21-07-2026 15:00,1
1505,1505,DAC Mangan,Sikkim,11,Sikkim,226,MANGAN,MANGAN,-,-,Brahmaputra,Brahmaputra,-,-,-,Brahmaputra,27.49833333,88.53583333,21-07-2026 16:00,1
1506,1506,DAC Mangan,Sikkim,11,Sikkim,226,MANGAN,MANGAN,-,-,Brahmaputra,Brahmaputra,-,-,-,Brahmaputra,27.49833333,88.53583333,21-07-2026 17:00,1
1507,1507,DAC Mangan,Sikkim,11,Sikkim,226,MANGAN,MANGAN,-,-,Brahmaputra,Brahmaputra,-,-,-,Brahmaputra,27.49833333,88.53583333,21-07-2026 18:00,1
1508,1508,DAC Mangan,Sikkim,11,Sikkim,226,MANGAN,MANGAN,-,-,Brahmaputra,Brahmaputra,-,-,-,Brahmaputra,27.49833333,88.53583333,21-07-2026 19:00,1
1509,1509,DAC Mangan,Sikkim,11,Sikkim,226,MANGAN,MANGAN,-,-,Brahmaputra,Brahmaputra,-,-,-,Brahmaputra,27.49833333,88.53583333,21-07-2026 20:00,1
1510,1510,DAC Mangan,Sikkim,11,Sikkim,226,MANGAN,MANGAN,-,-,Brahmaputra,Brahmaputra,-,-,-,Brahmaputra,27.49833333,88.53583333,21-07-2026 21:00,1
1511,1511,DAC Mangan,Sikkim,11,Sikkim,226,MANGAN,MANGAN,-,-,Brahmaputra,Brahmaputra,-,-,-,Brahmaputra,27.49833333,88.53583333,21-07-2026 22:00,1
1512,1512,DAC Mangan,Sikkim,11,Sikkim,226,MANGAN,MANGAN,-,-,Brahmaputra,Brahmaputra,-,-,-,Brahmaputra,27.49833333,88.53583333,21-07-2026 23:00,1
1513,1513,DAC Mangan,Sikkim,11,Sikkim,226,MANGAN,MANGAN,-,-,Brahmaputra,Brahmaputra,-,-,-,Brahmaputra,27.49833333,88.53583333,22-07-2026 00:00,0.5
1514,1514,DAC Mangan,Sikkim,11,Sikkim,226,MANGAN,MANGAN,-,-,Brahmaputra,Brahmaputra,-,-,-,Brahmaputra,27.49833333,88.53583333,22-07-2026 01:00,1
1515,1515,DAC Mangan,Sikkim,11,Sikkim,226,MANGAN,MANGAN,-,-,Brahmaputra,Brahmaputra,-,-,-,Brahmaputra,27.49833333,88.53583333,22-07-2026 02:00,1
1516,1516,DAC Mangan,Sikkim,11,Sikkim,226,MANGAN,MANGAN,-,-,Brahmaputra,Brahmaputra,-,-,-,Brahmaputra,27.49833333,88.53583333,22-07-2026 03:00,1
1517,1517,DAC Mangan,Sikkim,11,Sikkim,226,MANGAN,MANGAN,-,-,Brahmaputra,Brahmaputra,-,-,-,Brahmaputra,27.49833333,88.53583333,22-07-2026 04:00,1
1518,1518,DAC Mangan,Sikkim,11,Sikkim,226,MANGAN,MANGAN,-,-,Brahmaputra,Brahmaputra,-,-,-,Brahmaputra,27.49833333,88.53583333,22-07-2026 05:00,1
1519,1519,DAC Mangan,Sikkim,11,Sikkim,226,MANGAN,MANGAN,-,-,Brahmaputra,Brahmaputra,-,-,-,Brahmaputra,27.49833333,88.53583333,22-07-2026 06:00,1
1520,1520,DAC Mangan,Sikkim,11,Sikkim,226,MANGAN,MANGAN,-,-,Brahmaputra,Brahmaputra,-,-,-,Brahmaputra,27.49833333,88.53583333,22-07-2026 07:00,1
1521,1521,DAC Mangan,Sikkim,11,Sikkim,226,MANGAN,MANGAN,-,-,Brahmaputra,Brahmaputra,-,-,-,Brahmaputra,27.49833333,88.53583333,22-07-2026 08:00,0.5
1522,1522,DAC Mangan,Sikkim,11,Sikkim,226,MANGAN,MANGAN,-,-,Brahmaputra,Brahmaputra,-,-,-,Brahmaputra,27.49833333,88.53583333,22-07-2026 09:00,0.5
1523,1523,DAC Mangan,Sikkim,11,Sikkim,226,MANGAN,MANGAN,-,-,Brahmaputra,Brahmaputra,-,-,-,Brahmaputra,27.49833333,88.53583333,22-07-2026 10:00,1
1524,1524,DAC Mangan,Sikkim,11,Sikkim,226,MANGAN,MANGAN,-,-,Brahmaputra,Brahmaputra,-,-,-,Brahmaputra,27.49833333,88.53583333,22-07-2026 11:00,1
1525,1525,DAC Mangan,Sikkim,11,Sikkim,226,MANGAN,MANGAN,-,-,Brahmaputra,Brahmaputra,-,-,-,Brahmaputra,27.49833333,88.53583333,22-07-2026 12:00,1
1526,1526,DAC Mangan,Sikkim,11,Sikkim,226,MANGAN,MANGAN,-,-,Brahmaputra,Brahmaputra,-,-,-,Brahmaputra,27.49833333,88.53583333,22-07-2026 13:00,0.5
1527,1527,DAC Mangan,Sikkim,11,Sikkim,226,MANGAN,MANGAN,-,-,Brahmaputra,Brahmaputra,-,-,-,Brahmaputra,27.49833333,88.53583333,22-07-2026 14:00,0.5
1528,1528,DAC Mangan,Sikkim,11,Sikkim,226,MANGAN,MANGAN,-,-,Brahmaputra,Brahmaputra,-,-,-,Brahmaputra,27.49833333,88.53583333,22-07-2026 15:00,1
1529,1529,DAC Mangan,Sikkim,11,Sikkim,226,MANGAN,MANGAN,-,-,Brahmaputra,Brahmaputra,-,-,-,Brahmaputra,27.49833333,88.53583333,22-07-2026 16:00,1.5
1530,1530,DAC Mangan,Sikkim,11,Sikkim,226,MANGAN,MANGAN,-,-,Brahmaputra,Brahmaputra,-,-,-,Brahmaputra,27.49833333,88.53583333,22-07-2026 17:00,1.5
1531,1531,DAC Mangan,Sikkim,11,Sikkim,226,MANGAN,MANGAN,-,-,Brahmaputra,Brahmaputra,-,-,-,Brahmaputra,27.49833333,88.53583333,22-07-2026 18:00,1
1532,1532,DAC Mangan,Sikkim,11,Sikkim,226,MANGAN,MANGAN,-,-,Brahmaputra,Brahmaputra,-,-,-,Brahmaputra,27.49833333,88.53583333,22-07-2026 19:00,0.5
1533,1533,DAC Mangan,Sikkim,11,Sikkim,226,MANGAN,MANGAN,-,-,Brahmaputra,Brahmaputra,-,-,-,Brahmaputra,27.49833333,88.53583333,22-07-2026 20:00,1
1534,1534,DAC Mangan,Sikkim,11,Sikkim,226,MANGAN,MANGAN,-,-,Brahmaputra,Brahmaputra,-,-,-,Brahmaputra,27.49833333,88.53583333,22-07-2026 21:00,0.5
1535,1535,DAC Mangan,Sikkim,11,Sikkim,226,MANGAN,MANGAN,-,-,Brahmaputra,Brahmaputra,-,-,-,Brahmaputra,27.49833333,88.53583333,22-07-2026 22:00,0.5
1536,1536,DAC Mangan,Sikkim,11,Sikkim,226,MANGAN,MANGAN,-,-,Brahmaputra,Brahmaputra,-,-,-,Brahmaputra,27.49833333,88.53583333,22-07-2026 23:00,1
1537,1537,DAC Mangan,Sikkim,11,Sikkim,226,MANGAN,MANGAN,-,-,Brahmaputra,Brahmaputra,-,-,-,Brahmaputra,27.49833333,88.53583333,23-07-2026 00:00,1
1538,1538,DAC Mangan,Sikkim,11,Sikkim,226,MANGAN,MANGAN,-,-,Brahmaputra,Brahmaputra,-,-,-,Brahmaputra,27.49833333,88.53583333,23-07-2026 01:00,0.5
1539,1539,DAC Mangan,Sikkim,11,Sikkim,226,MANGAN,MANGAN,-,-,Brahmaputra,Brahmaputra,-,-,-,Brahmaputra,27.49833333,88.53583333,23-07-2026 02:00,1
1540,1540,DAC Mangan,Sikkim,11,Sikkim,226,MANGAN,MANGAN,-,-,Brahmaputra,Brahmaputra,-,-,-,Brahmaputra,27.49833333,88.53583333,23-07-2026 04:00,1
1541,1541,DAC Mangan,Sikkim,11,Sikkim,226,MANGAN,MANGAN,-,-,Brahmaputra,Brahmaputra,-,-,-,Brahmaputra,27.49833333,88.53583333,23-07-2026 05:00,1
1542,1542,DAC Mangan,Sikkim,11,Sikkim,226,MANGAN,MANGAN,-,-,Brahmaputra,Brahmaputra,-,-,-,Brahmaputra,27.49833333,88.53583333,23-07-2026 07:00,0.5
1543,1543,DAC Mangan,Sikkim,11,Sikkim,226,MANGAN,MANGAN,-,-,Brahmaputra,Brahmaputra,-,-,-,Brahmaputra,27.49833333,88.53583333,23-07-2026 08:00,0.5
1544,1544,DAC Mangan,Sikkim,11,Sikkim,226,MANGAN,MANGAN,-,-,Brahmaputra,Brahmaputra,-,-,-,Brahmaputra,27.49833333,88.53583333,23-07-2026 09:00,0.5
1545,1545,DAC Mangan,Sikkim,11,Sikkim,226,MANGAN,MANGAN,-,-,Brahmaputra,Brahmaputra,-,-,-,Brahmaputra,27.49833333,88.53583333,23-07-2026 10:00,0.5
1546,1546,DAC Mangan,Sikkim,11,Sikkim,226,MANGAN,MANGAN,-,-,Brahmaputra,Brahmaputra,-,-,-,Brahmaputra,27.49833333,88.53583333,23-07-2026 11:00,0.5
1547,1547,DAC Mangan,Sikkim,11,Sikkim,226,MANGAN,MANGAN,-,-,Brahmaputra,Brahmaputra,-,-,-,Brahmaputra,27.49833333,88.53583333,23-07-2026 12:00,0.5
1548,1548,DAC Mangan,Sikkim,11,Sikkim,226,MANGAN,MANGAN,-,-,Brahmaputra,Brahmaputra,-,-,-,Brahmaputra,27.49833333,88.53583333,23-07-2026 13:00,0.5
1549,1549,DAC Mangan,Sikkim,11,Sikkim,226,MANGAN,MANGAN,-,-,Brahmaputra,Brahmaputra,-,-,-,Brahmaputra,27.49833333,88.53583333,23-07-2026 14:00,0.5
1550,1550,DAC Mangan,Sikkim,11,Sikkim,226,MANGAN,MANGAN,-,-,Brahmaputra,Brahmaputra,-,-,-,Brahmaputra,27.49833333,88.53583333,23-07-2026 15:00,0.5
1551,1551,DAC Mangan,Sikkim,11,Sikkim,226,MANGAN,MANGAN,-,-,Brahmaputra,Brahmaputra,-,-,-,Brahmaputra,27.49833333,88.53583333,23-07-2026 16:00,0.5
1552,1552,DAC Mangan,Sikkim,11,Sikkim,226,MANGAN,MANGAN,-,-,Brahmaputra,Brahmaputra,-,-,-,Brahmaputra,27.49833333,88.53583333,23-07-2026 17:00,0.5
1553,1553,DAC Mangan,Sikkim,11,Sikkim,226,MANGAN,MANGAN,-,-,Brahmaputra,Brahmaputra,-,-,-,Brahmaputra,27.49833333,88.53583333,23-07-2026 18:00,0.5
1554,1554,DAC Mangan,Sikkim,11,Sikkim,226,MANGAN,MANGAN,-,-,Brahmaputra,Brahmaputra,-,-,-,Brahmaputra,27.49833333,88.53583333,23-07-2026 19:00,0.5
1555,1555,DAC Mangan,Sikkim,11,Sikkim,226,MANGAN,MANGAN,-,-,Brahmaputra,Brahmaputra,-,-,-,Brahmaputra,27.49833333,88.53583333,23-07-2026 21:00,0.5
1556,1556,DAC Mangan,Sikkim,11,Sikkim,226,MANGAN,MANGAN,-,-,Brahmaputra,Brahmaputra,-,-,-,Brahmaputra,27.49833333,88.53583333,24-07-2026 00:00,0.5
1557,1557,DAC Mangan,Sikkim,11,Sikkim,226,MANGAN,MANGAN,-,-,Brahmaputra,Brahmaputra,-,-,-,Brahmaputra,27.49833333,88.53583333,24-07-2026 02:00,0.5
1558,1558,DAC Mangan,Sikkim,11,Sikkim,226,MANGAN,MANGAN,-,-,Brahmaputra,Brahmaputra,-,-,-,Brahmaputra,27.49833333,88.53583333,24-07-2026 05:00,0.5
1559,1559,DAC Mangan,Sikkim,11,Sikkim,226,MANGAN,MANGAN,-,-,Brahmaputra,Brahmaputra,-,-,-,Brahmaputra,27.49833333,88.53583333,24-07-2026 07:00,0.5
1560,1560,DAC Mangan,Sikkim,11,Sikkim,226,MANGAN,MANGAN,-,-,Brahmaputra,Brahmaputra,-,-,-,Brahmaputra,27.49833333,88.53583333,24-07-2026 09:00,0.5
1561,1561,DAC Mangan,Sikkim,11,Sikkim,226,MANGAN,MANGAN,-,-,Brahmaputra,Brahmaputra,-,-,-,Brahmaputra,27.49833333,88.53583333,24-07-2026 10:00,0.5
1562,1562,DAC Mangan,Sikkim,11,Sikkim,226,MANGAN,MANGAN,-,-,Brahmaputra,Brahmaputra,-,-,-,Brahmaputra,27.49833333,88.53583333,24-07-2026 11:00,0.5
1563,1563,DAC Mangan,Sikkim,11,Sikkim,226,MANGAN,MANGAN,-,-,Brahmaputra,Brahmaputra,-,-,-,Brahmaputra,27.49833333,88.53583333,24-07-2026 13:00,0.5
1564,1564,DAC Mangan,Sikkim,11,Sikkim,226,MANGAN,MANGAN,-,-,Brahmaputra,Brahmaputra,-,-,-,Brahmaputra,27.49833333,88.53583333,24-07-2026 15:00,0.5
1565,1565,DAC Mangan,Sikkim,11,Sikkim,226,MANGAN,MANGAN,-,-,Brahmaputra,Brahmaputra,-,-,-,Brahmaputra,27.49833333,88.53583333,24-07-2026 18:00,0.5
1566,1566,DAC Mangan,Sikkim,11,Sikkim,226,MANGAN,MANGAN,-,-,Brahmaputra,Brahmaputra,-,-,-,Brahmaputra,27.49833333,88.53583333,24-07-2026 20:00,0.5
1567,1567,DAC Mangan,Sikkim,11,Sikkim,226,MANGAN,MANGAN,-,-,Brahmaputra,Brahmaputra,-,-,-,Brahmaputra,27.49833333,88.53583333,24-07-2026 22:00,0.5
1568,1568,DAC Mangan,Sikkim,11,Sikkim,226,MANGAN,MANGAN,-,-,Brahmaputra,Brahmaputra,-,-,-,Brahmaputra,27.49833333,88.53583333,25-07-2026 00:00,0.5
1569,1569,DAC Mangan,Sikkim,11,Sikkim,226,MANGAN,MANGAN,-,-,Brahmaputra,Brahmaputra,-,-,-,Brahmaputra,27.49833333,88.53583333,25-07-2026 01:00,1
1570,1570,DAC Mangan,Sikkim,11,Sikkim,226,MANGAN,MANGAN,-,-,Brahmaputra,Brahmaputra,-,-,-,Brahmaputra,27.49833333,88.53583333,25-07-2026 02:00,0.5
1571,1571,DAC Mangan,Sikkim,11,Sikkim,226,MANGAN,MANGAN,-,-,Brahmaputra,Brahmaputra,-,-,-,Brahmaputra,27.49833333,88.53583333,25-07-2026 03:00,1
1572,1572,DAC Mangan,Sikkim,11,Sikkim,226,MANGAN,MANGAN,-,-,Brahmaputra,Brahmaputra,-,-,-,Brahmaputra,27.49833333,88.53583333,25-07-2026 05:00,0.5
1573,1573,DAC Mangan,Sikkim,11,Sikkim,226,MANGAN,MANGAN,-,-,Brahmaputra,Brahmaputra,-,-,-,Brahmaputra,27.49833333,88.53583333,25-07-2026 07:00,0.5
1574,1574,DAC Mangan,Sikkim,11,Sikkim,226,MANGAN,MANGAN,-,-,Brahmaputra,Brahmaputra,-,-,-,Brahmaputra,27.49833333,88.53583333,25-07-2026 08:00,0.5
1575,1575,DAC Mangan,Sikkim,11,Sikkim,226,MANGAN,MANGAN,-,-,Brahmaputra,Brahmaputra,-,-,-,Brahmaputra,27.49833333,88.53583333,25-07-2026 09:00,2
1576,1576,DAC Mangan,Sikkim,11,Sikkim,226,MANGAN,MANGAN,-,-,Brahmaputra,Brahmaputra,-,-,-,Brahmaputra,27.49833333,88.53583333,25-07-2026 10:00,1.5
1577,1577,DAC Mangan,Sikkim,11,Sikkim,226,MANGAN,MANGAN,-,-,Brahmaputra,Brahmaputra,-,-,-,Brahmaputra,27.49833333,88.53583333,25-07-2026 11:00,0.5
1578,1578,DAC Mangan,Sikkim,11,Sikkim,226,MANGAN,MANGAN,-,-,Brahmaputra,Brahmaputra,-,-,-,Brahmaputra,27.49833333,88.53583333,25-07-2026 12:00,0.5
1579,1579,DAC Mangan,Sikkim,11,Sikkim,226,MANGAN,MANGAN,-,-,Brahmaputra,Brahmaputra,-,-,-,Brahmaputra,27.49833333,88.53583333,25-07-2026 14:00,0.5
1580,1580,DAC Mangan,Sikkim,11,Sikkim,226,MANGAN,MANGAN,-,-,Brahmaputra,Brahmaputra,-,-,-,Brahmaputra,27.49833333,88.53583333,25-07-2026 23:00,0.5
1581,1581,DAC Mangan,Sikkim,11,Sikkim,226,MANGAN,MANGAN,-,-,Brahmaputra,Brahmaputra,-,-,-,Brahmaputra,27.49833333,88.53583333,26-07-2026 15:00,0.5
1582,1582,DAC Mangan,Sikkim,11,Sikkim,226,MANGAN,MANGAN,-,-,Brahmaputra,Brahmaputra,-,-,-,Brahmaputra,27.49833333,88.53583333,27-07-2026 20:00,0.5
1583,1583,DAC Mangan,Sikkim,11,Sikkim,226,MANGAN,MANGAN,-,-,Brahmaputra,Brahmaputra,-,-,-,Brahmaputra,27.49833333,88.53583333,30-07-2026 08:00,0.5
1584,1584,DAC Mangan,Sikkim,11,Sikkim,226,MANGAN,MANGAN,-,-,Brahmaputra,Brahmaputra,-,-,-,Brahmaputra,27.49833333,88.53583333,31-07-2026 05:00,0.5
1585,1585,DAC Mangan,Sikkim,11,Sikkim,226,MANGAN,MANGAN,-,-,Brahmaputra,Brahmaputra,-,-,-,Brahmaputra,27.49833333,88.53583333,31-07-2026 16:00,0.5
1586,1586,DAC Mangan,Sikkim,11,Sikkim,226,MANGAN,MANGAN,-,-,Brahmaputra,Brahmaputra,-,-,-,Brahmaputra,27.49833333,88.53583333,01-08-2026 05:00,0.5
1587,1587,DAC Mangan,Sikkim,11,Sikkim,226,MANGAN,MANGAN,-,-,Brahmaputra,Brahmaputra,-,-,-,Brahmaputra,27.49833333,88.53583333,01-08-2026 21:00,0.5
1588,1588,DAC Mangan,Sikkim,11,Sikkim,226,MANGAN,MANGAN,-,-,Brahmaputra,Brahmaputra,-,-,-,Brahmaputra,27.49833333,88.53583333,02-08-2026 04:00,0.5
1589,1589,DAC Mangan,Sikkim,11,Sikkim,226,MANGAN,MANGAN,-,-,Brahmaputra,Brahmaputra,-,-,-,Brahmaputra,27.49833333,88.53583333,02-08-2026 12:00,0.5
1590,1590,DAC Mangan,Sikkim,11,Sikkim,226,MANGAN,MANGAN,-,-,Brahmaputra,Brahmaputra,-,-,-,Brahmaputra,27.49833333,88.53583333,02-08-2026 18:00,0.5
1591,1591,DAC Mangan,Sikkim,11,Sikkim,226,MANGAN,MANGAN,-,-,Brahmaputra,Brahmaputra,-,-,-,Brahmaputra,27.49833333,88.53583333,03-08-2026 04:00,0.5
1592,1592,DAC Mangan,Sikkim,11,Sikkim,226,MANGAN,MANGAN,-,-,Brahmaputra,Brahmaputra,-,-,-,Brahmaputra,27.49833333,88.53583333,03-08-2026 10:00,0.5
1593,1593,DAC Mangan,Sikkim,11,Sikkim,226,MANGAN,MANGAN,-,-,Brahmaputra,Brahmaputra,-,-,-,Brahmaputra,27.49833333,88.53583333,03-08-2026 15:00,0.5
1594,1594,DAC Mangan,Sikkim,11,Sikkim,226,MANGAN,MANGAN,-,-,Brahmaputra,Brahmaputra,-,-,-,Brahmaputra,27.49833333,88.53583333,03-08-2026 16:00,0.5
1595,1595,DAC Mangan,Sikkim,11,Sikkim,226,MANGAN,MANGAN,-,-,Brahmaputra,Brahmaputra,-,-,-,Brahmaputra,27.49833333,88.53583333,03-08-2026 19:00,0.5
1596,1596,DAC Mangan,Sikkim,11,Sikkim,226,MANGAN,MANGAN,-,-,Brahmaputra,Brahmaputra,-,-,-,Brahmaputra,27.49833333,88.53583333,03-08-2026 21:00,0.5
1597,1597,DAC Mangan,Sikkim,11,Sikkim,226,MANGAN,MANGAN,-,-,Brahmaputra,Brahmaputra,-,-,-,Brahmaputra,27.49833333,88.53583333,03-08-2026 23:00,0.5
1598,1598,DAC Mangan,Sikkim,11,Sikkim,226,MANGAN,MANGAN,-,-,Brahmaputra,Brahmaputra,-,-,-,Brahmaputra,27.49833333,88.53583333,04-08-2026 01:00,0.5
1599,1599,DAC Mangan,Sikkim,11,Sikkim,226,MANGAN,MANGAN,-,-,Brahmaputra,Brahmaputra,-,-,-,Brahmaputra,27.49833333,88.53583333,04-08-2026 03:00,0.5
1600,1600,DAC Mangan,Sikkim,11,Sikkim,226,MANGAN,MANGAN,-,-,Brahmaputra,Brahmaputra,-,-,-,Brahmaputra,27.49833333,88.53583333,04-08-2026 05:00,0.5
1601,1601,DAC Mangan,Sikkim,11,Sikkim,226,MANGAN,MANGAN,-,-,Brahmaputra,Brahmaputra,-,-,-,Brahmaputra,27.49833333,88.53583333,04-08-2026 06:00,0.5
1602,1602,DAC Mangan,Sikkim,11,Sikkim,226,MANGAN,MANGAN,-,-,Brahmaputra,Brahmaputra,-,-,-,Brahmaputra,27.49833333,88.53583333,04-08-2026 07:00,0.5
1603,1603,DAC Mangan,Sikkim,11,Sikkim,226,MANGAN,MANGAN,-,-,Brahmaputra,Brahmaputra,-,-,-,Brahmaputra,27.49833333,88.53583333,04-08-2026 09:00,0.5
1604,1604,DAC Mangan,Sikkim,11,Sikkim,226,MANGAN,MANGAN,-,-,Brahmaputra,Brahmaputra,-,-,-,Brahmaputra,27.49833333,88.53583333,04-08-2026 11:00,0.5
1605,1605,DAC Mangan,Sikkim,11,Sikkim,226,MANGAN,MANGAN,-,-,Brahmaputra,Brahmaputra,-,-,-,Brahmaputra,27.49833333,88.53583333,04-08-2026 13:00,0.5
1606,1606,DAC Mangan,Sikkim,11,Sikkim,226,MANGAN,MANGAN,-,-,Brahmaputra,Brahmaputra,-,-,-,Brahmaputra,27.49833333,88.53583333,04-08-2026 15:00,0.5
1607,1607,DAC Mangan,Sikkim,11,Sikkim,226,MANGAN,MANGAN,-,-,Brahmaputra,Brahmaputra,-,-,-,Brahmaputra,27.49833333,88.53583333,04-08-2026 18:00,0.5
1608,1608,DAC Mangan,Sikkim,11,Sikkim,226,MANGAN,MANGAN,-,-,Brahmaputra,Brahmaputra,-,-,-,Brahmaputra,27.49833333,88.53583333,04-08-2026 22:00,0.5
1609,1609,DAC Mangan,Sikkim,11,Sikkim,226,MANGAN,MANGAN,-,-,Brahmaputra,Brahmaputra,-,-,-,Brahmaputra,27.49833333,88.53583333,05-08-2026 02:00,0.5
1610,1610,DAC Mangan,Sikkim,11,Sikkim,226,MANGAN,MANGAN,-,-,Brahmaputra,Brahmaputra,-,-,-,Brahmaputra,27.49833333,88.53583333,05-08-2026 05:00,0.5
1611,1611,DAC Mangan,Sikkim,11,Sikkim,226,MANGAN,MANGAN,-,-,Brahmaputra,Brahmaputra,-,-,-,Brahmaputra,27.49833333,88.53583333,05-08-2026 07:00,0.5
1612,1612,DAC Mangan,Sikkim,11,Sikkim,226,MANGAN,MANGAN,-,-,Brahmaputra,Brahmaputra,-,-,-,Brahmaputra,27.49833333,88.53583333,05-08-2026 09:00,0.5
1613,1613,DAC Mangan,Sikkim,11,Sikkim,226,MANGAN,MANGAN,-,-,Brahmaputra,Brahmaputra,-,-,-,Brahmaputra,27.49833333,88.53583333,05-08-2026 12:00,0.5
1614,1614,DAC Mangan,Sikkim,11,Sikkim,226,MANGAN,MANGAN,-,-,Brahmaputra,Brahmaputra,-,-,-,Brahmaputra,27.49833333,88.53583333,05-08-2026 16:00,0.5
1615,1615,DAC Mangan,Sikkim,11,Sikkim,226,MANGAN,MANGAN,-,-,Brahmaputra,Brahmaputra,-,-,-,Brahmaputra,27.49833333,88.53583333,05-08-2026 22:00,0.5
1616,1616,DAC Mangan,Sikkim,11,Sikkim,226,MANGAN,MANGAN,-,-,Brahmaputra,Brahmaputra,-,-,-,Brahmaputra,27.49833333,88.53583333,06-08-2026 01:00,0.5
1617,1617,DAC Mangan,Sikkim,11,Sikkim,226,MANGAN,MANGAN,-,-,Brahmaputra,Brahmaputra,-,-,-,Brahmaputra,27.49833333,88.53583333,06-08-2026 05:00,0.5
1618,1618,DAC Mangan,Sikkim,11,Sikkim,226,MANGAN,MANGAN,-,-,Brahmaputra,Brahmaputra,-,-,-,Brahmaputra,27.49833333,88.53583333,06-08-2026 08:00,0.5
1619,1619,DAC Mangan,Sikkim,11,Sikkim,226,MANGAN,MANGAN,-,-,Brahmaputra,Brahmaputra,-,-,-,Brahmaputra,27.49833333,88.53583333,06-08-2026 13:00,0.5
1620,1620,DAC Mangan,Sikkim,11,Sikkim,226,MANGAN,MANGAN,-,-,Brahmaputra,Brahmaputra,-,-,-,Brahmaputra,27.49833333,88.53583333,06-08-2026 17:00,0.5
1621,1621,DAC Mangan,Sikkim,11,Sikkim,226,MANGAN,MANGAN,-,-,Brahmaputra,Brahmaputra,-,-,-,Brahmaputra,27.49833333,88.53583333,06-08-2026 20:00,0.5
1622,1622,DAC Mangan,Sikkim,11,Sikkim,226,MANGAN,MANGAN,-,-,Brahmaputra,Brahmaputra,-,-,-,Brahmaputra,27.49833333,88.53583333,06-08-2026 23:00,0.5
1623,1623,DAC Mangan,Sikkim,11,Sikkim,226,MANGAN,MANGAN,-,-,Brahmaputra,Brahmaputra,-,-,-,Brahmaputra,27.49833333,88.53583333,07-08-2026 03:00,0.5
1624,1624,DAC Mangan,Sikkim,11,Sikkim,226,MANGAN,MANGAN,-,-,Brahmaputra,Brahmaputra,-,-,-,Brahmaputra,27.49833333,88.53583333,07-08-2026 07:00,0.5
1625,1625,DAC Mangan,Sikkim,11,Sikkim,226,MANGAN,MANGAN,-,-,Brahmaputra,Brahmaputra,-,-,-,Brahmaputra,27.49833333,88.53583333,07-08-2026 12:00,0.5
1626,1626,DAC Mangan,Sikkim,11,Sikkim,226,MANGAN,MANGAN,-,-,Brahmaputra,Brahmaputra,-,-,-,Brahmaputra,27.49833333,88.53583333,07-08-2026 16:00,0.5
1627,1627,DAC Mangan,Sikkim,11,Sikkim,226,MANGAN,MANGAN,-,-,Brahmaputra,Brahmaputra,-,-,-,Brahmaputra,27.49833333,88.53583333,07-08-2026 20:00,0.5
1628,1628,DAC Mangan,Sikkim,11,Sikkim,226,MANGAN,MANGAN,-,-,Brahmaputra,Brahmaputra,-,-,-,Brahmaputra,27.49833333,88.53583333,07-08-2026 23:00,0.5
1629,1629,DAC Mangan,Sikkim,11,Sikkim,226,MANGAN,MANGAN,-,-,Brahmaputra,Brahmaputra,-,-,-,Brahmaputra,27.49833333,88.53583333,08-08-2026 03:00,0.5
1630,1630,DAC Mangan,Sikkim,11,Sikkim,226,MANGAN,MANGAN,-,-,Brahmaputra,Brahmaputra,-,-,-,Brahmaputra,27.49833333,88.53583333,08-08-2026 06:00,0.5
1631,1631,DAC Mangan,Sikkim,11,Sikkim,226,MANGAN,MANGAN,-,-,Brahmaputra,Brahmaputra,-,-,-,Brahmaputra,27.49833333,88.53583333,08-08-2026 09:00,0.5
1632,1632,DAC Mangan,Sikkim,11,Sikkim,226,MANGAN,MANGAN,-,-,Brahmaputra,Brahmaputra,-,-,-,Brahmaputra,27.49833333,88.53583333,08-08-2026 13:00,0.5
1633,1633,DAC Mangan,Sikkim,11,Sikkim,226,MANGAN,MANGAN,-,-,Brahmaputra,Brahmaputra,-,-,-,Brahmaputra,27.49833333,88.53583333,08-08-2026 18:00,0.5
1634,1634,DAC Mangan,Sikkim,11,Sikkim,226,MANGAN,MANGAN,-,-,Brahmaputra,Brahmaputra,-,-,-,Brahmaputra,27.49833333,88.53583333,08-08-2026 23:00,0.5
1635,1635,DAC Mangan,Sikkim,11,Sikkim,226,MANGAN,MANGAN,-,-,Brahmaputra,Brahmaputra,-,-,-,Brahmaputra,27.49833333,88.53583333,09-08-2026 05:00,0.5
1636,1636,DAC Mangan,Sikkim,11,Sikkim,226,MANGAN,MANGAN,-,-,Brahmaputra,Brahmaputra,-,-,-,Brahmaputra,27.49833333,88.53583333,09-08-2026 11:00,0.5
1637,1637,DAC Mangan,Sikkim,11,Sikkim,226,MANGAN,MANGAN,-,-,Brahmaputra,Brahmaputra,-,-,-,Brahmaputra,27.49833333,88.53583333,11-08-2026 00:00,0.5
1638,1638,DAC Mangan,Sikkim,11,Sikkim,226,MANGAN,MANGAN,-,-,Brahmaputra,Brahmaputra,-,-,-,Brahmaputra,27.49833333,88.53583333,11-08-2026 06:00,0.5
1639,1639,DAC Mangan,Sikkim,11,Sikkim,226,MANGAN,MANGAN,-,-,Brahmaputra,Brahmaputra,-,-,-,Brahmaputra,27.49833333,88.53583333,11-08-2026 12:00,0.5
1640,1640,DAC Mangan,Sikkim,11,Sikkim,226,MANGAN,MANGAN,-,-,Brahmaputra,Brahmaputra,-,-,-,Brahmaputra,27.49833333,88.53583333,11-08-2026 16:00,0.5
1641,1641,DAC Mangan,Sikkim,11,Sikkim,226,MANGAN,MANGAN,-,-,Brahmaputra,Brahmaputra,-,-,-,Brahmaputra,27.49833333,88.53583333,11-08-2026 20:00,0.5
1642,1642,DAC Mangan,Sikkim,11,Sikkim,226,MANGAN,MANGAN,-,-,Brahmaputra,Brahmaputra,-,-,-,Brahmaputra,27.49833333,88.53583333,12-08-2026 00:00,0.5
1643,1643,DAC Mangan,Sikkim,11,Sikkim,226,MANGAN,MANGAN,-,-,Brahmaputra,Brahmaputra,-,-,-,Brahmaputra,27.49833333,88.53583333,12-08-2026 02:00,0.5
1644,1644,DAC Mangan,Sikkim,11,Sikkim,226,MANGAN,MANGAN,-,-,Brahmaputra,Brahmaputra,-,-,-,Brahmaputra,27.49833333,88.53583333,12-08-2026 05:00,0.5
1645,1645,DAC Mangan,Sikkim,11,Sikkim,226,MANGAN,MANGAN,-,-,Brahmaputra,Brahmaputra,-,-,-,Brahmaputra,27.49833333,88.53583333,12-08-2026 07:00,0.5
1646,1646,DAC Mangan,Sikkim,11,Sikkim,226,MANGAN,MANGAN,-,-,Brahmaputra,Brahmaputra,-,-,-,Brahmaputra,27.49833333,88.53583333,12-08-2026 11:00,0.5
1647,1647,DAC Mangan,Sikkim,11,Sikkim,226,MANGAN,MANGAN,-,-,Brahmaputra,Brahmaputra,-,-,-,Brahmaputra,27.49833333,88.53583333,14-08-2026 03:00,0.5
1648,1648,DAC Mangan,Sikkim,11,Sikkim,226,MANGAN,MANGAN,-,-,Brahmaputra,Brahmaputra,-,-,-,Brahmaputra,27.49833333,88.53583333,14-08-2026 07:00,0.5
1649,1649,DAC Mangan,Sikkim,11,Sikkim,226,MANGAN,MANGAN,-,-,Brahmaputra,Brahmaputra,-,-,-,Brahmaputra,27.49833333,88.53583333,14-08-2026 12:00,0.5
1650,1650,DAC Mangan,Sikkim,11,Sikkim,226,MANGAN,MANGAN,-,-,Brahmaputra,Brahmaputra,-,-,-,Brahmaputra,27.49833333,88.53583333,14-08-2026 16:00,0.5
1651,1651,DAC Mangan,Sikkim,11,Sikkim,226,MANGAN,MANGAN,-,-,Brahmaputra,Brahmaputra,-,-,-,Brahmaputra,27.49833333,88.53583333,14-08-2026 17:00,1.5
1652,1652,DAC Mangan,Sikkim,11,Sikkim,226,MANGAN,MANGAN,-,-,Brahmaputra,Brahmaputra,-,-,-,Brahmaputra,27.49833333,88.53583333,14-08-2026 18:00,1
1653,1653,DAC Mangan,Sikkim,11,Sikkim,226,MANGAN,MANGAN,-,-,Brahmaputra,Brahmaputra,-,-,-,Brahmaputra,27.49833333,88.53583333,14-08-2026 19:00,0.5
1654,1654,DAC Mangan,Sikkim,11,Sikkim,226,MANGAN,MANGAN,-,-,Brahmaputra,Brahmaputra,-,-,-,Brahmaputra,27.49833333,88.53583333,22-08-2026 00:00,3.5
1655,1655,DAC Mangan,Sikkim,11,Sikkim,226,MANGAN,MANGAN,-,-,Brahmaputra,Brahmaputra,-,-,-,Brahmaputra,27.49833333,88.53583333,22-08-2026 01:00,1.5
1656,1656,DAC Mangan,Sikkim,11,Sikkim,226,MANGAN,MANGAN,-,-,Brahmaputra,Brahmaputra,-,-,-,Brahmaputra,27.49833333,88.53583333,22-08-2026 02:00,0.5
1657,1657,DAC Mangan,Sikkim,11,Sikkim,226,MANGAN,MANGAN,-,-,Brahmaputra,Brahmaputra,-,-,-,Brahmaputra,27.49833333,88.53583333,22-08-2026 05:00,0.5
1658,1658,DAC Mangan,Sikkim,11,Sikkim,226,MANGAN,MANGAN,-,-,Brahmaputra,Brahmaputra,-,-,-,Brahmaputra,27.49833333,88.53583333,23-08-2026 00:00,0.5
1659,1659,DAC Mangan,Sikkim,11,Sikkim,226,MANGAN,MANGAN,-,-,Brahmaputra,Brahmaputra,-,-,-,Brahmaputra,27.49833333,88.53583333,23-08-2026 00:00,0.5
1660,1660,DAC Mangan,Sikkim,11,Sikkim,226,MANGAN,MANGAN,-,-,Brahmaputra,Brahmaputra,-,-,-,Brahmaputra,27.49833333,88.53583333,23-08-2026 01:00,5
1661,1661,DAC Mangan,Sikkim,11,Sikkim,226,MANGAN,MANGAN,-,-,Brahmaputra,Brahmaputra,-,-,-,Brahmaputra,27.49833333,88.53583333,23-08-2026 01:00,5
1662,1662,DAC Mangan,Sikkim,11,Sikkim,226,MANGAN,MANGAN,-,-,Brahmaputra,Brahmaputra,-,-,-,Brahmaputra,27.49833333,88.53583333,23-08-2026 04:00,1
1663,1663,DAC Mangan,Sikkim,11,Sikkim,226,MANGAN,MANGAN,-,-,Brahmaputra,Brahmaputra,-,-,-,Brahmaputra,27.49833333,88.53583333,23-08-2026 04:00,1
1664,1664,DAC Mangan,Sikkim,11,Sikkim,226,MANGAN,MANGAN,-,-,Brahmaputra,Brahmaputra,-,-,-,Brahmaputra,27.49833333,88.53583333,24-08-2026 05:00,307
1665,1665,DAC Mangan,Sikkim,11,Sikkim,226,MANGAN,MANGAN,-,-,Brahmaputra,Brahmaputra,-,-,-,Brahmaputra,27.49833333,88.53583333,24-08-2026 06:00,307
1666,1666,DAC Mangan,Sikkim,11,Sikkim,226,MANGAN,MANGAN,-,-,Brahmaputra,Brahmaputra,-,-,-,Brahmaputra,27.49833333,88.53583333,24-08-2026 07:00,311.5
1667,1667,DAC Mangan,Sikkim,11,Sikkim,226,MANGAN,MANGAN,-,-,Brahmaputra,Brahmaputra,-,-,-,Brahmaputra,27.49833333,88.53583333,24-08-2026 08:00,323
1668,1668,DAC Mangan,Sikkim,11,Sikkim,226,MANGAN,MANGAN,-,-,Brahmaputra,Brahmaputra,-,-,-,Brahmaputra,27.49833333,88.53583333,24-08-2026 09:00,339.5
1669,1669,DAC Mangan,Sikkim,11,Sikkim,226,MANGAN,MANGAN,-,-,Brahmaputra,Brahmaputra,-,-,-,Brahmaputra,27.49833333,88.53583333,24-08-2026 10:00,346
1670,1670,DAC Mangan,Sikkim,11,Sikkim,226,MANGAN,MANGAN,-,-,Brahmaputra,Brahmaputra,-,-,-,Brahmaputra,27.49833333,88.53583333,24-08-2026 11:00,346
1671,1671,DAC Mangan,Sikkim,11,Sikkim,226,MANGAN,MANGAN,-,-,Brahmaputra,Brahmaputra,-,-,-,Brahmaputra,27.49833333,88.53583333,24-08-2026 12:00,338.5
1672,1672,DAC Mangan,Sikkim,11,Sikkim,226,MANGAN,MANGAN,-,-,Brahmaputra,Brahmaputra,-,-,-,Brahmaputra,27.49833333,88.53583333,24-08-2026 13:00,339.5
1673,1673,DAC Mangan,Sikkim,11,Sikkim,226,MANGAN,MANGAN,-,-,Brahmaputra,Brahmaputra,-,-,-,Brahmaputra,27.49833333,88.53583333,24-08-2026 14:00,334.5
1674,1674,DAC Mangan,Sikkim,11,Sikkim,226,MANGAN,MANGAN,-,-,Brahmaputra,Brahmaputra,-,-,-,Brahmaputra,27.49833333,88.53583333,24-08-2026 15:00,327.5
1675,1675,DAC Mangan,Sikkim,11,Sikkim,226,MANGAN,MANGAN,-,-,Brahmaputra,Brahmaputra,-,-,-,Brahmaputra,27.49833333,88.53583333,24-08-2026 16:00,321.5
1676,1676,DAC Mangan,Sikkim,11,Sikkim,226,MANGAN,MANGAN,-,-,Brahmaputra,Brahmaputra,-,-,-,Brahmaputra,27.49833333,88.53583333,24-08-2026 17:00,314.5
1677,1677,DAC Mangan,Sikkim,11,Sikkim,226,MANGAN,MANGAN,-,-,Brahmaputra,Brahmaputra,-,-,-,Brahmaputra,27.49833333,88.53583333,24-08-2026 18:00,315
1678,1678,DAC Mangan,Sikkim,11,Sikkim,226,MANGAN,MANGAN,-,-,Brahmaputra,Brahmaputra,-,-,-,Brahmaputra,27.49833333,88.53583333,24-08-2026 19:00,310.5
1679,1679,DAC Mangan,Sikkim,11,Sikkim,226,MANGAN,MANGAN,-,-,Brahmaputra,Brahmaputra,-,-,-,Brahmaputra,27.49833333,88.53583333,24-08-2026 20:00,310
1680,1680,DAC Mangan,Sikkim,11,Sikkim,226,MANGAN,MANGAN,-,-,Brahmaputra,Brahmaputra,-,-,-,Brahmaputra,27.49833333,88.53583333,24-08-2026 21:00,310
1681,1681,DAC Mangan,Sikkim,11,Sikkim,226,MANGAN,MANGAN,-,-,Brahmaputra,Brahmaputra,-,-,-,Brahmaputra,27.49833333,88.53583333,24-08-2026 22:00,309.5
1682,1682,DAC Mangan,Sikkim,11,Sikkim,226,MANGAN,MANGAN,-,-,Brahmaputra,Brahmaputra,-,-,-,Brahmaputra,27.49833333,88.53583333,24-08-2026 23:00,309.5
1683,1683,DAC Mangan,Sikkim,11,Sikkim,226,MANGAN,MANGAN,-,-,Brahmaputra,Brahmaputra,-,-,-,Brahmaputra,27.49833333,88.53583333,25-08-2026 00:00,309
1684,1684,DAC Mangan,Sikkim,11,Sikkim,226,MANGAN,MANGAN,-,-,Brahmaputra,Brahmaputra,-,-,-,Brahmaputra,27.49833333,88.53583333,25-08-2026 01:00,308
1685,1685,DAC Mangan,Sikkim,11,Sikkim,226,MANGAN,MANGAN,-,-,Brahmaputra,Brahmaputra,-,-,-,Brahmaputra,27.49833333,88.53583333,25-08-2026 02:00,308
1686,1686,DAC Mangan,Sikkim,11,Sikkim,226,MANGAN,MANGAN,-,-,Brahmaputra,Brahmaputra,-,-,-,Brahmaputra,27.49833333,88.53583333,25-08-2026 03:00,307
1687,1687,DAC Mangan,Sikkim,11,Sikkim,226,MANGAN,MANGAN,-,-,Brahmaputra,Brahmaputra,-,-,-,Brahmaputra,27.49833333,88.53583333,25-08-2026 04:00,306.5
1688,1688,DAC Mangan,Sikkim,11,Sikkim,226,MANGAN,MANGAN,-,-,Brahmaputra,Brahmaputra,-,-,-,Brahmaputra,27.49833333,88.53583333,25-08-2026 05:00,307
1689,1689,DAC Mangan,Sikkim,11,Sikkim,226,MANGAN,MANGAN,-,-,Brahmaputra,Brahmaputra,-,-,-,Brahmaputra,27.49833333,88.53583333,25-08-2026 06:00,307.5
1690,1690,DAC Mangan,Sikkim,11,Sikkim,226,MANGAN,MANGAN,-,-,Brahmaputra,Brahmaputra,-,-,-,Brahmaputra,27.49833333,88.53583333,25-08-2026 07:00,306.5
1691,1691,DAC Mangan,Sikkim,11,Sikkim,226,MANGAN,MANGAN,-,-,Brahmaputra,Brahmaputra,-,-,-,Brahmaputra,27.49833333,88.53583333,25-08-2026 08:00,319
1692,1692,DAC Mangan,Sikkim,11,Sikkim,226,MANGAN,MANGAN,-,-,Brahmaputra,Brahmaputra,-,-,-,Brahmaputra,27.49833333,88.53583333,25-08-2026 09:00,340
1693,1693,DAC Mangan,Sikkim,11,Sikkim,226,MANGAN,MANGAN,-,-,Brahmaputra,Brahmaputra,-,-,-,Brahmaputra,27.49833333,88.53583333,25-08-2026 10:00,343.5
1694,1694,DAC Mangan,Sikkim,11,Sikkim,226,MANGAN,MANGAN,-,-,Brahmaputra,Brahmaputra,-,-,-,Brahmaputra,27.49833333,88.53583333,25-08-2026 11:00,345
1695,1695,DAC Mangan,Sikkim,11,Sikkim,226,MANGAN,MANGAN,-,-,Brahmaputra,Brahmaputra,-,-,-,Brahmaputra,27.49833333,88.53583333,25-08-2026 12:00,346
1696,1696,DAC Mangan,Sikkim,11,Sikkim,226,MANGAN,MANGAN,-,-,Brahmaputra,Brahmaputra,-,-,-,Brahmaputra,27.49833333,88.53583333,25-08-2026 13:00,350.5
1697,1697,DAC Mangan,Sikkim,11,Sikkim,226,MANGAN,MANGAN,-,-,Brahmaputra,Brahmaputra,-,-,-,Brahmaputra,27.49833333,88.53583333,25-08-2026 14:00,351.5
1698,1698,DAC Mangan,Sikkim,11,Sikkim,226,MANGAN,MANGAN,-,-,Brahmaputra,Brahmaputra,-,-,-,Brahmaputra,27.49833333,88.53583333,25-08-2026 15:00,333.5
1699,1699,DAC Mangan,Sikkim,11,Sikkim,226,MANGAN,MANGAN,-,-,Brahmaputra,Brahmaputra,-,-,-,Brahmaputra,27.49833333,88.53583333,25-08-2026 17:00,321.5
1700,1700,DAC Mangan,Sikkim,11,Sikkim,226,MANGAN,MANGAN,-,-,Brahmaputra,Brahmaputra,-,-,-,Brahmaputra,27.49833333,88.53583333,25-08-2026 18:00,319
1701,1701,DAC Mangan,Sikkim,11,Sikkim,226,MANGAN,MANGAN,-,-,Brahmaputra,Brahmaputra,-,-,-,Brahmaputra,27.49833333,88.53583333,25-08-2026 19:00,316
1702,1702,DAC Mangan,Sikkim,11,Sikkim,226,MANGAN,MANGAN,-,-,Brahmaputra,Brahmaputra,-,-,-,Brahmaputra,27.49833333,88.53583333,25-08-2026 20:00,313
1703,1703,DAC Mangan,Sikkim,11,Sikkim,226,MANGAN,MANGAN,-,-,Brahmaputra,Brahmaputra,-,-,-,Brahmaputra,27.49833333,88.53583333,25-08-2026 21:00,310.5
1704,1704,DAC Mangan,Sikkim,11,Sikkim,226,MANGAN,MANGAN,-,-,Brahmaputra,Brahmaputra,-,-,-,Brahmaputra,27.49833333,88.53583333,25-08-2026 22:00,310
1705,1705,DAC Mangan,Sikkim,11,Sikkim,226,MANGAN,MANGAN,-,-,Brahmaputra,Brahmaputra,-,-,-,Brahmaputra,27.49833333,88.53583333,26-08-2026 00:00,1
1706,1706,DAC Mangan,Sikkim,11,Sikkim,226,MANGAN,MANGAN,-,-,Brahmaputra,Brahmaputra,-,-,-,Brahmaputra,27.49833333,88.53583333,26-08-2026 00:00,306
1707,1707,DAC Mangan,Sikkim,11,Sikkim,226,MANGAN,MANGAN,-,-,Brahmaputra,Brahmaputra,-,-,-,Brahmaputra,27.49833333,88.53583333,26-08-2026 01:00,306
1708,1708,DAC Mangan,Sikkim,11,Sikkim,226,MANGAN,MANGAN,-,-,Brahmaputra,Brahmaputra,-,-,-,Brahmaputra,27.49833333,88.53583333,26-08-2026 02:00,305
1709,1709,DAC Mangan,Sikkim,11,Sikkim,226,MANGAN,MANGAN,-,-,Brahmaputra,Brahmaputra,-,-,-,Brahmaputra,27.49833333,88.53583333,26-08-2026 03:00,305.5
1710,1710,DAC Mangan,Sikkim,11,Sikkim,226,MANGAN,MANGAN,-,-,Brahmaputra,Brahmaputra,-,-,-,Brahmaputra,27.49833333,88.53583333,26-08-2026 04:00,304.5
1711,1711,DAC Mangan,Sikkim,11,Sikkim,226,MANGAN,MANGAN,-,-,Brahmaputra,Brahmaputra,-,-,-,Brahmaputra,27.49833333,88.53583333,26-08-2026 05:00,305
1712,1712,DAC Mangan,Sikkim,11,Sikkim,226,MANGAN,MANGAN,-,-,Brahmaputra,Brahmaputra,-,-,-,Brahmaputra,27.49833333,88.53583333,26-08-2026 05:00,2
1713,1713,DAC Mangan,Sikkim,11,Sikkim,226,MANGAN,MANGAN,-,-,Brahmaputra,Brahmaputra,-,-,-,Brahmaputra,27.49833333,88.53583333,26-08-2026 06:00,4
1714,1714,DAC Mangan,Sikkim,11,Sikkim,226,MANGAN,MANGAN,-,-,Brahmaputra,Brahmaputra,-,-,-,Brahmaputra,27.49833333,88.53583333,26-08-2026 06:00,304.5
1715,1715,DAC Mangan,Sikkim,11,Sikkim,226,MANGAN,MANGAN,-,-,Brahmaputra,Brahmaputra,-,-,-,Brahmaputra,27.49833333,88.53583333,26-08-2026 07:00,6.5
1716,1716,DAC Mangan,Sikkim,11,Sikkim,226,MANGAN,MANGAN,-,-,Brahmaputra,Brahmaputra,-,-,-,Brahmaputra,27.49833333,88.53583333,26-08-2026 07:00,305
1717,1717,DAC Mangan,Sikkim,11,Sikkim,226,MANGAN,MANGAN,-,-,Brahmaputra,Brahmaputra,-,-,-,Brahmaputra,27.49833333,88.53583333,26-08-2026 08:00,2.5
1718,1718,DAC Mangan,Sikkim,11,Sikkim,226,MANGAN,MANGAN,-,-,Brahmaputra,Brahmaputra,-,-,-,Brahmaputra,27.49833333,88.53583333,26-08-2026 08:00,2.5
1719,1719,DAC Mangan,Sikkim,11,Sikkim,226,MANGAN,MANGAN,-,-,Brahmaputra,Brahmaputra,-,-,-,Brahmaputra,27.49833333,88.53583333,26-08-2026 09:00,1
1720,1720,DAC Mangan,Sikkim,11,Sikkim,226,MANGAN,MANGAN,-,-,Brahmaputra,Brahmaputra,-,-,-,Brahmaputra,27.49833333,88.53583333,26-08-2026 09:00,307.5
1721,1721,DAC Mangan,Sikkim,11,Sikkim,226,MANGAN,MANGAN,-,-,Brahmaputra,Brahmaputra,-,-,-,Brahmaputra,27.49833333,88.53583333,26-08-2026 10:00,1.5
1722,1722,DAC Mangan,Sikkim,11,Sikkim,226,MANGAN,MANGAN,-,-,Brahmaputra,Brahmaputra,-,-,-,Brahmaputra,27.49833333,88.53583333,26-08-2026 10:00,1.5
1723,1723,DAC Mangan,Sikkim,11,Sikkim,226,MANGAN,MANGAN,-,-,Brahmaputra,Brahmaputra,-,-,-,Brahmaputra,27.49833333,88.53583333,26-08-2026 11:00,323.5
1724,1724,DAC Mangan,Sikkim,11,Sikkim,226,MANGAN,MANGAN,-,-,Brahmaputra,Brahmaputra,-,-,-,Brahmaputra,27.49833333,88.53583333,26-08-2026 11:00,0.5
1725,1725,DAC Mangan,Sikkim,11,Sikkim,226,MANGAN,MANGAN,-,-,Brahmaputra,Brahmaputra,-,-,-,Brahmaputra,27.49833333,88.53583333,26-08-2026 12:00,321
1726,1726,DAC Mangan,Sikkim,11,Sikkim,226,MANGAN,MANGAN,-,-,Brahmaputra,Brahmaputra,-,-,-,Brahmaputra,27.49833333,88.53583333,26-08-2026 13:00,333
1727,1727,DAC Mangan,Sikkim,11,Sikkim,226,MANGAN,MANGAN,-,-,Brahmaputra,Brahmaputra,-,-,-,Brahmaputra,27.49833333,88.53583333,26-08-2026 14:00,331
1728,1728,DAC Mangan,Sikkim,11,Sikkim,226,MANGAN,MANGAN,-,-,Brahmaputra,Brahmaputra,-,-,-,Brahmaputra,27.49833333,88.53583333,26-08-2026 15:00,331
1729,1729,DAC Mangan,Sikkim,11,Sikkim,226,MANGAN,MANGAN,-,-,Brahmaputra,Brahmaputra,-,-,-,Brahmaputra,27.49833333,88.53583333,26-08-2026 16:00,321
1730,1730,DAC Mangan,Sikkim,11,Sikkim,226,MANGAN,MANGAN,-,-,Brahmaputra,Brahmaputra,-,-,-,Brahmaputra,27.49833333,88.53583333,26-08-2026 17:00,315
1731,1731,DAC Mangan,Sikkim,11,Sikkim,226,MANGAN,MANGAN,-,-,Brahmaputra,Brahmaputra,-,-,-,Brahmaputra,27.49833333,88.53583333,26-08-2026 19:00,312.5
1732,1732,DAC Mangan,Sikkim,11,Sikkim,226,MANGAN,MANGAN,-,-,Brahmaputra,Brahmaputra,-,-,-,Brahmaputra,27.49833333,88.53583333,26-08-2026 20:00,311
1733,1733,DAC Mangan,Sikkim,11,Sikkim,226,MANGAN,MANGAN,-,-,Brahmaputra,Brahmaputra,-,-,-,Brahmaputra,27.49833333,88.53583333,26-08-2026 21:00,311
1734,1734,DAC Mangan,Sikkim,11,Sikkim,226,MANGAN,MANGAN,-,-,Brahmaputra,Brahmaputra,-,-,-,Brahmaputra,27.49833333,88.53583333,26-08-2026 22:00,310
1735,1735,DAC Mangan,Sikkim,11,Sikkim,226,MANGAN,MANGAN,-,-,Brahmaputra,Brahmaputra,-,-,-,Brahmaputra,27.49833333,88.53583333,26-08-2026 23:00,308.5
1736,1736,DAC Mangan,Sikkim,11,Sikkim,226,MANGAN,MANGAN,-,-,Brahmaputra,Brahmaputra,-,-,-,Brahmaputra,27.49833333,88.53583333,27-08-2026 00:00,307.5
1737,1737,DAC Mangan,Sikkim,11,Sikkim,226,MANGAN,MANGAN,-,-,Brahmaputra,Brahmaputra,-,-,-,Brahmaputra,27.49833333,88.53583333,27-08-2026 01:00,306.5
1738,1738,DAC Mangan,Sikkim,11,Sikkim,226,MANGAN,MANGAN,-,-,Brahmaputra,Brahmaputra,-,-,-,Brahmaputra,27.49833333,88.53583333,27-08-2026 02:00,305.5
1739,1739,DAC Mangan,Sikkim,11,Sikkim,226,MANGAN,MANGAN,-,-,Brahmaputra,Brahmaputra,-,-,-,Brahmaputra,27.49833333,88.53583333,27-08-2026 03:00,304.5
1740,1740,DAC Mangan,Sikkim,11,Sikkim,226,MANGAN,MANGAN,-,-,Brahmaputra,Brahmaputra,-,-,-,Brahmaputra,27.49833333,88.53583333,27-08-2026 04:00,303
1741,1741,DAC Mangan,Sikkim,11,Sikkim,226,MANGAN,MANGAN,-,-,Brahmaputra,Brahmaputra,-,-,-,Brahmaputra,27.49833333,88.53583333,27-08-2026 05:00,304
1742,1742,DAC Mangan,Sikkim,11,Sikkim,226,MANGAN,MANGAN,-,-,Brahmaputra,Brahmaputra,-,-,-,Brahmaputra,27.49833333,88.53583333,27-08-2026 06:00,306.5
1743,1743,DAC Mangan,Sikkim,11,Sikkim,226,MANGAN,MANGAN,-,-,Brahmaputra,Brahmaputra,-,-,-,Brahmaputra,27.49833333,88.53583333,27-08-2026 07:00,313
1744,1744,DAC Mangan,Sikkim,11,Sikkim,226,MANGAN,MANGAN,-,-,Brahmaputra,Brahmaputra,-,-,-,Brahmaputra,27.49833333,88.53583333,27-08-2026 08:00,318
1745,1745,DAC Mangan,Sikkim,11,Sikkim,226,MANGAN,MANGAN,-,-,Brahmaputra,Brahmaputra,-,-,-,Brahmaputra,27.49833333,88.53583333,27-08-2026 09:00,341.5
1746,1746,DAC Mangan,Sikkim,11,Sikkim,226,MANGAN,MANGAN,-,-,Brahmaputra,Brahmaputra,-,-,-,Brahmaputra,27.49833333,88.53583333,27-08-2026 10:00,356.5
1747,1747,DAC Mangan,Sikkim,11,Sikkim,226,MANGAN,MANGAN,-,-,Brahmaputra,Brahmaputra,-,-,-,Brahmaputra,27.49833333,88.53583333,27-08-2026 11:00,348.5
1748,1748,DAC Mangan,Sikkim,11,Sikkim,226,MANGAN,MANGAN,-,-,Brahmaputra,Brahmaputra,-,-,-,Brahmaputra,27.49833333,88.53583333,27-08-2026 12:00,341.5
1749,1749,DAC Mangan,Sikkim,11,Sikkim,226,MANGAN,MANGAN,-,-,Brahmaputra,Brahmaputra,-,-,-,Brahmaputra,27.49833333,88.53583333,27-08-2026 13:00,338
1750,1750,DAC Mangan,Sikkim,11,Sikkim,226,MANGAN,MANGAN,-,-,Brahmaputra,Brahmaputra,-,-,-,Brahmaputra,27.49833333,88.53583333,27-08-2026 14:00,339
1751,1751,DAC Mangan,Sikkim,11,Sikkim,226,MANGAN,MANGAN,-,-,Brahmaputra,Brahmaputra,-,-,-,Brahmaputra,27.49833333,88.53583333,27-08-2026 15:00,334
1752,1752,DAC Mangan,Sikkim,11,Sikkim,226,MANGAN,MANGAN,-,-,Brahmaputra,Brahmaputra,-,-,-,Brahmaputra,27.49833333,88.53583333,27-08-2026 16:00,328
1753,1753,DAC Mangan,Sikkim,11,Sikkim,226,MANGAN,MANGAN,-,-,Brahmaputra,Brahmaputra,-,-,-,Brahmaputra,27.49833333,88.53583333,27-08-2026 17:00,323
1754,1754,DAC Mangan,Sikkim,11,Sikkim,226,MANGAN,MANGAN,-,-,Brahmaputra,Brahmaputra,-,-,-,Brahmaputra,27.49833333,88.53583333,27-08-2026 18:00,318
1755,1755,DAC Mangan,Sikkim,11,Sikkim,226,MANGAN,MANGAN,-,-,Brahmaputra,Brahmaputra,-,-,-,Brahmaputra,27.49833333,88.53583333,27-08-2026 19:00,317
1756,1756,DAC Mangan,Sikkim,11,Sikkim,226,MANGAN,MANGAN,-,-,Brahmaputra,Brahmaputra,-,-,-,Brahmaputra,27.49833333,88.53583333,27-08-2026 20:00,315.5
1757,1757,DAC Mangan,Sikkim,11,Sikkim,226,MANGAN,MANGAN,-,-,Brahmaputra,Brahmaputra,-,-,-,Brahmaputra,27.49833333,88.53583333,27-08-2026 21:00,314.5
1758,1758,DAC Mangan,Sikkim,11,Sikkim,226,MANGAN,MANGAN,-,-,Brahmaputra,Brahmaputra,-,-,-,Brahmaputra,27.49833333,88.53583333,27-08-2026 22:00,312.5
1759,1759,DAC Mangan,Sikkim,11,Sikkim,226,MANGAN,MANGAN,-,-,Brahmaputra,Brahmaputra,-,-,-,Brahmaputra,27.49833333,88.53583333,27-08-2026 23:00,310
1760,1760,DAC Mangan,Sikkim,11,Sikkim,226,MANGAN,MANGAN,-,-,Brahmaputra,Brahmaputra,-,-,-,Brahmaputra,27.49833333,88.53583333,28-08-2026 00:00,307.5
1761,1761,DAC Mangan,Sikkim,11,Sikkim,226,MANGAN,MANGAN,-,-,Brahmaputra,Brahmaputra,-,-,-,Brahmaputra,27.49833333,88.53583333,28-08-2026 01:00,307
1762,1762,DAC Mangan,Sikkim,11,Sikkim,226,MANGAN,MANGAN,-,-,Brahmaputra,Brahmaputra,-,-,-,Brahmaputra,27.49833333,88.53583333,28-08-2026 02:00,0.5
1763,1763,DAC Mangan,Sikkim,11,Sikkim,226,MANGAN,MANGAN,-,-,Brahmaputra,Brahmaputra,-,-,-,Brahmaputra,27.49833333,88.53583333,28-08-2026 02:00,305.5
1764,1764,DAC Mangan,Sikkim,11,Sikkim,226,MANGAN,MANGAN,-,-,Brahmaputra,Brahmaputra,-,-,-,Brahmaputra,27.49833333,88.53583333,28-08-2026 03:00,305.5
1765,1765,DAC Mangan,Sikkim,11,Sikkim,226,MANGAN,MANGAN,-,-,Brahmaputra,Brahmaputra,-,-,-,Brahmaputra,27.49833333,88.53583333,28-08-2026 04:00,306.5
1766,1766,DAC Mangan,Sikkim,11,Sikkim,226,MANGAN,MANGAN,-,-,Brahmaputra,Brahmaputra,-,-,-,Brahmaputra,27.49833333,88.53583333,28-08-2026 05:00,307.5
1767,1767,DAC Mangan,Sikkim,11,Sikkim,226,MANGAN,MANGAN,-,-,Brahmaputra,Brahmaputra,-,-,-,Brahmaputra,27.49833333,88.53583333,28-08-2026 06:00,310
1768,1768,DAC Mangan,Sikkim,11,Sikkim,226,MANGAN,MANGAN,-,-,Brahmaputra,Brahmaputra,-,-,-,Brahmaputra,27.49833333,88.53583333,28-08-2026 07:00,310.5
1769,1769,DAC Mangan,Sikkim,11,Sikkim,226,MANGAN,MANGAN,-,-,Brahmaputra,Brahmaputra,-,-,-,Brahmaputra,27.49833333,88.53583333,28-08-2026 08:00,321
1770,1770,DAC Mangan,Sikkim,11,Sikkim,226,MANGAN,MANGAN,-,-,Brahmaputra,Brahmaputra,-,-,-,Brahmaputra,27.49833333,88.53583333,28-08-2026 09:00,332.5
1771,1771,DAC Mangan,Sikkim,11,Sikkim,226,MANGAN,MANGAN,-,-,Brahmaputra,Brahmaputra,-,-,-,Brahmaputra,27.49833333,88.53583333,28-08-2026 10:00,353
1772,1772,DAC Mangan,Sikkim,11,Sikkim,226,MANGAN,MANGAN,-,-,Brahmaputra,Brahmaputra,-,-,-,Brahmaputra,27.49833333,88.53583333,28-08-2026 11:00,353.5
1773,1773,DAC Mangan,Sikkim,11,Sikkim,226,MANGAN,MANGAN,-,-,Brahmaputra,Brahmaputra,-,-,-,Brahmaputra,27.49833333,88.53583333,28-08-2026 12:00,355.5
1774,1774,DAC Mangan,Sikkim,11,Sikkim,226,MANGAN,MANGAN,-,-,Brahmaputra,Brahmaputra,-,-,-,Brahmaputra,27.49833333,88.53583333,28-08-2026 13:00,338.5
1775,1775,DAC Mangan,Sikkim,11,Sikkim,226,MANGAN,MANGAN,-,-,Brahmaputra,Brahmaputra,-,-,-,Brahmaputra,27.49833333,88.53583333,28-08-2026 14:00,339.5
1776,1776,DAC Mangan,Sikkim,11,Sikkim,226,MANGAN,MANGAN,-,-,Brahmaputra,Brahmaputra,-,-,-,Brahmaputra,27.49833333,88.53583333,28-08-2026 15:00,336.5
1777,1777,DAC Mangan,Sikkim,11,Sikkim,226,MANGAN,MANGAN,-,-,Brahmaputra,Brahmaputra,-,-,-,Brahmaputra,27.49833333,88.53583333,28-08-2026 18:00,4
1778,1778,DAC Mangan,Sikkim,11,Sikkim,226,MANGAN,MANGAN,-,-,Brahmaputra,Brahmaputra,-,-,-,Brahmaputra,27.49833333,88.53583333,28-08-2026 18:00,312
1779,1779,DAC Mangan,Sikkim,11,Sikkim,226,MANGAN,MANGAN,-,-,Brahmaputra,Brahmaputra,-,-,-,Brahmaputra,27.49833333,88.53583333,28-08-2026 19:00,1.5
1780,1780,DAC Mangan,Sikkim,11,Sikkim,226,MANGAN,MANGAN,-,-,Brahmaputra,Brahmaputra,-,-,-,Brahmaputra,27.49833333,88.53583333,28-08-2026 19:00,309.5
1781,1781,DAC Mangan,Sikkim,11,Sikkim,226,MANGAN,MANGAN,-,-,Brahmaputra,Brahmaputra,-,-,-,Brahmaputra,27.49833333,88.53583333,28-08-2026 20:00,309
1782,1782,DAC Mangan,Sikkim,11,Sikkim,226,MANGAN,MANGAN,-,-,Brahmaputra,Brahmaputra,-,-,-,Brahmaputra,27.49833333,88.53583333,28-08-2026 21:00,0.5
1783,1783,DAC Mangan,Sikkim,11,Sikkim,226,MANGAN,MANGAN,-,-,Brahmaputra,Brahmaputra,-,-,-,Brahmaputra,27.49833333,88.53583333,28-08-2026 21:00,310.5
1784,1784,DAC Mangan,Sikkim,11,Sikkim,226,MANGAN,MANGAN,-,-,Brahmaputra,Brahmaputra,-,-,-,Brahmaputra,27.49833333,88.53583333,28-08-2026 22:00,1
1785,1785,DAC Mangan,Sikkim,11,Sikkim,226,MANGAN,MANGAN,-,-,Brahmaputra,Brahmaputra,-,-,-,Brahmaputra,27.49833333,88.53583333,28-08-2026 22:00,309.5
1786,1786,DAC Mangan,Sikkim,11,Sikkim,226,MANGAN,MANGAN,-,-,Brahmaputra,Brahmaputra,-,-,-,Brahmaputra,27.49833333,88.53583333,28-08-2026 23:00,308.5
1787,1787,DAC Mangan,Sikkim,11,Sikkim,226,MANGAN,MANGAN,-,-,Brahmaputra,Brahmaputra,-,-,-,Brahmaputra,27.49833333,88.53583333,29-08-2026 00:00,306
1788,1788,DAC Mangan,Sikkim,11,Sikkim,226,MANGAN,MANGAN,-,-,Brahmaputra,Brahmaputra,-,-,-,Brahmaputra,27.49833333,88.53583333,29-08-2026 01:00,305.5
1789,1789,DAC Mangan,Sikkim,11,Sikkim,226,MANGAN,MANGAN,-,-,Brahmaputra,Brahmaputra,-,-,-,Brahmaputra,27.49833333,88.53583333,29-08-2026 02:00,305
1790,1790,DAC Mangan,Sikkim,11,Sikkim,226,MANGAN,MANGAN,-,-,Brahmaputra,Brahmaputra,-,-,-,Brahmaputra,27.49833333,88.53583333,29-08-2026 03:00,304.5
1791,1791,DAC Mangan,Sikkim,11,Sikkim,226,MANGAN,MANGAN,-,-,Brahmaputra,Brahmaputra,-,-,-,Brahmaputra,27.49833333,88.53583333,29-08-2026 04:00,303
1792,1792,DAC Mangan,Sikkim,11,Sikkim,226,MANGAN,MANGAN,-,-,Brahmaputra,Brahmaputra,-,-,-,Brahmaputra,27.49833333,88.53583333,29-08-2026 05:00,304
1793,1793,DAC Mangan,Sikkim,11,Sikkim,226,MANGAN,MANGAN,-,-,Brahmaputra,Brahmaputra,-,-,-,Brahmaputra,27.49833333,88.53583333,29-08-2026 06:00,306.5
1794,1794,DAC Mangan,Sikkim,11,Sikkim,226,MANGAN,MANGAN,-,-,Brahmaputra,Brahmaputra,-,-,-,Brahmaputra,27.49833333,88.53583333,29-08-2026 06:00,0.5
1795,1795,DAC Mangan,Sikkim,11,Sikkim,226,MANGAN,MANGAN,-,-,Brahmaputra,Brahmaputra,-,-,-,Brahmaputra,27.49833333,88.53583333,29-08-2026 07:00,310
1796,1796,DAC Mangan,Sikkim,11,Sikkim,226,MANGAN,MANGAN,-,-,Brahmaputra,Brahmaputra,-,-,-,Brahmaputra,27.49833333,88.53583333,29-08-2026 08:00,315
1797,1797,DAC Mangan,Sikkim,11,Sikkim,226,MANGAN,MANGAN,-,-,Brahmaputra,Brahmaputra,-,-,-,Brahmaputra,27.49833333,88.53583333,29-08-2026 09:00,341
1798,1798,DAC Mangan,Sikkim,11,Sikkim,226,MANGAN,MANGAN,-,-,Brahmaputra,Brahmaputra,-,-,-,Brahmaputra,27.49833333,88.53583333,29-08-2026 10:00,345.5
1799,1799,DAC Mangan,Sikkim,11,Sikkim,226,MANGAN,MANGAN,-,-,Brahmaputra,Brahmaputra,-,-,-,Brahmaputra,27.49833333,88.53583333,29-08-2026 11:00,355
1800,1800,DAC Mangan,Sikkim,11,Sikkim,226,MANGAN,MANGAN,-,-,Brahmaputra,Brahmaputra,-,-,-,Brahmaputra,27.49833333,88.53583333,29-08-2026 12:00,338.5
1801,1801,DAC Mangan,Sikkim,11,Sikkim,226,MANGAN,MANGAN,-,-,Brahmaputra,Brahmaputra,-,-,-,Brahmaputra,27.49833333,88.53583333,29-08-2026 13:00,317
1802,1802,DAC Mangan,Sikkim,11,Sikkim,226,MANGAN,MANGAN,-,-,Brahmaputra,Brahmaputra,-,-,-,Brahmaputra,27.49833333,88.53583333,29-08-2026 14:00,1
1803,1803,DAC Mangan,Sikkim,11,Sikkim,226,MANGAN,MANGAN,-,-,Brahmaputra,Brahmaputra,-,-,-,Brahmaputra,27.49833333,88.53583333,29-08-2026 14:00,314.5
1804,1804,DAC Mangan,Sikkim,11,Sikkim,226,MANGAN,MANGAN,-,-,Brahmaputra,Brahmaputra,-,-,-,Brahmaputra,27.49833333,88.53583333,29-08-2026 15:00,313.5
1805,1805,DAC Mangan,Sikkim,11,Sikkim,226,MANGAN,MANGAN,-,-,Brahmaputra,Brahmaputra,-,-,-,Brahmaputra,27.49833333,88.53583333,29-08-2026 16:00,316.5
1806,1806,DAC Mangan,Sikkim,11,Sikkim,226,MANGAN,MANGAN,-,-,Brahmaputra,Brahmaputra,-,-,-,Brahmaputra,27.49833333,88.53583333,29-08-2026 17:00,313
1807,1807,DAC Mangan,Sikkim,11,Sikkim,226,MANGAN,MANGAN,-,-,Brahmaputra,Brahmaputra,-,-,-,Brahmaputra,27.49833333,88.53583333,29-08-2026 18:00,312.5
1808,1808,DAC Mangan,Sikkim,11,Sikkim,226,MANGAN,MANGAN,-,-,Brahmaputra,Brahmaputra,-,-,-,Brahmaputra,27.49833333,88.53583333,29-08-2026 19:00,312.5
1809,1809,DAC Mangan,Sikkim,11,Sikkim,226,MANGAN,MANGAN,-,-,Brahmaputra,Brahmaputra,-,-,-,Brahmaputra,27.49833333,88.53583333,29-08-2026 20:00,311.5
1810,1810,DAC Mangan,Sikkim,11,Sikkim,226,MANGAN,MANGAN,-,-,Brahmaputra,Brahmaputra,-,-,-,Brahmaputra,27.49833333,88.53583333,29-08-2026 21:00,312
1811,1811,DAC Mangan,Sikkim,11,Sikkim,226,MANGAN,MANGAN,-,-,Brahmaputra,Brahmaputra,-,-,-,Brahmaputra,27.49833333,88.53583333,29-08-2026 23:00,309
1812,1812,DAC Mangan,Sikkim,11,Sikkim,226,MANGAN,MANGAN,-,-,Brahmaputra,Brahmaputra,-,-,-,Brahmaputra,27.49833333,88.53583333,30-08-2026 00:00,308.5
1813,1813,DAC Mangan,Sikkim,11,Sikkim,226,MANGAN,MANGAN,-,-,Brahmaputra,Brahmaputra,-,-,-,Brahmaputra,27.49833333,88.53583333,30-08-2026 01:00,308.5
1814,1814,DAC Mangan,Sikkim,11,Sikkim,226,MANGAN,MANGAN,-,-,Brahmaputra,Brahmaputra,-,-,-,Brahmaputra,27.49833333,88.53583333,30-08-2026 02:00,309
1815,1815,DAC Mangan,Sikkim,11,Sikkim,226,MANGAN,MANGAN,-,-,Brahmaputra,Brahmaputra,-,-,-,Brahmaputra,27.49833333,88.53583333,30-08-2026 03:00,307
1816,1816,DAC Mangan,Sikkim,11,Sikkim,226,MANGAN,MANGAN,-,-,Brahmaputra,Brahmaputra,-,-,-,Brahmaputra,27.49833333,88.53583333,30-08-2026 04:00,306
1817,1817,DAC Mangan,Sikkim,11,Sikkim,226,MANGAN,MANGAN,-,-,Brahmaputra,Brahmaputra,-,-,-,Brahmaputra,27.49833333,88.53583333,30-08-2026 05:00,307
1818,1818,DAC Mangan,Sikkim,11,Sikkim,226,MANGAN,MANGAN,-,-,Brahmaputra,Brahmaputra,-,-,-,Brahmaputra,27.49833333,88.53583333,30-08-2026 06:00,308
1819,1819,DAC Mangan,Sikkim,11,Sikkim,226,MANGAN,MANGAN,-,-,Brahmaputra,Brahmaputra,-,-,-,Brahmaputra,27.49833333,88.53583333,30-08-2026 07:00,307.5
1820,1820,DAC Mangan,Sikkim,11,Sikkim,226,MANGAN,MANGAN,-,-,Brahmaputra,Brahmaputra,-,-,-,Brahmaputra,27.49833333,88.53583333,30-08-2026 08:00,320.5
1821,1821,DAC Mangan,Sikkim,11,Sikkim,226,MANGAN,MANGAN,-,-,Brahmaputra,Brahmaputra,-,-,-,Brahmaputra,27.49833333,88.53583333,30-08-2026 09:00,345.5
1822,1822,DAC Mangan,Sikkim,11,Sikkim,226,MANGAN,MANGAN,-,-,Brahmaputra,Brahmaputra,-,-,-,Brahmaputra,27.49833333,88.53583333,30-08-2026 10:00,352.5
1823,1823,DAC Mangan,Sikkim,11,Sikkim,226,MANGAN,MANGAN,-,-,Brahmaputra,Brahmaputra,-,-,-,Brahmaputra,27.49833333,88.53583333,30-08-2026 11:00,354
1824,1824,DAC Mangan,Sikkim,11,Sikkim,226,MANGAN,MANGAN,-,-,Brahmaputra,Brahmaputra,-,-,-,Brahmaputra,27.49833333,88.53583333,30-08-2026 12:00,340
1825,1825,DAC Mangan,Sikkim,11,Sikkim,226,MANGAN,MANGAN,-,-,Brahmaputra,Brahmaputra,-,-,-,Brahmaputra,27.49833333,88.53583333,30-08-2026 13:00,334.5
1826,1826,DAC Mangan,Sikkim,11,Sikkim,226,MANGAN,MANGAN,-,-,Brahmaputra,Brahmaputra,-,-,-,Brahmaputra,27.49833333,88.53583333,30-08-2026 14:00,317
1827,1827,DAC Mangan,Sikkim,11,Sikkim,226,MANGAN,MANGAN,-,-,Brahmaputra,Brahmaputra,-,-,-,Brahmaputra,27.49833333,88.53583333,30-08-2026 15:00,312
1828,1828,DAC Mangan,Sikkim,11,Sikkim,226,MANGAN,MANGAN,-,-,Brahmaputra,Brahmaputra,-,-,-,Brahmaputra,27.49833333,88.53583333,30-08-2026 16:00,310
1829,1829,DAC Mangan,Sikkim,11,Sikkim,226,MANGAN,MANGAN,-,-,Brahmaputra,Brahmaputra,-,-,-,Brahmaputra,27.49833333,88.53583333,30-08-2026 17:00,311
1830,1830,DAC Mangan,Sikkim,11,Sikkim,226,MANGAN,MANGAN,-,-,Brahmaputra,Brahmaputra,-,-,-,Brahmaputra,27.49833333,88.53583333,30-08-2026 19:00,310.5
1831,1831,DAC Mangan,Sikkim,11,Sikkim,226,MANGAN,MANGAN,-,-,Brahmaputra,Brahmaputra,-,-,-,Brahmaputra,27.49833333,88.53583333,30-08-2026 20:00,307.5
1832,1832,DAC Mangan,Sikkim,11,Sikkim,226,MANGAN,MANGAN,-,-,Brahmaputra,Brahmaputra,-,-,-,Brahmaputra,27.49833333,88.53583333,30-08-2026 21:00,306.5
1833,1833,DAC Mangan,Sikkim,11,Sikkim,226,MANGAN,MANGAN,-,-,Brahmaputra,Brahmaputra,-,-,-,Brahmaputra,27.49833333,88.53583333,30-08-2026 22:00,307
1834,1834,DAC Mangan,Sikkim,11,Sikkim,226,MANGAN,MANGAN,-,-,Brahmaputra,Brahmaputra,-,-,-,Brahmaputra,27.49833333,88.53583333,30-08-2026 23:00,305.5
1835,1835,Gyalshing  Bhanu Park,Sikkim,11,Sikkim,228,WEST DISTRICT,GYALSHING,-,-,Brahmaputra,Brahmaputra,-,-,-,Brahmaputra,27.29027778,88.24833333,03-01-2026 15:00,0.5
1836,1836,Gyalshing  Bhanu Park,Sikkim,11,Sikkim,228,WEST DISTRICT,GYALSHING,-,-,Brahmaputra,Brahmaputra,-,-,-,Brahmaputra,27.29027778,88.24833333,14-01-2026 07:00,258
1837,1837,Gyalshing  Bhanu Park,Sikkim,11,Sikkim,228,WEST DISTRICT,GYALSHING,-,-,Brahmaputra,Brahmaputra,-,-,-,Brahmaputra,27.29027778,88.24833333,14-01-2026 09:00,290.5
1838,1838,Gyalshing  Bhanu Park,Sikkim,11,Sikkim,228,WEST DISTRICT,GYALSHING,-,-,Brahmaputra,Brahmaputra,-,-,-,Brahmaputra,27.29027778,88.24833333,14-01-2026 13:00,306
1839,1839,Gyalshing  Bhanu Park,Sikkim,11,Sikkim,228,WEST DISTRICT,GYALSHING,-,-,Brahmaputra,Brahmaputra,-,-,-,Brahmaputra,27.29027778,88.24833333,14-01-2026 14:00,303.5
1840,1840,Gyalshing  Bhanu Park,Sikkim,11,Sikkim,228,WEST DISTRICT,GYALSHING,-,-,Brahmaputra,Brahmaputra,-,-,-,Brahmaputra,27.29027778,88.24833333,14-01-2026 17:00,252
1841,1841,Gyalshing  Bhanu Park,Sikkim,11,Sikkim,228,WEST DISTRICT,GYALSHING,-,-,Brahmaputra,Brahmaputra,-,-,-,Brahmaputra,27.29027778,88.24833333,14-01-2026 19:00,250.5
1842,1842,Gyalshing  Bhanu Park,Sikkim,11,Sikkim,228,WEST DISTRICT,GYALSHING,-,-,Brahmaputra,Brahmaputra,-,-,-,Brahmaputra,27.29027778,88.24833333,14-01-2026 20:00,250
1843,1843,Gyalshing  Bhanu Park,Sikkim,11,Sikkim,228,WEST DISTRICT,GYALSHING,-,-,Brahmaputra,Brahmaputra,-,-,-,Brahmaputra,27.29027778,88.24833333,15-01-2026 01:00,241.5
1844,1844,Gyalshing  Bhanu Park,Sikkim,11,Sikkim,228,WEST DISTRICT,GYALSHING,-,-,Brahmaputra,Brahmaputra,-,-,-,Brahmaputra,27.29027778,88.24833333,15-01-2026 03:00,237.5
1845,1845,Gyalshing  Bhanu Park,Sikkim,11,Sikkim,228,WEST DISTRICT,GYALSHING,-,-,Brahmaputra,Brahmaputra,-,-,-,Brahmaputra,27.29027778,88.24833333,20-01-2026 05:00,243.5
1846,1846,Gyalshing  Bhanu Park,Sikkim,11,Sikkim,228,WEST DISTRICT,GYALSHING,-,-,Brahmaputra,Brahmaputra,-,-,-,Brahmaputra,27.29027778,88.24833333,20-01-2026 09:00,293
1847,1847,Gyalshing  Bhanu Park,Sikkim,11,Sikkim,228,WEST DISTRICT,GYALSHING,-,-,Brahmaputra,Brahmaputra,-,-,-,Brahmaputra,27.29027778,88.24833333,20-01-2026 10:00,288
1848,1848,Gyalshing  Bhanu Park,Sikkim,11,Sikkim,228,WEST DISTRICT,GYALSHING,-,-,Brahmaputra,Brahmaputra,-,-,-,Brahmaputra,27.29027778,88.24833333,20-01-2026 12:00,289.5
1849,1849,Gyalshing  Bhanu Park,Sikkim,11,Sikkim,228,WEST DISTRICT,GYALSHING,-,-,Brahmaputra,Brahmaputra,-,-,-,Brahmaputra,27.29027778,88.24833333,20-01-2026 13:00,287.5
1850,1850,Gyalshing  Bhanu Park,Sikkim,11,Sikkim,228,WEST DISTRICT,GYALSHING,-,-,Brahmaputra,Brahmaputra,-,-,-,Brahmaputra,27.29027778,88.24833333,20-01-2026 14:00,282
1851,1851,Gyalshing  Bhanu Park,Sikkim,11,Sikkim,228,WEST DISTRICT,GYALSHING,-,-,Brahmaputra,Brahmaputra,-,-,-,Brahmaputra,27.29027778,88.24833333,20-01-2026 16:00,261.5
1852,1852,Gyalshing  Bhanu Park,Sikkim,11,Sikkim,228,WEST DISTRICT,GYALSHING,-,-,Brahmaputra,Brahmaputra,-,-,-,Brahmaputra,27.29027778,88.24833333,20-01-2026 21:00,250.5
1853,1853,Gyalshing  Bhanu Park,Sikkim,11,Sikkim,228,WEST DISTRICT,GYALSHING,-,-,Brahmaputra,Brahmaputra,-,-,-,Brahmaputra,27.29027778,88.24833333,20-01-2026 23:00,250.5
1854,1854,Gyalshing  Bhanu Park,Sikkim,11,Sikkim,228,WEST DISTRICT,GYALSHING,-,-,Brahmaputra,Brahmaputra,-,-,-,Brahmaputra,27.29027778,88.24833333,21-01-2026 00:00,248
1855,1855,Gyalshing  Bhanu Park,Sikkim,11,Sikkim,228,WEST DISTRICT,GYALSHING,-,-,Brahmaputra,Brahmaputra,-,-,-,Brahmaputra,27.29027778,88.24833333,21-01-2026 01:00,245.5
1856,1856,Gyalshing  Bhanu Park,Sikkim,11,Sikkim,228,WEST DISTRICT,GYALSHING,-,-,Brahmaputra,Brahmaputra,-,-,-,Brahmaputra,27.29027778,88.24833333,21-01-2026 03:00,242.5
1857,1857,Gyalshing  Bhanu Park,Sikkim,11,Sikkim,228,WEST DISTRICT,GYALSHING,-,-,Brahmaputra,Brahmaputra,-,-,-,Brahmaputra,27.29027778,88.24833333,21-01-2026 04:00,240.5
1858,1858,Gyalshing  Bhanu Park,Sikkim,11,Sikkim,228,WEST DISTRICT,GYALSHING,-,-,Brahmaputra,Brahmaputra,-,-,-,Brahmaputra,27.29027778,88.24833333,21-01-2026 05:00,242.5
1859,1859,Gyalshing  Bhanu Park,Sikkim,11,Sikkim,228,WEST DISTRICT,GYALSHING,-,-,Brahmaputra,Brahmaputra,-,-,-,Brahmaputra,27.29027778,88.24833333,21-01-2026 06:00,244.5
1860,1860,Gyalshing  Bhanu Park,Sikkim,11,Sikkim,228,WEST DISTRICT,GYALSHING,-,-,Brahmaputra,Brahmaputra,-,-,-,Brahmaputra,27.29027778,88.24833333,21-01-2026 08:00,272.5
1861,1861,Gyalshing  Bhanu Park,Sikkim,11,Sikkim,228,WEST DISTRICT,GYALSHING,-,-,Brahmaputra,Brahmaputra,-,-,-,Brahmaputra,27.29027778,88.24833333,21-01-2026 10:00,303.5
1862,1862,Gyalshing  Bhanu Park,Sikkim,11,Sikkim,228,WEST DISTRICT,GYALSHING,-,-,Brahmaputra,Brahmaputra,-,-,-,Brahmaputra,27.29027778,88.24833333,28-01-2026 07:00,258
1863,1863,Gyalshing  Bhanu Park,Sikkim,11,Sikkim,228,WEST DISTRICT,GYALSHING,-,-,Brahmaputra,Brahmaputra,-,-,-,Brahmaputra,27.29027778,88.24833333,28-01-2026 09:00,286
1864,1864,Gyalshing  Bhanu Park,Sikkim,11,Sikkim,228,WEST DISTRICT,GYALSHING,-,-,Brahmaputra,Brahmaputra,-,-,-,Brahmaputra,27.29027778,88.24833333,28-01-2026 10:00,292
1865,1865,Gyalshing  Bhanu Park,Sikkim,11,Sikkim,228,WEST DISTRICT,GYALSHING,-,-,Brahmaputra,Brahmaputra,-,-,-,Brahmaputra,27.29027778,88.24833333,28-01-2026 11:00,286.5
1866,1866,Gyalshing  Bhanu Park,Sikkim,11,Sikkim,228,WEST DISTRICT,GYALSHING,-,-,Brahmaputra,Brahmaputra,-,-,-,Brahmaputra,27.29027778,88.24833333,28-01-2026 12:00,301.5
1867,1867,Gyalshing  Bhanu Park,Sikkim,11,Sikkim,228,WEST DISTRICT,GYALSHING,-,-,Brahmaputra,Brahmaputra,-,-,-,Brahmaputra,27.29027778,88.24833333,28-01-2026 15:00,286.5
1868,1868,Gyalshing  Bhanu Park,Sikkim,11,Sikkim,228,WEST DISTRICT,GYALSHING,-,-,Brahmaputra,Brahmaputra,-,-,-,Brahmaputra,27.29027778,88.24833333,28-01-2026 16:00,269.5
1869,1869,Gyalshing  Bhanu Park,Sikkim,11,Sikkim,228,WEST DISTRICT,GYALSHING,-,-,Brahmaputra,Brahmaputra,-,-,-,Brahmaputra,27.29027778,88.24833333,29-01-2026 02:00,248.5
1870,1870,Gyalshing  Bhanu Park,Sikkim,11,Sikkim,228,WEST DISTRICT,GYALSHING,-,-,Brahmaputra,Brahmaputra,-,-,-,Brahmaputra,27.29027778,88.24833333,29-01-2026 03:00,246
1871,1871,Gyalshing  Bhanu Park,Sikkim,11,Sikkim,228,WEST DISTRICT,GYALSHING,-,-,Brahmaputra,Brahmaputra,-,-,-,Brahmaputra,27.29027778,88.24833333,29-01-2026 05:00,241
1872,1872,Gyalshing  Bhanu Park,Sikkim,11,Sikkim,228,WEST DISTRICT,GYALSHING,-,-,Brahmaputra,Brahmaputra,-,-,-,Brahmaputra,27.29027778,88.24833333,29-01-2026 13:00,298
1873,1873,Gyalshing  Bhanu Park,Sikkim,11,Sikkim,228,WEST DISTRICT,GYALSHING,-,-,Brahmaputra,Brahmaputra,-,-,-,Brahmaputra,27.29027778,88.24833333,29-01-2026 16:00,270
1874,1874,Gyalshing  Bhanu Park,Sikkim,11,Sikkim,228,WEST DISTRICT,GYALSHING,-,-,Brahmaputra,Brahmaputra,-,-,-,Brahmaputra,27.29027778,88.24833333,29-01-2026 17:00,262.5
1875,1875,Gyalshing  Bhanu Park,Sikkim,11,Sikkim,228,WEST DISTRICT,GYALSHING,-,-,Brahmaputra,Brahmaputra,-,-,-,Brahmaputra,27.29027778,88.24833333,29-01-2026 18:00,259.5
1876,1876,Gyalshing  Bhanu Park,Sikkim,11,Sikkim,228,WEST DISTRICT,GYALSHING,-,-,Brahmaputra,Brahmaputra,-,-,-,Brahmaputra,27.29027778,88.24833333,29-01-2026 19:00,257.5
1877,1877,Gyalshing  Bhanu Park,Sikkim,11,Sikkim,228,WEST DISTRICT,GYALSHING,-,-,Brahmaputra,Brahmaputra,-,-,-,Brahmaputra,27.29027778,88.24833333,29-01-2026 20:00,255.5
1878,1878,Gyalshing  Bhanu Park,Sikkim,11,Sikkim,228,WEST DISTRICT,GYALSHING,-,-,Brahmaputra,Brahmaputra,-,-,-,Brahmaputra,27.29027778,88.24833333,29-01-2026 22:00,254
1879,1879,Gyalshing  Bhanu Park,Sikkim,11,Sikkim,228,WEST DISTRICT,GYALSHING,-,-,Brahmaputra,Brahmaputra,-,-,-,Brahmaputra,27.29027778,88.24833333,29-01-2026 23:00,253
1880,1880,Gyalshing  Bhanu Park,Sikkim,11,Sikkim,228,WEST DISTRICT,GYALSHING,-,-,Brahmaputra,Brahmaputra,-,-,-,Brahmaputra,27.29027778,88.24833333,30-01-2026 01:00,249
1881,1881,Gyalshing  Bhanu Park,Sikkim,11,Sikkim,228,WEST DISTRICT,GYALSHING,-,-,Brahmaputra,Brahmaputra,-,-,-,Brahmaputra,27.29027778,88.24833333,30-01-2026 04:00,242.5
1882,1882,Gyalshing  Bhanu Park,Sikkim,11,Sikkim,228,WEST DISTRICT,GYALSHING,-,-,Brahmaputra,Brahmaputra,-,-,-,Brahmaputra,27.29027778,88.24833333,30-01-2026 08:00,272.5
1883,1883,Gyalshing  Bhanu Park,Sikkim,11,Sikkim,228,WEST DISTRICT,GYALSHING,-,-,Brahmaputra,Brahmaputra,-,-,-,Brahmaputra,27.29027778,88.24833333,30-01-2026 09:00,289
1884,1884,Gyalshing  Bhanu Park,Sikkim,11,Sikkim,228,WEST DISTRICT,GYALSHING,-,-,Brahmaputra,Brahmaputra,-,-,-,Brahmaputra,27.29027778,88.24833333,30-01-2026 12:00,312.5
1885,1885,Gyalshing  Bhanu Park,Sikkim,11,Sikkim,228,WEST DISTRICT,GYALSHING,-,-,Brahmaputra,Brahmaputra,-,-,-,Brahmaputra,27.29027778,88.24833333,30-01-2026 18:00,259.5
1886,1886,Gyalshing  Bhanu Park,Sikkim,11,Sikkim,228,WEST DISTRICT,GYALSHING,-,-,Brahmaputra,Brahmaputra,-,-,-,Brahmaputra,27.29027778,88.24833333,30-01-2026 21:00,255
1887,1887,Gyalshing  Bhanu Park,Sikkim,11,Sikkim,228,WEST DISTRICT,GYALSHING,-,-,Brahmaputra,Brahmaputra,-,-,-,Brahmaputra,27.29027778,88.24833333,31-01-2026 01:00,249
1888,1888,Gyalshing  Bhanu Park,Sikkim,11,Sikkim,228,WEST DISTRICT,GYALSHING,-,-,Brahmaputra,Brahmaputra,-,-,-,Brahmaputra,27.29027778,88.24833333,31-01-2026 05:00,250
1889,1889,Gyalshing  Bhanu Park,Sikkim,11,Sikkim,228,WEST DISTRICT,GYALSHING,-,-,Brahmaputra,Brahmaputra,-,-,-,Brahmaputra,27.29027778,88.24833333,31-01-2026 07:00,260.5
1890,1890,Gyalshing  Bhanu Park,Sikkim,11,Sikkim,228,WEST DISTRICT,GYALSHING,-,-,Brahmaputra,Brahmaputra,-,-,-,Brahmaputra,27.29027778,88.24833333,31-01-2026 08:00,267
1891,1891,Gyalshing  Bhanu Park,Sikkim,11,Sikkim,228,WEST DISTRICT,GYALSHING,-,-,Brahmaputra,Brahmaputra,-,-,-,Brahmaputra,27.29027778,88.24833333,31-01-2026 12:00,308.5
1892,1892,Gyalshing  Bhanu Park,Sikkim,11,Sikkim,228,WEST DISTRICT,GYALSHING,-,-,Brahmaputra,Brahmaputra,-,-,-,Brahmaputra,27.29027778,88.24833333,31-01-2026 16:00,265.5
1893,1893,Gyalshing  Bhanu Park,Sikkim,11,Sikkim,228,WEST DISTRICT,GYALSHING,-,-,Brahmaputra,Brahmaputra,-,-,-,Brahmaputra,27.29027778,88.24833333,31-01-2026 23:00,250.5
1894,1894,Gyalshing  Bhanu Park,Sikkim,11,Sikkim,228,WEST DISTRICT,GYALSHING,-,-,Brahmaputra,Brahmaputra,-,-,-,Brahmaputra,27.29027778,88.24833333,01-02-2026 00:00,250.5
1895,1895,Gyalshing  Bhanu Park,Sikkim,11,Sikkim,228,WEST DISTRICT,GYALSHING,-,-,Brahmaputra,Brahmaputra,-,-,-,Brahmaputra,27.29027778,88.24833333,01-02-2026 07:00,270.5
1896,1896,Gyalshing  Bhanu Park,Sikkim,11,Sikkim,228,WEST DISTRICT,GYALSHING,-,-,Brahmaputra,Brahmaputra,-,-,-,Brahmaputra,27.29027778,88.24833333,01-02-2026 11:00,303
1897,1897,Gyalshing  Bhanu Park,Sikkim,11,Sikkim,228,WEST DISTRICT,GYALSHING,-,-,Brahmaputra,Brahmaputra,-,-,-,Brahmaputra,27.29027778,88.24833333,01-02-2026 12:00,304
1898,1898,Gyalshing  Bhanu Park,Sikkim,11,Sikkim,228,WEST DISTRICT,GYALSHING,-,-,Brahmaputra,Brahmaputra,-,-,-,Brahmaputra,27.29027778,88.24833333,01-02-2026 15:00,280
1899,1899,Gyalshing  Bhanu Park,Sikkim,11,Sikkim,228,WEST DISTRICT,GYALSHING,-,-,Brahmaputra,Brahmaputra,-,-,-,Brahmaputra,27.29027778,88.24833333,01-02-2026 18:00,263
1900,1900,Gyalshing  Bhanu Park,Sikkim,11,Sikkim,228,WEST DISTRICT,GYALSHING,-,-,Brahmaputra,Brahmaputra,-,-,-,Brahmaputra,27.29027778,88.24833333,01-02-2026 20:00,259
1901,1901,Gyalshing  Bhanu Park,Sikkim,11,Sikkim,228,WEST DISTRICT,GYALSHING,-,-,Brahmaputra,Brahmaputra,-,-,-,Brahmaputra,27.29027778,88.24833333,02-02-2026 01:00,247
1902,1902,Gyalshing  Bhanu Park,Sikkim,11,Sikkim,228,WEST DISTRICT,GYALSHING,-,-,Brahmaputra,Brahmaputra,-,-,-,Brahmaputra,27.29027778,88.24833333,02-02-2026 08:00,277.5
1903,1903,Gyalshing  Bhanu Park,Sikkim,11,Sikkim,228,WEST DISTRICT,GYALSHING,-,-,Brahmaputra,Brahmaputra,-,-,-,Brahmaputra,27.29027778,88.24833333,02-02-2026 09:00,299.5
1904,1904,Gyalshing  Bhanu Park,Sikkim,11,Sikkim,228,WEST DISTRICT,GYALSHING,-,-,Brahmaputra,Brahmaputra,-,-,-,Brahmaputra,27.29027778,88.24833333,02-02-2026 11:00,313
1905,1905,Gyalshing  Bhanu Park,Sikkim,11,Sikkim,228,WEST DISTRICT,GYALSHING,-,-,Brahmaputra,Brahmaputra,-,-,-,Brahmaputra,27.29027778,88.24833333,02-02-2026 19:00,258
1906,1906,Gyalshing  Bhanu Park,Sikkim,11,Sikkim,228,WEST DISTRICT,GYALSHING,-,-,Brahmaputra,Brahmaputra,-,-,-,Brahmaputra,27.29027778,88.24833333,03-02-2026 02:00,250.5
1907,1907,Gyalshing  Bhanu Park,Sikkim,11,Sikkim,228,WEST DISTRICT,GYALSHING,-,-,Brahmaputra,Brahmaputra,-,-,-,Brahmaputra,27.29027778,88.24833333,03-02-2026 08:00,281
1908,1908,Gyalshing  Bhanu Park,Sikkim,11,Sikkim,228,WEST DISTRICT,GYALSHING,-,-,Brahmaputra,Brahmaputra,-,-,-,Brahmaputra,27.29027778,88.24833333,03-02-2026 09:00,294.5
1909,1909,Gyalshing  Bhanu Park,Sikkim,11,Sikkim,228,WEST DISTRICT,GYALSHING,-,-,Brahmaputra,Brahmaputra,-,-,-,Brahmaputra,27.29027778,88.24833333,03-02-2026 17:00,267
1910,1910,Gyalshing  Bhanu Park,Sikkim,11,Sikkim,228,WEST DISTRICT,GYALSHING,-,-,Brahmaputra,Brahmaputra,-,-,-,Brahmaputra,27.29027778,88.24833333,03-02-2026 21:00,260
1911,1911,Gyalshing  Bhanu Park,Sikkim,11,Sikkim,228,WEST DISTRICT,GYALSHING,-,-,Brahmaputra,Brahmaputra,-,-,-,Brahmaputra,27.29027778,88.24833333,03-02-2026 23:00,255.5
1912,1912,Gyalshing  Bhanu Park,Sikkim,11,Sikkim,228,WEST DISTRICT,GYALSHING,-,-,Brahmaputra,Brahmaputra,-,-,-,Brahmaputra,27.29027778,88.24833333,04-02-2026 01:00,253.5
1913,1913,Gyalshing  Bhanu Park,Sikkim,11,Sikkim,228,WEST DISTRICT,GYALSHING,-,-,Brahmaputra,Brahmaputra,-,-,-,Brahmaputra,27.29027778,88.24833333,04-02-2026 07:00,261.5
1914,1914,Gyalshing  Bhanu Park,Sikkim,11,Sikkim,228,WEST DISTRICT,GYALSHING,-,-,Brahmaputra,Brahmaputra,-,-,-,Brahmaputra,27.29027778,88.24833333,04-02-2026 08:00,273.5
1915,1915,Gyalshing  Bhanu Park,Sikkim,11,Sikkim,228,WEST DISTRICT,GYALSHING,-,-,Brahmaputra,Brahmaputra,-,-,-,Brahmaputra,27.29027778,88.24833333,04-02-2026 13:00,300
1916,1916,Gyalshing  Bhanu Park,Sikkim,11,Sikkim,228,WEST DISTRICT,GYALSHING,-,-,Brahmaputra,Brahmaputra,-,-,-,Brahmaputra,27.29027778,88.24833333,04-02-2026 17:00,267.5
1917,1917,Gyalshing  Bhanu Park,Sikkim,11,Sikkim,228,WEST DISTRICT,GYALSHING,-,-,Brahmaputra,Brahmaputra,-,-,-,Brahmaputra,27.29027778,88.24833333,04-02-2026 19:00,265
1918,1918,Gyalshing  Bhanu Park,Sikkim,11,Sikkim,228,WEST DISTRICT,GYALSHING,-,-,Brahmaputra,Brahmaputra,-,-,-,Brahmaputra,27.29027778,88.24833333,04-02-2026 22:00,260
1919,1919,Gyalshing  Bhanu Park,Sikkim,11,Sikkim,228,WEST DISTRICT,GYALSHING,-,-,Brahmaputra,Brahmaputra,-,-,-,Brahmaputra,27.29027778,88.24833333,05-02-2026 02:00,251
1920,1920,Gyalshing  Bhanu Park,Sikkim,11,Sikkim,228,WEST DISTRICT,GYALSHING,-,-,Brahmaputra,Brahmaputra,-,-,-,Brahmaputra,27.29027778,88.24833333,05-02-2026 04:00,247
1921,1921,Gyalshing  Bhanu Park,Sikkim,11,Sikkim,228,WEST DISTRICT,GYALSHING,-,-,Brahmaputra,Brahmaputra,-,-,-,Brahmaputra,27.29027778,88.24833333,05-02-2026 06:00,244.5
1922,1922,Gyalshing  Bhanu Park,Sikkim,11,Sikkim,228,WEST DISTRICT,GYALSHING,-,-,Brahmaputra,Brahmaputra,-,-,-,Brahmaputra,27.29027778,88.24833333,05-02-2026 19:00,255
1923,1923,Gyalshing  Bhanu Park,Sikkim,11,Sikkim,228,WEST DISTRICT,GYALSHING,-,-,Brahmaputra,Brahmaputra,-,-,-,Brahmaputra,27.29027778,88.24833333,05-02-2026 21:00,255.5
1924,1924,Gyalshing  Bhanu Park,Sikkim,11,Sikkim,228,WEST DISTRICT,GYALSHING,-,-,Brahmaputra,Brahmaputra,-,-,-,Brahmaputra,27.29027778,88.24833333,05-02-2026 23:00,256
1925,1925,Gyalshing  Bhanu Park,Sikkim,11,Sikkim,228,WEST DISTRICT,GYALSHING,-,-,Brahmaputra,Brahmaputra,-,-,-,Brahmaputra,27.29027778,88.24833333,06-02-2026 07:00,257
1926,1926,Gyalshing  Bhanu Park,Sikkim,11,Sikkim,228,WEST DISTRICT,GYALSHING,-,-,Brahmaputra,Brahmaputra,-,-,-,Brahmaputra,27.29027778,88.24833333,06-02-2026 08:00,265.5
1927,1927,Gyalshing  Bhanu Park,Sikkim,11,Sikkim,228,WEST DISTRICT,GYALSHING,-,-,Brahmaputra,Brahmaputra,-,-,-,Brahmaputra,27.29027778,88.24833333,06-02-2026 18:00,254
1928,1928,Gyalshing  Bhanu Park,Sikkim,11,Sikkim,228,WEST DISTRICT,GYALSHING,-,-,Brahmaputra,Brahmaputra,-,-,-,Brahmaputra,27.29027778,88.24833333,06-02-2026 20:00,255.5
1929,1929,Gyalshing  Bhanu Park,Sikkim,11,Sikkim,228,WEST DISTRICT,GYALSHING,-,-,Brahmaputra,Brahmaputra,-,-,-,Brahmaputra,27.29027778,88.24833333,06-02-2026 21:00,255
1930,1930,Gyalshing  Bhanu Park,Sikkim,11,Sikkim,228,WEST DISTRICT,GYALSHING,-,-,Brahmaputra,Brahmaputra,-,-,-,Brahmaputra,27.29027778,88.24833333,06-02-2026 23:00,250
1931,1931,Gyalshing  Bhanu Park,Sikkim,11,Sikkim,228,WEST DISTRICT,GYALSHING,-,-,Brahmaputra,Brahmaputra,-,-,-,Brahmaputra,27.29027778,88.24833333,07-02-2026 03:00,248
1932,1932,Gyalshing  Bhanu Park,Sikkim,11,Sikkim,228,WEST DISTRICT,GYALSHING,-,-,Brahmaputra,Brahmaputra,-,-,-,Brahmaputra,27.29027778,88.24833333,07-02-2026 04:00,248
1933,1933,Gyalshing  Bhanu Park,Sikkim,11,Sikkim,228,WEST DISTRICT,GYALSHING,-,-,Brahmaputra,Brahmaputra,-,-,-,Brahmaputra,27.29027778,88.24833333,07-02-2026 08:00,279.5
1934,1934,Gyalshing  Bhanu Park,Sikkim,11,Sikkim,228,WEST DISTRICT,GYALSHING,-,-,Brahmaputra,Brahmaputra,-,-,-,Brahmaputra,27.29027778,88.24833333,07-02-2026 09:00,278.5
1935,1935,Gyalshing  Bhanu Park,Sikkim,11,Sikkim,228,WEST DISTRICT,GYALSHING,-,-,Brahmaputra,Brahmaputra,-,-,-,Brahmaputra,27.29027778,88.24833333,07-02-2026 17:00,264.5
1936,1936,Gyalshing  Bhanu Park,Sikkim,11,Sikkim,228,WEST DISTRICT,GYALSHING,-,-,Brahmaputra,Brahmaputra,-,-,-,Brahmaputra,27.29027778,88.24833333,07-02-2026 18:00,260
1937,1937,Gyalshing  Bhanu Park,Sikkim,11,Sikkim,228,WEST DISTRICT,GYALSHING,-,-,Brahmaputra,Brahmaputra,-,-,-,Brahmaputra,27.29027778,88.24833333,07-02-2026 19:00,258.5
1938,1938,Gyalshing  Bhanu Park,Sikkim,11,Sikkim,228,WEST DISTRICT,GYALSHING,-,-,Brahmaputra,Brahmaputra,-,-,-,Brahmaputra,27.29027778,88.24833333,08-02-2026 00:00,251
1939,1939,Gyalshing  Bhanu Park,Sikkim,11,Sikkim,228,WEST DISTRICT,GYALSHING,-,-,Brahmaputra,Brahmaputra,-,-,-,Brahmaputra,27.29027778,88.24833333,08-02-2026 06:00,246
1940,1940,Gyalshing  Bhanu Park,Sikkim,11,Sikkim,228,WEST DISTRICT,GYALSHING,-,-,Brahmaputra,Brahmaputra,-,-,-,Brahmaputra,27.29027778,88.24833333,08-02-2026 08:00,272
1941,1941,Gyalshing  Bhanu Park,Sikkim,11,Sikkim,228,WEST DISTRICT,GYALSHING,-,-,Brahmaputra,Brahmaputra,-,-,-,Brahmaputra,27.29027778,88.24833333,08-02-2026 11:00,312
1942,1942,Gyalshing  Bhanu Park,Sikkim,11,Sikkim,228,WEST DISTRICT,GYALSHING,-,-,Brahmaputra,Brahmaputra,-,-,-,Brahmaputra,27.29027778,88.24833333,08-02-2026 20:00,254
1943,1943,Gyalshing  Bhanu Park,Sikkim,11,Sikkim,228,WEST DISTRICT,GYALSHING,-,-,Brahmaputra,Brahmaputra,-,-,-,Brahmaputra,27.29027778,88.24833333,08-02-2026 23:00,252.5
1944,1944,Gyalshing  Bhanu Park,Sikkim,11,Sikkim,228,WEST DISTRICT,GYALSHING,-,-,Brahmaputra,Brahmaputra,-,-,-,Brahmaputra,27.29027778,88.24833333,09-02-2026 03:00,247
1945,1945,Gyalshing  Bhanu Park,Sikkim,11,Sikkim,228,WEST DISTRICT,GYALSHING,-,-,Brahmaputra,Brahmaputra,-,-,-,Brahmaputra,27.29027778,88.24833333,09-02-2026 05:00,244
1946,1946,Gyalshing  Bhanu Park,Sikkim,11,Sikkim,228,WEST DISTRICT,GYALSHING,-,-,Brahmaputra,Brahmaputra,-,-,-,Brahmaputra,27.29027778,88.24833333,09-02-2026 06:00,244
1947,1947,Gyalshing  Bhanu Park,Sikkim,11,Sikkim,228,WEST DISTRICT,GYALSHING,-,-,Brahmaputra,Brahmaputra,-,-,-,Brahmaputra,27.29027778,88.24833333,09-02-2026 08:00,275.5
1948,1948,Gyalshing  Bhanu Park,Sikkim,11,Sikkim,228,WEST DISTRICT,GYALSHING,-,-,Brahmaputra,Brahmaputra,-,-,-,Brahmaputra,27.29027778,88.24833333,09-02-2026 11:00,287
1949,1949,Gyalshing  Bhanu Park,Sikkim,11,Sikkim,228,WEST DISTRICT,GYALSHING,-,-,Brahmaputra,Brahmaputra,-,-,-,Brahmaputra,27.29027778,88.24833333,09-02-2026 12:00,311.5
1950,1950,Gyalshing  Bhanu Park,Sikkim,11,Sikkim,228,WEST DISTRICT,GYALSHING,-,-,Brahmaputra,Brahmaputra,-,-,-,Brahmaputra,27.29027778,88.24833333,09-02-2026 16:00,273.5
1951,1951,Gyalshing  Bhanu Park,Sikkim,11,Sikkim,228,WEST DISTRICT,GYALSHING,-,-,Brahmaputra,Brahmaputra,-,-,-,Brahmaputra,27.29027778,88.24833333,09-02-2026 22:00,260.5
1952,1952,Gyalshing  Bhanu Park,Sikkim,11,Sikkim,228,WEST DISTRICT,GYALSHING,-,-,Brahmaputra,Brahmaputra,-,-,-,Brahmaputra,27.29027778,88.24833333,09-02-2026 23:00,259.5
1953,1953,Gyalshing  Bhanu Park,Sikkim,11,Sikkim,228,WEST DISTRICT,GYALSHING,-,-,Brahmaputra,Brahmaputra,-,-,-,Brahmaputra,27.29027778,88.24833333,10-02-2026 02:00,258.5
1954,1954,Gyalshing  Bhanu Park,Sikkim,11,Sikkim,228,WEST DISTRICT,GYALSHING,-,-,Brahmaputra,Brahmaputra,-,-,-,Brahmaputra,27.29027778,88.24833333,10-02-2026 03:00,256
1955,1955,Gyalshing  Bhanu Park,Sikkim,11,Sikkim,228,WEST DISTRICT,GYALSHING,-,-,Brahmaputra,Brahmaputra,-,-,-,Brahmaputra,27.29027778,88.24833333,10-02-2026 05:00,253
1956,1956,Gyalshing  Bhanu Park,Sikkim,11,Sikkim,228,WEST DISTRICT,GYALSHING,-,-,Brahmaputra,Brahmaputra,-,-,-,Brahmaputra,27.29027778,88.24833333,10-02-2026 06:00,253
1957,1957,Gyalshing  Bhanu Park,Sikkim,11,Sikkim,228,WEST DISTRICT,GYALSHING,-,-,Brahmaputra,Brahmaputra,-,-,-,Brahmaputra,27.29027778,88.24833333,10-02-2026 08:00,278.5
1958,1958,Gyalshing  Bhanu Park,Sikkim,11,Sikkim,228,WEST DISTRICT,GYALSHING,-,-,Brahmaputra,Brahmaputra,-,-,-,Brahmaputra,27.29027778,88.24833333,10-02-2026 09:00,299
1959,1959,Gyalshing  Bhanu Park,Sikkim,11,Sikkim,228,WEST DISTRICT,GYALSHING,-,-,Brahmaputra,Brahmaputra,-,-,-,Brahmaputra,27.29027778,88.24833333,11-02-2026 09:00,301
1960,1960,Gyalshing  Bhanu Park,Sikkim,11,Sikkim,228,WEST DISTRICT,GYALSHING,-,-,Brahmaputra,Brahmaputra,-,-,-,Brahmaputra,27.29027778,88.24833333,11-02-2026 11:00,319
1961,1961,Gyalshing  Bhanu Park,Sikkim,11,Sikkim,228,WEST DISTRICT,GYALSHING,-,-,Brahmaputra,Brahmaputra,-,-,-,Brahmaputra,27.29027778,88.24833333,11-02-2026 15:00,284
1962,1962,Gyalshing  Bhanu Park,Sikkim,11,Sikkim,228,WEST DISTRICT,GYALSHING,-,-,Brahmaputra,Brahmaputra,-,-,-,Brahmaputra,27.29027778,88.24833333,11-02-2026 17:00,271.5
1963,1963,Gyalshing  Bhanu Park,Sikkim,11,Sikkim,228,WEST DISTRICT,GYALSHING,-,-,Brahmaputra,Brahmaputra,-,-,-,Brahmaputra,27.29027778,88.24833333,11-02-2026 18:00,268
1964,1964,Gyalshing  Bhanu Park,Sikkim,11,Sikkim,228,WEST DISTRICT,GYALSHING,-,-,Brahmaputra,Brahmaputra,-,-,-,Brahmaputra,27.29027778,88.24833333,11-02-2026 20:00,264.5
1965,1965,Gyalshing  Bhanu Park,Sikkim,11,Sikkim,228,WEST DISTRICT,GYALSHING,-,-,Brahmaputra,Brahmaputra,-,-,-,Brahmaputra,27.29027778,88.24833333,12-02-2026 06:00,249
1966,1966,Gyalshing  Bhanu Park,Sikkim,11,Sikkim,228,WEST DISTRICT,GYALSHING,-,-,Brahmaputra,Brahmaputra,-,-,-,Brahmaputra,27.29027778,88.24833333,12-02-2026 07:00,266.5
1967,1967,Gyalshing  Bhanu Park,Sikkim,11,Sikkim,228,WEST DISTRICT,GYALSHING,-,-,Brahmaputra,Brahmaputra,-,-,-,Brahmaputra,27.29027778,88.24833333,12-02-2026 09:00,295.5
1968,1968,Gyalshing  Bhanu Park,Sikkim,11,Sikkim,228,WEST DISTRICT,GYALSHING,-,-,Brahmaputra,Brahmaputra,-,-,-,Brahmaputra,27.29027778,88.24833333,12-02-2026 12:00,321
1969,1969,Gyalshing  Bhanu Park,Sikkim,11,Sikkim,228,WEST DISTRICT,GYALSHING,-,-,Brahmaputra,Brahmaputra,-,-,-,Brahmaputra,27.29027778,88.24833333,12-02-2026 14:00,293.5
1970,1970,Gyalshing  Bhanu Park,Sikkim,11,Sikkim,228,WEST DISTRICT,GYALSHING,-,-,Brahmaputra,Brahmaputra,-,-,-,Brahmaputra,27.29027778,88.24833333,12-02-2026 15:00,283.5
1971,1971,Gyalshing  Bhanu Park,Sikkim,11,Sikkim,228,WEST DISTRICT,GYALSHING,-,-,Brahmaputra,Brahmaputra,-,-,-,Brahmaputra,27.29027778,88.24833333,12-02-2026 18:00,266
1972,1972,Gyalshing  Bhanu Park,Sikkim,11,Sikkim,228,WEST DISTRICT,GYALSHING,-,-,Brahmaputra,Brahmaputra,-,-,-,Brahmaputra,27.29027778,88.24833333,13-02-2026 00:00,253.5
1973,1973,Gyalshing  Bhanu Park,Sikkim,11,Sikkim,228,WEST DISTRICT,GYALSHING,-,-,Brahmaputra,Brahmaputra,-,-,-,Brahmaputra,27.29027778,88.24833333,13-02-2026 01:00,253.5
1974,1974,Gyalshing  Bhanu Park,Sikkim,11,Sikkim,228,WEST DISTRICT,GYALSHING,-,-,Brahmaputra,Brahmaputra,-,-,-,Brahmaputra,27.29027778,88.24833333,13-02-2026 02:00,250.5
1975,1975,Gyalshing  Bhanu Park,Sikkim,11,Sikkim,228,WEST DISTRICT,GYALSHING,-,-,Brahmaputra,Brahmaputra,-,-,-,Brahmaputra,27.29027778,88.24833333,13-02-2026 05:00,247.5
1976,1976,Gyalshing  Bhanu Park,Sikkim,11,Sikkim,228,WEST DISTRICT,GYALSHING,-,-,Brahmaputra,Brahmaputra,-,-,-,Brahmaputra,27.29027778,88.24833333,13-02-2026 09:00,295.5
1977,1977,Gyalshing  Bhanu Park,Sikkim,11,Sikkim,228,WEST DISTRICT,GYALSHING,-,-,Brahmaputra,Brahmaputra,-,-,-,Brahmaputra,27.29027778,88.24833333,13-02-2026 12:00,326
1978,1978,Gyalshing  Bhanu Park,Sikkim,11,Sikkim,228,WEST DISTRICT,GYALSHING,-,-,Brahmaputra,Brahmaputra,-,-,-,Brahmaputra,27.29027778,88.24833333,13-02-2026 13:00,315.5
1979,1979,Gyalshing  Bhanu Park,Sikkim,11,Sikkim,228,WEST DISTRICT,GYALSHING,-,-,Brahmaputra,Brahmaputra,-,-,-,Brahmaputra,27.29027778,88.24833333,13-02-2026 16:00,279.5
1980,1980,Gyalshing  Bhanu Park,Sikkim,11,Sikkim,228,WEST DISTRICT,GYALSHING,-,-,Brahmaputra,Brahmaputra,-,-,-,Brahmaputra,27.29027778,88.24833333,13-02-2026 17:00,267
1981,1981,Gyalshing  Bhanu Park,Sikkim,11,Sikkim,228,WEST DISTRICT,GYALSHING,-,-,Brahmaputra,Brahmaputra,-,-,-,Brahmaputra,27.29027778,88.24833333,13-02-2026 19:00,258.5
1982,1982,Gyalshing  Bhanu Park,Sikkim,11,Sikkim,228,WEST DISTRICT,GYALSHING,-,-,Brahmaputra,Brahmaputra,-,-,-,Brahmaputra,27.29027778,88.24833333,13-02-2026 21:00,261
1983,1983,Gyalshing  Bhanu Park,Sikkim,11,Sikkim,228,WEST DISTRICT,GYALSHING,-,-,Brahmaputra,Brahmaputra,-,-,-,Brahmaputra,27.29027778,88.24833333,14-02-2026 01:00,257.5
1984,1984,Gyalshing  Bhanu Park,Sikkim,11,Sikkim,228,WEST DISTRICT,GYALSHING,-,-,Brahmaputra,Brahmaputra,-,-,-,Brahmaputra,27.29027778,88.24833333,14-02-2026 05:00,253
1985,1985,Gyalshing  Bhanu Park,Sikkim,11,Sikkim,228,WEST DISTRICT,GYALSHING,-,-,Brahmaputra,Brahmaputra,-,-,-,Brahmaputra,27.29027778,88.24833333,14-02-2026 09:00,305
1986,1986,Gyalshing  Bhanu Park,Sikkim,11,Sikkim,228,WEST DISTRICT,GYALSHING,-,-,Brahmaputra,Brahmaputra,-,-,-,Brahmaputra,27.29027778,88.24833333,14-02-2026 12:00,312.5
1987,1987,Gyalshing  Bhanu Park,Sikkim,11,Sikkim,228,WEST DISTRICT,GYALSHING,-,-,Brahmaputra,Brahmaputra,-,-,-,Brahmaputra,27.29027778,88.24833333,14-02-2026 20:00,268
1988,1988,Gyalshing  Bhanu Park,Sikkim,11,Sikkim,228,WEST DISTRICT,GYALSHING,-,-,Brahmaputra,Brahmaputra,-,-,-,Brahmaputra,27.29027778,88.24833333,14-02-2026 21:00,265.5
1989,1989,Gyalshing  Bhanu Park,Sikkim,11,Sikkim,228,WEST DISTRICT,GYALSHING,-,-,Brahmaputra,Brahmaputra,-,-,-,Brahmaputra,27.29027778,88.24833333,15-02-2026 04:00,255
1990,1990,Gyalshing  Bhanu Park,Sikkim,11,Sikkim,228,WEST DISTRICT,GYALSHING,-,-,Brahmaputra,Brahmaputra,-,-,-,Brahmaputra,27.29027778,88.24833333,15-02-2026 11:00,319
1991,1991,Gyalshing  Bhanu Park,Sikkim,11,Sikkim,228,WEST DISTRICT,GYALSHING,-,-,Brahmaputra,Brahmaputra,-,-,-,Brahmaputra,27.29027778,88.24833333,15-02-2026 12:00,316
1992,1992,Gyalshing  Bhanu Park,Sikkim,11,Sikkim,228,WEST DISTRICT,GYALSHING,-,-,Brahmaputra,Brahmaputra,-,-,-,Brahmaputra,27.29027778,88.24833333,15-02-2026 14:00,292.5
1993,1993,Gyalshing  Bhanu Park,Sikkim,11,Sikkim,228,WEST DISTRICT,GYALSHING,-,-,Brahmaputra,Brahmaputra,-,-,-,Brahmaputra,27.29027778,88.24833333,15-02-2026 18:00,267
1994,1994,Gyalshing  Bhanu Park,Sikkim,11,Sikkim,228,WEST DISTRICT,GYALSHING,-,-,Brahmaputra,Brahmaputra,-,-,-,Brahmaputra,27.29027778,88.24833333,15-02-2026 22:00,255.5
1995,1995,Gyalshing  Bhanu Park,Sikkim,11,Sikkim,228,WEST DISTRICT,GYALSHING,-,-,Brahmaputra,Brahmaputra,-,-,-,Brahmaputra,27.29027778,88.24833333,15-02-2026 23:00,2.5
1996,1996,Gyalshing  Bhanu Park,Sikkim,11,Sikkim,228,WEST DISTRICT,GYALSHING,-,-,Brahmaputra,Brahmaputra,-,-,-,Brahmaputra,27.29027778,88.24833333,15-02-2026 23:00,2.5
1997,1997,Gyalshing  Bhanu Park,Sikkim,11,Sikkim,228,WEST DISTRICT,GYALSHING,-,-,Brahmaputra,Brahmaputra,-,-,-,Brahmaputra,27.29027778,88.24833333,16-02-2026 05:00,248.5
1998,1998,Gyalshing  Bhanu Park,Sikkim,11,Sikkim,228,WEST DISTRICT,GYALSHING,-,-,Brahmaputra,Brahmaputra,-,-,-,Brahmaputra,27.29027778,88.24833333,16-02-2026 06:00,249
1999,1999,Gyalshing  Bhanu Park,Sikkim,11,Sikkim,228,WEST DISTRICT,GYALSHING,-,-,Brahmaputra,Brahmaputra,-,-,-,Brahmaputra,27.29027778,88.24833333,16-02-2026 07:00,263
2000,2000,Gyalshing  Bhanu Park,Sikkim,11,Sikkim,228,WEST DISTRICT,GYALSHING,-,-,Brahmaputra,Brahmaputra,-,-,-,Brahmaputra,27.29027778,88.24833333,16-02-2026 09:00,290
2001,2001,Gyalshing  Bhanu Park,Sikkim,11,Sikkim,228,WEST DISTRICT,GYALSHING,-,-,Brahmaputra,Brahmaputra,-,-,-,Brahmaputra,27.29027778,88.24833333,16-02-2026 11:00,315
2002,2002,Gyalshing  Bhanu Park,Sikkim,11,Sikkim,228,WEST DISTRICT,GYALSHING,-,-,Brahmaputra,Brahmaputra,-,-,-,Brahmaputra,27.29027778,88.24833333,16-02-2026 12:00,324
2003,2003,Gyalshing  Bhanu Park,Sikkim,11,Sikkim,228,WEST DISTRICT,GYALSHING,-,-,Brahmaputra,Brahmaputra,-,-,-,Brahmaputra,27.29027778,88.24833333,16-02-2026 15:00,299.5
2004,2004,Gyalshing  Bhanu Park,Sikkim,11,Sikkim,228,WEST DISTRICT,GYALSHING,-,-,Brahmaputra,Brahmaputra,-,-,-,Brahmaputra,27.29027778,88.24833333,16-02-2026 21:00,259.5
2005,2005,Gyalshing  Bhanu Park,Sikkim,11,Sikkim,228,WEST DISTRICT,GYALSHING,-,-,Brahmaputra,Brahmaputra,-,-,-,Brahmaputra,27.29027778,88.24833333,16-02-2026 22:00,262
2006,2006,Gyalshing  Bhanu Park,Sikkim,11,Sikkim,228,WEST DISTRICT,GYALSHING,-,-,Brahmaputra,Brahmaputra,-,-,-,Brahmaputra,27.29027778,88.24833333,17-02-2026 00:00,260.5
2007,2007,Gyalshing  Bhanu Park,Sikkim,11,Sikkim,228,WEST DISTRICT,GYALSHING,-,-,Brahmaputra,Brahmaputra,-,-,-,Brahmaputra,27.29027778,88.24833333,17-02-2026 01:00,261
2008,2008,Gyalshing  Bhanu Park,Sikkim,11,Sikkim,228,WEST DISTRICT,GYALSHING,-,-,Brahmaputra,Brahmaputra,-,-,-,Brahmaputra,27.29027778,88.24833333,17-02-2026 03:00,253.5
2009,2009,Gyalshing  Bhanu Park,Sikkim,11,Sikkim,228,WEST DISTRICT,GYALSHING,-,-,Brahmaputra,Brahmaputra,-,-,-,Brahmaputra,27.29027778,88.24833333,17-02-2026 09:00,303.5
2010,2010,Gyalshing  Bhanu Park,Sikkim,11,Sikkim,228,WEST DISTRICT,GYALSHING,-,-,Brahmaputra,Brahmaputra,-,-,-,Brahmaputra,27.29027778,88.24833333,17-02-2026 11:00,317
2011,2011,Gyalshing  Bhanu Park,Sikkim,11,Sikkim,228,WEST DISTRICT,GYALSHING,-,-,Brahmaputra,Brahmaputra,-,-,-,Brahmaputra,27.29027778,88.24833333,17-02-2026 16:00,294.5
2012,2012,Gyalshing  Bhanu Park,Sikkim,11,Sikkim,228,WEST DISTRICT,GYALSHING,-,-,Brahmaputra,Brahmaputra,-,-,-,Brahmaputra,27.29027778,88.24833333,17-02-2026 17:00,274
2013,2013,Gyalshing  Bhanu Park,Sikkim,11,Sikkim,228,WEST DISTRICT,GYALSHING,-,-,Brahmaputra,Brahmaputra,-,-,-,Brahmaputra,27.29027778,88.24833333,17-02-2026 18:00,269.5
2014,2014,Gyalshing  Bhanu Park,Sikkim,11,Sikkim,228,WEST DISTRICT,GYALSHING,-,-,Brahmaputra,Brahmaputra,-,-,-,Brahmaputra,27.29027778,88.24833333,17-02-2026 20:00,267
2015,2015,Gyalshing  Bhanu Park,Sikkim,11,Sikkim,228,WEST DISTRICT,GYALSHING,-,-,Brahmaputra,Brahmaputra,-,-,-,Brahmaputra,27.29027778,88.24833333,17-02-2026 22:00,264
2016,2016,Gyalshing  Bhanu Park,Sikkim,11,Sikkim,228,WEST DISTRICT,GYALSHING,-,-,Brahmaputra,Brahmaputra,-,-,-,Brahmaputra,27.29027778,88.24833333,18-02-2026 01:00,256.5
2017,2017,Gyalshing  Bhanu Park,Sikkim,11,Sikkim,228,WEST DISTRICT,GYALSHING,-,-,Brahmaputra,Brahmaputra,-,-,-,Brahmaputra,27.29027778,88.24833333,18-02-2026 05:00,254
2018,2018,Gyalshing  Bhanu Park,Sikkim,11,Sikkim,228,WEST DISTRICT,GYALSHING,-,-,Brahmaputra,Brahmaputra,-,-,-,Brahmaputra,27.29027778,88.24833333,18-02-2026 06:00,261.5
2019,2019,Gyalshing  Bhanu Park,Sikkim,11,Sikkim,228,WEST DISTRICT,GYALSHING,-,-,Brahmaputra,Brahmaputra,-,-,-,Brahmaputra,27.29027778,88.24833333,18-02-2026 11:00,333.5
2020,2020,Gyalshing  Bhanu Park,Sikkim,11,Sikkim,228,WEST DISTRICT,GYALSHING,-,-,Brahmaputra,Brahmaputra,-,-,-,Brahmaputra,27.29027778,88.24833333,18-02-2026 12:00,340
2021,2021,Gyalshing  Bhanu Park,Sikkim,11,Sikkim,228,WEST DISTRICT,GYALSHING,-,-,Brahmaputra,Brahmaputra,-,-,-,Brahmaputra,27.29027778,88.24833333,18-02-2026 13:00,332.5
2022,2022,Gyalshing  Bhanu Park,Sikkim,11,Sikkim,228,WEST DISTRICT,GYALSHING,-,-,Brahmaputra,Brahmaputra,-,-,-,Brahmaputra,27.29027778,88.24833333,18-02-2026 14:00,332.5
2023,2023,Gyalshing  Bhanu Park,Sikkim,11,Sikkim,228,WEST DISTRICT,GYALSHING,-,-,Brahmaputra,Brahmaputra,-,-,-,Brahmaputra,27.29027778,88.24833333,18-02-2026 17:00,274.5
2024,2024,Gyalshing  Bhanu Park,Sikkim,11,Sikkim,228,WEST DISTRICT,GYALSHING,-,-,Brahmaputra,Brahmaputra,-,-,-,Brahmaputra,27.29027778,88.24833333,18-02-2026 23:00,258
2025,2025,Gyalshing  Bhanu Park,Sikkim,11,Sikkim,228,WEST DISTRICT,GYALSHING,-,-,Brahmaputra,Brahmaputra,-,-,-,Brahmaputra,27.29027778,88.24833333,19-02-2026 02:00,259.5
2026,2026,Gyalshing  Bhanu Park,Sikkim,11,Sikkim,228,WEST DISTRICT,GYALSHING,-,-,Brahmaputra,Brahmaputra,-,-,-,Brahmaputra,27.29027778,88.24833333,19-02-2026 03:00,258
2027,2027,Gyalshing  Bhanu Park,Sikkim,11,Sikkim,228,WEST DISTRICT,GYALSHING,-,-,Brahmaputra,Brahmaputra,-,-,-,Brahmaputra,27.29027778,88.24833333,19-02-2026 04:00,256.5
2028,2028,Gyalshing  Bhanu Park,Sikkim,11,Sikkim,228,WEST DISTRICT,GYALSHING,-,-,Brahmaputra,Brahmaputra,-,-,-,Brahmaputra,27.29027778,88.24833333,19-02-2026 05:00,259
2029,2029,Gyalshing  Bhanu Park,Sikkim,11,Sikkim,228,WEST DISTRICT,GYALSHING,-,-,Brahmaputra,Brahmaputra,-,-,-,Brahmaputra,27.29027778,88.24833333,19-02-2026 07:00,278.5
2030,2030,Gyalshing  Bhanu Park,Sikkim,11,Sikkim,228,WEST DISTRICT,GYALSHING,-,-,Brahmaputra,Brahmaputra,-,-,-,Brahmaputra,27.29027778,88.24833333,19-02-2026 11:00,335
2031,2031,Gyalshing  Bhanu Park,Sikkim,11,Sikkim,228,WEST DISTRICT,GYALSHING,-,-,Brahmaputra,Brahmaputra,-,-,-,Brahmaputra,27.29027778,88.24833333,19-02-2026 17:00,279.5
2032,2032,Gyalshing  Bhanu Park,Sikkim,11,Sikkim,228,WEST DISTRICT,GYALSHING,-,-,Brahmaputra,Brahmaputra,-,-,-,Brahmaputra,27.29027778,88.24833333,19-02-2026 18:00,280.5
2033,2033,Gyalshing  Bhanu Park,Sikkim,11,Sikkim,228,WEST DISTRICT,GYALSHING,-,-,Brahmaputra,Brahmaputra,-,-,-,Brahmaputra,27.29027778,88.24833333,19-02-2026 19:00,272.5
2034,2034,Gyalshing  Bhanu Park,Sikkim,11,Sikkim,228,WEST DISTRICT,GYALSHING,-,-,Brahmaputra,Brahmaputra,-,-,-,Brahmaputra,27.29027778,88.24833333,19-02-2026 23:00,264
2035,2035,Gyalshing  Bhanu Park,Sikkim,11,Sikkim,228,WEST DISTRICT,GYALSHING,-,-,Brahmaputra,Brahmaputra,-,-,-,Brahmaputra,27.29027778,88.24833333,20-02-2026 00:00,263
2036,2036,Gyalshing  Bhanu Park,Sikkim,11,Sikkim,228,WEST DISTRICT,GYALSHING,-,-,Brahmaputra,Brahmaputra,-,-,-,Brahmaputra,27.29027778,88.24833333,20-02-2026 04:00,260
2037,2037,Gyalshing  Bhanu Park,Sikkim,11,Sikkim,228,WEST DISTRICT,GYALSHING,-,-,Brahmaputra,Brahmaputra,-,-,-,Brahmaputra,27.29027778,88.24833333,20-02-2026 05:00,259.5
2038,2038,Gyalshing  Bhanu Park,Sikkim,11,Sikkim,228,WEST DISTRICT,GYALSHING,-,-,Brahmaputra,Brahmaputra,-,-,-,Brahmaputra,27.29027778,88.24833333,20-02-2026 10:00,326.5
2039,2039,Gyalshing  Bhanu Park,Sikkim,11,Sikkim,228,WEST DISTRICT,GYALSHING,-,-,Brahmaputra,Brahmaputra,-,-,-,Brahmaputra,27.29027778,88.24833333,20-02-2026 17:00,279.5
2040,2040,Gyalshing  Bhanu Park,Sikkim,11,Sikkim,228,WEST DISTRICT,GYALSHING,-,-,Brahmaputra,Brahmaputra,-,-,-,Brahmaputra,27.29027778,88.24833333,20-02-2026 19:00,276.5
2041,2041,Gyalshing  Bhanu Park,Sikkim,11,Sikkim,228,WEST DISTRICT,GYALSHING,-,-,Brahmaputra,Brahmaputra,-,-,-,Brahmaputra,27.29027778,88.24833333,20-02-2026 22:00,268
2042,2042,Gyalshing  Bhanu Park,Sikkim,11,Sikkim,228,WEST DISTRICT,GYALSHING,-,-,Brahmaputra,Brahmaputra,-,-,-,Brahmaputra,27.29027778,88.24833333,21-02-2026 03:00,257
2043,2043,Gyalshing  Bhanu Park,Sikkim,11,Sikkim,228,WEST DISTRICT,GYALSHING,-,-,Brahmaputra,Brahmaputra,-,-,-,Brahmaputra,27.29027778,88.24833333,21-02-2026 07:00,282
2044,2044,Gyalshing  Bhanu Park,Sikkim,11,Sikkim,228,WEST DISTRICT,GYALSHING,-,-,Brahmaputra,Brahmaputra,-,-,-,Brahmaputra,27.29027778,88.24833333,21-02-2026 15:00,300
2045,2045,Gyalshing  Bhanu Park,Sikkim,11,Sikkim,228,WEST DISTRICT,GYALSHING,-,-,Brahmaputra,Brahmaputra,-,-,-,Brahmaputra,27.29027778,88.24833333,21-02-2026 16:00,284
2046,2046,Gyalshing  Bhanu Park,Sikkim,11,Sikkim,228,WEST DISTRICT,GYALSHING,-,-,Brahmaputra,Brahmaputra,-,-,-,Brahmaputra,27.29027778,88.24833333,21-02-2026 19:00,272.5
2047,2047,Gyalshing  Bhanu Park,Sikkim,11,Sikkim,228,WEST DISTRICT,GYALSHING,-,-,Brahmaputra,Brahmaputra,-,-,-,Brahmaputra,27.29027778,88.24833333,21-02-2026 23:00,268.5
2048,2048,Gyalshing  Bhanu Park,Sikkim,11,Sikkim,228,WEST DISTRICT,GYALSHING,-,-,Brahmaputra,Brahmaputra,-,-,-,Brahmaputra,27.29027778,88.24833333,22-02-2026 00:00,265.5
2049,2049,Gyalshing  Bhanu Park,Sikkim,11,Sikkim,228,WEST DISTRICT,GYALSHING,-,-,Brahmaputra,Brahmaputra,-,-,-,Brahmaputra,27.29027778,88.24833333,22-02-2026 02:00,257.5
2050,2050,Gyalshing  Bhanu Park,Sikkim,11,Sikkim,228,WEST DISTRICT,GYALSHING,-,-,Brahmaputra,Brahmaputra,-,-,-,Brahmaputra,27.29027778,88.24833333,22-02-2026 06:00,257
2051,2051,Gyalshing  Bhanu Park,Sikkim,11,Sikkim,228,WEST DISTRICT,GYALSHING,-,-,Brahmaputra,Brahmaputra,-,-,-,Brahmaputra,27.29027778,88.24833333,22-02-2026 11:00,313.5
2052,2052,Gyalshing  Bhanu Park,Sikkim,11,Sikkim,228,WEST DISTRICT,GYALSHING,-,-,Brahmaputra,Brahmaputra,-,-,-,Brahmaputra,27.29027778,88.24833333,22-02-2026 12:00,299
2053,2053,Gyalshing  Bhanu Park,Sikkim,11,Sikkim,228,WEST DISTRICT,GYALSHING,-,-,Brahmaputra,Brahmaputra,-,-,-,Brahmaputra,27.29027778,88.24833333,22-02-2026 19:00,264
2054,2054,Gyalshing  Bhanu Park,Sikkim,11,Sikkim,228,WEST DISTRICT,GYALSHING,-,-,Brahmaputra,Brahmaputra,-,-,-,Brahmaputra,27.29027778,88.24833333,23-02-2026 03:00,258
2055,2055,Gyalshing  Bhanu Park,Sikkim,11,Sikkim,228,WEST DISTRICT,GYALSHING,-,-,Brahmaputra,Brahmaputra,-,-,-,Brahmaputra,27.29027778,88.24833333,23-02-2026 07:00,265
2056,2056,Gyalshing  Bhanu Park,Sikkim,11,Sikkim,228,WEST DISTRICT,GYALSHING,-,-,Brahmaputra,Brahmaputra,-,-,-,Brahmaputra,27.29027778,88.24833333,23-02-2026 10:00,315
2057,2057,Gyalshing  Bhanu Park,Sikkim,11,Sikkim,228,WEST DISTRICT,GYALSHING,-,-,Brahmaputra,Brahmaputra,-,-,-,Brahmaputra,27.29027778,88.24833333,23-02-2026 13:00,298
2058,2058,Gyalshing  Bhanu Park,Sikkim,11,Sikkim,228,WEST DISTRICT,GYALSHING,-,-,Brahmaputra,Brahmaputra,-,-,-,Brahmaputra,27.29027778,88.24833333,23-02-2026 15:00,285.5
2059,2059,Gyalshing  Bhanu Park,Sikkim,11,Sikkim,228,WEST DISTRICT,GYALSHING,-,-,Brahmaputra,Brahmaputra,-,-,-,Brahmaputra,27.29027778,88.24833333,23-02-2026 23:00,267.5
2060,2060,Gyalshing  Bhanu Park,Sikkim,11,Sikkim,228,WEST DISTRICT,GYALSHING,-,-,Brahmaputra,Brahmaputra,-,-,-,Brahmaputra,27.29027778,88.24833333,24-02-2026 00:00,266
2061,2061,Gyalshing  Bhanu Park,Sikkim,11,Sikkim,228,WEST DISTRICT,GYALSHING,-,-,Brahmaputra,Brahmaputra,-,-,-,Brahmaputra,27.29027778,88.24833333,24-02-2026 04:00,260.5
2062,2062,Gyalshing  Bhanu Park,Sikkim,11,Sikkim,228,WEST DISTRICT,GYALSHING,-,-,Brahmaputra,Brahmaputra,-,-,-,Brahmaputra,27.29027778,88.24833333,24-02-2026 07:00,269.5
2063,2063,Gyalshing  Bhanu Park,Sikkim,11,Sikkim,228,WEST DISTRICT,GYALSHING,-,-,Brahmaputra,Brahmaputra,-,-,-,Brahmaputra,27.29027778,88.24833333,24-02-2026 08:00,283
2064,2064,Gyalshing  Bhanu Park,Sikkim,11,Sikkim,228,WEST DISTRICT,GYALSHING,-,-,Brahmaputra,Brahmaputra,-,-,-,Brahmaputra,27.29027778,88.24833333,24-02-2026 11:00,304
2065,2065,Gyalshing  Bhanu Park,Sikkim,11,Sikkim,228,WEST DISTRICT,GYALSHING,-,-,Brahmaputra,Brahmaputra,-,-,-,Brahmaputra,27.29027778,88.24833333,24-02-2026 16:00,270.5
2066,2066,Gyalshing  Bhanu Park,Sikkim,11,Sikkim,228,WEST DISTRICT,GYALSHING,-,-,Brahmaputra,Brahmaputra,-,-,-,Brahmaputra,27.29027778,88.24833333,25-02-2026 09:00,302
2067,2067,Gyalshing  Bhanu Park,Sikkim,11,Sikkim,228,WEST DISTRICT,GYALSHING,-,-,Brahmaputra,Brahmaputra,-,-,-,Brahmaputra,27.29027778,88.24833333,25-02-2026 11:00,308
2068,2068,Gyalshing  Bhanu Park,Sikkim,11,Sikkim,228,WEST DISTRICT,GYALSHING,-,-,Brahmaputra,Brahmaputra,-,-,-,Brahmaputra,27.29027778,88.24833333,27-02-2026 07:00,1
2069,2069,Gyalshing  Bhanu Park,Sikkim,11,Sikkim,228,WEST DISTRICT,GYALSHING,-,-,Brahmaputra,Brahmaputra,-,-,-,Brahmaputra,27.29027778,88.24833333,27-02-2026 08:00,0.5
2070,2070,Gyalshing  Bhanu Park,Sikkim,11,Sikkim,228,WEST DISTRICT,GYALSHING,-,-,Brahmaputra,Brahmaputra,-,-,-,Brahmaputra,27.29027778,88.24833333,27-02-2026 10:00,0.5
2071,2071,Gyalshing  Bhanu Park,Sikkim,11,Sikkim,228,WEST DISTRICT,GYALSHING,-,-,Brahmaputra,Brahmaputra,-,-,-,Brahmaputra,27.29027778,88.24833333,27-02-2026 22:00,0.5
2072,2072,Gyalshing  Bhanu Park,Sikkim,11,Sikkim,228,WEST DISTRICT,GYALSHING,-,-,Brahmaputra,Brahmaputra,-,-,-,Brahmaputra,27.29027778,88.24833333,28-02-2026 00:00,0.5
2073,2073,Gyalshing  Bhanu Park,Sikkim,11,Sikkim,228,WEST DISTRICT,GYALSHING,-,-,Brahmaputra,Brahmaputra,-,-,-,Brahmaputra,27.29027778,88.24833333,28-02-2026 03:00,0.5
2074,2074,Gyalshing  Bhanu Park,Sikkim,11,Sikkim,228,WEST DISTRICT,GYALSHING,-,-,Brahmaputra,Brahmaputra,-,-,-,Brahmaputra,27.29027778,88.24833333,28-02-2026 07:00,0.5
2075,2075,Gyalshing  Bhanu Park,Sikkim,11,Sikkim,228,WEST DISTRICT,GYALSHING,-,-,Brahmaputra,Brahmaputra,-,-,-,Brahmaputra,27.29027778,88.24833333,28-02-2026 18:00,1.5
2076,2076,Gyalshing  Bhanu Park,Sikkim,11,Sikkim,228,WEST DISTRICT,GYALSHING,-,-,Brahmaputra,Brahmaputra,-,-,-,Brahmaputra,27.29027778,88.24833333,28-02-2026 19:00,1.5
2077,2077,Gyalshing  Bhanu Park,Sikkim,11,Sikkim,228,WEST DISTRICT,GYALSHING,-,-,Brahmaputra,Brahmaputra,-,-,-,Brahmaputra,27.29027778,88.24833333,28-02-2026 20:00,2
2078,2078,Gyalshing  Bhanu Park,Sikkim,11,Sikkim,228,WEST DISTRICT,GYALSHING,-,-,Brahmaputra,Brahmaputra,-,-,-,Brahmaputra,27.29027778,88.24833333,28-02-2026 21:00,2
2079,2079,Gyalshing  Bhanu Park,Sikkim,11,Sikkim,228,WEST DISTRICT,GYALSHING,-,-,Brahmaputra,Brahmaputra,-,-,-,Brahmaputra,27.29027778,88.24833333,28-02-2026 22:00,1
2080,2080,Gyalshing  Bhanu Park,Sikkim,11,Sikkim,228,WEST DISTRICT,GYALSHING,-,-,Brahmaputra,Brahmaputra,-,-,-,Brahmaputra,27.29027778,88.24833333,01-03-2026 00:00,0.5
2081,2081,Gyalshing  Bhanu Park,Sikkim,11,Sikkim,228,WEST DISTRICT,GYALSHING,-,-,Brahmaputra,Brahmaputra,-,-,-,Brahmaputra,27.29027778,88.24833333,01-03-2026 02:00,0.5
2082,2082,Gyalshing  Bhanu Park,Sikkim,11,Sikkim,228,WEST DISTRICT,GYALSHING,-,-,Brahmaputra,Brahmaputra,-,-,-,Brahmaputra,27.29027778,88.24833333,01-03-2026 03:00,0.5
2083,2083,Gyalshing  Bhanu Park,Sikkim,11,Sikkim,228,WEST DISTRICT,GYALSHING,-,-,Brahmaputra,Brahmaputra,-,-,-,Brahmaputra,27.29027778,88.24833333,01-03-2026 23:00,0.5
2084,2084,Gyalshing  Bhanu Park,Sikkim,11,Sikkim,228,WEST DISTRICT,GYALSHING,-,-,Brahmaputra,Brahmaputra,-,-,-,Brahmaputra,27.29027778,88.24833333,02-03-2026 03:00,0.5
2085,2085,Gyalshing  Bhanu Park,Sikkim,11,Sikkim,228,WEST DISTRICT,GYALSHING,-,-,Brahmaputra,Brahmaputra,-,-,-,Brahmaputra,27.29027778,88.24833333,02-03-2026 05:00,0.5
2086,2086,Gyalshing  Bhanu Park,Sikkim,11,Sikkim,228,WEST DISTRICT,GYALSHING,-,-,Brahmaputra,Brahmaputra,-,-,-,Brahmaputra,27.29027778,88.24833333,02-03-2026 06:00,6
2087,2087,Gyalshing  Bhanu Park,Sikkim,11,Sikkim,228,WEST DISTRICT,GYALSHING,-,-,Brahmaputra,Brahmaputra,-,-,-,Brahmaputra,27.29027778,88.24833333,02-03-2026 07:00,3.5
2088,2088,Gyalshing  Bhanu Park,Sikkim,11,Sikkim,228,WEST DISTRICT,GYALSHING,-,-,Brahmaputra,Brahmaputra,-,-,-,Brahmaputra,27.29027778,88.24833333,02-03-2026 08:00,1.5
2089,2089,Gyalshing  Bhanu Park,Sikkim,11,Sikkim,228,WEST DISTRICT,GYALSHING,-,-,Brahmaputra,Brahmaputra,-,-,-,Brahmaputra,27.29027778,88.24833333,02-03-2026 20:00,0.5
2090,2090,Gyalshing  Bhanu Park,Sikkim,11,Sikkim,228,WEST DISTRICT,GYALSHING,-,-,Brahmaputra,Brahmaputra,-,-,-,Brahmaputra,27.29027778,88.24833333,03-03-2026 01:00,0.5
2091,2091,Gyalshing  Bhanu Park,Sikkim,11,Sikkim,228,WEST DISTRICT,GYALSHING,-,-,Brahmaputra,Brahmaputra,-,-,-,Brahmaputra,27.29027778,88.24833333,03-03-2026 02:00,2.5
2092,2092,Gyalshing  Bhanu Park,Sikkim,11,Sikkim,228,WEST DISTRICT,GYALSHING,-,-,Brahmaputra,Brahmaputra,-,-,-,Brahmaputra,27.29027778,88.24833333,03-03-2026 03:00,0.5
2093,2093,Gyalshing  Bhanu Park,Sikkim,11,Sikkim,228,WEST DISTRICT,GYALSHING,-,-,Brahmaputra,Brahmaputra,-,-,-,Brahmaputra,27.29027778,88.24833333,03-03-2026 04:00,1.5
2094,2094,Gyalshing  Bhanu Park,Sikkim,11,Sikkim,228,WEST DISTRICT,GYALSHING,-,-,Brahmaputra,Brahmaputra,-,-,-,Brahmaputra,27.29027778,88.24833333,03-03-2026 05:00,0.5
2095,2095,Gyalshing  Bhanu Park,Sikkim,11,Sikkim,228,WEST DISTRICT,GYALSHING,-,-,Brahmaputra,Brahmaputra,-,-,-,Brahmaputra,27.29027778,88.24833333,03-03-2026 06:00,0.5
2096,2096,Gyalshing  Bhanu Park,Sikkim,11,Sikkim,228,WEST DISTRICT,GYALSHING,-,-,Brahmaputra,Brahmaputra,-,-,-,Brahmaputra,27.29027778,88.24833333,03-03-2026 09:00,0.5
2097,2097,Gyalshing  Bhanu Park,Sikkim,11,Sikkim,228,WEST DISTRICT,GYALSHING,-,-,Brahmaputra,Brahmaputra,-,-,-,Brahmaputra,27.29027778,88.24833333,11-03-2026 20:00,1.5
2098,2098,Gyalshing  Bhanu Park,Sikkim,11,Sikkim,228,WEST DISTRICT,GYALSHING,-,-,Brahmaputra,Brahmaputra,-,-,-,Brahmaputra,27.29027778,88.24833333,11-03-2026 21:00,18
2099,2099,Gyalshing  Bhanu Park,Sikkim,11,Sikkim,228,WEST DISTRICT,GYALSHING,-,-,Brahmaputra,Brahmaputra,-,-,-,Brahmaputra,27.29027778,88.24833333,11-03-2026 22:00,0.5
2100,2100,Gyalshing  Bhanu Park,Sikkim,11,Sikkim,228,WEST DISTRICT,GYALSHING,-,-,Brahmaputra,Brahmaputra,-,-,-,Brahmaputra,27.29027778,88.24833333,12-03-2026 00:00,0.5
2101,2101,Gyalshing  Bhanu Park,Sikkim,11,Sikkim,228,WEST DISTRICT,GYALSHING,-,-,Brahmaputra,Brahmaputra,-,-,-,Brahmaputra,27.29027778,88.24833333,12-03-2026 01:00,1.5
2102,2102,Gyalshing  Bhanu Park,Sikkim,11,Sikkim,228,WEST DISTRICT,GYALSHING,-,-,Brahmaputra,Brahmaputra,-,-,-,Brahmaputra,27.29027778,88.24833333,12-03-2026 02:00,2
2103,2103,Gyalshing  Bhanu Park,Sikkim,11,Sikkim,228,WEST DISTRICT,GYALSHING,-,-,Brahmaputra,Brahmaputra,-,-,-,Brahmaputra,27.29027778,88.24833333,12-03-2026 03:00,0.5
2104,2104,Gyalshing  Bhanu Park,Sikkim,11,Sikkim,228,WEST DISTRICT,GYALSHING,-,-,Brahmaputra,Brahmaputra,-,-,-,Brahmaputra,27.29027778,88.24833333,15-03-2026 17:00,1
2105,2105,Gyalshing  Bhanu Park,Sikkim,11,Sikkim,228,WEST DISTRICT,GYALSHING,-,-,Brahmaputra,Brahmaputra,-,-,-,Brahmaputra,27.29027778,88.24833333,19-03-2026 09:00,305
2106,2106,Gyalshing  Bhanu Park,Sikkim,11,Sikkim,228,WEST DISTRICT,GYALSHING,-,-,Brahmaputra,Brahmaputra,-,-,-,Brahmaputra,27.29027778,88.24833333,19-03-2026 10:00,316
2107,2107,Gyalshing  Bhanu Park,Sikkim,11,Sikkim,228,WEST DISTRICT,GYALSHING,-,-,Brahmaputra,Brahmaputra,-,-,-,Brahmaputra,27.29027778,88.24833333,19-03-2026 11:00,308.5
2108,2108,Gyalshing  Bhanu Park,Sikkim,11,Sikkim,228,WEST DISTRICT,GYALSHING,-,-,Brahmaputra,Brahmaputra,-,-,-,Brahmaputra,27.29027778,88.24833333,19-03-2026 16:00,285.5
2109,2109,Gyalshing  Bhanu Park,Sikkim,11,Sikkim,228,WEST DISTRICT,GYALSHING,-,-,Brahmaputra,Brahmaputra,-,-,-,Brahmaputra,27.29027778,88.24833333,19-03-2026 20:00,275
2110,2110,Gyalshing  Bhanu Park,Sikkim,11,Sikkim,228,WEST DISTRICT,GYALSHING,-,-,Brahmaputra,Brahmaputra,-,-,-,Brahmaputra,27.29027778,88.24833333,20-03-2026 00:00,271
2111,2111,Gyalshing  Bhanu Park,Sikkim,11,Sikkim,228,WEST DISTRICT,GYALSHING,-,-,Brahmaputra,Brahmaputra,-,-,-,Brahmaputra,27.29027778,88.24833333,20-03-2026 06:00,272.5
2112,2112,Gyalshing  Bhanu Park,Sikkim,11,Sikkim,228,WEST DISTRICT,GYALSHING,-,-,Brahmaputra,Brahmaputra,-,-,-,Brahmaputra,27.29027778,88.24833333,20-03-2026 07:00,272.5
2113,2113,Gyalshing  Bhanu Park,Sikkim,11,Sikkim,228,WEST DISTRICT,GYALSHING,-,-,Brahmaputra,Brahmaputra,-,-,-,Brahmaputra,27.29027778,88.24833333,20-03-2026 09:00,298
2114,2114,Gyalshing  Bhanu Park,Sikkim,11,Sikkim,228,WEST DISTRICT,GYALSHING,-,-,Brahmaputra,Brahmaputra,-,-,-,Brahmaputra,27.29027778,88.24833333,20-03-2026 10:00,315
2115,2115,Gyalshing  Bhanu Park,Sikkim,11,Sikkim,228,WEST DISTRICT,GYALSHING,-,-,Brahmaputra,Brahmaputra,-,-,-,Brahmaputra,27.29027778,88.24833333,20-03-2026 11:00,298.5
2116,2116,Gyalshing  Bhanu Park,Sikkim,11,Sikkim,228,WEST DISTRICT,GYALSHING,-,-,Brahmaputra,Brahmaputra,-,-,-,Brahmaputra,27.29027778,88.24833333,20-03-2026 13:00,307.5
2117,2117,Gyalshing  Bhanu Park,Sikkim,11,Sikkim,228,WEST DISTRICT,GYALSHING,-,-,Brahmaputra,Brahmaputra,-,-,-,Brahmaputra,27.29027778,88.24833333,20-03-2026 16:00,282.5
2118,2118,Gyalshing  Bhanu Park,Sikkim,11,Sikkim,228,WEST DISTRICT,GYALSHING,-,-,Brahmaputra,Brahmaputra,-,-,-,Brahmaputra,27.29027778,88.24833333,20-03-2026 17:00,273.5
2119,2119,Gyalshing  Bhanu Park,Sikkim,11,Sikkim,228,WEST DISTRICT,GYALSHING,-,-,Brahmaputra,Brahmaputra,-,-,-,Brahmaputra,27.29027778,88.24833333,20-03-2026 20:00,2
2120,2120,Gyalshing  Bhanu Park,Sikkim,11,Sikkim,228,WEST DISTRICT,GYALSHING,-,-,Brahmaputra,Brahmaputra,-,-,-,Brahmaputra,27.29027778,88.24833333,20-03-2026 20:00,2
2121,2121,Gyalshing  Bhanu Park,Sikkim,11,Sikkim,228,WEST DISTRICT,GYALSHING,-,-,Brahmaputra,Brahmaputra,-,-,-,Brahmaputra,27.29027778,88.24833333,20-03-2026 22:00,3
2122,2122,Gyalshing  Bhanu Park,Sikkim,11,Sikkim,228,WEST DISTRICT,GYALSHING,-,-,Brahmaputra,Brahmaputra,-,-,-,Brahmaputra,27.29027778,88.24833333,20-03-2026 22:00,260.5
2123,2123,Gyalshing  Bhanu Park,Sikkim,11,Sikkim,228,WEST DISTRICT,GYALSHING,-,-,Brahmaputra,Brahmaputra,-,-,-,Brahmaputra,27.29027778,88.24833333,20-03-2026 23:00,1.5
2124,2124,Gyalshing  Bhanu Park,Sikkim,11,Sikkim,228,WEST DISTRICT,GYALSHING,-,-,Brahmaputra,Brahmaputra,-,-,-,Brahmaputra,27.29027778,88.24833333,20-03-2026 23:00,259.5
2125,2125,Gyalshing  Bhanu Park,Sikkim,11,Sikkim,228,WEST DISTRICT,GYALSHING,-,-,Brahmaputra,Brahmaputra,-,-,-,Brahmaputra,27.29027778,88.24833333,21-03-2026 00:00,256.5
2126,2126,Gyalshing  Bhanu Park,Sikkim,11,Sikkim,228,WEST DISTRICT,GYALSHING,-,-,Brahmaputra,Brahmaputra,-,-,-,Brahmaputra,27.29027778,88.24833333,21-03-2026 01:00,13.5
2127,2127,Gyalshing  Bhanu Park,Sikkim,11,Sikkim,228,WEST DISTRICT,GYALSHING,-,-,Brahmaputra,Brahmaputra,-,-,-,Brahmaputra,27.29027778,88.24833333,21-03-2026 01:00,13.5
2128,2128,Gyalshing  Bhanu Park,Sikkim,11,Sikkim,228,WEST DISTRICT,GYALSHING,-,-,Brahmaputra,Brahmaputra,-,-,-,Brahmaputra,27.29027778,88.24833333,21-03-2026 02:00,6
2129,2129,Gyalshing  Bhanu Park,Sikkim,11,Sikkim,228,WEST DISTRICT,GYALSHING,-,-,Brahmaputra,Brahmaputra,-,-,-,Brahmaputra,27.29027778,88.24833333,21-03-2026 03:00,6.5
2130,2130,Gyalshing  Bhanu Park,Sikkim,11,Sikkim,228,WEST DISTRICT,GYALSHING,-,-,Brahmaputra,Brahmaputra,-,-,-,Brahmaputra,27.29027778,88.24833333,21-03-2026 03:00,6.5
2131,2131,Gyalshing  Bhanu Park,Sikkim,11,Sikkim,228,WEST DISTRICT,GYALSHING,-,-,Brahmaputra,Brahmaputra,-,-,-,Brahmaputra,27.29027778,88.24833333,21-03-2026 04:00,3.5
2132,2132,Gyalshing  Bhanu Park,Sikkim,11,Sikkim,228,WEST DISTRICT,GYALSHING,-,-,Brahmaputra,Brahmaputra,-,-,-,Brahmaputra,27.29027778,88.24833333,21-03-2026 04:00,3.5
2133,2133,Gyalshing  Bhanu Park,Sikkim,11,Sikkim,228,WEST DISTRICT,GYALSHING,-,-,Brahmaputra,Brahmaputra,-,-,-,Brahmaputra,27.29027778,88.24833333,21-03-2026 05:00,1.5
2134,2134,Gyalshing  Bhanu Park,Sikkim,11,Sikkim,228,WEST DISTRICT,GYALSHING,-,-,Brahmaputra,Brahmaputra,-,-,-,Brahmaputra,27.29027778,88.24833333,21-03-2026 06:00,0.5
2135,2135,Gyalshing  Bhanu Park,Sikkim,11,Sikkim,228,WEST DISTRICT,GYALSHING,-,-,Brahmaputra,Brahmaputra,-,-,-,Brahmaputra,27.29027778,88.24833333,21-03-2026 06:00,252
2136,2136,Gyalshing  Bhanu Park,Sikkim,11,Sikkim,228,WEST DISTRICT,GYALSHING,-,-,Brahmaputra,Brahmaputra,-,-,-,Brahmaputra,27.29027778,88.24833333,21-03-2026 07:00,0.5
2137,2137,Gyalshing  Bhanu Park,Sikkim,11,Sikkim,228,WEST DISTRICT,GYALSHING,-,-,Brahmaputra,Brahmaputra,-,-,-,Brahmaputra,27.29027778,88.24833333,21-03-2026 07:00,0.5
2138,2138,Gyalshing  Bhanu Park,Sikkim,11,Sikkim,228,WEST DISTRICT,GYALSHING,-,-,Brahmaputra,Brahmaputra,-,-,-,Brahmaputra,27.29027778,88.24833333,21-03-2026 08:00,1
2139,2139,Gyalshing  Bhanu Park,Sikkim,11,Sikkim,228,WEST DISTRICT,GYALSHING,-,-,Brahmaputra,Brahmaputra,-,-,-,Brahmaputra,27.29027778,88.24833333,21-03-2026 08:00,1
2140,2140,Gyalshing  Bhanu Park,Sikkim,11,Sikkim,228,WEST DISTRICT,GYALSHING,-,-,Brahmaputra,Brahmaputra,-,-,-,Brahmaputra,27.29027778,88.24833333,21-03-2026 09:00,0.5
2141,2141,Gyalshing  Bhanu Park,Sikkim,11,Sikkim,228,WEST DISTRICT,GYALSHING,-,-,Brahmaputra,Brahmaputra,-,-,-,Brahmaputra,27.29027778,88.24833333,21-03-2026 09:00,0.5
2142,2142,Gyalshing  Bhanu Park,Sikkim,11,Sikkim,228,WEST DISTRICT,GYALSHING,-,-,Brahmaputra,Brahmaputra,-,-,-,Brahmaputra,27.29027778,88.24833333,21-03-2026 10:00,0.5
2143,2143,Gyalshing  Bhanu Park,Sikkim,11,Sikkim,228,WEST DISTRICT,GYALSHING,-,-,Brahmaputra,Brahmaputra,-,-,-,Brahmaputra,27.29027778,88.24833333,21-03-2026 10:00,0.5
2144,2144,Gyalshing  Bhanu Park,Sikkim,11,Sikkim,228,WEST DISTRICT,GYALSHING,-,-,Brahmaputra,Brahmaputra,-,-,-,Brahmaputra,27.29027778,88.24833333,21-03-2026 12:00,1
2145,2145,Gyalshing  Bhanu Park,Sikkim,11,Sikkim,228,WEST DISTRICT,GYALSHING,-,-,Brahmaputra,Brahmaputra,-,-,-,Brahmaputra,27.29027778,88.24833333,21-03-2026 12:00,1
2146,2146,Gyalshing  Bhanu Park,Sikkim,11,Sikkim,228,WEST DISTRICT,GYALSHING,-,-,Brahmaputra,Brahmaputra,-,-,-,Brahmaputra,27.29027778,88.24833333,21-03-2026 13:00,1
2147,2147,Gyalshing  Bhanu Park,Sikkim,11,Sikkim,228,WEST DISTRICT,GYALSHING,-,-,Brahmaputra,Brahmaputra,-,-,-,Brahmaputra,27.29027778,88.24833333,21-03-2026 13:00,1
2148,2148,Gyalshing  Bhanu Park,Sikkim,11,Sikkim,228,WEST DISTRICT,GYALSHING,-,-,Brahmaputra,Brahmaputra,-,-,-,Brahmaputra,27.29027778,88.24833333,21-03-2026 14:00,1
2149,2149,Gyalshing  Bhanu Park,Sikkim,11,Sikkim,228,WEST DISTRICT,GYALSHING,-,-,Brahmaputra,Brahmaputra,-,-,-,Brahmaputra,27.29027778,88.24833333,21-03-2026 14:00,1
2150,2150,Gyalshing  Bhanu Park,Sikkim,11,Sikkim,228,WEST DISTRICT,GYALSHING,-,-,Brahmaputra,Brahmaputra,-,-,-,Brahmaputra,27.29027778,88.24833333,21-03-2026 15:00,2
2151,2151,Gyalshing  Bhanu Park,Sikkim,11,Sikkim,228,WEST DISTRICT,GYALSHING,-,-,Brahmaputra,Brahmaputra,-,-,-,Brahmaputra,27.29027778,88.24833333,21-03-2026 16:00,253
2152,2152,Gyalshing  Bhanu Park,Sikkim,11,Sikkim,228,WEST DISTRICT,GYALSHING,-,-,Brahmaputra,Brahmaputra,-,-,-,Brahmaputra,27.29027778,88.24833333,21-03-2026 17:00,2.5
2153,2153,Gyalshing  Bhanu Park,Sikkim,11,Sikkim,228,WEST DISTRICT,GYALSHING,-,-,Brahmaputra,Brahmaputra,-,-,-,Brahmaputra,27.29027778,88.24833333,21-03-2026 17:00,2.5
2154,2154,Gyalshing  Bhanu Park,Sikkim,11,Sikkim,228,WEST DISTRICT,GYALSHING,-,-,Brahmaputra,Brahmaputra,-,-,-,Brahmaputra,27.29027778,88.24833333,21-03-2026 18:00,1
2155,2155,Gyalshing  Bhanu Park,Sikkim,11,Sikkim,228,WEST DISTRICT,GYALSHING,-,-,Brahmaputra,Brahmaputra,-,-,-,Brahmaputra,27.29027778,88.24833333,21-03-2026 19:00,248
2156,2156,Gyalshing  Bhanu Park,Sikkim,11,Sikkim,228,WEST DISTRICT,GYALSHING,-,-,Brahmaputra,Brahmaputra,-,-,-,Brahmaputra,27.29027778,88.24833333,21-03-2026 20:00,0.5
2157,2157,Gyalshing  Bhanu Park,Sikkim,11,Sikkim,228,WEST DISTRICT,GYALSHING,-,-,Brahmaputra,Brahmaputra,-,-,-,Brahmaputra,27.29027778,88.24833333,21-03-2026 20:00,0.5
2158,2158,Gyalshing  Bhanu Park,Sikkim,11,Sikkim,228,WEST DISTRICT,GYALSHING,-,-,Brahmaputra,Brahmaputra,-,-,-,Brahmaputra,27.29027778,88.24833333,21-03-2026 21:00,246.5
2159,2159,Gyalshing  Bhanu Park,Sikkim,11,Sikkim,228,WEST DISTRICT,GYALSHING,-,-,Brahmaputra,Brahmaputra,-,-,-,Brahmaputra,27.29027778,88.24833333,22-03-2026 01:00,243.5
2160,2160,Gyalshing  Bhanu Park,Sikkim,11,Sikkim,228,WEST DISTRICT,GYALSHING,-,-,Brahmaputra,Brahmaputra,-,-,-,Brahmaputra,27.29027778,88.24833333,22-03-2026 03:00,245.5
2161,2161,Gyalshing  Bhanu Park,Sikkim,11,Sikkim,228,WEST DISTRICT,GYALSHING,-,-,Brahmaputra,Brahmaputra,-,-,-,Brahmaputra,27.29027778,88.24833333,22-03-2026 21:00,264.5
2162,2162,Gyalshing  Bhanu Park,Sikkim,11,Sikkim,228,WEST DISTRICT,GYALSHING,-,-,Brahmaputra,Brahmaputra,-,-,-,Brahmaputra,27.29027778,88.24833333,22-03-2026 23:00,262
2163,2163,Gyalshing  Bhanu Park,Sikkim,11,Sikkim,228,WEST DISTRICT,GYALSHING,-,-,Brahmaputra,Brahmaputra,-,-,-,Brahmaputra,27.29027778,88.24833333,23-03-2026 00:00,0.5
2164,2164,Gyalshing  Bhanu Park,Sikkim,11,Sikkim,228,WEST DISTRICT,GYALSHING,-,-,Brahmaputra,Brahmaputra,-,-,-,Brahmaputra,27.29027778,88.24833333,23-03-2026 03:00,5
2165,2165,Gyalshing  Bhanu Park,Sikkim,11,Sikkim,228,WEST DISTRICT,GYALSHING,-,-,Brahmaputra,Brahmaputra,-,-,-,Brahmaputra,27.29027778,88.24833333,23-03-2026 04:00,0.5
2166,2166,Gyalshing  Bhanu Park,Sikkim,11,Sikkim,228,WEST DISTRICT,GYALSHING,-,-,Brahmaputra,Brahmaputra,-,-,-,Brahmaputra,27.29027778,88.24833333,23-03-2026 04:00,0.5
2167,2167,Gyalshing  Bhanu Park,Sikkim,11,Sikkim,228,WEST DISTRICT,GYALSHING,-,-,Brahmaputra,Brahmaputra,-,-,-,Brahmaputra,27.29027778,88.24833333,23-03-2026 05:00,0.5
2168,2168,Gyalshing  Bhanu Park,Sikkim,11,Sikkim,228,WEST DISTRICT,GYALSHING,-,-,Brahmaputra,Brahmaputra,-,-,-,Brahmaputra,27.29027778,88.24833333,23-03-2026 06:00,258.5
2169,2169,Gyalshing  Bhanu Park,Sikkim,11,Sikkim,228,WEST DISTRICT,GYALSHING,-,-,Brahmaputra,Brahmaputra,-,-,-,Brahmaputra,27.29027778,88.24833333,23-03-2026 08:00,296
2170,2170,Gyalshing  Bhanu Park,Sikkim,11,Sikkim,228,WEST DISTRICT,GYALSHING,-,-,Brahmaputra,Brahmaputra,-,-,-,Brahmaputra,27.29027778,88.24833333,23-03-2026 09:00,304
2171,2171,Gyalshing  Bhanu Park,Sikkim,11,Sikkim,228,WEST DISTRICT,GYALSHING,-,-,Brahmaputra,Brahmaputra,-,-,-,Brahmaputra,27.29027778,88.24833333,23-03-2026 13:00,324
2172,2172,Gyalshing  Bhanu Park,Sikkim,11,Sikkim,228,WEST DISTRICT,GYALSHING,-,-,Brahmaputra,Brahmaputra,-,-,-,Brahmaputra,27.29027778,88.24833333,23-03-2026 14:00,303.5
2173,2173,Gyalshing  Bhanu Park,Sikkim,11,Sikkim,228,WEST DISTRICT,GYALSHING,-,-,Brahmaputra,Brahmaputra,-,-,-,Brahmaputra,27.29027778,88.24833333,23-03-2026 18:00,0.5
2174,2174,Gyalshing  Bhanu Park,Sikkim,11,Sikkim,228,WEST DISTRICT,GYALSHING,-,-,Brahmaputra,Brahmaputra,-,-,-,Brahmaputra,27.29027778,88.24833333,23-03-2026 18:00,0.5
2175,2175,Gyalshing  Bhanu Park,Sikkim,11,Sikkim,228,WEST DISTRICT,GYALSHING,-,-,Brahmaputra,Brahmaputra,-,-,-,Brahmaputra,27.29027778,88.24833333,23-03-2026 20:00,0.5
2176,2176,Gyalshing  Bhanu Park,Sikkim,11,Sikkim,228,WEST DISTRICT,GYALSHING,-,-,Brahmaputra,Brahmaputra,-,-,-,Brahmaputra,27.29027778,88.24833333,23-03-2026 20:00,265
2177,2177,Gyalshing  Bhanu Park,Sikkim,11,Sikkim,228,WEST DISTRICT,GYALSHING,-,-,Brahmaputra,Brahmaputra,-,-,-,Brahmaputra,27.29027778,88.24833333,23-03-2026 21:00,264.5
2178,2178,Gyalshing  Bhanu Park,Sikkim,11,Sikkim,228,WEST DISTRICT,GYALSHING,-,-,Brahmaputra,Brahmaputra,-,-,-,Brahmaputra,27.29027778,88.24833333,24-03-2026 02:00,0.5
2179,2179,Gyalshing  Bhanu Park,Sikkim,11,Sikkim,228,WEST DISTRICT,GYALSHING,-,-,Brahmaputra,Brahmaputra,-,-,-,Brahmaputra,27.29027778,88.24833333,24-03-2026 02:00,0.5
2180,2180,Gyalshing  Bhanu Park,Sikkim,11,Sikkim,228,WEST DISTRICT,GYALSHING,-,-,Brahmaputra,Brahmaputra,-,-,-,Brahmaputra,27.29027778,88.24833333,24-03-2026 03:00,262
2181,2181,Gyalshing  Bhanu Park,Sikkim,11,Sikkim,228,WEST DISTRICT,GYALSHING,-,-,Brahmaputra,Brahmaputra,-,-,-,Brahmaputra,27.29027778,88.24833333,24-03-2026 07:00,272
2182,2182,Gyalshing  Bhanu Park,Sikkim,11,Sikkim,228,WEST DISTRICT,GYALSHING,-,-,Brahmaputra,Brahmaputra,-,-,-,Brahmaputra,27.29027778,88.24833333,24-03-2026 08:00,279
2183,2183,Gyalshing  Bhanu Park,Sikkim,11,Sikkim,228,WEST DISTRICT,GYALSHING,-,-,Brahmaputra,Brahmaputra,-,-,-,Brahmaputra,27.29027778,88.24833333,24-03-2026 17:00,11
2184,2184,Gyalshing  Bhanu Park,Sikkim,11,Sikkim,228,WEST DISTRICT,GYALSHING,-,-,Brahmaputra,Brahmaputra,-,-,-,Brahmaputra,27.29027778,88.24833333,24-03-2026 17:00,11
2185,2185,Gyalshing  Bhanu Park,Sikkim,11,Sikkim,228,WEST DISTRICT,GYALSHING,-,-,Brahmaputra,Brahmaputra,-,-,-,Brahmaputra,27.29027778,88.24833333,24-03-2026 18:00,1.5
2186,2186,Gyalshing  Bhanu Park,Sikkim,11,Sikkim,228,WEST DISTRICT,GYALSHING,-,-,Brahmaputra,Brahmaputra,-,-,-,Brahmaputra,27.29027778,88.24833333,24-03-2026 18:00,257.5
2187,2187,Gyalshing  Bhanu Park,Sikkim,11,Sikkim,228,WEST DISTRICT,GYALSHING,-,-,Brahmaputra,Brahmaputra,-,-,-,Brahmaputra,27.29027778,88.24833333,24-03-2026 19:00,254
2188,2188,Gyalshing  Bhanu Park,Sikkim,11,Sikkim,228,WEST DISTRICT,GYALSHING,-,-,Brahmaputra,Brahmaputra,-,-,-,Brahmaputra,27.29027778,88.24833333,24-03-2026 19:00,4
2189,2189,Gyalshing  Bhanu Park,Sikkim,11,Sikkim,228,WEST DISTRICT,GYALSHING,-,-,Brahmaputra,Brahmaputra,-,-,-,Brahmaputra,27.29027778,88.24833333,24-03-2026 20:00,2.5
2190,2190,Gyalshing  Bhanu Park,Sikkim,11,Sikkim,228,WEST DISTRICT,GYALSHING,-,-,Brahmaputra,Brahmaputra,-,-,-,Brahmaputra,27.29027778,88.24833333,24-03-2026 20:00,2.5
2191,2191,Gyalshing  Bhanu Park,Sikkim,11,Sikkim,228,WEST DISTRICT,GYALSHING,-,-,Brahmaputra,Brahmaputra,-,-,-,Brahmaputra,27.29027778,88.24833333,24-03-2026 21:00,5
2192,2192,Gyalshing  Bhanu Park,Sikkim,11,Sikkim,228,WEST DISTRICT,GYALSHING,-,-,Brahmaputra,Brahmaputra,-,-,-,Brahmaputra,27.29027778,88.24833333,25-03-2026 05:00,247.5
2193,2193,Gyalshing  Bhanu Park,Sikkim,11,Sikkim,228,WEST DISTRICT,GYALSHING,-,-,Brahmaputra,Brahmaputra,-,-,-,Brahmaputra,27.29027778,88.24833333,25-03-2026 09:00,0.5
2194,2194,Gyalshing  Bhanu Park,Sikkim,11,Sikkim,228,WEST DISTRICT,GYALSHING,-,-,Brahmaputra,Brahmaputra,-,-,-,Brahmaputra,27.29027778,88.24833333,25-03-2026 22:00,0.5
2195,2195,Gyalshing  Bhanu Park,Sikkim,11,Sikkim,228,WEST DISTRICT,GYALSHING,-,-,Brahmaputra,Brahmaputra,-,-,-,Brahmaputra,27.29027778,88.24833333,26-03-2026 02:00,0.5
2196,2196,Gyalshing  Bhanu Park,Sikkim,11,Sikkim,228,WEST DISTRICT,GYALSHING,-,-,Brahmaputra,Brahmaputra,-,-,-,Brahmaputra,27.29027778,88.24833333,26-03-2026 04:00,0.5
2197,2197,Gyalshing  Bhanu Park,Sikkim,11,Sikkim,228,WEST DISTRICT,GYALSHING,-,-,Brahmaputra,Brahmaputra,-,-,-,Brahmaputra,27.29027778,88.24833333,26-03-2026 20:00,1
2198,2198,Gyalshing  Bhanu Park,Sikkim,11,Sikkim,228,WEST DISTRICT,GYALSHING,-,-,Brahmaputra,Brahmaputra,-,-,-,Brahmaputra,27.29027778,88.24833333,26-03-2026 21:00,1
2199,2199,Gyalshing  Bhanu Park,Sikkim,11,Sikkim,228,WEST DISTRICT,GYALSHING,-,-,Brahmaputra,Brahmaputra,-,-,-,Brahmaputra,27.29027778,88.24833333,27-03-2026 00:00,0.5
2200,2200,Gyalshing  Bhanu Park,Sikkim,11,Sikkim,228,WEST DISTRICT,GYALSHING,-,-,Brahmaputra,Brahmaputra,-,-,-,Brahmaputra,27.29027778,88.24833333,27-03-2026 07:00,0.5
2201,2201,Gyalshing  Bhanu Park,Sikkim,11,Sikkim,228,WEST DISTRICT,GYALSHING,-,-,Brahmaputra,Brahmaputra,-,-,-,Brahmaputra,27.29027778,88.24833333,27-03-2026 15:00,0.5
2202,2202,Gyalshing  Bhanu Park,Sikkim,11,Sikkim,228,WEST DISTRICT,GYALSHING,-,-,Brahmaputra,Brahmaputra,-,-,-,Brahmaputra,27.29027778,88.24833333,27-03-2026 16:00,1
2203,2203,Gyalshing  Bhanu Park,Sikkim,11,Sikkim,228,WEST DISTRICT,GYALSHING,-,-,Brahmaputra,Brahmaputra,-,-,-,Brahmaputra,27.29027778,88.24833333,27-03-2026 17:00,1.5
2204,2204,Gyalshing  Bhanu Park,Sikkim,11,Sikkim,228,WEST DISTRICT,GYALSHING,-,-,Brahmaputra,Brahmaputra,-,-,-,Brahmaputra,27.29027778,88.24833333,27-03-2026 19:00,1
2205,2205,Gyalshing  Bhanu Park,Sikkim,11,Sikkim,228,WEST DISTRICT,GYALSHING,-,-,Brahmaputra,Brahmaputra,-,-,-,Brahmaputra,27.29027778,88.24833333,27-03-2026 20:00,0.5
2206,2206,Gyalshing  Bhanu Park,Sikkim,11,Sikkim,228,WEST DISTRICT,GYALSHING,-,-,Brahmaputra,Brahmaputra,-,-,-,Brahmaputra,27.29027778,88.24833333,27-03-2026 22:00,2.5
2207,2207,Gyalshing  Bhanu Park,Sikkim,11,Sikkim,228,WEST DISTRICT,GYALSHING,-,-,Brahmaputra,Brahmaputra,-,-,-,Brahmaputra,27.29027778,88.24833333,27-03-2026 23:00,5.5
2208,2208,Gyalshing  Bhanu Park,Sikkim,11,Sikkim,228,WEST DISTRICT,GYALSHING,-,-,Brahmaputra,Brahmaputra,-,-,-,Brahmaputra,27.29027778,88.24833333,28-03-2026 00:00,1.5
2209,2209,Gyalshing  Bhanu Park,Sikkim,11,Sikkim,228,WEST DISTRICT,GYALSHING,-,-,Brahmaputra,Brahmaputra,-,-,-,Brahmaputra,27.29027778,88.24833333,28-03-2026 18:00,0.5
2210,2210,Gyalshing  Bhanu Park,Sikkim,11,Sikkim,228,WEST DISTRICT,GYALSHING,-,-,Brahmaputra,Brahmaputra,-,-,-,Brahmaputra,27.29027778,88.24833333,28-03-2026 19:00,1
2211,2211,Gyalshing  Bhanu Park,Sikkim,11,Sikkim,228,WEST DISTRICT,GYALSHING,-,-,Brahmaputra,Brahmaputra,-,-,-,Brahmaputra,27.29027778,88.24833333,28-03-2026 20:00,0.5
2212,2212,Gyalshing  Bhanu Park,Sikkim,11,Sikkim,228,WEST DISTRICT,GYALSHING,-,-,Brahmaputra,Brahmaputra,-,-,-,Brahmaputra,27.29027778,88.24833333,28-03-2026 23:00,0.5
2213,2213,Gyalshing  Bhanu Park,Sikkim,11,Sikkim,228,WEST DISTRICT,GYALSHING,-,-,Brahmaputra,Brahmaputra,-,-,-,Brahmaputra,27.29027778,88.24833333,29-03-2026 09:00,0.5
2214,2214,Gyalshing  Bhanu Park,Sikkim,11,Sikkim,228,WEST DISTRICT,GYALSHING,-,-,Brahmaputra,Brahmaputra,-,-,-,Brahmaputra,27.29027778,88.24833333,01-04-2026 01:00,0.5
2215,2215,Gyalshing  Bhanu Park,Sikkim,11,Sikkim,228,WEST DISTRICT,GYALSHING,-,-,Brahmaputra,Brahmaputra,-,-,-,Brahmaputra,27.29027778,88.24833333,02-04-2026 02:00,0.5
2216,2216,Gyalshing  Bhanu Park,Sikkim,11,Sikkim,228,WEST DISTRICT,GYALSHING,-,-,Brahmaputra,Brahmaputra,-,-,-,Brahmaputra,27.29027778,88.24833333,08-04-2026 17:00,1
2217,2217,Gyalshing  Bhanu Park,Sikkim,11,Sikkim,228,WEST DISTRICT,GYALSHING,-,-,Brahmaputra,Brahmaputra,-,-,-,Brahmaputra,27.29027778,88.24833333,08-04-2026 19:00,0.5
2218,2218,Gyalshing  Bhanu Park,Sikkim,11,Sikkim,228,WEST DISTRICT,GYALSHING,-,-,Brahmaputra,Brahmaputra,-,-,-,Brahmaputra,27.29027778,88.24833333,08-04-2026 20:00,2
2219,2219,Gyalshing  Bhanu Park,Sikkim,11,Sikkim,228,WEST DISTRICT,GYALSHING,-,-,Brahmaputra,Brahmaputra,-,-,-,Brahmaputra,27.29027778,88.24833333,08-04-2026 21:00,2
2220,2220,Gyalshing  Bhanu Park,Sikkim,11,Sikkim,228,WEST DISTRICT,GYALSHING,-,-,Brahmaputra,Brahmaputra,-,-,-,Brahmaputra,27.29027778,88.24833333,08-04-2026 22:00,3
2221,2221,Gyalshing  Bhanu Park,Sikkim,11,Sikkim,228,WEST DISTRICT,GYALSHING,-,-,Brahmaputra,Brahmaputra,-,-,-,Brahmaputra,27.29027778,88.24833333,09-04-2026 03:00,0.5
2222,2222,Gyalshing  Bhanu Park,Sikkim,11,Sikkim,228,WEST DISTRICT,GYALSHING,-,-,Brahmaputra,Brahmaputra,-,-,-,Brahmaputra,27.29027778,88.24833333,09-04-2026 11:00,0.5
2223,2223,Gyalshing  Bhanu Park,Sikkim,11,Sikkim,228,WEST DISTRICT,GYALSHING,-,-,Brahmaputra,Brahmaputra,-,-,-,Brahmaputra,27.29027778,88.24833333,10-04-2026 00:00,0.5
2224,2224,Gyalshing  Bhanu Park,Sikkim,11,Sikkim,228,WEST DISTRICT,GYALSHING,-,-,Brahmaputra,Brahmaputra,-,-,-,Brahmaputra,27.29027778,88.24833333,10-04-2026 01:00,0.5
2225,2225,Gyalshing  Bhanu Park,Sikkim,11,Sikkim,228,WEST DISTRICT,GYALSHING,-,-,Brahmaputra,Brahmaputra,-,-,-,Brahmaputra,27.29027778,88.24833333,10-04-2026 08:00,0.5
2226,2226,Gyalshing  Bhanu Park,Sikkim,11,Sikkim,228,WEST DISTRICT,GYALSHING,-,-,Brahmaputra,Brahmaputra,-,-,-,Brahmaputra,27.29027778,88.24833333,10-04-2026 10:00,1
2227,2227,Gyalshing  Bhanu Park,Sikkim,11,Sikkim,228,WEST DISTRICT,GYALSHING,-,-,Brahmaputra,Brahmaputra,-,-,-,Brahmaputra,27.29027778,88.24833333,10-04-2026 13:00,1
2228,2228,Gyalshing  Bhanu Park,Sikkim,11,Sikkim,228,WEST DISTRICT,GYALSHING,-,-,Brahmaputra,Brahmaputra,-,-,-,Brahmaputra,27.29027778,88.24833333,11-04-2026 01:00,2
2229,2229,Gyalshing  Bhanu Park,Sikkim,11,Sikkim,228,WEST DISTRICT,GYALSHING,-,-,Brahmaputra,Brahmaputra,-,-,-,Brahmaputra,27.29027778,88.24833333,11-04-2026 03:00,0.5
2230,2230,Gyalshing  Bhanu Park,Sikkim,11,Sikkim,228,WEST DISTRICT,GYALSHING,-,-,Brahmaputra,Brahmaputra,-,-,-,Brahmaputra,27.29027778,88.24833333,11-04-2026 04:00,1
2231,2231,Gyalshing  Bhanu Park,Sikkim,11,Sikkim,228,WEST DISTRICT,GYALSHING,-,-,Brahmaputra,Brahmaputra,-,-,-,Brahmaputra,27.29027778,88.24833333,12-04-2026 06:00,0.5
2232,2232,Gyalshing  Bhanu Park,Sikkim,11,Sikkim,228,WEST DISTRICT,GYALSHING,-,-,Brahmaputra,Brahmaputra,-,-,-,Brahmaputra,27.29027778,88.24833333,12-04-2026 20:00,0.5
2233,2233,Gyalshing  Bhanu Park,Sikkim,11,Sikkim,228,WEST DISTRICT,GYALSHING,-,-,Brahmaputra,Brahmaputra,-,-,-,Brahmaputra,27.29027778,88.24833333,12-04-2026 21:00,2
2234,2234,Gyalshing  Bhanu Park,Sikkim,11,Sikkim,228,WEST DISTRICT,GYALSHING,-,-,Brahmaputra,Brahmaputra,-,-,-,Brahmaputra,27.29027778,88.24833333,12-04-2026 22:00,3
2235,2235,Gyalshing  Bhanu Park,Sikkim,11,Sikkim,228,WEST DISTRICT,GYALSHING,-,-,Brahmaputra,Brahmaputra,-,-,-,Brahmaputra,27.29027778,88.24833333,12-04-2026 23:00,2
2236,2236,Gyalshing  Bhanu Park,Sikkim,11,Sikkim,228,WEST DISTRICT,GYALSHING,-,-,Brahmaputra,Brahmaputra,-,-,-,Brahmaputra,27.29027778,88.24833333,13-04-2026 00:00,1
2237,2237,Gyalshing  Bhanu Park,Sikkim,11,Sikkim,228,WEST DISTRICT,GYALSHING,-,-,Brahmaputra,Brahmaputra,-,-,-,Brahmaputra,27.29027778,88.24833333,13-04-2026 03:00,0.5
2238,2238,Gyalshing  Bhanu Park,Sikkim,11,Sikkim,228,WEST DISTRICT,GYALSHING,-,-,Brahmaputra,Brahmaputra,-,-,-,Brahmaputra,27.29027778,88.24833333,14-04-2026 05:00,1
2239,2239,Gyalshing  Bhanu Park,Sikkim,11,Sikkim,228,WEST DISTRICT,GYALSHING,-,-,Brahmaputra,Brahmaputra,-,-,-,Brahmaputra,27.29027778,88.24833333,14-04-2026 21:00,1
2240,2240,Gyalshing  Bhanu Park,Sikkim,11,Sikkim,228,WEST DISTRICT,GYALSHING,-,-,Brahmaputra,Brahmaputra,-,-,-,Brahmaputra,27.29027778,88.24833333,14-04-2026 22:00,1.5
2241,2241,Gyalshing  Bhanu Park,Sikkim,11,Sikkim,228,WEST DISTRICT,GYALSHING,-,-,Brahmaputra,Brahmaputra,-,-,-,Brahmaputra,27.29027778,88.24833333,14-04-2026 23:00,1
2242,2242,Gyalshing  Bhanu Park,Sikkim,11,Sikkim,228,WEST DISTRICT,GYALSHING,-,-,Brahmaputra,Brahmaputra,-,-,-,Brahmaputra,27.29027778,88.24833333,15-04-2026 00:00,1.5
2243,2243,Gyalshing  Bhanu Park,Sikkim,11,Sikkim,228,WEST DISTRICT,GYALSHING,-,-,Brahmaputra,Brahmaputra,-,-,-,Brahmaputra,27.29027778,88.24833333,15-04-2026 01:00,0.5
2244,2244,Gyalshing  Bhanu Park,Sikkim,11,Sikkim,228,WEST DISTRICT,GYALSHING,-,-,Brahmaputra,Brahmaputra,-,-,-,Brahmaputra,27.29027778,88.24833333,15-04-2026 02:00,1
2245,2245,Gyalshing  Bhanu Park,Sikkim,11,Sikkim,228,WEST DISTRICT,GYALSHING,-,-,Brahmaputra,Brahmaputra,-,-,-,Brahmaputra,27.29027778,88.24833333,15-04-2026 04:00,0.5
2246,2246,Gyalshing  Bhanu Park,Sikkim,11,Sikkim,228,WEST DISTRICT,GYALSHING,-,-,Brahmaputra,Brahmaputra,-,-,-,Brahmaputra,27.29027778,88.24833333,15-04-2026 05:00,271.5
2247,2247,Gyalshing  Bhanu Park,Sikkim,11,Sikkim,228,WEST DISTRICT,GYALSHING,-,-,Brahmaputra,Brahmaputra,-,-,-,Brahmaputra,27.29027778,88.24833333,15-04-2026 08:00,0.5
2248,2248,Gyalshing  Bhanu Park,Sikkim,11,Sikkim,228,WEST DISTRICT,GYALSHING,-,-,Brahmaputra,Brahmaputra,-,-,-,Brahmaputra,27.29027778,88.24833333,15-04-2026 08:00,0.5
2249,2249,Gyalshing  Bhanu Park,Sikkim,11,Sikkim,228,WEST DISTRICT,GYALSHING,-,-,Brahmaputra,Brahmaputra,-,-,-,Brahmaputra,27.29027778,88.24833333,15-04-2026 09:00,2
2250,2250,Gyalshing  Bhanu Park,Sikkim,11,Sikkim,228,WEST DISTRICT,GYALSHING,-,-,Brahmaputra,Brahmaputra,-,-,-,Brahmaputra,27.29027778,88.24833333,15-04-2026 09:00,2
2251,2251,Gyalshing  Bhanu Park,Sikkim,11,Sikkim,228,WEST DISTRICT,GYALSHING,-,-,Brahmaputra,Brahmaputra,-,-,-,Brahmaputra,27.29027778,88.24833333,15-04-2026 10:00,1
2252,2252,Gyalshing  Bhanu Park,Sikkim,11,Sikkim,228,WEST DISTRICT,GYALSHING,-,-,Brahmaputra,Brahmaputra,-,-,-,Brahmaputra,27.29027778,88.24833333,15-04-2026 10:00,1
2253,2253,Gyalshing  Bhanu Park,Sikkim,11,Sikkim,228,WEST DISTRICT,GYALSHING,-,-,Brahmaputra,Brahmaputra,-,-,-,Brahmaputra,27.29027778,88.24833333,15-04-2026 11:00,1
2254,2254,Gyalshing  Bhanu Park,Sikkim,11,Sikkim,228,WEST DISTRICT,GYALSHING,-,-,Brahmaputra,Brahmaputra,-,-,-,Brahmaputra,27.29027778,88.24833333,15-04-2026 11:00,1
2255,2255,Gyalshing  Bhanu Park,Sikkim,11,Sikkim,228,WEST DISTRICT,GYALSHING,-,-,Brahmaputra,Brahmaputra,-,-,-,Brahmaputra,27.29027778,88.24833333,15-04-2026 12:00,0.5
2256,2256,Gyalshing  Bhanu Park,Sikkim,11,Sikkim,228,WEST DISTRICT,GYALSHING,-,-,Brahmaputra,Brahmaputra,-,-,-,Brahmaputra,27.29027778,88.24833333,15-04-2026 12:00,0.5
2257,2257,Gyalshing  Bhanu Park,Sikkim,11,Sikkim,228,WEST DISTRICT,GYALSHING,-,-,Brahmaputra,Brahmaputra,-,-,-,Brahmaputra,27.29027778,88.24833333,15-04-2026 13:00,0.5
2258,2258,Gyalshing  Bhanu Park,Sikkim,11,Sikkim,228,WEST DISTRICT,GYALSHING,-,-,Brahmaputra,Brahmaputra,-,-,-,Brahmaputra,27.29027778,88.24833333,15-04-2026 13:00,0.5
2259,2259,Gyalshing  Bhanu Park,Sikkim,11,Sikkim,228,WEST DISTRICT,GYALSHING,-,-,Brahmaputra,Brahmaputra,-,-,-,Brahmaputra,27.29027778,88.24833333,15-04-2026 14:00,0.5
2260,2260,Gyalshing  Bhanu Park,Sikkim,11,Sikkim,228,WEST DISTRICT,GYALSHING,-,-,Brahmaputra,Brahmaputra,-,-,-,Brahmaputra,27.29027778,88.24833333,15-04-2026 14:00,290.5
2261,2261,Gyalshing  Bhanu Park,Sikkim,11,Sikkim,228,WEST DISTRICT,GYALSHING,-,-,Brahmaputra,Brahmaputra,-,-,-,Brahmaputra,27.29027778,88.24833333,15-04-2026 16:00,0.5
2262,2262,Gyalshing  Bhanu Park,Sikkim,11,Sikkim,228,WEST DISTRICT,GYALSHING,-,-,Brahmaputra,Brahmaputra,-,-,-,Brahmaputra,27.29027778,88.24833333,15-04-2026 16:00,0.5
2263,2263,Gyalshing  Bhanu Park,Sikkim,11,Sikkim,228,WEST DISTRICT,GYALSHING,-,-,Brahmaputra,Brahmaputra,-,-,-,Brahmaputra,27.29027778,88.24833333,15-04-2026 19:00,0.5
2264,2264,Gyalshing  Bhanu Park,Sikkim,11,Sikkim,228,WEST DISTRICT,GYALSHING,-,-,Brahmaputra,Brahmaputra,-,-,-,Brahmaputra,27.29027778,88.24833333,15-04-2026 19:00,0.5
2265,2265,Gyalshing  Bhanu Park,Sikkim,11,Sikkim,228,WEST DISTRICT,GYALSHING,-,-,Brahmaputra,Brahmaputra,-,-,-,Brahmaputra,27.29027778,88.24833333,15-04-2026 21:00,0.5
2266,2266,Gyalshing  Bhanu Park,Sikkim,11,Sikkim,228,WEST DISTRICT,GYALSHING,-,-,Brahmaputra,Brahmaputra,-,-,-,Brahmaputra,27.29027778,88.24833333,15-04-2026 21:00,0.5
2267,2267,Gyalshing  Bhanu Park,Sikkim,11,Sikkim,228,WEST DISTRICT,GYALSHING,-,-,Brahmaputra,Brahmaputra,-,-,-,Brahmaputra,27.29027778,88.24833333,15-04-2026 22:00,0.5
2268,2268,Gyalshing  Bhanu Park,Sikkim,11,Sikkim,228,WEST DISTRICT,GYALSHING,-,-,Brahmaputra,Brahmaputra,-,-,-,Brahmaputra,27.29027778,88.24833333,15-04-2026 22:00,0.5
2269,2269,Gyalshing  Bhanu Park,Sikkim,11,Sikkim,228,WEST DISTRICT,GYALSHING,-,-,Brahmaputra,Brahmaputra,-,-,-,Brahmaputra,27.29027778,88.24833333,15-04-2026 23:00,274
2270,2270,Gyalshing  Bhanu Park,Sikkim,11,Sikkim,228,WEST DISTRICT,GYALSHING,-,-,Brahmaputra,Brahmaputra,-,-,-,Brahmaputra,27.29027778,88.24833333,16-04-2026 00:00,0.5
2271,2271,Gyalshing  Bhanu Park,Sikkim,11,Sikkim,228,WEST DISTRICT,GYALSHING,-,-,Brahmaputra,Brahmaputra,-,-,-,Brahmaputra,27.29027778,88.24833333,16-04-2026 00:00,0.5
2272,2272,Gyalshing  Bhanu Park,Sikkim,11,Sikkim,228,WEST DISTRICT,GYALSHING,-,-,Brahmaputra,Brahmaputra,-,-,-,Brahmaputra,27.29027778,88.24833333,16-04-2026 02:00,0.5
2273,2273,Gyalshing  Bhanu Park,Sikkim,11,Sikkim,228,WEST DISTRICT,GYALSHING,-,-,Brahmaputra,Brahmaputra,-,-,-,Brahmaputra,27.29027778,88.24833333,16-04-2026 02:00,0.5
2274,2274,Gyalshing  Bhanu Park,Sikkim,11,Sikkim,228,WEST DISTRICT,GYALSHING,-,-,Brahmaputra,Brahmaputra,-,-,-,Brahmaputra,27.29027778,88.24833333,16-04-2026 04:00,0.5
2275,2275,Gyalshing  Bhanu Park,Sikkim,11,Sikkim,228,WEST DISTRICT,GYALSHING,-,-,Brahmaputra,Brahmaputra,-,-,-,Brahmaputra,27.29027778,88.24833333,16-04-2026 04:00,0.5
2276,2276,Gyalshing  Bhanu Park,Sikkim,11,Sikkim,228,WEST DISTRICT,GYALSHING,-,-,Brahmaputra,Brahmaputra,-,-,-,Brahmaputra,27.29027778,88.24833333,16-04-2026 05:00,283
2277,2277,Gyalshing  Bhanu Park,Sikkim,11,Sikkim,228,WEST DISTRICT,GYALSHING,-,-,Brahmaputra,Brahmaputra,-,-,-,Brahmaputra,27.29027778,88.24833333,16-04-2026 06:00,0.5
2278,2278,Gyalshing  Bhanu Park,Sikkim,11,Sikkim,228,WEST DISTRICT,GYALSHING,-,-,Brahmaputra,Brahmaputra,-,-,-,Brahmaputra,27.29027778,88.24833333,16-04-2026 08:00,0.5
2279,2279,Gyalshing  Bhanu Park,Sikkim,11,Sikkim,228,WEST DISTRICT,GYALSHING,-,-,Brahmaputra,Brahmaputra,-,-,-,Brahmaputra,27.29027778,88.24833333,16-04-2026 08:00,0.5
2280,2280,Gyalshing  Bhanu Park,Sikkim,11,Sikkim,228,WEST DISTRICT,GYALSHING,-,-,Brahmaputra,Brahmaputra,-,-,-,Brahmaputra,27.29027778,88.24833333,16-04-2026 11:00,0.5
2281,2281,Gyalshing  Bhanu Park,Sikkim,11,Sikkim,228,WEST DISTRICT,GYALSHING,-,-,Brahmaputra,Brahmaputra,-,-,-,Brahmaputra,27.29027778,88.24833333,16-04-2026 11:00,0.5
2282,2282,Gyalshing  Bhanu Park,Sikkim,11,Sikkim,228,WEST DISTRICT,GYALSHING,-,-,Brahmaputra,Brahmaputra,-,-,-,Brahmaputra,27.29027778,88.24833333,16-04-2026 14:00,0.5
2283,2283,Gyalshing  Bhanu Park,Sikkim,11,Sikkim,228,WEST DISTRICT,GYALSHING,-,-,Brahmaputra,Brahmaputra,-,-,-,Brahmaputra,27.29027778,88.24833333,16-04-2026 14:00,0.5
2284,2284,Gyalshing  Bhanu Park,Sikkim,11,Sikkim,228,WEST DISTRICT,GYALSHING,-,-,Brahmaputra,Brahmaputra,-,-,-,Brahmaputra,27.29027778,88.24833333,16-04-2026 18:00,0.5
2285,2285,Gyalshing  Bhanu Park,Sikkim,11,Sikkim,228,WEST DISTRICT,GYALSHING,-,-,Brahmaputra,Brahmaputra,-,-,-,Brahmaputra,27.29027778,88.24833333,16-04-2026 18:00,0.5
2286,2286,Gyalshing  Bhanu Park,Sikkim,11,Sikkim,228,WEST DISTRICT,GYALSHING,-,-,Brahmaputra,Brahmaputra,-,-,-,Brahmaputra,27.29027778,88.24833333,16-04-2026 23:00,283
2287,2287,Gyalshing  Bhanu Park,Sikkim,11,Sikkim,228,WEST DISTRICT,GYALSHING,-,-,Brahmaputra,Brahmaputra,-,-,-,Brahmaputra,27.29027778,88.24833333,17-04-2026 02:00,0.5
2288,2288,Gyalshing  Bhanu Park,Sikkim,11,Sikkim,228,WEST DISTRICT,GYALSHING,-,-,Brahmaputra,Brahmaputra,-,-,-,Brahmaputra,27.29027778,88.24833333,17-04-2026 02:00,0.5
2289,2289,Gyalshing  Bhanu Park,Sikkim,11,Sikkim,228,WEST DISTRICT,GYALSHING,-,-,Brahmaputra,Brahmaputra,-,-,-,Brahmaputra,27.29027778,88.24833333,17-04-2026 08:00,0.5
2290,2290,Gyalshing  Bhanu Park,Sikkim,11,Sikkim,228,WEST DISTRICT,GYALSHING,-,-,Brahmaputra,Brahmaputra,-,-,-,Brahmaputra,27.29027778,88.24833333,17-04-2026 08:00,0.5
2291,2291,Gyalshing  Bhanu Park,Sikkim,11,Sikkim,228,WEST DISTRICT,GYALSHING,-,-,Brahmaputra,Brahmaputra,-,-,-,Brahmaputra,27.29027778,88.24833333,17-04-2026 14:00,0.5
2292,2292,Gyalshing  Bhanu Park,Sikkim,11,Sikkim,228,WEST DISTRICT,GYALSHING,-,-,Brahmaputra,Brahmaputra,-,-,-,Brahmaputra,27.29027778,88.24833333,17-04-2026 14:00,0.5
2293,2293,Gyalshing  Bhanu Park,Sikkim,11,Sikkim,228,WEST DISTRICT,GYALSHING,-,-,Brahmaputra,Brahmaputra,-,-,-,Brahmaputra,27.29027778,88.24833333,17-04-2026 20:00,0.5
2294,2294,Gyalshing  Bhanu Park,Sikkim,11,Sikkim,228,WEST DISTRICT,GYALSHING,-,-,Brahmaputra,Brahmaputra,-,-,-,Brahmaputra,27.29027778,88.24833333,17-04-2026 20:00,0.5
2295,2295,Gyalshing  Bhanu Park,Sikkim,11,Sikkim,228,WEST DISTRICT,GYALSHING,-,-,Brahmaputra,Brahmaputra,-,-,-,Brahmaputra,27.29027778,88.24833333,18-04-2026 05:00,0.5
2296,2296,Gyalshing  Bhanu Park,Sikkim,11,Sikkim,228,WEST DISTRICT,GYALSHING,-,-,Brahmaputra,Brahmaputra,-,-,-,Brahmaputra,27.29027778,88.24833333,18-04-2026 05:00,0.5
2297,2297,Gyalshing  Bhanu Park,Sikkim,11,Sikkim,228,WEST DISTRICT,GYALSHING,-,-,Brahmaputra,Brahmaputra,-,-,-,Brahmaputra,27.29027778,88.24833333,18-04-2026 11:00,0.5
2298,2298,Gyalshing  Bhanu Park,Sikkim,11,Sikkim,228,WEST DISTRICT,GYALSHING,-,-,Brahmaputra,Brahmaputra,-,-,-,Brahmaputra,27.29027778,88.24833333,18-04-2026 11:00,0.5
2299,2299,Gyalshing  Bhanu Park,Sikkim,11,Sikkim,228,WEST DISTRICT,GYALSHING,-,-,Brahmaputra,Brahmaputra,-,-,-,Brahmaputra,27.29027778,88.24833333,18-04-2026 13:00,0.5
2300,2300,Gyalshing  Bhanu Park,Sikkim,11,Sikkim,228,WEST DISTRICT,GYALSHING,-,-,Brahmaputra,Brahmaputra,-,-,-,Brahmaputra,27.29027778,88.24833333,18-04-2026 13:00,0.5
2301,2301,Gyalshing  Bhanu Park,Sikkim,11,Sikkim,228,WEST DISTRICT,GYALSHING,-,-,Brahmaputra,Brahmaputra,-,-,-,Brahmaputra,27.29027778,88.24833333,18-04-2026 16:00,0.5
2302,2302,Gyalshing  Bhanu Park,Sikkim,11,Sikkim,228,WEST DISTRICT,GYALSHING,-,-,Brahmaputra,Brahmaputra,-,-,-,Brahmaputra,27.29027778,88.24833333,18-04-2026 16:00,0.5
2303,2303,Gyalshing  Bhanu Park,Sikkim,11,Sikkim,228,WEST DISTRICT,GYALSHING,-,-,Brahmaputra,Brahmaputra,-,-,-,Brahmaputra,27.29027778,88.24833333,19-04-2026 00:00,0.5
2304,2304,Gyalshing  Bhanu Park,Sikkim,11,Sikkim,228,WEST DISTRICT,GYALSHING,-,-,Brahmaputra,Brahmaputra,-,-,-,Brahmaputra,27.29027778,88.24833333,19-04-2026 00:00,0.5
2305,2305,Gyalshing  Bhanu Park,Sikkim,11,Sikkim,228,WEST DISTRICT,GYALSHING,-,-,Brahmaputra,Brahmaputra,-,-,-,Brahmaputra,27.29027778,88.24833333,19-04-2026 06:00,0.5
2306,2306,Gyalshing  Bhanu Park,Sikkim,11,Sikkim,228,WEST DISTRICT,GYALSHING,-,-,Brahmaputra,Brahmaputra,-,-,-,Brahmaputra,27.29027778,88.24833333,19-04-2026 06:00,0.5
2307,2307,Gyalshing  Bhanu Park,Sikkim,11,Sikkim,228,WEST DISTRICT,GYALSHING,-,-,Brahmaputra,Brahmaputra,-,-,-,Brahmaputra,27.29027778,88.24833333,19-04-2026 08:00,306.5
2308,2308,Gyalshing  Bhanu Park,Sikkim,11,Sikkim,228,WEST DISTRICT,GYALSHING,-,-,Brahmaputra,Brahmaputra,-,-,-,Brahmaputra,27.29027778,88.24833333,19-04-2026 11:00,0.5
2309,2309,Gyalshing  Bhanu Park,Sikkim,11,Sikkim,228,WEST DISTRICT,GYALSHING,-,-,Brahmaputra,Brahmaputra,-,-,-,Brahmaputra,27.29027778,88.24833333,19-04-2026 11:00,0.5
2310,2310,Gyalshing  Bhanu Park,Sikkim,11,Sikkim,228,WEST DISTRICT,GYALSHING,-,-,Brahmaputra,Brahmaputra,-,-,-,Brahmaputra,27.29027778,88.24833333,19-04-2026 13:00,0.5
2311,2311,Gyalshing  Bhanu Park,Sikkim,11,Sikkim,228,WEST DISTRICT,GYALSHING,-,-,Brahmaputra,Brahmaputra,-,-,-,Brahmaputra,27.29027778,88.24833333,19-04-2026 13:00,0.5
2312,2312,Gyalshing  Bhanu Park,Sikkim,11,Sikkim,228,WEST DISTRICT,GYALSHING,-,-,Brahmaputra,Brahmaputra,-,-,-,Brahmaputra,27.29027778,88.24833333,19-04-2026 14:00,0.5
2313,2313,Gyalshing  Bhanu Park,Sikkim,11,Sikkim,228,WEST DISTRICT,GYALSHING,-,-,Brahmaputra,Brahmaputra,-,-,-,Brahmaputra,27.29027778,88.24833333,19-04-2026 14:00,0.5
2314,2314,Gyalshing  Bhanu Park,Sikkim,11,Sikkim,228,WEST DISTRICT,GYALSHING,-,-,Brahmaputra,Brahmaputra,-,-,-,Brahmaputra,27.29027778,88.24833333,19-04-2026 16:00,297.5
2315,2315,Gyalshing  Bhanu Park,Sikkim,11,Sikkim,228,WEST DISTRICT,GYALSHING,-,-,Brahmaputra,Brahmaputra,-,-,-,Brahmaputra,27.29027778,88.24833333,19-04-2026 17:00,0.5
2316,2316,Gyalshing  Bhanu Park,Sikkim,11,Sikkim,228,WEST DISTRICT,GYALSHING,-,-,Brahmaputra,Brahmaputra,-,-,-,Brahmaputra,27.29027778,88.24833333,19-04-2026 17:00,0.5
2317,2317,Gyalshing  Bhanu Park,Sikkim,11,Sikkim,228,WEST DISTRICT,GYALSHING,-,-,Brahmaputra,Brahmaputra,-,-,-,Brahmaputra,27.29027778,88.24833333,19-04-2026 18:00,291
2318,2318,Gyalshing  Bhanu Park,Sikkim,11,Sikkim,228,WEST DISTRICT,GYALSHING,-,-,Brahmaputra,Brahmaputra,-,-,-,Brahmaputra,27.29027778,88.24833333,19-04-2026 22:00,0.5
2319,2319,Gyalshing  Bhanu Park,Sikkim,11,Sikkim,228,WEST DISTRICT,GYALSHING,-,-,Brahmaputra,Brahmaputra,-,-,-,Brahmaputra,27.29027778,88.24833333,19-04-2026 22:00,0.5
2320,2320,Gyalshing  Bhanu Park,Sikkim,11,Sikkim,228,WEST DISTRICT,GYALSHING,-,-,Brahmaputra,Brahmaputra,-,-,-,Brahmaputra,27.29027778,88.24833333,20-04-2026 04:00,0.5
2321,2321,Gyalshing  Bhanu Park,Sikkim,11,Sikkim,228,WEST DISTRICT,GYALSHING,-,-,Brahmaputra,Brahmaputra,-,-,-,Brahmaputra,27.29027778,88.24833333,20-04-2026 04:00,0.5
2322,2322,Gyalshing  Bhanu Park,Sikkim,11,Sikkim,228,WEST DISTRICT,GYALSHING,-,-,Brahmaputra,Brahmaputra,-,-,-,Brahmaputra,27.29027778,88.24833333,20-04-2026 11:00,0.5
2323,2323,Gyalshing  Bhanu Park,Sikkim,11,Sikkim,228,WEST DISTRICT,GYALSHING,-,-,Brahmaputra,Brahmaputra,-,-,-,Brahmaputra,27.29027778,88.24833333,20-04-2026 11:00,349
2324,2324,Gyalshing  Bhanu Park,Sikkim,11,Sikkim,228,WEST DISTRICT,GYALSHING,-,-,Brahmaputra,Brahmaputra,-,-,-,Brahmaputra,27.29027778,88.24833333,20-04-2026 16:00,0.5
2325,2325,Gyalshing  Bhanu Park,Sikkim,11,Sikkim,228,WEST DISTRICT,GYALSHING,-,-,Brahmaputra,Brahmaputra,-,-,-,Brahmaputra,27.29027778,88.24833333,20-04-2026 16:00,0.5
2326,2326,Gyalshing  Bhanu Park,Sikkim,11,Sikkim,228,WEST DISTRICT,GYALSHING,-,-,Brahmaputra,Brahmaputra,-,-,-,Brahmaputra,27.29027778,88.24833333,21-04-2026 07:00,0.5
2327,2327,Gyalshing  Bhanu Park,Sikkim,11,Sikkim,228,WEST DISTRICT,GYALSHING,-,-,Brahmaputra,Brahmaputra,-,-,-,Brahmaputra,27.29027778,88.24833333,21-04-2026 07:00,0.5
2328,2328,Gyalshing  Bhanu Park,Sikkim,11,Sikkim,228,WEST DISTRICT,GYALSHING,-,-,Brahmaputra,Brahmaputra,-,-,-,Brahmaputra,27.29027778,88.24833333,24-04-2026 22:00,299
2329,2329,Gyalshing  Bhanu Park,Sikkim,11,Sikkim,228,WEST DISTRICT,GYALSHING,-,-,Brahmaputra,Brahmaputra,-,-,-,Brahmaputra,27.29027778,88.24833333,25-04-2026 15:00,290
2330,2330,Gyalshing  Bhanu Park,Sikkim,11,Sikkim,228,WEST DISTRICT,GYALSHING,-,-,Brahmaputra,Brahmaputra,-,-,-,Brahmaputra,27.29027778,88.24833333,25-04-2026 21:00,277.5
2331,2331,Gyalshing  Bhanu Park,Sikkim,11,Sikkim,228,WEST DISTRICT,GYALSHING,-,-,Brahmaputra,Brahmaputra,-,-,-,Brahmaputra,27.29027778,88.24833333,26-04-2026 00:00,275.5
2332,2332,Gyalshing  Bhanu Park,Sikkim,11,Sikkim,228,WEST DISTRICT,GYALSHING,-,-,Brahmaputra,Brahmaputra,-,-,-,Brahmaputra,27.29027778,88.24833333,26-04-2026 19:00,0.5
2333,2333,Gyalshing  Bhanu Park,Sikkim,11,Sikkim,228,WEST DISTRICT,GYALSHING,-,-,Brahmaputra,Brahmaputra,-,-,-,Brahmaputra,27.29027778,88.24833333,26-04-2026 19:00,0.5
2334,2334,Gyalshing  Bhanu Park,Sikkim,11,Sikkim,228,WEST DISTRICT,GYALSHING,-,-,Brahmaputra,Brahmaputra,-,-,-,Brahmaputra,27.29027778,88.24833333,26-04-2026 21:00,277
2335,2335,Gyalshing  Bhanu Park,Sikkim,11,Sikkim,228,WEST DISTRICT,GYALSHING,-,-,Brahmaputra,Brahmaputra,-,-,-,Brahmaputra,27.29027778,88.24833333,27-04-2026 14:00,302
2336,2336,Gyalshing  Bhanu Park,Sikkim,11,Sikkim,228,WEST DISTRICT,GYALSHING,-,-,Brahmaputra,Brahmaputra,-,-,-,Brahmaputra,27.29027778,88.24833333,28-04-2026 05:00,277
2337,2337,Gyalshing  Bhanu Park,Sikkim,11,Sikkim,228,WEST DISTRICT,GYALSHING,-,-,Brahmaputra,Brahmaputra,-,-,-,Brahmaputra,27.29027778,88.24833333,28-04-2026 17:00,286.5
2338,2338,Gyalshing  Bhanu Park,Sikkim,11,Sikkim,228,WEST DISTRICT,GYALSHING,-,-,Brahmaputra,Brahmaputra,-,-,-,Brahmaputra,27.29027778,88.24833333,28-04-2026 20:00,279.5
2339,2339,Gyalshing  Bhanu Park,Sikkim,11,Sikkim,228,WEST DISTRICT,GYALSHING,-,-,Brahmaputra,Brahmaputra,-,-,-,Brahmaputra,27.29027778,88.24833333,29-04-2026 00:00,277
2340,2340,Gyalshing  Bhanu Park,Sikkim,11,Sikkim,228,WEST DISTRICT,GYALSHING,-,-,Brahmaputra,Brahmaputra,-,-,-,Brahmaputra,27.29027778,88.24833333,29-04-2026 13:00,287
2341,2341,Gyalshing  Bhanu Park,Sikkim,11,Sikkim,228,WEST DISTRICT,GYALSHING,-,-,Brahmaputra,Brahmaputra,-,-,-,Brahmaputra,27.29027778,88.24833333,29-04-2026 19:00,0.5
2342,2342,Gyalshing  Bhanu Park,Sikkim,11,Sikkim,228,WEST DISTRICT,GYALSHING,-,-,Brahmaputra,Brahmaputra,-,-,-,Brahmaputra,27.29027778,88.24833333,29-04-2026 19:00,0.5
2343,2343,Gyalshing  Bhanu Park,Sikkim,11,Sikkim,228,WEST DISTRICT,GYALSHING,-,-,Brahmaputra,Brahmaputra,-,-,-,Brahmaputra,27.29027778,88.24833333,29-04-2026 21:00,0.5
2344,2344,Gyalshing  Bhanu Park,Sikkim,11,Sikkim,228,WEST DISTRICT,GYALSHING,-,-,Brahmaputra,Brahmaputra,-,-,-,Brahmaputra,27.29027778,88.24833333,29-04-2026 21:00,0.5
2345,2345,Gyalshing  Bhanu Park,Sikkim,11,Sikkim,228,WEST DISTRICT,GYALSHING,-,-,Brahmaputra,Brahmaputra,-,-,-,Brahmaputra,27.29027778,88.24833333,29-04-2026 22:00,187
2346,2346,Gyalshing  Bhanu Park,Sikkim,11,Sikkim,228,WEST DISTRICT,GYALSHING,-,-,Brahmaputra,Brahmaputra,-,-,-,Brahmaputra,27.29027778,88.24833333,29-04-2026 23:00,0.5
2347,2347,Gyalshing  Bhanu Park,Sikkim,11,Sikkim,228,WEST DISTRICT,GYALSHING,-,-,Brahmaputra,Brahmaputra,-,-,-,Brahmaputra,27.29027778,88.24833333,30-04-2026 00:00,0.5
2348,2348,Gyalshing  Bhanu Park,Sikkim,11,Sikkim,228,WEST DISTRICT,GYALSHING,-,-,Brahmaputra,Brahmaputra,-,-,-,Brahmaputra,27.29027778,88.24833333,30-04-2026 00:00,0.5
2349,2349,Gyalshing  Bhanu Park,Sikkim,11,Sikkim,228,WEST DISTRICT,GYALSHING,-,-,Brahmaputra,Brahmaputra,-,-,-,Brahmaputra,27.29027778,88.24833333,30-04-2026 01:00,263.5
2350,2350,Gyalshing  Bhanu Park,Sikkim,11,Sikkim,228,WEST DISTRICT,GYALSHING,-,-,Brahmaputra,Brahmaputra,-,-,-,Brahmaputra,27.29027778,88.24833333,30-04-2026 03:00,0.5
2351,2351,Gyalshing  Bhanu Park,Sikkim,11,Sikkim,228,WEST DISTRICT,GYALSHING,-,-,Brahmaputra,Brahmaputra,-,-,-,Brahmaputra,27.29027778,88.24833333,30-04-2026 03:00,0.5
2352,2352,Gyalshing  Bhanu Park,Sikkim,11,Sikkim,228,WEST DISTRICT,GYALSHING,-,-,Brahmaputra,Brahmaputra,-,-,-,Brahmaputra,27.29027778,88.24833333,30-04-2026 05:00,0.5
2353,2353,Gyalshing  Bhanu Park,Sikkim,11,Sikkim,228,WEST DISTRICT,GYALSHING,-,-,Brahmaputra,Brahmaputra,-,-,-,Brahmaputra,27.29027778,88.24833333,30-04-2026 05:00,0.5
2354,2354,Gyalshing  Bhanu Park,Sikkim,11,Sikkim,228,WEST DISTRICT,GYALSHING,-,-,Brahmaputra,Brahmaputra,-,-,-,Brahmaputra,27.29027778,88.24833333,30-04-2026 06:00,270
2355,2355,Gyalshing  Bhanu Park,Sikkim,11,Sikkim,228,WEST DISTRICT,GYALSHING,-,-,Brahmaputra,Brahmaputra,-,-,-,Brahmaputra,27.29027778,88.24833333,30-04-2026 07:00,272.5
2356,2356,Gyalshing  Bhanu Park,Sikkim,11,Sikkim,228,WEST DISTRICT,GYALSHING,-,-,Brahmaputra,Brahmaputra,-,-,-,Brahmaputra,27.29027778,88.24833333,30-04-2026 08:00,279.5
2357,2357,Gyalshing  Bhanu Park,Sikkim,11,Sikkim,228,WEST DISTRICT,GYALSHING,-,-,Brahmaputra,Brahmaputra,-,-,-,Brahmaputra,27.29027778,88.24833333,30-04-2026 09:00,283.5
2358,2358,Gyalshing  Bhanu Park,Sikkim,11,Sikkim,228,WEST DISTRICT,GYALSHING,-,-,Brahmaputra,Brahmaputra,-,-,-,Brahmaputra,27.29027778,88.24833333,30-04-2026 10:00,282
2359,2359,Gyalshing  Bhanu Park,Sikkim,11,Sikkim,228,WEST DISTRICT,GYALSHING,-,-,Brahmaputra,Brahmaputra,-,-,-,Brahmaputra,27.29027778,88.24833333,30-04-2026 10:00,0.5
2360,2360,Gyalshing  Bhanu Park,Sikkim,11,Sikkim,228,WEST DISTRICT,GYALSHING,-,-,Brahmaputra,Brahmaputra,-,-,-,Brahmaputra,27.29027778,88.24833333,30-04-2026 11:00,288
2361,2361,Gyalshing  Bhanu Park,Sikkim,11,Sikkim,228,WEST DISTRICT,GYALSHING,-,-,Brahmaputra,Brahmaputra,-,-,-,Brahmaputra,27.29027778,88.24833333,30-04-2026 12:00,286.5
2362,2362,Gyalshing  Bhanu Park,Sikkim,11,Sikkim,228,WEST DISTRICT,GYALSHING,-,-,Brahmaputra,Brahmaputra,-,-,-,Brahmaputra,27.29027778,88.24833333,30-04-2026 13:00,0.5
2363,2363,Gyalshing  Bhanu Park,Sikkim,11,Sikkim,228,WEST DISTRICT,GYALSHING,-,-,Brahmaputra,Brahmaputra,-,-,-,Brahmaputra,27.29027778,88.24833333,30-04-2026 13:00,290
2364,2364,Gyalshing  Bhanu Park,Sikkim,11,Sikkim,228,WEST DISTRICT,GYALSHING,-,-,Brahmaputra,Brahmaputra,-,-,-,Brahmaputra,27.29027778,88.24833333,30-04-2026 14:00,287
2365,2365,Gyalshing  Bhanu Park,Sikkim,11,Sikkim,228,WEST DISTRICT,GYALSHING,-,-,Brahmaputra,Brahmaputra,-,-,-,Brahmaputra,27.29027778,88.24833333,30-04-2026 15:00,284
2366,2366,Gyalshing  Bhanu Park,Sikkim,11,Sikkim,228,WEST DISTRICT,GYALSHING,-,-,Brahmaputra,Brahmaputra,-,-,-,Brahmaputra,27.29027778,88.24833333,30-04-2026 15:00,0.5
2367,2367,Gyalshing  Bhanu Park,Sikkim,11,Sikkim,228,WEST DISTRICT,GYALSHING,-,-,Brahmaputra,Brahmaputra,-,-,-,Brahmaputra,27.29027778,88.24833333,30-04-2026 16:00,278.5
2368,2368,Gyalshing  Bhanu Park,Sikkim,11,Sikkim,228,WEST DISTRICT,GYALSHING,-,-,Brahmaputra,Brahmaputra,-,-,-,Brahmaputra,27.29027778,88.24833333,30-04-2026 17:00,0.5
2369,2369,Gyalshing  Bhanu Park,Sikkim,11,Sikkim,228,WEST DISTRICT,GYALSHING,-,-,Brahmaputra,Brahmaputra,-,-,-,Brahmaputra,27.29027778,88.24833333,30-04-2026 17:00,277
2370,2370,Gyalshing  Bhanu Park,Sikkim,11,Sikkim,228,WEST DISTRICT,GYALSHING,-,-,Brahmaputra,Brahmaputra,-,-,-,Brahmaputra,27.29027778,88.24833333,30-04-2026 18:00,275
2371,2371,Gyalshing  Bhanu Park,Sikkim,11,Sikkim,228,WEST DISTRICT,GYALSHING,-,-,Brahmaputra,Brahmaputra,-,-,-,Brahmaputra,27.29027778,88.24833333,30-04-2026 19:00,273.5
2372,2372,Gyalshing  Bhanu Park,Sikkim,11,Sikkim,228,WEST DISTRICT,GYALSHING,-,-,Brahmaputra,Brahmaputra,-,-,-,Brahmaputra,27.29027778,88.24833333,30-04-2026 20:00,273.5
2373,2373,Gyalshing  Bhanu Park,Sikkim,11,Sikkim,228,WEST DISTRICT,GYALSHING,-,-,Brahmaputra,Brahmaputra,-,-,-,Brahmaputra,27.29027778,88.24833333,30-04-2026 20:00,0.5
2374,2374,Gyalshing  Bhanu Park,Sikkim,11,Sikkim,228,WEST DISTRICT,GYALSHING,-,-,Brahmaputra,Brahmaputra,-,-,-,Brahmaputra,27.29027778,88.24833333,30-04-2026 21:00,272
2375,2375,Gyalshing  Bhanu Park,Sikkim,11,Sikkim,228,WEST DISTRICT,GYALSHING,-,-,Brahmaputra,Brahmaputra,-,-,-,Brahmaputra,27.29027778,88.24833333,30-04-2026 22:00,273
2376,2376,Gyalshing  Bhanu Park,Sikkim,11,Sikkim,228,WEST DISTRICT,GYALSHING,-,-,Brahmaputra,Brahmaputra,-,-,-,Brahmaputra,27.29027778,88.24833333,30-04-2026 22:00,0.5
2377,2377,Gyalshing  Bhanu Park,Sikkim,11,Sikkim,228,WEST DISTRICT,GYALSHING,-,-,Brahmaputra,Brahmaputra,-,-,-,Brahmaputra,27.29027778,88.24833333,30-04-2026 23:00,273
2378,2378,Gyalshing  Bhanu Park,Sikkim,11,Sikkim,228,WEST DISTRICT,GYALSHING,-,-,Brahmaputra,Brahmaputra,-,-,-,Brahmaputra,27.29027778,88.24833333,01-05-2026 00:00,273
2379,2379,Gyalshing  Bhanu Park,Sikkim,11,Sikkim,228,WEST DISTRICT,GYALSHING,-,-,Brahmaputra,Brahmaputra,-,-,-,Brahmaputra,27.29027778,88.24833333,01-05-2026 01:00,0.5
2380,2380,Gyalshing  Bhanu Park,Sikkim,11,Sikkim,228,WEST DISTRICT,GYALSHING,-,-,Brahmaputra,Brahmaputra,-,-,-,Brahmaputra,27.29027778,88.24833333,01-05-2026 01:00,272
2381,2381,Gyalshing  Bhanu Park,Sikkim,11,Sikkim,228,WEST DISTRICT,GYALSHING,-,-,Brahmaputra,Brahmaputra,-,-,-,Brahmaputra,27.29027778,88.24833333,01-05-2026 02:00,271
2382,2382,Gyalshing  Bhanu Park,Sikkim,11,Sikkim,228,WEST DISTRICT,GYALSHING,-,-,Brahmaputra,Brahmaputra,-,-,-,Brahmaputra,27.29027778,88.24833333,01-05-2026 03:00,0.5
2383,2383,Gyalshing  Bhanu Park,Sikkim,11,Sikkim,228,WEST DISTRICT,GYALSHING,-,-,Brahmaputra,Brahmaputra,-,-,-,Brahmaputra,27.29027778,88.24833333,01-05-2026 03:00,269.5
2384,2384,Gyalshing  Bhanu Park,Sikkim,11,Sikkim,228,WEST DISTRICT,GYALSHING,-,-,Brahmaputra,Brahmaputra,-,-,-,Brahmaputra,27.29027778,88.24833333,01-05-2026 04:00,271
2385,2385,Gyalshing  Bhanu Park,Sikkim,11,Sikkim,228,WEST DISTRICT,GYALSHING,-,-,Brahmaputra,Brahmaputra,-,-,-,Brahmaputra,27.29027778,88.24833333,01-05-2026 05:00,0.5
2386,2386,Gyalshing  Bhanu Park,Sikkim,11,Sikkim,228,WEST DISTRICT,GYALSHING,-,-,Brahmaputra,Brahmaputra,-,-,-,Brahmaputra,27.29027778,88.24833333,01-05-2026 05:00,272.5
2387,2387,Gyalshing  Bhanu Park,Sikkim,11,Sikkim,228,WEST DISTRICT,GYALSHING,-,-,Brahmaputra,Brahmaputra,-,-,-,Brahmaputra,27.29027778,88.24833333,01-05-2026 06:00,274.5
2388,2388,Gyalshing  Bhanu Park,Sikkim,11,Sikkim,228,WEST DISTRICT,GYALSHING,-,-,Brahmaputra,Brahmaputra,-,-,-,Brahmaputra,27.29027778,88.24833333,01-05-2026 07:00,0.5
2389,2389,Gyalshing  Bhanu Park,Sikkim,11,Sikkim,228,WEST DISTRICT,GYALSHING,-,-,Brahmaputra,Brahmaputra,-,-,-,Brahmaputra,27.29027778,88.24833333,01-05-2026 07:00,280
2390,2390,Gyalshing  Bhanu Park,Sikkim,11,Sikkim,228,WEST DISTRICT,GYALSHING,-,-,Brahmaputra,Brahmaputra,-,-,-,Brahmaputra,27.29027778,88.24833333,01-05-2026 08:00,300.5
2391,2391,Gyalshing  Bhanu Park,Sikkim,11,Sikkim,228,WEST DISTRICT,GYALSHING,-,-,Brahmaputra,Brahmaputra,-,-,-,Brahmaputra,27.29027778,88.24833333,01-05-2026 10:00,0.5
2392,2392,Gyalshing  Bhanu Park,Sikkim,11,Sikkim,228,WEST DISTRICT,GYALSHING,-,-,Brahmaputra,Brahmaputra,-,-,-,Brahmaputra,27.29027778,88.24833333,01-05-2026 10:00,0.5
2393,2393,Gyalshing  Bhanu Park,Sikkim,11,Sikkim,228,WEST DISTRICT,GYALSHING,-,-,Brahmaputra,Brahmaputra,-,-,-,Brahmaputra,27.29027778,88.24833333,01-05-2026 11:00,0.5
2394,2394,Gyalshing  Bhanu Park,Sikkim,11,Sikkim,228,WEST DISTRICT,GYALSHING,-,-,Brahmaputra,Brahmaputra,-,-,-,Brahmaputra,27.29027778,88.24833333,01-05-2026 11:00,0.5
2395,2395,Gyalshing  Bhanu Park,Sikkim,11,Sikkim,228,WEST DISTRICT,GYALSHING,-,-,Brahmaputra,Brahmaputra,-,-,-,Brahmaputra,27.29027778,88.24833333,01-05-2026 13:00,285
2396,2396,Gyalshing  Bhanu Park,Sikkim,11,Sikkim,228,WEST DISTRICT,GYALSHING,-,-,Brahmaputra,Brahmaputra,-,-,-,Brahmaputra,27.29027778,88.24833333,01-05-2026 13:00,0.5
2397,2397,Gyalshing  Bhanu Park,Sikkim,11,Sikkim,228,WEST DISTRICT,GYALSHING,-,-,Brahmaputra,Brahmaputra,-,-,-,Brahmaputra,27.29027778,88.24833333,01-05-2026 16:00,278.5
2398,2398,Gyalshing  Bhanu Park,Sikkim,11,Sikkim,228,WEST DISTRICT,GYALSHING,-,-,Brahmaputra,Brahmaputra,-,-,-,Brahmaputra,27.29027778,88.24833333,01-05-2026 16:00,0.5
2399,2399,Gyalshing  Bhanu Park,Sikkim,11,Sikkim,228,WEST DISTRICT,GYALSHING,-,-,Brahmaputra,Brahmaputra,-,-,-,Brahmaputra,27.29027778,88.24833333,01-05-2026 18:00,0.5
2400,2400,Gyalshing  Bhanu Park,Sikkim,11,Sikkim,228,WEST DISTRICT,GYALSHING,-,-,Brahmaputra,Brahmaputra,-,-,-,Brahmaputra,27.29027778,88.24833333,01-05-2026 18:00,0.5
2401,2401,Gyalshing  Bhanu Park,Sikkim,11,Sikkim,228,WEST DISTRICT,GYALSHING,-,-,Brahmaputra,Brahmaputra,-,-,-,Brahmaputra,27.29027778,88.24833333,01-05-2026 19:00,0.5
2402,2402,Gyalshing  Bhanu Park,Sikkim,11,Sikkim,228,WEST DISTRICT,GYALSHING,-,-,Brahmaputra,Brahmaputra,-,-,-,Brahmaputra,27.29027778,88.24833333,01-05-2026 19:00,0.5
2403,2403,Gyalshing  Bhanu Park,Sikkim,11,Sikkim,228,WEST DISTRICT,GYALSHING,-,-,Brahmaputra,Brahmaputra,-,-,-,Brahmaputra,27.29027778,88.24833333,01-05-2026 20:00,272
2404,2404,Gyalshing  Bhanu Park,Sikkim,11,Sikkim,228,WEST DISTRICT,GYALSHING,-,-,Brahmaputra,Brahmaputra,-,-,-,Brahmaputra,27.29027778,88.24833333,01-05-2026 21:00,0.5
2405,2405,Gyalshing  Bhanu Park,Sikkim,11,Sikkim,228,WEST DISTRICT,GYALSHING,-,-,Brahmaputra,Brahmaputra,-,-,-,Brahmaputra,27.29027778,88.24833333,01-05-2026 21:00,270
2406,2406,Gyalshing  Bhanu Park,Sikkim,11,Sikkim,228,WEST DISTRICT,GYALSHING,-,-,Brahmaputra,Brahmaputra,-,-,-,Brahmaputra,27.29027778,88.24833333,01-05-2026 22:00,0.5
2407,2407,Gyalshing  Bhanu Park,Sikkim,11,Sikkim,228,WEST DISTRICT,GYALSHING,-,-,Brahmaputra,Brahmaputra,-,-,-,Brahmaputra,27.29027778,88.24833333,01-05-2026 22:00,0.5
2408,2408,Gyalshing  Bhanu Park,Sikkim,11,Sikkim,228,WEST DISTRICT,GYALSHING,-,-,Brahmaputra,Brahmaputra,-,-,-,Brahmaputra,27.29027778,88.24833333,02-05-2026 00:00,0.5
2409,2409,Gyalshing  Bhanu Park,Sikkim,11,Sikkim,228,WEST DISTRICT,GYALSHING,-,-,Brahmaputra,Brahmaputra,-,-,-,Brahmaputra,27.29027778,88.24833333,02-05-2026 00:00,0.5
2410,2410,Gyalshing  Bhanu Park,Sikkim,11,Sikkim,228,WEST DISTRICT,GYALSHING,-,-,Brahmaputra,Brahmaputra,-,-,-,Brahmaputra,27.29027778,88.24833333,02-05-2026 01:00,0.5
2411,2411,Gyalshing  Bhanu Park,Sikkim,11,Sikkim,228,WEST DISTRICT,GYALSHING,-,-,Brahmaputra,Brahmaputra,-,-,-,Brahmaputra,27.29027778,88.24833333,02-05-2026 01:00,268.5
2412,2412,Gyalshing  Bhanu Park,Sikkim,11,Sikkim,228,WEST DISTRICT,GYALSHING,-,-,Brahmaputra,Brahmaputra,-,-,-,Brahmaputra,27.29027778,88.24833333,02-05-2026 03:00,0.5
2413,2413,Gyalshing  Bhanu Park,Sikkim,11,Sikkim,228,WEST DISTRICT,GYALSHING,-,-,Brahmaputra,Brahmaputra,-,-,-,Brahmaputra,27.29027778,88.24833333,02-05-2026 03:00,0.5
2414,2414,Gyalshing  Bhanu Park,Sikkim,11,Sikkim,228,WEST DISTRICT,GYALSHING,-,-,Brahmaputra,Brahmaputra,-,-,-,Brahmaputra,27.29027778,88.24833333,02-05-2026 04:00,0.5
2415,2415,Gyalshing  Bhanu Park,Sikkim,11,Sikkim,228,WEST DISTRICT,GYALSHING,-,-,Brahmaputra,Brahmaputra,-,-,-,Brahmaputra,27.29027778,88.24833333,02-05-2026 04:00,0.5
2416,2416,Gyalshing  Bhanu Park,Sikkim,11,Sikkim,228,WEST DISTRICT,GYALSHING,-,-,Brahmaputra,Brahmaputra,-,-,-,Brahmaputra,27.29027778,88.24833333,02-05-2026 10:00,0.5
2417,2417,Gyalshing  Bhanu Park,Sikkim,11,Sikkim,228,WEST DISTRICT,GYALSHING,-,-,Brahmaputra,Brahmaputra,-,-,-,Brahmaputra,27.29027778,88.24833333,02-05-2026 11:00,0.5
2418,2418,Gyalshing  Bhanu Park,Sikkim,11,Sikkim,228,WEST DISTRICT,GYALSHING,-,-,Brahmaputra,Brahmaputra,-,-,-,Brahmaputra,27.29027778,88.24833333,02-05-2026 12:00,0.5
2419,2419,Gyalshing  Bhanu Park,Sikkim,11,Sikkim,228,WEST DISTRICT,GYALSHING,-,-,Brahmaputra,Brahmaputra,-,-,-,Brahmaputra,27.29027778,88.24833333,02-05-2026 13:00,0.5
2420,2420,Gyalshing  Bhanu Park,Sikkim,11,Sikkim,228,WEST DISTRICT,GYALSHING,-,-,Brahmaputra,Brahmaputra,-,-,-,Brahmaputra,27.29027778,88.24833333,02-05-2026 15:00,0.5
2421,2421,Gyalshing  Bhanu Park,Sikkim,11,Sikkim,228,WEST DISTRICT,GYALSHING,-,-,Brahmaputra,Brahmaputra,-,-,-,Brahmaputra,27.29027778,88.24833333,02-05-2026 16:00,0.5
2422,2422,Gyalshing  Bhanu Park,Sikkim,11,Sikkim,228,WEST DISTRICT,GYALSHING,-,-,Brahmaputra,Brahmaputra,-,-,-,Brahmaputra,27.29027778,88.24833333,02-05-2026 17:00,0.5
2423,2423,Gyalshing  Bhanu Park,Sikkim,11,Sikkim,228,WEST DISTRICT,GYALSHING,-,-,Brahmaputra,Brahmaputra,-,-,-,Brahmaputra,27.29027778,88.24833333,02-05-2026 18:00,0.5
2424,2424,Gyalshing  Bhanu Park,Sikkim,11,Sikkim,228,WEST DISTRICT,GYALSHING,-,-,Brahmaputra,Brahmaputra,-,-,-,Brahmaputra,27.29027778,88.24833333,02-05-2026 19:00,0.5
2425,2425,Gyalshing  Bhanu Park,Sikkim,11,Sikkim,228,WEST DISTRICT,GYALSHING,-,-,Brahmaputra,Brahmaputra,-,-,-,Brahmaputra,27.29027778,88.24833333,02-05-2026 21:00,1
2426,2426,Gyalshing  Bhanu Park,Sikkim,11,Sikkim,228,WEST DISTRICT,GYALSHING,-,-,Brahmaputra,Brahmaputra,-,-,-,Brahmaputra,27.29027778,88.24833333,02-05-2026 22:00,0.5
2427,2427,Gyalshing  Bhanu Park,Sikkim,11,Sikkim,228,WEST DISTRICT,GYALSHING,-,-,Brahmaputra,Brahmaputra,-,-,-,Brahmaputra,27.29027778,88.24833333,02-05-2026 23:00,0.5
2428,2428,Gyalshing  Bhanu Park,Sikkim,11,Sikkim,228,WEST DISTRICT,GYALSHING,-,-,Brahmaputra,Brahmaputra,-,-,-,Brahmaputra,27.29027778,88.24833333,03-05-2026 00:00,0.5
2429,2429,Gyalshing  Bhanu Park,Sikkim,11,Sikkim,228,WEST DISTRICT,GYALSHING,-,-,Brahmaputra,Brahmaputra,-,-,-,Brahmaputra,27.29027778,88.24833333,03-05-2026 01:00,0.5
2430,2430,Gyalshing  Bhanu Park,Sikkim,11,Sikkim,228,WEST DISTRICT,GYALSHING,-,-,Brahmaputra,Brahmaputra,-,-,-,Brahmaputra,27.29027778,88.24833333,03-05-2026 02:00,0.5
2431,2431,Gyalshing  Bhanu Park,Sikkim,11,Sikkim,228,WEST DISTRICT,GYALSHING,-,-,Brahmaputra,Brahmaputra,-,-,-,Brahmaputra,27.29027778,88.24833333,03-05-2026 03:00,0.5
2432,2432,Gyalshing  Bhanu Park,Sikkim,11,Sikkim,228,WEST DISTRICT,GYALSHING,-,-,Brahmaputra,Brahmaputra,-,-,-,Brahmaputra,27.29027778,88.24833333,03-05-2026 04:00,0.5
2433,2433,Gyalshing  Bhanu Park,Sikkim,11,Sikkim,228,WEST DISTRICT,GYALSHING,-,-,Brahmaputra,Brahmaputra,-,-,-,Brahmaputra,27.29027778,88.24833333,03-05-2026 05:00,0.5
2434,2434,Gyalshing  Bhanu Park,Sikkim,11,Sikkim,228,WEST DISTRICT,GYALSHING,-,-,Brahmaputra,Brahmaputra,-,-,-,Brahmaputra,27.29027778,88.24833333,03-05-2026 06:00,1
2435,2435,Gyalshing  Bhanu Park,Sikkim,11,Sikkim,228,WEST DISTRICT,GYALSHING,-,-,Brahmaputra,Brahmaputra,-,-,-,Brahmaputra,27.29027778,88.24833333,03-05-2026 07:00,0.5
2436,2436,Gyalshing  Bhanu Park,Sikkim,11,Sikkim,228,WEST DISTRICT,GYALSHING,-,-,Brahmaputra,Brahmaputra,-,-,-,Brahmaputra,27.29027778,88.24833333,03-05-2026 09:00,0.5
2437,2437,Gyalshing  Bhanu Park,Sikkim,11,Sikkim,228,WEST DISTRICT,GYALSHING,-,-,Brahmaputra,Brahmaputra,-,-,-,Brahmaputra,27.29027778,88.24833333,03-05-2026 10:00,0.5
2438,2438,Gyalshing  Bhanu Park,Sikkim,11,Sikkim,228,WEST DISTRICT,GYALSHING,-,-,Brahmaputra,Brahmaputra,-,-,-,Brahmaputra,27.29027778,88.24833333,03-05-2026 15:00,40
2439,2439,Gyalshing  Bhanu Park,Sikkim,11,Sikkim,228,WEST DISTRICT,GYALSHING,-,-,Brahmaputra,Brahmaputra,-,-,-,Brahmaputra,27.29027778,88.24833333,03-05-2026 16:00,1114
2440,2440,Gyalshing  Bhanu Park,Sikkim,11,Sikkim,228,WEST DISTRICT,GYALSHING,-,-,Brahmaputra,Brahmaputra,-,-,-,Brahmaputra,27.29027778,88.24833333,03-05-2026 17:00,972
2441,2441,Gyalshing  Bhanu Park,Sikkim,11,Sikkim,228,WEST DISTRICT,GYALSHING,-,-,Brahmaputra,Brahmaputra,-,-,-,Brahmaputra,27.29027778,88.24833333,11-05-2026 13:00,0.5
2442,2442,Gyalshing  Bhanu Park,Sikkim,11,Sikkim,228,WEST DISTRICT,GYALSHING,-,-,Brahmaputra,Brahmaputra,-,-,-,Brahmaputra,27.29027778,88.24833333,12-05-2026 02:00,1
2443,2443,Gyalshing  Bhanu Park,Sikkim,11,Sikkim,228,WEST DISTRICT,GYALSHING,-,-,Brahmaputra,Brahmaputra,-,-,-,Brahmaputra,27.29027778,88.24833333,12-05-2026 05:00,1.5
2444,2444,Gyalshing  Bhanu Park,Sikkim,11,Sikkim,228,WEST DISTRICT,GYALSHING,-,-,Brahmaputra,Brahmaputra,-,-,-,Brahmaputra,27.29027778,88.24833333,12-05-2026 06:00,5
2445,2445,Gyalshing  Bhanu Park,Sikkim,11,Sikkim,228,WEST DISTRICT,GYALSHING,-,-,Brahmaputra,Brahmaputra,-,-,-,Brahmaputra,27.29027778,88.24833333,12-05-2026 07:00,14.5
2446,2446,Gyalshing  Bhanu Park,Sikkim,11,Sikkim,228,WEST DISTRICT,GYALSHING,-,-,Brahmaputra,Brahmaputra,-,-,-,Brahmaputra,27.29027778,88.24833333,12-05-2026 08:00,8
2447,2447,Gyalshing  Bhanu Park,Sikkim,11,Sikkim,228,WEST DISTRICT,GYALSHING,-,-,Brahmaputra,Brahmaputra,-,-,-,Brahmaputra,27.29027778,88.24833333,12-05-2026 09:00,8
2448,2448,Gyalshing  Bhanu Park,Sikkim,11,Sikkim,228,WEST DISTRICT,GYALSHING,-,-,Brahmaputra,Brahmaputra,-,-,-,Brahmaputra,27.29027778,88.24833333,12-05-2026 10:00,87.5
2449,2449,Gyalshing  Bhanu Park,Sikkim,11,Sikkim,228,WEST DISTRICT,GYALSHING,-,-,Brahmaputra,Brahmaputra,-,-,-,Brahmaputra,27.29027778,88.24833333,12-05-2026 11:00,278
2450,2450,Gyalshing  Bhanu Park,Sikkim,11,Sikkim,228,WEST DISTRICT,GYALSHING,-,-,Brahmaputra,Brahmaputra,-,-,-,Brahmaputra,27.29027778,88.24833333,12-05-2026 12:00,10.5
2451,2451,Gyalshing  Bhanu Park,Sikkim,11,Sikkim,228,WEST DISTRICT,GYALSHING,-,-,Brahmaputra,Brahmaputra,-,-,-,Brahmaputra,27.29027778,88.24833333,12-05-2026 15:00,0.5
2452,2452,Gyalshing  Bhanu Park,Sikkim,11,Sikkim,228,WEST DISTRICT,GYALSHING,-,-,Brahmaputra,Brahmaputra,-,-,-,Brahmaputra,27.29027778,88.24833333,12-05-2026 16:00,2
2453,2453,Gyalshing  Bhanu Park,Sikkim,11,Sikkim,228,WEST DISTRICT,GYALSHING,-,-,Brahmaputra,Brahmaputra,-,-,-,Brahmaputra,27.29027778,88.24833333,12-05-2026 17:00,1.5
2454,2454,Gyalshing  Bhanu Park,Sikkim,11,Sikkim,228,WEST DISTRICT,GYALSHING,-,-,Brahmaputra,Brahmaputra,-,-,-,Brahmaputra,27.29027778,88.24833333,12-05-2026 18:00,2
2455,2455,Gyalshing  Bhanu Park,Sikkim,11,Sikkim,228,WEST DISTRICT,GYALSHING,-,-,Brahmaputra,Brahmaputra,-,-,-,Brahmaputra,27.29027778,88.24833333,12-05-2026 19:00,1
2456,2456,Gyalshing  Bhanu Park,Sikkim,11,Sikkim,228,WEST DISTRICT,GYALSHING,-,-,Brahmaputra,Brahmaputra,-,-,-,Brahmaputra,27.29027778,88.24833333,12-05-2026 20:00,1
2457,2457,Gyalshing  Bhanu Park,Sikkim,11,Sikkim,228,WEST DISTRICT,GYALSHING,-,-,Brahmaputra,Brahmaputra,-,-,-,Brahmaputra,27.29027778,88.24833333,12-05-2026 21:00,5.5
2458,2458,Gyalshing  Bhanu Park,Sikkim,11,Sikkim,228,WEST DISTRICT,GYALSHING,-,-,Brahmaputra,Brahmaputra,-,-,-,Brahmaputra,27.29027778,88.24833333,12-05-2026 22:00,1.5
2459,2459,Gyalshing  Bhanu Park,Sikkim,11,Sikkim,228,WEST DISTRICT,GYALSHING,-,-,Brahmaputra,Brahmaputra,-,-,-,Brahmaputra,27.29027778,88.24833333,12-05-2026 23:00,0.5
2460,2460,Gyalshing  Bhanu Park,Sikkim,11,Sikkim,228,WEST DISTRICT,GYALSHING,-,-,Brahmaputra,Brahmaputra,-,-,-,Brahmaputra,27.29027778,88.24833333,13-05-2026 00:00,0.5
2461,2461,Gyalshing  Bhanu Park,Sikkim,11,Sikkim,228,WEST DISTRICT,GYALSHING,-,-,Brahmaputra,Brahmaputra,-,-,-,Brahmaputra,27.29027778,88.24833333,13-05-2026 01:00,0.5
2462,2462,Gyalshing  Bhanu Park,Sikkim,11,Sikkim,228,WEST DISTRICT,GYALSHING,-,-,Brahmaputra,Brahmaputra,-,-,-,Brahmaputra,27.29027778,88.24833333,13-05-2026 02:00,0.5
2463,2463,Gyalshing  Bhanu Park,Sikkim,11,Sikkim,228,WEST DISTRICT,GYALSHING,-,-,Brahmaputra,Brahmaputra,-,-,-,Brahmaputra,27.29027778,88.24833333,13-05-2026 03:00,1
2464,2464,Gyalshing  Bhanu Park,Sikkim,11,Sikkim,228,WEST DISTRICT,GYALSHING,-,-,Brahmaputra,Brahmaputra,-,-,-,Brahmaputra,27.29027778,88.24833333,13-05-2026 12:00,4
2465,2465,Gyalshing  Bhanu Park,Sikkim,11,Sikkim,228,WEST DISTRICT,GYALSHING,-,-,Brahmaputra,Brahmaputra,-,-,-,Brahmaputra,27.29027778,88.24833333,13-05-2026 13:00,0.5
2466,2466,Gyalshing  Bhanu Park,Sikkim,11,Sikkim,228,WEST DISTRICT,GYALSHING,-,-,Brahmaputra,Brahmaputra,-,-,-,Brahmaputra,27.29027778,88.24833333,13-05-2026 14:00,1
2467,2467,Gyalshing  Bhanu Park,Sikkim,11,Sikkim,228,WEST DISTRICT,GYALSHING,-,-,Brahmaputra,Brahmaputra,-,-,-,Brahmaputra,27.29027778,88.24833333,17-05-2026 13:00,0.5
2468,2468,Gyalshing  Bhanu Park,Sikkim,11,Sikkim,228,WEST DISTRICT,GYALSHING,-,-,Brahmaputra,Brahmaputra,-,-,-,Brahmaputra,27.29027778,88.24833333,17-05-2026 15:00,1.5
2469,2469,Gyalshing  Bhanu Park,Sikkim,11,Sikkim,228,WEST DISTRICT,GYALSHING,-,-,Brahmaputra,Brahmaputra,-,-,-,Brahmaputra,27.29027778,88.24833333,17-05-2026 20:00,1
2470,2470,Gyalshing  Bhanu Park,Sikkim,11,Sikkim,228,WEST DISTRICT,GYALSHING,-,-,Brahmaputra,Brahmaputra,-,-,-,Brahmaputra,27.29027778,88.24833333,18-05-2026 12:00,0.5
2471,2471,Gyalshing  Bhanu Park,Sikkim,11,Sikkim,228,WEST DISTRICT,GYALSHING,-,-,Brahmaputra,Brahmaputra,-,-,-,Brahmaputra,27.29027778,88.24833333,18-05-2026 13:00,0.5
2472,2472,Gyalshing  Bhanu Park,Sikkim,11,Sikkim,228,WEST DISTRICT,GYALSHING,-,-,Brahmaputra,Brahmaputra,-,-,-,Brahmaputra,27.29027778,88.24833333,18-05-2026 14:00,0.5
2473,2473,Gyalshing  Bhanu Park,Sikkim,11,Sikkim,228,WEST DISTRICT,GYALSHING,-,-,Brahmaputra,Brahmaputra,-,-,-,Brahmaputra,27.29027778,88.24833333,18-05-2026 15:00,2
2474,2474,Gyalshing  Bhanu Park,Sikkim,11,Sikkim,228,WEST DISTRICT,GYALSHING,-,-,Brahmaputra,Brahmaputra,-,-,-,Brahmaputra,27.29027778,88.24833333,18-05-2026 20:00,1.5
2475,2475,Gyalshing  Bhanu Park,Sikkim,11,Sikkim,228,WEST DISTRICT,GYALSHING,-,-,Brahmaputra,Brahmaputra,-,-,-,Brahmaputra,27.29027778,88.24833333,19-05-2026 00:00,1
2476,2476,Gyalshing  Bhanu Park,Sikkim,11,Sikkim,228,WEST DISTRICT,GYALSHING,-,-,Brahmaputra,Brahmaputra,-,-,-,Brahmaputra,27.29027778,88.24833333,19-05-2026 01:00,0.5
2477,2477,Gyalshing  Bhanu Park,Sikkim,11,Sikkim,228,WEST DISTRICT,GYALSHING,-,-,Brahmaputra,Brahmaputra,-,-,-,Brahmaputra,27.29027778,88.24833333,20-05-2026 19:00,0.5
2478,2478,Gyalshing  Bhanu Park,Sikkim,11,Sikkim,228,WEST DISTRICT,GYALSHING,-,-,Brahmaputra,Brahmaputra,-,-,-,Brahmaputra,27.29027778,88.24833333,21-05-2026 20:00,0.5
2479,2479,Gyalshing  Bhanu Park,Sikkim,11,Sikkim,228,WEST DISTRICT,GYALSHING,-,-,Brahmaputra,Brahmaputra,-,-,-,Brahmaputra,27.29027778,88.24833333,22-05-2026 00:00,0.5
2480,2480,Gyalshing  Bhanu Park,Sikkim,11,Sikkim,228,WEST DISTRICT,GYALSHING,-,-,Brahmaputra,Brahmaputra,-,-,-,Brahmaputra,27.29027778,88.24833333,22-05-2026 01:00,3.5
2481,2481,Gyalshing  Bhanu Park,Sikkim,11,Sikkim,228,WEST DISTRICT,GYALSHING,-,-,Brahmaputra,Brahmaputra,-,-,-,Brahmaputra,27.29027778,88.24833333,22-05-2026 05:00,47.5
2482,2482,Gyalshing  Bhanu Park,Sikkim,11,Sikkim,228,WEST DISTRICT,GYALSHING,-,-,Brahmaputra,Brahmaputra,-,-,-,Brahmaputra,27.29027778,88.24833333,22-05-2026 06:00,31.5
2483,2483,Gyalshing  Bhanu Park,Sikkim,11,Sikkim,228,WEST DISTRICT,GYALSHING,-,-,Brahmaputra,Brahmaputra,-,-,-,Brahmaputra,27.29027778,88.24833333,22-05-2026 09:00,5
2484,2484,Gyalshing  Bhanu Park,Sikkim,11,Sikkim,228,WEST DISTRICT,GYALSHING,-,-,Brahmaputra,Brahmaputra,-,-,-,Brahmaputra,27.29027778,88.24833333,22-05-2026 10:00,0.5
2485,2485,Gyalshing  Bhanu Park,Sikkim,11,Sikkim,228,WEST DISTRICT,GYALSHING,-,-,Brahmaputra,Brahmaputra,-,-,-,Brahmaputra,27.29027778,88.24833333,22-05-2026 19:00,6
2486,2486,Gyalshing  Bhanu Park,Sikkim,11,Sikkim,228,WEST DISTRICT,GYALSHING,-,-,Brahmaputra,Brahmaputra,-,-,-,Brahmaputra,27.29027778,88.24833333,22-05-2026 20:00,13.5
2487,2487,Gyalshing  Bhanu Park,Sikkim,11,Sikkim,228,WEST DISTRICT,GYALSHING,-,-,Brahmaputra,Brahmaputra,-,-,-,Brahmaputra,27.29027778,88.24833333,22-05-2026 21:00,9.5
2488,2488,Gyalshing  Bhanu Park,Sikkim,11,Sikkim,228,WEST DISTRICT,GYALSHING,-,-,Brahmaputra,Brahmaputra,-,-,-,Brahmaputra,27.29027778,88.24833333,22-05-2026 22:00,0.5
2489,2489,Gyalshing  Bhanu Park,Sikkim,11,Sikkim,228,WEST DISTRICT,GYALSHING,-,-,Brahmaputra,Brahmaputra,-,-,-,Brahmaputra,27.29027778,88.24833333,24-05-2026 10:00,1
2490,2490,Gyalshing  Bhanu Park,Sikkim,11,Sikkim,228,WEST DISTRICT,GYALSHING,-,-,Brahmaputra,Brahmaputra,-,-,-,Brahmaputra,27.29027778,88.24833333,24-05-2026 11:00,4
2491,2491,Gyalshing  Bhanu Park,Sikkim,11,Sikkim,228,WEST DISTRICT,GYALSHING,-,-,Brahmaputra,Brahmaputra,-,-,-,Brahmaputra,27.29027778,88.24833333,24-05-2026 13:00,1
2492,2492,Gyalshing  Bhanu Park,Sikkim,11,Sikkim,228,WEST DISTRICT,GYALSHING,-,-,Brahmaputra,Brahmaputra,-,-,-,Brahmaputra,27.29027778,88.24833333,25-05-2026 05:00,0.5
2493,2493,Gyalshing  Bhanu Park,Sikkim,11,Sikkim,228,WEST DISTRICT,GYALSHING,-,-,Brahmaputra,Brahmaputra,-,-,-,Brahmaputra,27.29027778,88.24833333,25-05-2026 08:00,0.5
2494,2494,Gyalshing  Bhanu Park,Sikkim,11,Sikkim,228,WEST DISTRICT,GYALSHING,-,-,Brahmaputra,Brahmaputra,-,-,-,Brahmaputra,27.29027778,88.24833333,25-05-2026 09:00,0.5
2495,2495,Gyalshing  Bhanu Park,Sikkim,11,Sikkim,228,WEST DISTRICT,GYALSHING,-,-,Brahmaputra,Brahmaputra,-,-,-,Brahmaputra,27.29027778,88.24833333,25-05-2026 11:00,1
2496,2496,Gyalshing  Bhanu Park,Sikkim,11,Sikkim,228,WEST DISTRICT,GYALSHING,-,-,Brahmaputra,Brahmaputra,-,-,-,Brahmaputra,27.29027778,88.24833333,25-05-2026 16:00,0.5
2497,2497,Gyalshing  Bhanu Park,Sikkim,11,Sikkim,228,WEST DISTRICT,GYALSHING,-,-,Brahmaputra,Brahmaputra,-,-,-,Brahmaputra,27.29027778,88.24833333,26-05-2026 02:00,0.5
2498,2498,Gyalshing  Bhanu Park,Sikkim,11,Sikkim,228,WEST DISTRICT,GYALSHING,-,-,Brahmaputra,Brahmaputra,-,-,-,Brahmaputra,27.29027778,88.24833333,26-05-2026 16:00,0.5
2499,2499,Gyalshing  Bhanu Park,Sikkim,11,Sikkim,228,WEST DISTRICT,GYALSHING,-,-,Brahmaputra,Brahmaputra,-,-,-,Brahmaputra,27.29027778,88.24833333,26-05-2026 22:00,3
2500,2500,Gyalshing  Bhanu Park,Sikkim,11,Sikkim,228,WEST DISTRICT,GYALSHING,-,-,Brahmaputra,Brahmaputra,-,-,-,Brahmaputra,27.29027778,88.24833333,26-05-2026 23:00,8
2501,2501,Gyalshing  Bhanu Park,Sikkim,11,Sikkim,228,WEST DISTRICT,GYALSHING,-,-,Brahmaputra,Brahmaputra,-,-,-,Brahmaputra,27.29027778,88.24833333,27-05-2026 01:00,2.5
2502,2502,Gyalshing  Bhanu Park,Sikkim,11,Sikkim,228,WEST DISTRICT,GYALSHING,-,-,Brahmaputra,Brahmaputra,-,-,-,Brahmaputra,27.29027778,88.24833333,27-05-2026 03:00,6
2503,2503,Gyalshing  Bhanu Park,Sikkim,11,Sikkim,228,WEST DISTRICT,GYALSHING,-,-,Brahmaputra,Brahmaputra,-,-,-,Brahmaputra,27.29027778,88.24833333,27-05-2026 05:00,0.5
2504,2504,Gyalshing  Bhanu Park,Sikkim,11,Sikkim,228,WEST DISTRICT,GYALSHING,-,-,Brahmaputra,Brahmaputra,-,-,-,Brahmaputra,27.29027778,88.24833333,27-05-2026 07:00,0.5
2505,2505,Gyalshing  Bhanu Park,Sikkim,11,Sikkim,228,WEST DISTRICT,GYALSHING,-,-,Brahmaputra,Brahmaputra,-,-,-,Brahmaputra,27.29027778,88.24833333,27-05-2026 08:00,6.5
2506,2506,Gyalshing  Bhanu Park,Sikkim,11,Sikkim,228,WEST DISTRICT,GYALSHING,-,-,Brahmaputra,Brahmaputra,-,-,-,Brahmaputra,27.29027778,88.24833333,27-05-2026 09:00,2
2507,2507,Gyalshing  Bhanu Park,Sikkim,11,Sikkim,228,WEST DISTRICT,GYALSHING,-,-,Brahmaputra,Brahmaputra,-,-,-,Brahmaputra,27.29027778,88.24833333,27-05-2026 14:00,13.5
2508,2508,Gyalshing  Bhanu Park,Sikkim,11,Sikkim,228,WEST DISTRICT,GYALSHING,-,-,Brahmaputra,Brahmaputra,-,-,-,Brahmaputra,27.29027778,88.24833333,27-05-2026 15:00,1.5
2509,2509,Gyalshing  Bhanu Park,Sikkim,11,Sikkim,228,WEST DISTRICT,GYALSHING,-,-,Brahmaputra,Brahmaputra,-,-,-,Brahmaputra,27.29027778,88.24833333,27-05-2026 16:00,2
2510,2510,Gyalshing  Bhanu Park,Sikkim,11,Sikkim,228,WEST DISTRICT,GYALSHING,-,-,Brahmaputra,Brahmaputra,-,-,-,Brahmaputra,27.29027778,88.24833333,27-05-2026 17:00,8.5
2511,2511,Gyalshing  Bhanu Park,Sikkim,11,Sikkim,228,WEST DISTRICT,GYALSHING,-,-,Brahmaputra,Brahmaputra,-,-,-,Brahmaputra,27.29027778,88.24833333,27-05-2026 18:00,6.5
2512,2512,Gyalshing  Bhanu Park,Sikkim,11,Sikkim,228,WEST DISTRICT,GYALSHING,-,-,Brahmaputra,Brahmaputra,-,-,-,Brahmaputra,27.29027778,88.24833333,27-05-2026 19:00,4
2513,2513,Gyalshing  Bhanu Park,Sikkim,11,Sikkim,228,WEST DISTRICT,GYALSHING,-,-,Brahmaputra,Brahmaputra,-,-,-,Brahmaputra,27.29027778,88.24833333,27-05-2026 20:00,2
2514,2514,Gyalshing  Bhanu Park,Sikkim,11,Sikkim,228,WEST DISTRICT,GYALSHING,-,-,Brahmaputra,Brahmaputra,-,-,-,Brahmaputra,27.29027778,88.24833333,27-05-2026 21:00,0.5
2515,2515,Gyalshing  Bhanu Park,Sikkim,11,Sikkim,228,WEST DISTRICT,GYALSHING,-,-,Brahmaputra,Brahmaputra,-,-,-,Brahmaputra,27.29027778,88.24833333,27-05-2026 22:00,0.5
2516,2516,Gyalshing  Bhanu Park,Sikkim,11,Sikkim,228,WEST DISTRICT,GYALSHING,-,-,Brahmaputra,Brahmaputra,-,-,-,Brahmaputra,27.29027778,88.24833333,28-05-2026 05:00,2.5
2517,2517,Gyalshing  Bhanu Park,Sikkim,11,Sikkim,228,WEST DISTRICT,GYALSHING,-,-,Brahmaputra,Brahmaputra,-,-,-,Brahmaputra,27.29027778,88.24833333,28-05-2026 06:00,9.5
2518,2518,Gyalshing  Bhanu Park,Sikkim,11,Sikkim,228,WEST DISTRICT,GYALSHING,-,-,Brahmaputra,Brahmaputra,-,-,-,Brahmaputra,27.29027778,88.24833333,28-05-2026 07:00,6.5
2519,2519,Gyalshing  Bhanu Park,Sikkim,11,Sikkim,228,WEST DISTRICT,GYALSHING,-,-,Brahmaputra,Brahmaputra,-,-,-,Brahmaputra,27.29027778,88.24833333,28-05-2026 08:00,2
2520,2520,Gyalshing  Bhanu Park,Sikkim,11,Sikkim,228,WEST DISTRICT,GYALSHING,-,-,Brahmaputra,Brahmaputra,-,-,-,Brahmaputra,27.29027778,88.24833333,28-05-2026 09:00,3.5
2521,2521,Gyalshing  Bhanu Park,Sikkim,11,Sikkim,228,WEST DISTRICT,GYALSHING,-,-,Brahmaputra,Brahmaputra,-,-,-,Brahmaputra,27.29027778,88.24833333,28-05-2026 10:00,2.5
2522,2522,Gyalshing  Bhanu Park,Sikkim,11,Sikkim,228,WEST DISTRICT,GYALSHING,-,-,Brahmaputra,Brahmaputra,-,-,-,Brahmaputra,27.29027778,88.24833333,28-05-2026 11:00,3
2523,2523,Gyalshing  Bhanu Park,Sikkim,11,Sikkim,228,WEST DISTRICT,GYALSHING,-,-,Brahmaputra,Brahmaputra,-,-,-,Brahmaputra,27.29027778,88.24833333,28-05-2026 12:00,13
2524,2524,Gyalshing  Bhanu Park,Sikkim,11,Sikkim,228,WEST DISTRICT,GYALSHING,-,-,Brahmaputra,Brahmaputra,-,-,-,Brahmaputra,27.29027778,88.24833333,28-05-2026 13:00,9.5
2525,2525,Gyalshing  Bhanu Park,Sikkim,11,Sikkim,228,WEST DISTRICT,GYALSHING,-,-,Brahmaputra,Brahmaputra,-,-,-,Brahmaputra,27.29027778,88.24833333,28-05-2026 14:00,3.5
2526,2526,Gyalshing  Bhanu Park,Sikkim,11,Sikkim,228,WEST DISTRICT,GYALSHING,-,-,Brahmaputra,Brahmaputra,-,-,-,Brahmaputra,27.29027778,88.24833333,28-05-2026 15:00,10
2527,2527,Gyalshing  Bhanu Park,Sikkim,11,Sikkim,228,WEST DISTRICT,GYALSHING,-,-,Brahmaputra,Brahmaputra,-,-,-,Brahmaputra,27.29027778,88.24833333,28-05-2026 16:00,1.5
2528,2528,Gyalshing  Bhanu Park,Sikkim,11,Sikkim,228,WEST DISTRICT,GYALSHING,-,-,Brahmaputra,Brahmaputra,-,-,-,Brahmaputra,27.29027778,88.24833333,28-05-2026 17:00,3.5
2529,2529,Gyalshing  Bhanu Park,Sikkim,11,Sikkim,228,WEST DISTRICT,GYALSHING,-,-,Brahmaputra,Brahmaputra,-,-,-,Brahmaputra,27.29027778,88.24833333,28-05-2026 18:00,0.5
2530,2530,Gyalshing  Bhanu Park,Sikkim,11,Sikkim,228,WEST DISTRICT,GYALSHING,-,-,Brahmaputra,Brahmaputra,-,-,-,Brahmaputra,27.29027778,88.24833333,28-05-2026 19:00,3.5
2531,2531,Gyalshing  Bhanu Park,Sikkim,11,Sikkim,228,WEST DISTRICT,GYALSHING,-,-,Brahmaputra,Brahmaputra,-,-,-,Brahmaputra,27.29027778,88.24833333,28-05-2026 23:00,4
2532,2532,Gyalshing  Bhanu Park,Sikkim,11,Sikkim,228,WEST DISTRICT,GYALSHING,-,-,Brahmaputra,Brahmaputra,-,-,-,Brahmaputra,27.29027778,88.24833333,29-05-2026 03:00,2.5
2533,2533,Gyalshing  Bhanu Park,Sikkim,11,Sikkim,228,WEST DISTRICT,GYALSHING,-,-,Brahmaputra,Brahmaputra,-,-,-,Brahmaputra,27.29027778,88.24833333,29-05-2026 06:00,3.5
2534,2534,Gyalshing  Bhanu Park,Sikkim,11,Sikkim,228,WEST DISTRICT,GYALSHING,-,-,Brahmaputra,Brahmaputra,-,-,-,Brahmaputra,27.29027778,88.24833333,29-05-2026 07:00,0.5
2535,2535,Gyalshing  Bhanu Park,Sikkim,11,Sikkim,228,WEST DISTRICT,GYALSHING,-,-,Brahmaputra,Brahmaputra,-,-,-,Brahmaputra,27.29027778,88.24833333,29-05-2026 08:00,2
2536,2536,Gyalshing  Bhanu Park,Sikkim,11,Sikkim,228,WEST DISTRICT,GYALSHING,-,-,Brahmaputra,Brahmaputra,-,-,-,Brahmaputra,27.29027778,88.24833333,29-05-2026 09:00,6.5
2537,2537,Gyalshing  Bhanu Park,Sikkim,11,Sikkim,228,WEST DISTRICT,GYALSHING,-,-,Brahmaputra,Brahmaputra,-,-,-,Brahmaputra,27.29027778,88.24833333,29-05-2026 10:00,11.5
2538,2538,Gyalshing  Bhanu Park,Sikkim,11,Sikkim,228,WEST DISTRICT,GYALSHING,-,-,Brahmaputra,Brahmaputra,-,-,-,Brahmaputra,27.29027778,88.24833333,29-05-2026 11:00,3.5
2539,2539,Gyalshing  Bhanu Park,Sikkim,11,Sikkim,228,WEST DISTRICT,GYALSHING,-,-,Brahmaputra,Brahmaputra,-,-,-,Brahmaputra,27.29027778,88.24833333,29-05-2026 12:00,2
2540,2540,Gyalshing  Bhanu Park,Sikkim,11,Sikkim,228,WEST DISTRICT,GYALSHING,-,-,Brahmaputra,Brahmaputra,-,-,-,Brahmaputra,27.29027778,88.24833333,29-05-2026 14:00,3
2541,2541,Gyalshing  Bhanu Park,Sikkim,11,Sikkim,228,WEST DISTRICT,GYALSHING,-,-,Brahmaputra,Brahmaputra,-,-,-,Brahmaputra,27.29027778,88.24833333,29-05-2026 15:00,4
2542,2542,Gyalshing  Bhanu Park,Sikkim,11,Sikkim,228,WEST DISTRICT,GYALSHING,-,-,Brahmaputra,Brahmaputra,-,-,-,Brahmaputra,27.29027778,88.24833333,29-05-2026 16:00,2.5
2543,2543,Gyalshing  Bhanu Park,Sikkim,11,Sikkim,228,WEST DISTRICT,GYALSHING,-,-,Brahmaputra,Brahmaputra,-,-,-,Brahmaputra,27.29027778,88.24833333,29-05-2026 17:00,3.5
2544,2544,Gyalshing  Bhanu Park,Sikkim,11,Sikkim,228,WEST DISTRICT,GYALSHING,-,-,Brahmaputra,Brahmaputra,-,-,-,Brahmaputra,27.29027778,88.24833333,29-05-2026 18:00,0.5
2545,2545,Gyalshing  Bhanu Park,Sikkim,11,Sikkim,228,WEST DISTRICT,GYALSHING,-,-,Brahmaputra,Brahmaputra,-,-,-,Brahmaputra,27.29027778,88.24833333,29-05-2026 19:00,5
2546,2546,Gyalshing  Bhanu Park,Sikkim,11,Sikkim,228,WEST DISTRICT,GYALSHING,-,-,Brahmaputra,Brahmaputra,-,-,-,Brahmaputra,27.29027778,88.24833333,29-05-2026 20:00,2.5
2547,2547,Gyalshing  Bhanu Park,Sikkim,11,Sikkim,228,WEST DISTRICT,GYALSHING,-,-,Brahmaputra,Brahmaputra,-,-,-,Brahmaputra,27.29027778,88.24833333,29-05-2026 23:00,9.5
2548,2548,Gyalshing  Bhanu Park,Sikkim,11,Sikkim,228,WEST DISTRICT,GYALSHING,-,-,Brahmaputra,Brahmaputra,-,-,-,Brahmaputra,27.29027778,88.24833333,30-05-2026 00:00,1
2549,2549,Gyalshing  Bhanu Park,Sikkim,11,Sikkim,228,WEST DISTRICT,GYALSHING,-,-,Brahmaputra,Brahmaputra,-,-,-,Brahmaputra,27.29027778,88.24833333,30-05-2026 01:00,2
2550,2550,Gyalshing  Bhanu Park,Sikkim,11,Sikkim,228,WEST DISTRICT,GYALSHING,-,-,Brahmaputra,Brahmaputra,-,-,-,Brahmaputra,27.29027778,88.24833333,30-05-2026 03:00,6.5
2551,2551,Gyalshing  Bhanu Park,Sikkim,11,Sikkim,228,WEST DISTRICT,GYALSHING,-,-,Brahmaputra,Brahmaputra,-,-,-,Brahmaputra,27.29027778,88.24833333,30-05-2026 04:00,10.5
2552,2552,Gyalshing  Bhanu Park,Sikkim,11,Sikkim,228,WEST DISTRICT,GYALSHING,-,-,Brahmaputra,Brahmaputra,-,-,-,Brahmaputra,27.29027778,88.24833333,30-05-2026 05:00,13
2553,2553,Gyalshing  Bhanu Park,Sikkim,11,Sikkim,228,WEST DISTRICT,GYALSHING,-,-,Brahmaputra,Brahmaputra,-,-,-,Brahmaputra,27.29027778,88.24833333,30-05-2026 06:00,14.5
2554,2554,Gyalshing  Bhanu Park,Sikkim,11,Sikkim,228,WEST DISTRICT,GYALSHING,-,-,Brahmaputra,Brahmaputra,-,-,-,Brahmaputra,27.29027778,88.24833333,30-05-2026 07:00,11.5
2555,2555,Gyalshing  Bhanu Park,Sikkim,11,Sikkim,228,WEST DISTRICT,GYALSHING,-,-,Brahmaputra,Brahmaputra,-,-,-,Brahmaputra,27.29027778,88.24833333,30-05-2026 08:00,16.5
2556,2556,Gyalshing  Bhanu Park,Sikkim,11,Sikkim,228,WEST DISTRICT,GYALSHING,-,-,Brahmaputra,Brahmaputra,-,-,-,Brahmaputra,27.29027778,88.24833333,30-05-2026 09:00,9.5
2557,2557,Gyalshing  Bhanu Park,Sikkim,11,Sikkim,228,WEST DISTRICT,GYALSHING,-,-,Brahmaputra,Brahmaputra,-,-,-,Brahmaputra,27.29027778,88.24833333,30-05-2026 10:00,7.5
2558,2558,Gyalshing  Bhanu Park,Sikkim,11,Sikkim,228,WEST DISTRICT,GYALSHING,-,-,Brahmaputra,Brahmaputra,-,-,-,Brahmaputra,27.29027778,88.24833333,30-05-2026 11:00,5.5
2559,2559,Gyalshing  Bhanu Park,Sikkim,11,Sikkim,228,WEST DISTRICT,GYALSHING,-,-,Brahmaputra,Brahmaputra,-,-,-,Brahmaputra,27.29027778,88.24833333,30-05-2026 12:00,15.5
2560,2560,Gyalshing  Bhanu Park,Sikkim,11,Sikkim,228,WEST DISTRICT,GYALSHING,-,-,Brahmaputra,Brahmaputra,-,-,-,Brahmaputra,27.29027778,88.24833333,30-05-2026 13:00,5
2561,2561,Gyalshing  Bhanu Park,Sikkim,11,Sikkim,228,WEST DISTRICT,GYALSHING,-,-,Brahmaputra,Brahmaputra,-,-,-,Brahmaputra,27.29027778,88.24833333,30-05-2026 14:00,24.5
2562,2562,Gyalshing  Bhanu Park,Sikkim,11,Sikkim,228,WEST DISTRICT,GYALSHING,-,-,Brahmaputra,Brahmaputra,-,-,-,Brahmaputra,27.29027778,88.24833333,30-05-2026 15:00,17
2563,2563,Gyalshing  Bhanu Park,Sikkim,11,Sikkim,228,WEST DISTRICT,GYALSHING,-,-,Brahmaputra,Brahmaputra,-,-,-,Brahmaputra,27.29027778,88.24833333,30-05-2026 16:00,21
2564,2564,Gyalshing  Bhanu Park,Sikkim,11,Sikkim,228,WEST DISTRICT,GYALSHING,-,-,Brahmaputra,Brahmaputra,-,-,-,Brahmaputra,27.29027778,88.24833333,30-05-2026 20:00,22.5
2565,2565,Gyalshing  Bhanu Park,Sikkim,11,Sikkim,228,WEST DISTRICT,GYALSHING,-,-,Brahmaputra,Brahmaputra,-,-,-,Brahmaputra,27.29027778,88.24833333,30-05-2026 21:00,20
2566,2566,Gyalshing  Bhanu Park,Sikkim,11,Sikkim,228,WEST DISTRICT,GYALSHING,-,-,Brahmaputra,Brahmaputra,-,-,-,Brahmaputra,27.29027778,88.24833333,30-05-2026 22:00,10
2567,2567,Gyalshing  Bhanu Park,Sikkim,11,Sikkim,228,WEST DISTRICT,GYALSHING,-,-,Brahmaputra,Brahmaputra,-,-,-,Brahmaputra,27.29027778,88.24833333,30-05-2026 23:00,5.5
2568,2568,Gyalshing  Bhanu Park,Sikkim,11,Sikkim,228,WEST DISTRICT,GYALSHING,-,-,Brahmaputra,Brahmaputra,-,-,-,Brahmaputra,27.29027778,88.24833333,31-05-2026 00:00,13
2569,2569,Gyalshing  Bhanu Park,Sikkim,11,Sikkim,228,WEST DISTRICT,GYALSHING,-,-,Brahmaputra,Brahmaputra,-,-,-,Brahmaputra,27.29027778,88.24833333,31-05-2026 01:00,10.5
2570,2570,Gyalshing  Bhanu Park,Sikkim,11,Sikkim,228,WEST DISTRICT,GYALSHING,-,-,Brahmaputra,Brahmaputra,-,-,-,Brahmaputra,27.29027778,88.24833333,31-05-2026 02:00,6
2571,2571,Gyalshing  Bhanu Park,Sikkim,11,Sikkim,228,WEST DISTRICT,GYALSHING,-,-,Brahmaputra,Brahmaputra,-,-,-,Brahmaputra,27.29027778,88.24833333,31-05-2026 03:00,2.5
2572,2572,Gyalshing  Bhanu Park,Sikkim,11,Sikkim,228,WEST DISTRICT,GYALSHING,-,-,Brahmaputra,Brahmaputra,-,-,-,Brahmaputra,27.29027778,88.24833333,31-05-2026 04:00,4
2573,2573,Gyalshing  Bhanu Park,Sikkim,11,Sikkim,228,WEST DISTRICT,GYALSHING,-,-,Brahmaputra,Brahmaputra,-,-,-,Brahmaputra,27.29027778,88.24833333,31-05-2026 05:00,14
2574,2574,Gyalshing  Bhanu Park,Sikkim,11,Sikkim,228,WEST DISTRICT,GYALSHING,-,-,Brahmaputra,Brahmaputra,-,-,-,Brahmaputra,27.29027778,88.24833333,31-05-2026 06:00,15
2575,2575,Gyalshing  Bhanu Park,Sikkim,11,Sikkim,228,WEST DISTRICT,GYALSHING,-,-,Brahmaputra,Brahmaputra,-,-,-,Brahmaputra,27.29027778,88.24833333,31-05-2026 07:00,18
2576,2576,Gyalshing  Bhanu Park,Sikkim,11,Sikkim,228,WEST DISTRICT,GYALSHING,-,-,Brahmaputra,Brahmaputra,-,-,-,Brahmaputra,27.29027778,88.24833333,31-05-2026 08:00,6.5
2577,2577,Gyalshing  Bhanu Park,Sikkim,11,Sikkim,228,WEST DISTRICT,GYALSHING,-,-,Brahmaputra,Brahmaputra,-,-,-,Brahmaputra,27.29027778,88.24833333,31-05-2026 09:00,27.5
2578,2578,Gyalshing  Bhanu Park,Sikkim,11,Sikkim,228,WEST DISTRICT,GYALSHING,-,-,Brahmaputra,Brahmaputra,-,-,-,Brahmaputra,27.29027778,88.24833333,31-05-2026 10:00,20
2579,2579,Gyalshing  Bhanu Park,Sikkim,11,Sikkim,228,WEST DISTRICT,GYALSHING,-,-,Brahmaputra,Brahmaputra,-,-,-,Brahmaputra,27.29027778,88.24833333,31-05-2026 11:00,1
2580,2580,Gyalshing  Bhanu Park,Sikkim,11,Sikkim,228,WEST DISTRICT,GYALSHING,-,-,Brahmaputra,Brahmaputra,-,-,-,Brahmaputra,27.29027778,88.24833333,31-05-2026 12:00,2
2581,2581,Gyalshing  Bhanu Park,Sikkim,11,Sikkim,228,WEST DISTRICT,GYALSHING,-,-,Brahmaputra,Brahmaputra,-,-,-,Brahmaputra,27.29027778,88.24833333,31-05-2026 22:00,0.5
2582,2582,Gyalshing  Bhanu Park,Sikkim,11,Sikkim,228,WEST DISTRICT,GYALSHING,-,-,Brahmaputra,Brahmaputra,-,-,-,Brahmaputra,27.29027778,88.24833333,01-06-2026 09:00,0.5
2583,2583,Gyalshing  Bhanu Park,Sikkim,11,Sikkim,228,WEST DISTRICT,GYALSHING,-,-,Brahmaputra,Brahmaputra,-,-,-,Brahmaputra,27.29027778,88.24833333,01-06-2026 12:00,0.5
2584,2584,Gyalshing  Bhanu Park,Sikkim,11,Sikkim,228,WEST DISTRICT,GYALSHING,-,-,Brahmaputra,Brahmaputra,-,-,-,Brahmaputra,27.29027778,88.24833333,01-06-2026 14:00,7
2585,2585,Gyalshing  Bhanu Park,Sikkim,11,Sikkim,228,WEST DISTRICT,GYALSHING,-,-,Brahmaputra,Brahmaputra,-,-,-,Brahmaputra,27.29027778,88.24833333,01-06-2026 15:00,5
2586,2586,Gyalshing  Bhanu Park,Sikkim,11,Sikkim,228,WEST DISTRICT,GYALSHING,-,-,Brahmaputra,Brahmaputra,-,-,-,Brahmaputra,27.29027778,88.24833333,01-06-2026 16:00,2.5
2587,2587,Gyalshing  Bhanu Park,Sikkim,11,Sikkim,228,WEST DISTRICT,GYALSHING,-,-,Brahmaputra,Brahmaputra,-,-,-,Brahmaputra,27.29027778,88.24833333,01-06-2026 17:00,3.5
2588,2588,Gyalshing  Bhanu Park,Sikkim,11,Sikkim,228,WEST DISTRICT,GYALSHING,-,-,Brahmaputra,Brahmaputra,-,-,-,Brahmaputra,27.29027778,88.24833333,01-06-2026 18:00,1.5
2589,2589,Gyalshing  Bhanu Park,Sikkim,11,Sikkim,228,WEST DISTRICT,GYALSHING,-,-,Brahmaputra,Brahmaputra,-,-,-,Brahmaputra,27.29027778,88.24833333,01-06-2026 19:00,24
2590,2590,Gyalshing  Bhanu Park,Sikkim,11,Sikkim,228,WEST DISTRICT,GYALSHING,-,-,Brahmaputra,Brahmaputra,-,-,-,Brahmaputra,27.29027778,88.24833333,01-06-2026 20:00,4
2591,2591,Gyalshing  Bhanu Park,Sikkim,11,Sikkim,228,WEST DISTRICT,GYALSHING,-,-,Brahmaputra,Brahmaputra,-,-,-,Brahmaputra,27.29027778,88.24833333,01-06-2026 21:00,3.5
2592,2592,Gyalshing  Bhanu Park,Sikkim,11,Sikkim,228,WEST DISTRICT,GYALSHING,-,-,Brahmaputra,Brahmaputra,-,-,-,Brahmaputra,27.29027778,88.24833333,01-06-2026 22:00,0.5
2593,2593,Gyalshing  Bhanu Park,Sikkim,11,Sikkim,228,WEST DISTRICT,GYALSHING,-,-,Brahmaputra,Brahmaputra,-,-,-,Brahmaputra,27.29027778,88.24833333,02-06-2026 01:00,4
2594,2594,Gyalshing  Bhanu Park,Sikkim,11,Sikkim,228,WEST DISTRICT,GYALSHING,-,-,Brahmaputra,Brahmaputra,-,-,-,Brahmaputra,27.29027778,88.24833333,02-06-2026 05:00,2
2595,2595,Gyalshing  Bhanu Park,Sikkim,11,Sikkim,228,WEST DISTRICT,GYALSHING,-,-,Brahmaputra,Brahmaputra,-,-,-,Brahmaputra,27.29027778,88.24833333,02-06-2026 08:00,1
2596,2596,Gyalshing  Bhanu Park,Sikkim,11,Sikkim,228,WEST DISTRICT,GYALSHING,-,-,Brahmaputra,Brahmaputra,-,-,-,Brahmaputra,27.29027778,88.24833333,02-06-2026 10:00,1.5
2597,2597,Gyalshing  Bhanu Park,Sikkim,11,Sikkim,228,WEST DISTRICT,GYALSHING,-,-,Brahmaputra,Brahmaputra,-,-,-,Brahmaputra,27.29027778,88.24833333,02-06-2026 11:00,2.5
2598,2598,Gyalshing  Bhanu Park,Sikkim,11,Sikkim,228,WEST DISTRICT,GYALSHING,-,-,Brahmaputra,Brahmaputra,-,-,-,Brahmaputra,27.29027778,88.24833333,02-06-2026 12:00,16.5
2599,2599,Gyalshing  Bhanu Park,Sikkim,11,Sikkim,228,WEST DISTRICT,GYALSHING,-,-,Brahmaputra,Brahmaputra,-,-,-,Brahmaputra,27.29027778,88.24833333,02-06-2026 13:00,16
2600,2600,Gyalshing  Bhanu Park,Sikkim,11,Sikkim,228,WEST DISTRICT,GYALSHING,-,-,Brahmaputra,Brahmaputra,-,-,-,Brahmaputra,27.29027778,88.24833333,02-06-2026 14:00,5
2601,2601,Gyalshing  Bhanu Park,Sikkim,11,Sikkim,228,WEST DISTRICT,GYALSHING,-,-,Brahmaputra,Brahmaputra,-,-,-,Brahmaputra,27.29027778,88.24833333,02-06-2026 15:00,2.5
2602,2602,Gyalshing  Bhanu Park,Sikkim,11,Sikkim,228,WEST DISTRICT,GYALSHING,-,-,Brahmaputra,Brahmaputra,-,-,-,Brahmaputra,27.29027778,88.24833333,02-06-2026 16:00,7
2603,2603,Gyalshing  Bhanu Park,Sikkim,11,Sikkim,228,WEST DISTRICT,GYALSHING,-,-,Brahmaputra,Brahmaputra,-,-,-,Brahmaputra,27.29027778,88.24833333,02-06-2026 17:00,4.5
2604,2604,Gyalshing  Bhanu Park,Sikkim,11,Sikkim,228,WEST DISTRICT,GYALSHING,-,-,Brahmaputra,Brahmaputra,-,-,-,Brahmaputra,27.29027778,88.24833333,02-06-2026 18:00,4.5
2605,2605,Gyalshing  Bhanu Park,Sikkim,11,Sikkim,228,WEST DISTRICT,GYALSHING,-,-,Brahmaputra,Brahmaputra,-,-,-,Brahmaputra,27.29027778,88.24833333,02-06-2026 19:00,10.5
2606,2606,Gyalshing  Bhanu Park,Sikkim,11,Sikkim,228,WEST DISTRICT,GYALSHING,-,-,Brahmaputra,Brahmaputra,-,-,-,Brahmaputra,27.29027778,88.24833333,02-06-2026 20:00,19
2607,2607,Gyalshing  Bhanu Park,Sikkim,11,Sikkim,228,WEST DISTRICT,GYALSHING,-,-,Brahmaputra,Brahmaputra,-,-,-,Brahmaputra,27.29027778,88.24833333,02-06-2026 21:00,21.5
2608,2608,Gyalshing  Bhanu Park,Sikkim,11,Sikkim,228,WEST DISTRICT,GYALSHING,-,-,Brahmaputra,Brahmaputra,-,-,-,Brahmaputra,27.29027778,88.24833333,02-06-2026 22:00,15
2609,2609,Gyalshing  Bhanu Park,Sikkim,11,Sikkim,228,WEST DISTRICT,GYALSHING,-,-,Brahmaputra,Brahmaputra,-,-,-,Brahmaputra,27.29027778,88.24833333,02-06-2026 23:00,15
2610,2610,Gyalshing  Bhanu Park,Sikkim,11,Sikkim,228,WEST DISTRICT,GYALSHING,-,-,Brahmaputra,Brahmaputra,-,-,-,Brahmaputra,27.29027778,88.24833333,03-06-2026 00:00,11.5
2611,2611,Gyalshing  Bhanu Park,Sikkim,11,Sikkim,228,WEST DISTRICT,GYALSHING,-,-,Brahmaputra,Brahmaputra,-,-,-,Brahmaputra,27.29027778,88.24833333,03-06-2026 01:00,0.5
2612,2612,Gyalshing  Bhanu Park,Sikkim,11,Sikkim,228,WEST DISTRICT,GYALSHING,-,-,Brahmaputra,Brahmaputra,-,-,-,Brahmaputra,27.29027778,88.24833333,03-06-2026 02:00,0.5
2613,2613,Gyalshing  Bhanu Park,Sikkim,11,Sikkim,228,WEST DISTRICT,GYALSHING,-,-,Brahmaputra,Brahmaputra,-,-,-,Brahmaputra,27.29027778,88.24833333,03-06-2026 08:00,10
2614,2614,Gyalshing  Bhanu Park,Sikkim,11,Sikkim,228,WEST DISTRICT,GYALSHING,-,-,Brahmaputra,Brahmaputra,-,-,-,Brahmaputra,27.29027778,88.24833333,03-06-2026 11:00,0.5
2615,2615,Gyalshing  Bhanu Park,Sikkim,11,Sikkim,228,WEST DISTRICT,GYALSHING,-,-,Brahmaputra,Brahmaputra,-,-,-,Brahmaputra,27.29027778,88.24833333,03-06-2026 12:00,1
2616,2616,Gyalshing  Bhanu Park,Sikkim,11,Sikkim,228,WEST DISTRICT,GYALSHING,-,-,Brahmaputra,Brahmaputra,-,-,-,Brahmaputra,27.29027778,88.24833333,03-06-2026 13:00,0.5
2617,2617,Gyalshing  Bhanu Park,Sikkim,11,Sikkim,228,WEST DISTRICT,GYALSHING,-,-,Brahmaputra,Brahmaputra,-,-,-,Brahmaputra,27.29027778,88.24833333,03-06-2026 14:00,4
2618,2618,Gyalshing  Bhanu Park,Sikkim,11,Sikkim,228,WEST DISTRICT,GYALSHING,-,-,Brahmaputra,Brahmaputra,-,-,-,Brahmaputra,27.29027778,88.24833333,03-06-2026 15:00,5.5
2619,2619,Gyalshing  Bhanu Park,Sikkim,11,Sikkim,228,WEST DISTRICT,GYALSHING,-,-,Brahmaputra,Brahmaputra,-,-,-,Brahmaputra,27.29027778,88.24833333,03-06-2026 16:00,2
2620,2620,Gyalshing  Bhanu Park,Sikkim,11,Sikkim,228,WEST DISTRICT,GYALSHING,-,-,Brahmaputra,Brahmaputra,-,-,-,Brahmaputra,27.29027778,88.24833333,03-06-2026 17:00,25
2621,2621,Gyalshing  Bhanu Park,Sikkim,11,Sikkim,228,WEST DISTRICT,GYALSHING,-,-,Brahmaputra,Brahmaputra,-,-,-,Brahmaputra,27.29027778,88.24833333,03-06-2026 18:00,17
2622,2622,Gyalshing  Bhanu Park,Sikkim,11,Sikkim,228,WEST DISTRICT,GYALSHING,-,-,Brahmaputra,Brahmaputra,-,-,-,Brahmaputra,27.29027778,88.24833333,03-06-2026 19:00,28
2623,2623,Gyalshing  Bhanu Park,Sikkim,11,Sikkim,228,WEST DISTRICT,GYALSHING,-,-,Brahmaputra,Brahmaputra,-,-,-,Brahmaputra,27.29027778,88.24833333,03-06-2026 20:00,25.5
2624,2624,Gyalshing  Bhanu Park,Sikkim,11,Sikkim,228,WEST DISTRICT,GYALSHING,-,-,Brahmaputra,Brahmaputra,-,-,-,Brahmaputra,27.29027778,88.24833333,03-06-2026 21:00,20
2625,2625,Gyalshing  Bhanu Park,Sikkim,11,Sikkim,228,WEST DISTRICT,GYALSHING,-,-,Brahmaputra,Brahmaputra,-,-,-,Brahmaputra,27.29027778,88.24833333,03-06-2026 22:00,22
2626,2626,Gyalshing  Bhanu Park,Sikkim,11,Sikkim,228,WEST DISTRICT,GYALSHING,-,-,Brahmaputra,Brahmaputra,-,-,-,Brahmaputra,27.29027778,88.24833333,03-06-2026 23:00,21
2627,2627,Gyalshing  Bhanu Park,Sikkim,11,Sikkim,228,WEST DISTRICT,GYALSHING,-,-,Brahmaputra,Brahmaputra,-,-,-,Brahmaputra,27.29027778,88.24833333,04-06-2026 00:00,10.5
2628,2628,Gyalshing  Bhanu Park,Sikkim,11,Sikkim,228,WEST DISTRICT,GYALSHING,-,-,Brahmaputra,Brahmaputra,-,-,-,Brahmaputra,27.29027778,88.24833333,04-06-2026 01:00,21
2629,2629,Gyalshing  Bhanu Park,Sikkim,11,Sikkim,228,WEST DISTRICT,GYALSHING,-,-,Brahmaputra,Brahmaputra,-,-,-,Brahmaputra,27.29027778,88.24833333,04-06-2026 02:00,22
2630,2630,Gyalshing  Bhanu Park,Sikkim,11,Sikkim,228,WEST DISTRICT,GYALSHING,-,-,Brahmaputra,Brahmaputra,-,-,-,Brahmaputra,27.29027778,88.24833333,04-06-2026 03:00,37.5
2631,2631,Gyalshing  Bhanu Park,Sikkim,11,Sikkim,228,WEST DISTRICT,GYALSHING,-,-,Brahmaputra,Brahmaputra,-,-,-,Brahmaputra,27.29027778,88.24833333,04-06-2026 04:00,21
2632,2632,Gyalshing  Bhanu Park,Sikkim,11,Sikkim,228,WEST DISTRICT,GYALSHING,-,-,Brahmaputra,Brahmaputra,-,-,-,Brahmaputra,27.29027778,88.24833333,04-06-2026 05:00,36.5
2633,2633,Gyalshing  Bhanu Park,Sikkim,11,Sikkim,228,WEST DISTRICT,GYALSHING,-,-,Brahmaputra,Brahmaputra,-,-,-,Brahmaputra,27.29027778,88.24833333,04-06-2026 06:00,17
2634,2634,Gyalshing  Bhanu Park,Sikkim,11,Sikkim,228,WEST DISTRICT,GYALSHING,-,-,Brahmaputra,Brahmaputra,-,-,-,Brahmaputra,27.29027778,88.24833333,04-06-2026 07:00,13
2635,2635,Gyalshing  Bhanu Park,Sikkim,11,Sikkim,228,WEST DISTRICT,GYALSHING,-,-,Brahmaputra,Brahmaputra,-,-,-,Brahmaputra,27.29027778,88.24833333,04-06-2026 08:00,8.5
2636,2636,Gyalshing  Bhanu Park,Sikkim,11,Sikkim,228,WEST DISTRICT,GYALSHING,-,-,Brahmaputra,Brahmaputra,-,-,-,Brahmaputra,27.29027778,88.24833333,04-06-2026 09:00,6.5
2637,2637,Gyalshing  Bhanu Park,Sikkim,11,Sikkim,228,WEST DISTRICT,GYALSHING,-,-,Brahmaputra,Brahmaputra,-,-,-,Brahmaputra,27.29027778,88.24833333,04-06-2026 10:00,18
2638,2638,Gyalshing  Bhanu Park,Sikkim,11,Sikkim,228,WEST DISTRICT,GYALSHING,-,-,Brahmaputra,Brahmaputra,-,-,-,Brahmaputra,27.29027778,88.24833333,04-06-2026 11:00,12
2639,2639,Gyalshing  Bhanu Park,Sikkim,11,Sikkim,228,WEST DISTRICT,GYALSHING,-,-,Brahmaputra,Brahmaputra,-,-,-,Brahmaputra,27.29027778,88.24833333,04-06-2026 12:00,8.5
2640,2640,Gyalshing  Bhanu Park,Sikkim,11,Sikkim,228,WEST DISTRICT,GYALSHING,-,-,Brahmaputra,Brahmaputra,-,-,-,Brahmaputra,27.29027778,88.24833333,04-06-2026 13:00,19
2641,2641,Gyalshing  Bhanu Park,Sikkim,11,Sikkim,228,WEST DISTRICT,GYALSHING,-,-,Brahmaputra,Brahmaputra,-,-,-,Brahmaputra,27.29027778,88.24833333,04-06-2026 14:00,6
2642,2642,Gyalshing  Bhanu Park,Sikkim,11,Sikkim,228,WEST DISTRICT,GYALSHING,-,-,Brahmaputra,Brahmaputra,-,-,-,Brahmaputra,27.29027778,88.24833333,04-06-2026 15:00,7.5
2643,2643,Gyalshing  Bhanu Park,Sikkim,11,Sikkim,228,WEST DISTRICT,GYALSHING,-,-,Brahmaputra,Brahmaputra,-,-,-,Brahmaputra,27.29027778,88.24833333,04-06-2026 16:00,6.5
2644,2644,Gyalshing  Bhanu Park,Sikkim,11,Sikkim,228,WEST DISTRICT,GYALSHING,-,-,Brahmaputra,Brahmaputra,-,-,-,Brahmaputra,27.29027778,88.24833333,04-06-2026 17:00,5.5
2645,2645,Gyalshing  Bhanu Park,Sikkim,11,Sikkim,228,WEST DISTRICT,GYALSHING,-,-,Brahmaputra,Brahmaputra,-,-,-,Brahmaputra,27.29027778,88.24833333,04-06-2026 18:00,3.5
2646,2646,Gyalshing  Bhanu Park,Sikkim,11,Sikkim,228,WEST DISTRICT,GYALSHING,-,-,Brahmaputra,Brahmaputra,-,-,-,Brahmaputra,27.29027778,88.24833333,04-06-2026 19:00,4.5
2647,2647,Gyalshing  Bhanu Park,Sikkim,11,Sikkim,228,WEST DISTRICT,GYALSHING,-,-,Brahmaputra,Brahmaputra,-,-,-,Brahmaputra,27.29027778,88.24833333,04-06-2026 21:00,3.5
2648,2648,Gyalshing  Bhanu Park,Sikkim,11,Sikkim,228,WEST DISTRICT,GYALSHING,-,-,Brahmaputra,Brahmaputra,-,-,-,Brahmaputra,27.29027778,88.24833333,04-06-2026 22:00,13
2649,2649,Gyalshing  Bhanu Park,Sikkim,11,Sikkim,228,WEST DISTRICT,GYALSHING,-,-,Brahmaputra,Brahmaputra,-,-,-,Brahmaputra,27.29027778,88.24833333,04-06-2026 23:00,10.5
2650,2650,Gyalshing  Bhanu Park,Sikkim,11,Sikkim,228,WEST DISTRICT,GYALSHING,-,-,Brahmaputra,Brahmaputra,-,-,-,Brahmaputra,27.29027778,88.24833333,05-06-2026 00:00,3
2651,2651,Gyalshing  Bhanu Park,Sikkim,11,Sikkim,228,WEST DISTRICT,GYALSHING,-,-,Brahmaputra,Brahmaputra,-,-,-,Brahmaputra,27.29027778,88.24833333,05-06-2026 01:00,15.5
2652,2652,Gyalshing  Bhanu Park,Sikkim,11,Sikkim,228,WEST DISTRICT,GYALSHING,-,-,Brahmaputra,Brahmaputra,-,-,-,Brahmaputra,27.29027778,88.24833333,05-06-2026 02:00,2
2653,2653,Gyalshing  Bhanu Park,Sikkim,11,Sikkim,228,WEST DISTRICT,GYALSHING,-,-,Brahmaputra,Brahmaputra,-,-,-,Brahmaputra,27.29027778,88.24833333,05-06-2026 03:00,32
2654,2654,Gyalshing  Bhanu Park,Sikkim,11,Sikkim,228,WEST DISTRICT,GYALSHING,-,-,Brahmaputra,Brahmaputra,-,-,-,Brahmaputra,27.29027778,88.24833333,05-06-2026 04:00,5
2655,2655,Gyalshing  Bhanu Park,Sikkim,11,Sikkim,228,WEST DISTRICT,GYALSHING,-,-,Brahmaputra,Brahmaputra,-,-,-,Brahmaputra,27.29027778,88.24833333,05-06-2026 05:00,7.5
2656,2656,Gyalshing  Bhanu Park,Sikkim,11,Sikkim,228,WEST DISTRICT,GYALSHING,-,-,Brahmaputra,Brahmaputra,-,-,-,Brahmaputra,27.29027778,88.24833333,05-06-2026 06:00,16
2657,2657,Gyalshing  Bhanu Park,Sikkim,11,Sikkim,228,WEST DISTRICT,GYALSHING,-,-,Brahmaputra,Brahmaputra,-,-,-,Brahmaputra,27.29027778,88.24833333,05-06-2026 07:00,3
2658,2658,Gyalshing  Bhanu Park,Sikkim,11,Sikkim,228,WEST DISTRICT,GYALSHING,-,-,Brahmaputra,Brahmaputra,-,-,-,Brahmaputra,27.29027778,88.24833333,05-06-2026 09:00,5
2659,2659,Gyalshing  Bhanu Park,Sikkim,11,Sikkim,228,WEST DISTRICT,GYALSHING,-,-,Brahmaputra,Brahmaputra,-,-,-,Brahmaputra,27.29027778,88.24833333,05-06-2026 10:00,5
2660,2660,Gyalshing  Bhanu Park,Sikkim,11,Sikkim,228,WEST DISTRICT,GYALSHING,-,-,Brahmaputra,Brahmaputra,-,-,-,Brahmaputra,27.29027778,88.24833333,05-06-2026 11:00,14
2661,2661,Gyalshing  Bhanu Park,Sikkim,11,Sikkim,228,WEST DISTRICT,GYALSHING,-,-,Brahmaputra,Brahmaputra,-,-,-,Brahmaputra,27.29027778,88.24833333,05-06-2026 12:00,19
2662,2662,Gyalshing  Bhanu Park,Sikkim,11,Sikkim,228,WEST DISTRICT,GYALSHING,-,-,Brahmaputra,Brahmaputra,-,-,-,Brahmaputra,27.29027778,88.24833333,05-06-2026 13:00,9.5
2663,2663,Gyalshing  Bhanu Park,Sikkim,11,Sikkim,228,WEST DISTRICT,GYALSHING,-,-,Brahmaputra,Brahmaputra,-,-,-,Brahmaputra,27.29027778,88.24833333,05-06-2026 14:00,17.5
2664,2664,Gyalshing  Bhanu Park,Sikkim,11,Sikkim,228,WEST DISTRICT,GYALSHING,-,-,Brahmaputra,Brahmaputra,-,-,-,Brahmaputra,27.29027778,88.24833333,05-06-2026 15:00,11.5
2665,2665,Gyalshing  Bhanu Park,Sikkim,11,Sikkim,228,WEST DISTRICT,GYALSHING,-,-,Brahmaputra,Brahmaputra,-,-,-,Brahmaputra,27.29027778,88.24833333,05-06-2026 16:00,17
2666,2666,Gyalshing  Bhanu Park,Sikkim,11,Sikkim,228,WEST DISTRICT,GYALSHING,-,-,Brahmaputra,Brahmaputra,-,-,-,Brahmaputra,27.29027778,88.24833333,05-06-2026 17:00,7
2667,2667,Gyalshing  Bhanu Park,Sikkim,11,Sikkim,228,WEST DISTRICT,GYALSHING,-,-,Brahmaputra,Brahmaputra,-,-,-,Brahmaputra,27.29027778,88.24833333,05-06-2026 22:00,3.5
2668,2668,Gyalshing  Bhanu Park,Sikkim,11,Sikkim,228,WEST DISTRICT,GYALSHING,-,-,Brahmaputra,Brahmaputra,-,-,-,Brahmaputra,27.29027778,88.24833333,05-06-2026 23:00,7.5
2669,2669,Gyalshing  Bhanu Park,Sikkim,11,Sikkim,228,WEST DISTRICT,GYALSHING,-,-,Brahmaputra,Brahmaputra,-,-,-,Brahmaputra,27.29027778,88.24833333,06-06-2026 02:00,0.5
2670,2670,Gyalshing  Bhanu Park,Sikkim,11,Sikkim,228,WEST DISTRICT,GYALSHING,-,-,Brahmaputra,Brahmaputra,-,-,-,Brahmaputra,27.29027778,88.24833333,06-06-2026 05:00,0.5
2671,2671,Gyalshing  Bhanu Park,Sikkim,11,Sikkim,228,WEST DISTRICT,GYALSHING,-,-,Brahmaputra,Brahmaputra,-,-,-,Brahmaputra,27.29027778,88.24833333,06-06-2026 11:00,2.5
2672,2672,Gyalshing  Bhanu Park,Sikkim,11,Sikkim,228,WEST DISTRICT,GYALSHING,-,-,Brahmaputra,Brahmaputra,-,-,-,Brahmaputra,27.29027778,88.24833333,06-06-2026 14:00,1.5
2673,2673,Gyalshing  Bhanu Park,Sikkim,11,Sikkim,228,WEST DISTRICT,GYALSHING,-,-,Brahmaputra,Brahmaputra,-,-,-,Brahmaputra,27.29027778,88.24833333,06-06-2026 16:00,0.5
2674,2674,Gyalshing  Bhanu Park,Sikkim,11,Sikkim,228,WEST DISTRICT,GYALSHING,-,-,Brahmaputra,Brahmaputra,-,-,-,Brahmaputra,27.29027778,88.24833333,06-06-2026 18:00,1.5
2675,2675,Gyalshing  Bhanu Park,Sikkim,11,Sikkim,228,WEST DISTRICT,GYALSHING,-,-,Brahmaputra,Brahmaputra,-,-,-,Brahmaputra,27.29027778,88.24833333,06-06-2026 21:00,2.5
2676,2676,Gyalshing  Bhanu Park,Sikkim,11,Sikkim,228,WEST DISTRICT,GYALSHING,-,-,Brahmaputra,Brahmaputra,-,-,-,Brahmaputra,27.29027778,88.24833333,06-06-2026 22:00,0.5
2677,2677,Gyalshing  Bhanu Park,Sikkim,11,Sikkim,228,WEST DISTRICT,GYALSHING,-,-,Brahmaputra,Brahmaputra,-,-,-,Brahmaputra,27.29027778,88.24833333,06-06-2026 23:00,0.5
2678,2678,Gyalshing  Bhanu Park,Sikkim,11,Sikkim,228,WEST DISTRICT,GYALSHING,-,-,Brahmaputra,Brahmaputra,-,-,-,Brahmaputra,27.29027778,88.24833333,07-06-2026 02:00,0.5
2679,2679,Gyalshing  Bhanu Park,Sikkim,11,Sikkim,228,WEST DISTRICT,GYALSHING,-,-,Brahmaputra,Brahmaputra,-,-,-,Brahmaputra,27.29027778,88.24833333,07-06-2026 03:00,2.5
2680,2680,Gyalshing  Bhanu Park,Sikkim,11,Sikkim,228,WEST DISTRICT,GYALSHING,-,-,Brahmaputra,Brahmaputra,-,-,-,Brahmaputra,27.29027778,88.24833333,07-06-2026 05:00,0.5
2681,2681,Gyalshing  Bhanu Park,Sikkim,11,Sikkim,228,WEST DISTRICT,GYALSHING,-,-,Brahmaputra,Brahmaputra,-,-,-,Brahmaputra,27.29027778,88.24833333,07-06-2026 07:00,1.5
2682,2682,Gyalshing  Bhanu Park,Sikkim,11,Sikkim,228,WEST DISTRICT,GYALSHING,-,-,Brahmaputra,Brahmaputra,-,-,-,Brahmaputra,27.29027778,88.24833333,07-06-2026 09:00,4.5
2683,2683,Gyalshing  Bhanu Park,Sikkim,11,Sikkim,228,WEST DISTRICT,GYALSHING,-,-,Brahmaputra,Brahmaputra,-,-,-,Brahmaputra,27.29027778,88.24833333,07-06-2026 10:00,4.5
2684,2684,Gyalshing  Bhanu Park,Sikkim,11,Sikkim,228,WEST DISTRICT,GYALSHING,-,-,Brahmaputra,Brahmaputra,-,-,-,Brahmaputra,27.29027778,88.24833333,07-06-2026 11:00,28.5
2685,2685,Gyalshing  Bhanu Park,Sikkim,11,Sikkim,228,WEST DISTRICT,GYALSHING,-,-,Brahmaputra,Brahmaputra,-,-,-,Brahmaputra,27.29027778,88.24833333,07-06-2026 12:00,12
2686,2686,Gyalshing  Bhanu Park,Sikkim,11,Sikkim,228,WEST DISTRICT,GYALSHING,-,-,Brahmaputra,Brahmaputra,-,-,-,Brahmaputra,27.29027778,88.24833333,07-06-2026 13:00,0.5
2687,2687,Gyalshing  Bhanu Park,Sikkim,11,Sikkim,228,WEST DISTRICT,GYALSHING,-,-,Brahmaputra,Brahmaputra,-,-,-,Brahmaputra,27.29027778,88.24833333,07-06-2026 15:00,0.5
2688,2688,Gyalshing  Bhanu Park,Sikkim,11,Sikkim,228,WEST DISTRICT,GYALSHING,-,-,Brahmaputra,Brahmaputra,-,-,-,Brahmaputra,27.29027778,88.24833333,07-06-2026 23:00,0.5
2689,2689,Gyalshing  Bhanu Park,Sikkim,11,Sikkim,228,WEST DISTRICT,GYALSHING,-,-,Brahmaputra,Brahmaputra,-,-,-,Brahmaputra,27.29027778,88.24833333,08-06-2026 00:00,0.5
2690,2690,Gyalshing  Bhanu Park,Sikkim,11,Sikkim,228,WEST DISTRICT,GYALSHING,-,-,Brahmaputra,Brahmaputra,-,-,-,Brahmaputra,27.29027778,88.24833333,08-06-2026 04:00,1
2691,2691,Gyalshing  Bhanu Park,Sikkim,11,Sikkim,228,WEST DISTRICT,GYALSHING,-,-,Brahmaputra,Brahmaputra,-,-,-,Brahmaputra,27.29027778,88.24833333,08-06-2026 05:00,2
2692,2692,Gyalshing  Bhanu Park,Sikkim,11,Sikkim,228,WEST DISTRICT,GYALSHING,-,-,Brahmaputra,Brahmaputra,-,-,-,Brahmaputra,27.29027778,88.24833333,08-06-2026 07:00,2
2693,2693,Gyalshing  Bhanu Park,Sikkim,11,Sikkim,228,WEST DISTRICT,GYALSHING,-,-,Brahmaputra,Brahmaputra,-,-,-,Brahmaputra,27.29027778,88.24833333,08-06-2026 08:00,1
2694,2694,Gyalshing  Bhanu Park,Sikkim,11,Sikkim,228,WEST DISTRICT,GYALSHING,-,-,Brahmaputra,Brahmaputra,-,-,-,Brahmaputra,27.29027778,88.24833333,08-06-2026 13:00,1.5
2695,2695,Gyalshing  Bhanu Park,Sikkim,11,Sikkim,228,WEST DISTRICT,GYALSHING,-,-,Brahmaputra,Brahmaputra,-,-,-,Brahmaputra,27.29027778,88.24833333,08-06-2026 14:00,2.5
2696,2696,Gyalshing  Bhanu Park,Sikkim,11,Sikkim,228,WEST DISTRICT,GYALSHING,-,-,Brahmaputra,Brahmaputra,-,-,-,Brahmaputra,27.29027778,88.24833333,08-06-2026 15:00,2
2697,2697,Gyalshing  Bhanu Park,Sikkim,11,Sikkim,228,WEST DISTRICT,GYALSHING,-,-,Brahmaputra,Brahmaputra,-,-,-,Brahmaputra,27.29027778,88.24833333,08-06-2026 16:00,1
2698,2698,Gyalshing  Bhanu Park,Sikkim,11,Sikkim,228,WEST DISTRICT,GYALSHING,-,-,Brahmaputra,Brahmaputra,-,-,-,Brahmaputra,27.29027778,88.24833333,08-06-2026 21:00,0.5
2699,2699,Gyalshing  Bhanu Park,Sikkim,11,Sikkim,228,WEST DISTRICT,GYALSHING,-,-,Brahmaputra,Brahmaputra,-,-,-,Brahmaputra,27.29027778,88.24833333,09-06-2026 04:00,0.5
2700,2700,Gyalshing  Bhanu Park,Sikkim,11,Sikkim,228,WEST DISTRICT,GYALSHING,-,-,Brahmaputra,Brahmaputra,-,-,-,Brahmaputra,27.29027778,88.24833333,09-06-2026 10:00,1.5
2701,2701,Gyalshing  Bhanu Park,Sikkim,11,Sikkim,228,WEST DISTRICT,GYALSHING,-,-,Brahmaputra,Brahmaputra,-,-,-,Brahmaputra,27.29027778,88.24833333,09-06-2026 11:00,4.5
2702,2702,Gyalshing  Bhanu Park,Sikkim,11,Sikkim,228,WEST DISTRICT,GYALSHING,-,-,Brahmaputra,Brahmaputra,-,-,-,Brahmaputra,27.29027778,88.24833333,09-06-2026 12:00,3
2703,2703,Gyalshing  Bhanu Park,Sikkim,11,Sikkim,228,WEST DISTRICT,GYALSHING,-,-,Brahmaputra,Brahmaputra,-,-,-,Brahmaputra,27.29027778,88.24833333,09-06-2026 13:00,9
2704,2704,Gyalshing  Bhanu Park,Sikkim,11,Sikkim,228,WEST DISTRICT,GYALSHING,-,-,Brahmaputra,Brahmaputra,-,-,-,Brahmaputra,27.29027778,88.24833333,09-06-2026 14:00,20
2705,2705,Gyalshing  Bhanu Park,Sikkim,11,Sikkim,228,WEST DISTRICT,GYALSHING,-,-,Brahmaputra,Brahmaputra,-,-,-,Brahmaputra,27.29027778,88.24833333,09-06-2026 15:00,27
2706,2706,Gyalshing  Bhanu Park,Sikkim,11,Sikkim,228,WEST DISTRICT,GYALSHING,-,-,Brahmaputra,Brahmaputra,-,-,-,Brahmaputra,27.29027778,88.24833333,09-06-2026 16:00,4
2707,2707,Gyalshing  Bhanu Park,Sikkim,11,Sikkim,228,WEST DISTRICT,GYALSHING,-,-,Brahmaputra,Brahmaputra,-,-,-,Brahmaputra,27.29027778,88.24833333,09-06-2026 18:00,3.5
2708,2708,Gyalshing  Bhanu Park,Sikkim,11,Sikkim,228,WEST DISTRICT,GYALSHING,-,-,Brahmaputra,Brahmaputra,-,-,-,Brahmaputra,27.29027778,88.24833333,09-06-2026 19:00,7.5
2709,2709,Gyalshing  Bhanu Park,Sikkim,11,Sikkim,228,WEST DISTRICT,GYALSHING,-,-,Brahmaputra,Brahmaputra,-,-,-,Brahmaputra,27.29027778,88.24833333,09-06-2026 20:00,1
2710,2710,Gyalshing  Bhanu Park,Sikkim,11,Sikkim,228,WEST DISTRICT,GYALSHING,-,-,Brahmaputra,Brahmaputra,-,-,-,Brahmaputra,27.29027778,88.24833333,09-06-2026 21:00,1
2711,2711,Gyalshing  Bhanu Park,Sikkim,11,Sikkim,228,WEST DISTRICT,GYALSHING,-,-,Brahmaputra,Brahmaputra,-,-,-,Brahmaputra,27.29027778,88.24833333,09-06-2026 22:00,1.5
2712,2712,Gyalshing  Bhanu Park,Sikkim,11,Sikkim,228,WEST DISTRICT,GYALSHING,-,-,Brahmaputra,Brahmaputra,-,-,-,Brahmaputra,27.29027778,88.24833333,11-06-2026 08:00,1
2713,2713,Gyalshing  Bhanu Park,Sikkim,11,Sikkim,228,WEST DISTRICT,GYALSHING,-,-,Brahmaputra,Brahmaputra,-,-,-,Brahmaputra,27.29027778,88.24833333,11-06-2026 11:00,4
2714,2714,Gyalshing  Bhanu Park,Sikkim,11,Sikkim,228,WEST DISTRICT,GYALSHING,-,-,Brahmaputra,Brahmaputra,-,-,-,Brahmaputra,27.29027778,88.24833333,11-06-2026 12:00,5
2715,2715,Gyalshing  Bhanu Park,Sikkim,11,Sikkim,228,WEST DISTRICT,GYALSHING,-,-,Brahmaputra,Brahmaputra,-,-,-,Brahmaputra,27.29027778,88.24833333,11-06-2026 13:00,0.5
2716,2716,Gyalshing  Bhanu Park,Sikkim,11,Sikkim,228,WEST DISTRICT,GYALSHING,-,-,Brahmaputra,Brahmaputra,-,-,-,Brahmaputra,27.29027778,88.24833333,11-06-2026 14:00,2
2717,2717,Gyalshing  Bhanu Park,Sikkim,11,Sikkim,228,WEST DISTRICT,GYALSHING,-,-,Brahmaputra,Brahmaputra,-,-,-,Brahmaputra,27.29027778,88.24833333,11-06-2026 15:00,0.5
2718,2718,Gyalshing  Bhanu Park,Sikkim,11,Sikkim,228,WEST DISTRICT,GYALSHING,-,-,Brahmaputra,Brahmaputra,-,-,-,Brahmaputra,27.29027778,88.24833333,11-06-2026 16:00,0.5
2719,2719,Gyalshing  Bhanu Park,Sikkim,11,Sikkim,228,WEST DISTRICT,GYALSHING,-,-,Brahmaputra,Brahmaputra,-,-,-,Brahmaputra,27.29027778,88.24833333,11-06-2026 17:00,0.5
2720,2720,Gyalshing  Bhanu Park,Sikkim,11,Sikkim,228,WEST DISTRICT,GYALSHING,-,-,Brahmaputra,Brahmaputra,-,-,-,Brahmaputra,27.29027778,88.24833333,11-06-2026 18:00,1
2721,2721,Gyalshing  Bhanu Park,Sikkim,11,Sikkim,228,WEST DISTRICT,GYALSHING,-,-,Brahmaputra,Brahmaputra,-,-,-,Brahmaputra,27.29027778,88.24833333,11-06-2026 19:00,0.5
2722,2722,Gyalshing  Bhanu Park,Sikkim,11,Sikkim,228,WEST DISTRICT,GYALSHING,-,-,Brahmaputra,Brahmaputra,-,-,-,Brahmaputra,27.29027778,88.24833333,11-06-2026 21:00,1.5
2723,2723,Gyalshing  Bhanu Park,Sikkim,11,Sikkim,228,WEST DISTRICT,GYALSHING,-,-,Brahmaputra,Brahmaputra,-,-,-,Brahmaputra,27.29027778,88.24833333,12-06-2026 00:00,1.5
2724,2724,Gyalshing  Bhanu Park,Sikkim,11,Sikkim,228,WEST DISTRICT,GYALSHING,-,-,Brahmaputra,Brahmaputra,-,-,-,Brahmaputra,27.29027778,88.24833333,12-06-2026 03:00,0.5
2725,2725,Gyalshing  Bhanu Park,Sikkim,11,Sikkim,228,WEST DISTRICT,GYALSHING,-,-,Brahmaputra,Brahmaputra,-,-,-,Brahmaputra,27.29027778,88.24833333,12-06-2026 07:00,0.5
2726,2726,Gyalshing  Bhanu Park,Sikkim,11,Sikkim,228,WEST DISTRICT,GYALSHING,-,-,Brahmaputra,Brahmaputra,-,-,-,Brahmaputra,27.29027778,88.24833333,12-06-2026 10:00,1
2727,2727,Gyalshing  Bhanu Park,Sikkim,11,Sikkim,228,WEST DISTRICT,GYALSHING,-,-,Brahmaputra,Brahmaputra,-,-,-,Brahmaputra,27.29027778,88.24833333,12-06-2026 11:00,0.5
2728,2728,Gyalshing  Bhanu Park,Sikkim,11,Sikkim,228,WEST DISTRICT,GYALSHING,-,-,Brahmaputra,Brahmaputra,-,-,-,Brahmaputra,27.29027778,88.24833333,16-06-2026 12:00,3
2729,2729,Gyalshing  Bhanu Park,Sikkim,11,Sikkim,228,WEST DISTRICT,GYALSHING,-,-,Brahmaputra,Brahmaputra,-,-,-,Brahmaputra,27.29027778,88.24833333,16-06-2026 13:00,1.5
2730,2730,Gyalshing  Bhanu Park,Sikkim,11,Sikkim,228,WEST DISTRICT,GYALSHING,-,-,Brahmaputra,Brahmaputra,-,-,-,Brahmaputra,27.29027778,88.24833333,16-06-2026 14:00,1
2731,2731,Gyalshing  Bhanu Park,Sikkim,11,Sikkim,228,WEST DISTRICT,GYALSHING,-,-,Brahmaputra,Brahmaputra,-,-,-,Brahmaputra,27.29027778,88.24833333,16-06-2026 15:00,1.5
2732,2732,Gyalshing  Bhanu Park,Sikkim,11,Sikkim,228,WEST DISTRICT,GYALSHING,-,-,Brahmaputra,Brahmaputra,-,-,-,Brahmaputra,27.29027778,88.24833333,16-06-2026 16:00,2
2733,2733,Gyalshing  Bhanu Park,Sikkim,11,Sikkim,228,WEST DISTRICT,GYALSHING,-,-,Brahmaputra,Brahmaputra,-,-,-,Brahmaputra,27.29027778,88.24833333,16-06-2026 17:00,0.5
2734,2734,Gyalshing  Bhanu Park,Sikkim,11,Sikkim,228,WEST DISTRICT,GYALSHING,-,-,Brahmaputra,Brahmaputra,-,-,-,Brahmaputra,27.29027778,88.24833333,16-06-2026 20:00,1
2735,2735,Gyalshing  Bhanu Park,Sikkim,11,Sikkim,228,WEST DISTRICT,GYALSHING,-,-,Brahmaputra,Brahmaputra,-,-,-,Brahmaputra,27.29027778,88.24833333,16-06-2026 21:00,0.5
2736,2736,Gyalshing  Bhanu Park,Sikkim,11,Sikkim,228,WEST DISTRICT,GYALSHING,-,-,Brahmaputra,Brahmaputra,-,-,-,Brahmaputra,27.29027778,88.24833333,16-06-2026 22:00,1
2737,2737,Gyalshing  Bhanu Park,Sikkim,11,Sikkim,228,WEST DISTRICT,GYALSHING,-,-,Brahmaputra,Brahmaputra,-,-,-,Brahmaputra,27.29027778,88.24833333,16-06-2026 23:00,0.5
2738,2738,Gyalshing  Bhanu Park,Sikkim,11,Sikkim,228,WEST DISTRICT,GYALSHING,-,-,Brahmaputra,Brahmaputra,-,-,-,Brahmaputra,27.29027778,88.24833333,17-06-2026 01:00,0.5
2739,2739,Gyalshing  Bhanu Park,Sikkim,11,Sikkim,228,WEST DISTRICT,GYALSHING,-,-,Brahmaputra,Brahmaputra,-,-,-,Brahmaputra,27.29027778,88.24833333,17-06-2026 02:00,1
2740,2740,Gyalshing  Bhanu Park,Sikkim,11,Sikkim,228,WEST DISTRICT,GYALSHING,-,-,Brahmaputra,Brahmaputra,-,-,-,Brahmaputra,27.29027778,88.24833333,17-06-2026 03:00,1
2741,2741,Gyalshing  Bhanu Park,Sikkim,11,Sikkim,228,WEST DISTRICT,GYALSHING,-,-,Brahmaputra,Brahmaputra,-,-,-,Brahmaputra,27.29027778,88.24833333,17-06-2026 04:00,2.5
2742,2742,Gyalshing  Bhanu Park,Sikkim,11,Sikkim,228,WEST DISTRICT,GYALSHING,-,-,Brahmaputra,Brahmaputra,-,-,-,Brahmaputra,27.29027778,88.24833333,17-06-2026 05:00,0.5
2743,2743,Gyalshing  Bhanu Park,Sikkim,11,Sikkim,228,WEST DISTRICT,GYALSHING,-,-,Brahmaputra,Brahmaputra,-,-,-,Brahmaputra,27.29027778,88.24833333,17-06-2026 07:00,1
2744,2744,Gyalshing  Bhanu Park,Sikkim,11,Sikkim,228,WEST DISTRICT,GYALSHING,-,-,Brahmaputra,Brahmaputra,-,-,-,Brahmaputra,27.29027778,88.24833333,17-06-2026 08:00,4.5
2745,2745,Gyalshing  Bhanu Park,Sikkim,11,Sikkim,228,WEST DISTRICT,GYALSHING,-,-,Brahmaputra,Brahmaputra,-,-,-,Brahmaputra,27.29027778,88.24833333,17-06-2026 09:00,0.5
2746,2746,Gyalshing  Bhanu Park,Sikkim,11,Sikkim,228,WEST DISTRICT,GYALSHING,-,-,Brahmaputra,Brahmaputra,-,-,-,Brahmaputra,27.29027778,88.24833333,17-06-2026 11:00,3
2747,2747,Gyalshing  Bhanu Park,Sikkim,11,Sikkim,228,WEST DISTRICT,GYALSHING,-,-,Brahmaputra,Brahmaputra,-,-,-,Brahmaputra,27.29027778,88.24833333,17-06-2026 12:00,2.5
2748,2748,Gyalshing  Bhanu Park,Sikkim,11,Sikkim,228,WEST DISTRICT,GYALSHING,-,-,Brahmaputra,Brahmaputra,-,-,-,Brahmaputra,27.29027778,88.24833333,17-06-2026 13:00,5.5
2749,2749,Gyalshing  Bhanu Park,Sikkim,11,Sikkim,228,WEST DISTRICT,GYALSHING,-,-,Brahmaputra,Brahmaputra,-,-,-,Brahmaputra,27.29027778,88.24833333,17-06-2026 14:00,0.5
2750,2750,Gyalshing  Bhanu Park,Sikkim,11,Sikkim,228,WEST DISTRICT,GYALSHING,-,-,Brahmaputra,Brahmaputra,-,-,-,Brahmaputra,27.29027778,88.24833333,17-06-2026 15:00,1.5
2751,2751,Gyalshing  Bhanu Park,Sikkim,11,Sikkim,228,WEST DISTRICT,GYALSHING,-,-,Brahmaputra,Brahmaputra,-,-,-,Brahmaputra,27.29027778,88.24833333,17-06-2026 16:00,4
2752,2752,Gyalshing  Bhanu Park,Sikkim,11,Sikkim,228,WEST DISTRICT,GYALSHING,-,-,Brahmaputra,Brahmaputra,-,-,-,Brahmaputra,27.29027778,88.24833333,17-06-2026 17:00,6.5
2753,2753,Gyalshing  Bhanu Park,Sikkim,11,Sikkim,228,WEST DISTRICT,GYALSHING,-,-,Brahmaputra,Brahmaputra,-,-,-,Brahmaputra,27.29027778,88.24833333,17-06-2026 18:00,2
2754,2754,Gyalshing  Bhanu Park,Sikkim,11,Sikkim,228,WEST DISTRICT,GYALSHING,-,-,Brahmaputra,Brahmaputra,-,-,-,Brahmaputra,27.29027778,88.24833333,17-06-2026 19:00,4
2755,2755,Gyalshing  Bhanu Park,Sikkim,11,Sikkim,228,WEST DISTRICT,GYALSHING,-,-,Brahmaputra,Brahmaputra,-,-,-,Brahmaputra,27.29027778,88.24833333,17-06-2026 20:00,5
2756,2756,Gyalshing  Bhanu Park,Sikkim,11,Sikkim,228,WEST DISTRICT,GYALSHING,-,-,Brahmaputra,Brahmaputra,-,-,-,Brahmaputra,27.29027778,88.24833333,17-06-2026 21:00,2
2757,2757,Gyalshing  Bhanu Park,Sikkim,11,Sikkim,228,WEST DISTRICT,GYALSHING,-,-,Brahmaputra,Brahmaputra,-,-,-,Brahmaputra,27.29027778,88.24833333,17-06-2026 22:00,5.5
2758,2758,Gyalshing  Bhanu Park,Sikkim,11,Sikkim,228,WEST DISTRICT,GYALSHING,-,-,Brahmaputra,Brahmaputra,-,-,-,Brahmaputra,27.29027778,88.24833333,17-06-2026 23:00,3.5
2759,2759,Gyalshing  Bhanu Park,Sikkim,11,Sikkim,228,WEST DISTRICT,GYALSHING,-,-,Brahmaputra,Brahmaputra,-,-,-,Brahmaputra,27.29027778,88.24833333,18-06-2026 00:00,7
2760,2760,Gyalshing  Bhanu Park,Sikkim,11,Sikkim,228,WEST DISTRICT,GYALSHING,-,-,Brahmaputra,Brahmaputra,-,-,-,Brahmaputra,27.29027778,88.24833333,18-06-2026 01:00,10
2761,2761,Gyalshing  Bhanu Park,Sikkim,11,Sikkim,228,WEST DISTRICT,GYALSHING,-,-,Brahmaputra,Brahmaputra,-,-,-,Brahmaputra,27.29027778,88.24833333,18-06-2026 02:00,3.5
2762,2762,Gyalshing  Bhanu Park,Sikkim,11,Sikkim,228,WEST DISTRICT,GYALSHING,-,-,Brahmaputra,Brahmaputra,-,-,-,Brahmaputra,27.29027778,88.24833333,18-06-2026 03:00,7
2763,2763,Gyalshing  Bhanu Park,Sikkim,11,Sikkim,228,WEST DISTRICT,GYALSHING,-,-,Brahmaputra,Brahmaputra,-,-,-,Brahmaputra,27.29027778,88.24833333,18-06-2026 04:00,4.5
2764,2764,Gyalshing  Bhanu Park,Sikkim,11,Sikkim,228,WEST DISTRICT,GYALSHING,-,-,Brahmaputra,Brahmaputra,-,-,-,Brahmaputra,27.29027778,88.24833333,18-06-2026 05:00,14.5
2765,2765,Gyalshing  Bhanu Park,Sikkim,11,Sikkim,228,WEST DISTRICT,GYALSHING,-,-,Brahmaputra,Brahmaputra,-,-,-,Brahmaputra,27.29027778,88.24833333,18-06-2026 06:00,7
2766,2766,Gyalshing  Bhanu Park,Sikkim,11,Sikkim,228,WEST DISTRICT,GYALSHING,-,-,Brahmaputra,Brahmaputra,-,-,-,Brahmaputra,27.29027778,88.24833333,18-06-2026 07:00,7
2767,2767,Gyalshing  Bhanu Park,Sikkim,11,Sikkim,228,WEST DISTRICT,GYALSHING,-,-,Brahmaputra,Brahmaputra,-,-,-,Brahmaputra,27.29027778,88.24833333,18-06-2026 08:00,3
2768,2768,Gyalshing  Bhanu Park,Sikkim,11,Sikkim,228,WEST DISTRICT,GYALSHING,-,-,Brahmaputra,Brahmaputra,-,-,-,Brahmaputra,27.29027778,88.24833333,18-06-2026 09:00,1
2769,2769,Gyalshing  Bhanu Park,Sikkim,11,Sikkim,228,WEST DISTRICT,GYALSHING,-,-,Brahmaputra,Brahmaputra,-,-,-,Brahmaputra,27.29027778,88.24833333,18-06-2026 10:00,30.5
2770,2770,Gyalshing  Bhanu Park,Sikkim,11,Sikkim,228,WEST DISTRICT,GYALSHING,-,-,Brahmaputra,Brahmaputra,-,-,-,Brahmaputra,27.29027778,88.24833333,18-06-2026 11:00,4.5
2771,2771,Gyalshing  Bhanu Park,Sikkim,11,Sikkim,228,WEST DISTRICT,GYALSHING,-,-,Brahmaputra,Brahmaputra,-,-,-,Brahmaputra,27.29027778,88.24833333,18-06-2026 13:00,3.5
2772,2772,Gyalshing  Bhanu Park,Sikkim,11,Sikkim,228,WEST DISTRICT,GYALSHING,-,-,Brahmaputra,Brahmaputra,-,-,-,Brahmaputra,27.29027778,88.24833333,18-06-2026 14:00,17.5
2773,2773,Gyalshing  Bhanu Park,Sikkim,11,Sikkim,228,WEST DISTRICT,GYALSHING,-,-,Brahmaputra,Brahmaputra,-,-,-,Brahmaputra,27.29027778,88.24833333,18-06-2026 15:00,2
2774,2774,Gyalshing  Bhanu Park,Sikkim,11,Sikkim,228,WEST DISTRICT,GYALSHING,-,-,Brahmaputra,Brahmaputra,-,-,-,Brahmaputra,27.29027778,88.24833333,18-06-2026 16:00,23
2775,2775,Gyalshing  Bhanu Park,Sikkim,11,Sikkim,228,WEST DISTRICT,GYALSHING,-,-,Brahmaputra,Brahmaputra,-,-,-,Brahmaputra,27.29027778,88.24833333,18-06-2026 17:00,74.5
2776,2776,Gyalshing  Bhanu Park,Sikkim,11,Sikkim,228,WEST DISTRICT,GYALSHING,-,-,Brahmaputra,Brahmaputra,-,-,-,Brahmaputra,27.29027778,88.24833333,18-06-2026 18:00,44.5
2777,2777,Gyalshing  Bhanu Park,Sikkim,11,Sikkim,228,WEST DISTRICT,GYALSHING,-,-,Brahmaputra,Brahmaputra,-,-,-,Brahmaputra,27.29027778,88.24833333,18-06-2026 19:00,53
2778,2778,Gyalshing  Bhanu Park,Sikkim,11,Sikkim,228,WEST DISTRICT,GYALSHING,-,-,Brahmaputra,Brahmaputra,-,-,-,Brahmaputra,27.29027778,88.24833333,18-06-2026 20:00,101
2779,2779,Gyalshing  Bhanu Park,Sikkim,11,Sikkim,228,WEST DISTRICT,GYALSHING,-,-,Brahmaputra,Brahmaputra,-,-,-,Brahmaputra,27.29027778,88.24833333,18-06-2026 21:00,3
2780,2780,Gyalshing  Bhanu Park,Sikkim,11,Sikkim,228,WEST DISTRICT,GYALSHING,-,-,Brahmaputra,Brahmaputra,-,-,-,Brahmaputra,27.29027778,88.24833333,18-06-2026 22:00,4
2781,2781,Gyalshing  Bhanu Park,Sikkim,11,Sikkim,228,WEST DISTRICT,GYALSHING,-,-,Brahmaputra,Brahmaputra,-,-,-,Brahmaputra,27.29027778,88.24833333,18-06-2026 23:00,4.5
2782,2782,Gyalshing  Bhanu Park,Sikkim,11,Sikkim,228,WEST DISTRICT,GYALSHING,-,-,Brahmaputra,Brahmaputra,-,-,-,Brahmaputra,27.29027778,88.24833333,19-06-2026 00:00,1.5
2783,2783,Gyalshing  Bhanu Park,Sikkim,11,Sikkim,228,WEST DISTRICT,GYALSHING,-,-,Brahmaputra,Brahmaputra,-,-,-,Brahmaputra,27.29027778,88.24833333,19-06-2026 01:00,11.5
2784,2784,Gyalshing  Bhanu Park,Sikkim,11,Sikkim,228,WEST DISTRICT,GYALSHING,-,-,Brahmaputra,Brahmaputra,-,-,-,Brahmaputra,27.29027778,88.24833333,19-06-2026 02:00,3.5
2785,2785,Gyalshing  Bhanu Park,Sikkim,11,Sikkim,228,WEST DISTRICT,GYALSHING,-,-,Brahmaputra,Brahmaputra,-,-,-,Brahmaputra,27.29027778,88.24833333,19-06-2026 03:00,1
2786,2786,Gyalshing  Bhanu Park,Sikkim,11,Sikkim,228,WEST DISTRICT,GYALSHING,-,-,Brahmaputra,Brahmaputra,-,-,-,Brahmaputra,27.29027778,88.24833333,19-06-2026 04:00,5
2787,2787,Gyalshing  Bhanu Park,Sikkim,11,Sikkim,228,WEST DISTRICT,GYALSHING,-,-,Brahmaputra,Brahmaputra,-,-,-,Brahmaputra,27.29027778,88.24833333,19-06-2026 05:00,5
2788,2788,Gyalshing  Bhanu Park,Sikkim,11,Sikkim,228,WEST DISTRICT,GYALSHING,-,-,Brahmaputra,Brahmaputra,-,-,-,Brahmaputra,27.29027778,88.24833333,19-06-2026 06:00,5
2789,2789,Gyalshing  Bhanu Park,Sikkim,11,Sikkim,228,WEST DISTRICT,GYALSHING,-,-,Brahmaputra,Brahmaputra,-,-,-,Brahmaputra,27.29027778,88.24833333,19-06-2026 07:00,4
2790,2790,Gyalshing  Bhanu Park,Sikkim,11,Sikkim,228,WEST DISTRICT,GYALSHING,-,-,Brahmaputra,Brahmaputra,-,-,-,Brahmaputra,27.29027778,88.24833333,19-06-2026 08:00,10.5
2791,2791,Gyalshing  Bhanu Park,Sikkim,11,Sikkim,228,WEST DISTRICT,GYALSHING,-,-,Brahmaputra,Brahmaputra,-,-,-,Brahmaputra,27.29027778,88.24833333,19-06-2026 09:00,1.5
2792,2792,Gyalshing  Bhanu Park,Sikkim,11,Sikkim,228,WEST DISTRICT,GYALSHING,-,-,Brahmaputra,Brahmaputra,-,-,-,Brahmaputra,27.29027778,88.24833333,19-06-2026 10:00,1
2793,2793,Gyalshing  Bhanu Park,Sikkim,11,Sikkim,228,WEST DISTRICT,GYALSHING,-,-,Brahmaputra,Brahmaputra,-,-,-,Brahmaputra,27.29027778,88.24833333,19-06-2026 11:00,1.5
2794,2794,Gyalshing  Bhanu Park,Sikkim,11,Sikkim,228,WEST DISTRICT,GYALSHING,-,-,Brahmaputra,Brahmaputra,-,-,-,Brahmaputra,27.29027778,88.24833333,19-06-2026 12:00,1.5
2795,2795,Gyalshing  Bhanu Park,Sikkim,11,Sikkim,228,WEST DISTRICT,GYALSHING,-,-,Brahmaputra,Brahmaputra,-,-,-,Brahmaputra,27.29027778,88.24833333,19-06-2026 15:00,10
2796,2796,Gyalshing  Bhanu Park,Sikkim,11,Sikkim,228,WEST DISTRICT,GYALSHING,-,-,Brahmaputra,Brahmaputra,-,-,-,Brahmaputra,27.29027778,88.24833333,19-06-2026 16:00,6
2797,2797,Gyalshing  Bhanu Park,Sikkim,11,Sikkim,228,WEST DISTRICT,GYALSHING,-,-,Brahmaputra,Brahmaputra,-,-,-,Brahmaputra,27.29027778,88.24833333,19-06-2026 17:00,2.5
2798,2798,Gyalshing  Bhanu Park,Sikkim,11,Sikkim,228,WEST DISTRICT,GYALSHING,-,-,Brahmaputra,Brahmaputra,-,-,-,Brahmaputra,27.29027778,88.24833333,19-06-2026 18:00,2.5
2799,2799,Gyalshing  Bhanu Park,Sikkim,11,Sikkim,228,WEST DISTRICT,GYALSHING,-,-,Brahmaputra,Brahmaputra,-,-,-,Brahmaputra,27.29027778,88.24833333,19-06-2026 19:00,2.5
2800,2800,Gyalshing  Bhanu Park,Sikkim,11,Sikkim,228,WEST DISTRICT,GYALSHING,-,-,Brahmaputra,Brahmaputra,-,-,-,Brahmaputra,27.29027778,88.24833333,19-06-2026 20:00,9.5
2801,2801,Gyalshing  Bhanu Park,Sikkim,11,Sikkim,228,WEST DISTRICT,GYALSHING,-,-,Brahmaputra,Brahmaputra,-,-,-,Brahmaputra,27.29027778,88.24833333,19-06-2026 21:00,4.5
2802,2802,Gyalshing  Bhanu Park,Sikkim,11,Sikkim,228,WEST DISTRICT,GYALSHING,-,-,Brahmaputra,Brahmaputra,-,-,-,Brahmaputra,27.29027778,88.24833333,19-06-2026 22:00,5
2803,2803,Gyalshing  Bhanu Park,Sikkim,11,Sikkim,228,WEST DISTRICT,GYALSHING,-,-,Brahmaputra,Brahmaputra,-,-,-,Brahmaputra,27.29027778,88.24833333,19-06-2026 23:00,2.5
2804,2804,Gyalshing  Bhanu Park,Sikkim,11,Sikkim,228,WEST DISTRICT,GYALSHING,-,-,Brahmaputra,Brahmaputra,-,-,-,Brahmaputra,27.29027778,88.24833333,20-06-2026 00:00,1.5
2805,2805,Gyalshing  Bhanu Park,Sikkim,11,Sikkim,228,WEST DISTRICT,GYALSHING,-,-,Brahmaputra,Brahmaputra,-,-,-,Brahmaputra,27.29027778,88.24833333,20-06-2026 01:00,1
2806,2806,Gyalshing  Bhanu Park,Sikkim,11,Sikkim,228,WEST DISTRICT,GYALSHING,-,-,Brahmaputra,Brahmaputra,-,-,-,Brahmaputra,27.29027778,88.24833333,20-06-2026 02:00,3
2807,2807,Gyalshing  Bhanu Park,Sikkim,11,Sikkim,228,WEST DISTRICT,GYALSHING,-,-,Brahmaputra,Brahmaputra,-,-,-,Brahmaputra,27.29027778,88.24833333,20-06-2026 03:00,5
2808,2808,Gyalshing  Bhanu Park,Sikkim,11,Sikkim,228,WEST DISTRICT,GYALSHING,-,-,Brahmaputra,Brahmaputra,-,-,-,Brahmaputra,27.29027778,88.24833333,20-06-2026 04:00,2.5
2809,2809,Gyalshing  Bhanu Park,Sikkim,11,Sikkim,228,WEST DISTRICT,GYALSHING,-,-,Brahmaputra,Brahmaputra,-,-,-,Brahmaputra,27.29027778,88.24833333,20-06-2026 05:00,5.5
2810,2810,Gyalshing  Bhanu Park,Sikkim,11,Sikkim,228,WEST DISTRICT,GYALSHING,-,-,Brahmaputra,Brahmaputra,-,-,-,Brahmaputra,27.29027778,88.24833333,20-06-2026 06:00,3
2811,2811,Gyalshing  Bhanu Park,Sikkim,11,Sikkim,228,WEST DISTRICT,GYALSHING,-,-,Brahmaputra,Brahmaputra,-,-,-,Brahmaputra,27.29027778,88.24833333,20-06-2026 07:00,9.5
2812,2812,Gyalshing  Bhanu Park,Sikkim,11,Sikkim,228,WEST DISTRICT,GYALSHING,-,-,Brahmaputra,Brahmaputra,-,-,-,Brahmaputra,27.29027778,88.24833333,20-06-2026 08:00,48
2813,2813,Gyalshing  Bhanu Park,Sikkim,11,Sikkim,228,WEST DISTRICT,GYALSHING,-,-,Brahmaputra,Brahmaputra,-,-,-,Brahmaputra,27.29027778,88.24833333,20-06-2026 09:00,46
2814,2814,Gyalshing  Bhanu Park,Sikkim,11,Sikkim,228,WEST DISTRICT,GYALSHING,-,-,Brahmaputra,Brahmaputra,-,-,-,Brahmaputra,27.29027778,88.24833333,20-06-2026 10:00,4.5
2815,2815,Gyalshing  Bhanu Park,Sikkim,11,Sikkim,228,WEST DISTRICT,GYALSHING,-,-,Brahmaputra,Brahmaputra,-,-,-,Brahmaputra,27.29027778,88.24833333,20-06-2026 14:00,5
2816,2816,Gyalshing  Bhanu Park,Sikkim,11,Sikkim,228,WEST DISTRICT,GYALSHING,-,-,Brahmaputra,Brahmaputra,-,-,-,Brahmaputra,27.29027778,88.24833333,20-06-2026 15:00,11.5
2817,2817,Gyalshing  Bhanu Park,Sikkim,11,Sikkim,228,WEST DISTRICT,GYALSHING,-,-,Brahmaputra,Brahmaputra,-,-,-,Brahmaputra,27.29027778,88.24833333,20-06-2026 16:00,8
2818,2818,Gyalshing  Bhanu Park,Sikkim,11,Sikkim,228,WEST DISTRICT,GYALSHING,-,-,Brahmaputra,Brahmaputra,-,-,-,Brahmaputra,27.29027778,88.24833333,20-06-2026 17:00,6
2819,2819,Gyalshing  Bhanu Park,Sikkim,11,Sikkim,228,WEST DISTRICT,GYALSHING,-,-,Brahmaputra,Brahmaputra,-,-,-,Brahmaputra,27.29027778,88.24833333,20-06-2026 18:00,4
2820,2820,Gyalshing  Bhanu Park,Sikkim,11,Sikkim,228,WEST DISTRICT,GYALSHING,-,-,Brahmaputra,Brahmaputra,-,-,-,Brahmaputra,27.29027778,88.24833333,20-06-2026 22:00,7.5
2821,2821,Gyalshing  Bhanu Park,Sikkim,11,Sikkim,228,WEST DISTRICT,GYALSHING,-,-,Brahmaputra,Brahmaputra,-,-,-,Brahmaputra,27.29027778,88.24833333,20-06-2026 23:00,31
2822,2822,Gyalshing  Bhanu Park,Sikkim,11,Sikkim,228,WEST DISTRICT,GYALSHING,-,-,Brahmaputra,Brahmaputra,-,-,-,Brahmaputra,27.29027778,88.24833333,21-06-2026 00:00,8
2823,2823,Gyalshing  Bhanu Park,Sikkim,11,Sikkim,228,WEST DISTRICT,GYALSHING,-,-,Brahmaputra,Brahmaputra,-,-,-,Brahmaputra,27.29027778,88.24833333,21-06-2026 01:00,27.5
2824,2824,Gyalshing  Bhanu Park,Sikkim,11,Sikkim,228,WEST DISTRICT,GYALSHING,-,-,Brahmaputra,Brahmaputra,-,-,-,Brahmaputra,27.29027778,88.24833333,21-06-2026 02:00,8.5
2825,2825,Gyalshing  Bhanu Park,Sikkim,11,Sikkim,228,WEST DISTRICT,GYALSHING,-,-,Brahmaputra,Brahmaputra,-,-,-,Brahmaputra,27.29027778,88.24833333,21-06-2026 03:00,2
2826,2826,Gyalshing  Bhanu Park,Sikkim,11,Sikkim,228,WEST DISTRICT,GYALSHING,-,-,Brahmaputra,Brahmaputra,-,-,-,Brahmaputra,27.29027778,88.24833333,21-06-2026 08:00,0.5
2827,2827,Gyalshing  Bhanu Park,Sikkim,11,Sikkim,228,WEST DISTRICT,GYALSHING,-,-,Brahmaputra,Brahmaputra,-,-,-,Brahmaputra,27.29027778,88.24833333,21-06-2026 11:00,2
2828,2828,Gyalshing  Bhanu Park,Sikkim,11,Sikkim,228,WEST DISTRICT,GYALSHING,-,-,Brahmaputra,Brahmaputra,-,-,-,Brahmaputra,27.29027778,88.24833333,21-06-2026 15:00,1.5
2829,2829,Gyalshing  Bhanu Park,Sikkim,11,Sikkim,228,WEST DISTRICT,GYALSHING,-,-,Brahmaputra,Brahmaputra,-,-,-,Brahmaputra,27.29027778,88.24833333,24-06-2026 20:00,1
2830,2830,Gyalshing  Bhanu Park,Sikkim,11,Sikkim,228,WEST DISTRICT,GYALSHING,-,-,Brahmaputra,Brahmaputra,-,-,-,Brahmaputra,27.29027778,88.24833333,24-06-2026 21:00,2.5
2831,2831,Gyalshing  Bhanu Park,Sikkim,11,Sikkim,228,WEST DISTRICT,GYALSHING,-,-,Brahmaputra,Brahmaputra,-,-,-,Brahmaputra,27.29027778,88.24833333,24-06-2026 22:00,3
2832,2832,Gyalshing  Bhanu Park,Sikkim,11,Sikkim,228,WEST DISTRICT,GYALSHING,-,-,Brahmaputra,Brahmaputra,-,-,-,Brahmaputra,27.29027778,88.24833333,24-06-2026 23:00,1.5
2833,2833,Gyalshing  Bhanu Park,Sikkim,11,Sikkim,228,WEST DISTRICT,GYALSHING,-,-,Brahmaputra,Brahmaputra,-,-,-,Brahmaputra,27.29027778,88.24833333,25-06-2026 00:00,1
2834,2834,Gyalshing  Bhanu Park,Sikkim,11,Sikkim,228,WEST DISTRICT,GYALSHING,-,-,Brahmaputra,Brahmaputra,-,-,-,Brahmaputra,27.29027778,88.24833333,25-06-2026 16:00,3.5
2835,2835,Gyalshing  Bhanu Park,Sikkim,11,Sikkim,228,WEST DISTRICT,GYALSHING,-,-,Brahmaputra,Brahmaputra,-,-,-,Brahmaputra,27.29027778,88.24833333,25-06-2026 17:00,1
2836,2836,Gyalshing  Bhanu Park,Sikkim,11,Sikkim,228,WEST DISTRICT,GYALSHING,-,-,Brahmaputra,Brahmaputra,-,-,-,Brahmaputra,27.29027778,88.24833333,25-06-2026 18:00,2.5
2837,2837,Gyalshing  Bhanu Park,Sikkim,11,Sikkim,228,WEST DISTRICT,GYALSHING,-,-,Brahmaputra,Brahmaputra,-,-,-,Brahmaputra,27.29027778,88.24833333,25-06-2026 19:00,3
2838,2838,Gyalshing  Bhanu Park,Sikkim,11,Sikkim,228,WEST DISTRICT,GYALSHING,-,-,Brahmaputra,Brahmaputra,-,-,-,Brahmaputra,27.29027778,88.24833333,25-06-2026 20:00,3.5
2839,2839,Gyalshing  Bhanu Park,Sikkim,11,Sikkim,228,WEST DISTRICT,GYALSHING,-,-,Brahmaputra,Brahmaputra,-,-,-,Brahmaputra,27.29027778,88.24833333,25-06-2026 21:00,8
2840,2840,Gyalshing  Bhanu Park,Sikkim,11,Sikkim,228,WEST DISTRICT,GYALSHING,-,-,Brahmaputra,Brahmaputra,-,-,-,Brahmaputra,27.29027778,88.24833333,25-06-2026 22:00,0.5
2841,2841,Gyalshing  Bhanu Park,Sikkim,11,Sikkim,228,WEST DISTRICT,GYALSHING,-,-,Brahmaputra,Brahmaputra,-,-,-,Brahmaputra,27.29027778,88.24833333,25-06-2026 23:00,1
2842,2842,Gyalshing  Bhanu Park,Sikkim,11,Sikkim,228,WEST DISTRICT,GYALSHING,-,-,Brahmaputra,Brahmaputra,-,-,-,Brahmaputra,27.29027778,88.24833333,26-06-2026 01:00,4
2843,2843,Gyalshing  Bhanu Park,Sikkim,11,Sikkim,228,WEST DISTRICT,GYALSHING,-,-,Brahmaputra,Brahmaputra,-,-,-,Brahmaputra,27.29027778,88.24833333,26-06-2026 02:00,5
2844,2844,Gyalshing  Bhanu Park,Sikkim,11,Sikkim,228,WEST DISTRICT,GYALSHING,-,-,Brahmaputra,Brahmaputra,-,-,-,Brahmaputra,27.29027778,88.24833333,26-06-2026 05:00,0.5
2845,2845,Gyalshing  Bhanu Park,Sikkim,11,Sikkim,228,WEST DISTRICT,GYALSHING,-,-,Brahmaputra,Brahmaputra,-,-,-,Brahmaputra,27.29027778,88.24833333,26-06-2026 06:00,1
2846,2846,Gyalshing  Bhanu Park,Sikkim,11,Sikkim,228,WEST DISTRICT,GYALSHING,-,-,Brahmaputra,Brahmaputra,-,-,-,Brahmaputra,27.29027778,88.24833333,26-06-2026 08:00,2
2847,2847,Gyalshing  Bhanu Park,Sikkim,11,Sikkim,228,WEST DISTRICT,GYALSHING,-,-,Brahmaputra,Brahmaputra,-,-,-,Brahmaputra,27.29027778,88.24833333,26-06-2026 16:00,0.5
2848,2848,Gyalshing  Bhanu Park,Sikkim,11,Sikkim,228,WEST DISTRICT,GYALSHING,-,-,Brahmaputra,Brahmaputra,-,-,-,Brahmaputra,27.29027778,88.24833333,26-06-2026 19:00,0.5
2849,2849,Gyalshing  Bhanu Park,Sikkim,11,Sikkim,228,WEST DISTRICT,GYALSHING,-,-,Brahmaputra,Brahmaputra,-,-,-,Brahmaputra,27.29027778,88.24833333,26-06-2026 20:00,1
2850,2850,Gyalshing  Bhanu Park,Sikkim,11,Sikkim,228,WEST DISTRICT,GYALSHING,-,-,Brahmaputra,Brahmaputra,-,-,-,Brahmaputra,27.29027778,88.24833333,26-06-2026 21:00,1
2851,2851,Gyalshing  Bhanu Park,Sikkim,11,Sikkim,228,WEST DISTRICT,GYALSHING,-,-,Brahmaputra,Brahmaputra,-,-,-,Brahmaputra,27.29027778,88.24833333,26-06-2026 22:00,1
2852,2852,Gyalshing  Bhanu Park,Sikkim,11,Sikkim,228,WEST DISTRICT,GYALSHING,-,-,Brahmaputra,Brahmaputra,-,-,-,Brahmaputra,27.29027778,88.24833333,26-06-2026 23:00,2
2853,2853,Gyalshing  Bhanu Park,Sikkim,11,Sikkim,228,WEST DISTRICT,GYALSHING,-,-,Brahmaputra,Brahmaputra,-,-,-,Brahmaputra,27.29027778,88.24833333,27-06-2026 00:00,2
2854,2854,Gyalshing  Bhanu Park,Sikkim,11,Sikkim,228,WEST DISTRICT,GYALSHING,-,-,Brahmaputra,Brahmaputra,-,-,-,Brahmaputra,27.29027778,88.24833333,27-06-2026 01:00,3.5
2855,2855,Gyalshing  Bhanu Park,Sikkim,11,Sikkim,228,WEST DISTRICT,GYALSHING,-,-,Brahmaputra,Brahmaputra,-,-,-,Brahmaputra,27.29027778,88.24833333,27-06-2026 02:00,1.5
2856,2856,Gyalshing  Bhanu Park,Sikkim,11,Sikkim,228,WEST DISTRICT,GYALSHING,-,-,Brahmaputra,Brahmaputra,-,-,-,Brahmaputra,27.29027778,88.24833333,27-06-2026 04:00,2.5
2857,2857,Gyalshing  Bhanu Park,Sikkim,11,Sikkim,228,WEST DISTRICT,GYALSHING,-,-,Brahmaputra,Brahmaputra,-,-,-,Brahmaputra,27.29027778,88.24833333,27-06-2026 06:00,0.5
2858,2858,Gyalshing  Bhanu Park,Sikkim,11,Sikkim,228,WEST DISTRICT,GYALSHING,-,-,Brahmaputra,Brahmaputra,-,-,-,Brahmaputra,27.29027778,88.24833333,27-06-2026 08:00,2
2859,2859,Gyalshing  Bhanu Park,Sikkim,11,Sikkim,228,WEST DISTRICT,GYALSHING,-,-,Brahmaputra,Brahmaputra,-,-,-,Brahmaputra,27.29027778,88.24833333,27-06-2026 09:00,0.5
2860,2860,Gyalshing  Bhanu Park,Sikkim,11,Sikkim,228,WEST DISTRICT,GYALSHING,-,-,Brahmaputra,Brahmaputra,-,-,-,Brahmaputra,27.29027778,88.24833333,27-06-2026 16:00,0.5
2861,2861,Gyalshing  Bhanu Park,Sikkim,11,Sikkim,228,WEST DISTRICT,GYALSHING,-,-,Brahmaputra,Brahmaputra,-,-,-,Brahmaputra,27.29027778,88.24833333,27-06-2026 19:00,0.5
2862,2862,Gyalshing  Bhanu Park,Sikkim,11,Sikkim,228,WEST DISTRICT,GYALSHING,-,-,Brahmaputra,Brahmaputra,-,-,-,Brahmaputra,27.29027778,88.24833333,28-06-2026 14:00,0.5
2863,2863,Gyalshing  Bhanu Park,Sikkim,11,Sikkim,228,WEST DISTRICT,GYALSHING,-,-,Brahmaputra,Brahmaputra,-,-,-,Brahmaputra,27.29027778,88.24833333,28-06-2026 15:00,6
2864,2864,Gyalshing  Bhanu Park,Sikkim,11,Sikkim,228,WEST DISTRICT,GYALSHING,-,-,Brahmaputra,Brahmaputra,-,-,-,Brahmaputra,27.29027778,88.24833333,28-06-2026 16:00,0.5
2865,2865,Gyalshing  Bhanu Park,Sikkim,11,Sikkim,228,WEST DISTRICT,GYALSHING,-,-,Brahmaputra,Brahmaputra,-,-,-,Brahmaputra,27.29027778,88.24833333,28-06-2026 19:00,0.5
2866,2866,Gyalshing  Bhanu Park,Sikkim,11,Sikkim,228,WEST DISTRICT,GYALSHING,-,-,Brahmaputra,Brahmaputra,-,-,-,Brahmaputra,27.29027778,88.24833333,28-06-2026 20:00,0.5
2867,2867,Gyalshing  Bhanu Park,Sikkim,11,Sikkim,228,WEST DISTRICT,GYALSHING,-,-,Brahmaputra,Brahmaputra,-,-,-,Brahmaputra,27.29027778,88.24833333,28-06-2026 21:00,0.5
2868,2868,Gyalshing  Bhanu Park,Sikkim,11,Sikkim,228,WEST DISTRICT,GYALSHING,-,-,Brahmaputra,Brahmaputra,-,-,-,Brahmaputra,27.29027778,88.24833333,28-06-2026 22:00,0.5
2869,2869,Gyalshing  Bhanu Park,Sikkim,11,Sikkim,228,WEST DISTRICT,GYALSHING,-,-,Brahmaputra,Brahmaputra,-,-,-,Brahmaputra,27.29027778,88.24833333,29-06-2026 01:00,0.5
2870,2870,Gyalshing  Bhanu Park,Sikkim,11,Sikkim,228,WEST DISTRICT,GYALSHING,-,-,Brahmaputra,Brahmaputra,-,-,-,Brahmaputra,27.29027778,88.24833333,29-06-2026 12:00,1.5
2871,2871,Gyalshing  Bhanu Park,Sikkim,11,Sikkim,228,WEST DISTRICT,GYALSHING,-,-,Brahmaputra,Brahmaputra,-,-,-,Brahmaputra,27.29027778,88.24833333,29-06-2026 18:00,0.5
2872,2872,Gyalshing  Bhanu Park,Sikkim,11,Sikkim,228,WEST DISTRICT,GYALSHING,-,-,Brahmaputra,Brahmaputra,-,-,-,Brahmaputra,27.29027778,88.24833333,29-06-2026 19:00,1
2873,2873,Gyalshing  Bhanu Park,Sikkim,11,Sikkim,228,WEST DISTRICT,GYALSHING,-,-,Brahmaputra,Brahmaputra,-,-,-,Brahmaputra,27.29027778,88.24833333,29-06-2026 21:00,1
2874,2874,Gyalshing  Bhanu Park,Sikkim,11,Sikkim,228,WEST DISTRICT,GYALSHING,-,-,Brahmaputra,Brahmaputra,-,-,-,Brahmaputra,27.29027778,88.24833333,29-06-2026 22:00,2
2875,2875,Gyalshing  Bhanu Park,Sikkim,11,Sikkim,228,WEST DISTRICT,GYALSHING,-,-,Brahmaputra,Brahmaputra,-,-,-,Brahmaputra,27.29027778,88.24833333,30-06-2026 00:00,0.5
2876,2876,Gyalshing  Bhanu Park,Sikkim,11,Sikkim,228,WEST DISTRICT,GYALSHING,-,-,Brahmaputra,Brahmaputra,-,-,-,Brahmaputra,27.29027778,88.24833333,30-06-2026 06:00,1
2877,2877,Gyalshing  Bhanu Park,Sikkim,11,Sikkim,228,WEST DISTRICT,GYALSHING,-,-,Brahmaputra,Brahmaputra,-,-,-,Brahmaputra,27.29027778,88.24833333,30-06-2026 07:00,1.5
2878,2878,Gyalshing  Bhanu Park,Sikkim,11,Sikkim,228,WEST DISTRICT,GYALSHING,-,-,Brahmaputra,Brahmaputra,-,-,-,Brahmaputra,27.29027778,88.24833333,30-06-2026 10:00,0.5
2879,2879,Gyalshing  Bhanu Park,Sikkim,11,Sikkim,228,WEST DISTRICT,GYALSHING,-,-,Brahmaputra,Brahmaputra,-,-,-,Brahmaputra,27.29027778,88.24833333,30-06-2026 11:00,1.5
2880,2880,Gyalshing  Bhanu Park,Sikkim,11,Sikkim,228,WEST DISTRICT,GYALSHING,-,-,Brahmaputra,Brahmaputra,-,-,-,Brahmaputra,27.29027778,88.24833333,30-06-2026 12:00,0.5
2881,2881,Gyalshing  Bhanu Park,Sikkim,11,Sikkim,228,WEST DISTRICT,GYALSHING,-,-,Brahmaputra,Brahmaputra,-,-,-,Brahmaputra,27.29027778,88.24833333,30-06-2026 18:00,0.5
2882,2882,Gyalshing  Bhanu Park,Sikkim,11,Sikkim,228,WEST DISTRICT,GYALSHING,-,-,Brahmaputra,Brahmaputra,-,-,-,Brahmaputra,27.29027778,88.24833333,30-06-2026 19:00,1
2883,2883,Gyalshing  Bhanu Park,Sikkim,11,Sikkim,228,WEST DISTRICT,GYALSHING,-,-,Brahmaputra,Brahmaputra,-,-,-,Brahmaputra,27.29027778,88.24833333,30-06-2026 20:00,3.5
2884,2884,Gyalshing  Bhanu Park,Sikkim,11,Sikkim,228,WEST DISTRICT,GYALSHING,-,-,Brahmaputra,Brahmaputra,-,-,-,Brahmaputra,27.29027778,88.24833333,30-06-2026 21:00,2
2885,2885,Gyalshing  Bhanu Park,Sikkim,11,Sikkim,228,WEST DISTRICT,GYALSHING,-,-,Brahmaputra,Brahmaputra,-,-,-,Brahmaputra,27.29027778,88.24833333,30-06-2026 22:00,0.5
2886,2886,Gyalshing  Bhanu Park,Sikkim,11,Sikkim,228,WEST DISTRICT,GYALSHING,-,-,Brahmaputra,Brahmaputra,-,-,-,Brahmaputra,27.29027778,88.24833333,01-07-2026 01:00,2
2887,2887,Gyalshing  Bhanu Park,Sikkim,11,Sikkim,228,WEST DISTRICT,GYALSHING,-,-,Brahmaputra,Brahmaputra,-,-,-,Brahmaputra,27.29027778,88.24833333,01-07-2026 06:00,1.5
2888,2888,Gyalshing  Bhanu Park,Sikkim,11,Sikkim,228,WEST DISTRICT,GYALSHING,-,-,Brahmaputra,Brahmaputra,-,-,-,Brahmaputra,27.29027778,88.24833333,01-07-2026 15:00,3.5
2889,2889,Gyalshing  Bhanu Park,Sikkim,11,Sikkim,228,WEST DISTRICT,GYALSHING,-,-,Brahmaputra,Brahmaputra,-,-,-,Brahmaputra,27.29027778,88.24833333,01-07-2026 16:00,3
2890,2890,Gyalshing  Bhanu Park,Sikkim,11,Sikkim,228,WEST DISTRICT,GYALSHING,-,-,Brahmaputra,Brahmaputra,-,-,-,Brahmaputra,27.29027778,88.24833333,01-07-2026 17:00,0.5
2891,2891,Gyalshing  Bhanu Park,Sikkim,11,Sikkim,228,WEST DISTRICT,GYALSHING,-,-,Brahmaputra,Brahmaputra,-,-,-,Brahmaputra,27.29027778,88.24833333,01-07-2026 22:00,0.5
2892,2892,Gyalshing  Bhanu Park,Sikkim,11,Sikkim,228,WEST DISTRICT,GYALSHING,-,-,Brahmaputra,Brahmaputra,-,-,-,Brahmaputra,27.29027778,88.24833333,01-07-2026 23:00,0.5
2893,2893,Gyalshing  Bhanu Park,Sikkim,11,Sikkim,228,WEST DISTRICT,GYALSHING,-,-,Brahmaputra,Brahmaputra,-,-,-,Brahmaputra,27.29027778,88.24833333,02-07-2026 06:00,0.5
2894,2894,Gyalshing  Bhanu Park,Sikkim,11,Sikkim,228,WEST DISTRICT,GYALSHING,-,-,Brahmaputra,Brahmaputra,-,-,-,Brahmaputra,27.29027778,88.24833333,02-07-2026 07:00,0.5
2895,2895,Gyalshing  Bhanu Park,Sikkim,11,Sikkim,228,WEST DISTRICT,GYALSHING,-,-,Brahmaputra,Brahmaputra,-,-,-,Brahmaputra,27.29027778,88.24833333,02-07-2026 08:00,0.5
2896,2896,Gyalshing  Bhanu Park,Sikkim,11,Sikkim,228,WEST DISTRICT,GYALSHING,-,-,Brahmaputra,Brahmaputra,-,-,-,Brahmaputra,27.29027778,88.24833333,02-07-2026 10:00,1
2897,2897,Gyalshing  Bhanu Park,Sikkim,11,Sikkim,228,WEST DISTRICT,GYALSHING,-,-,Brahmaputra,Brahmaputra,-,-,-,Brahmaputra,27.29027778,88.24833333,02-07-2026 12:00,2.5
2898,2898,Gyalshing  Bhanu Park,Sikkim,11,Sikkim,228,WEST DISTRICT,GYALSHING,-,-,Brahmaputra,Brahmaputra,-,-,-,Brahmaputra,27.29027778,88.24833333,02-07-2026 13:00,0.5
2899,2899,Gyalshing  Bhanu Park,Sikkim,11,Sikkim,228,WEST DISTRICT,GYALSHING,-,-,Brahmaputra,Brahmaputra,-,-,-,Brahmaputra,27.29027778,88.24833333,02-07-2026 14:00,1
2900,2900,Gyalshing  Bhanu Park,Sikkim,11,Sikkim,228,WEST DISTRICT,GYALSHING,-,-,Brahmaputra,Brahmaputra,-,-,-,Brahmaputra,27.29027778,88.24833333,02-07-2026 15:00,2.5
2901,2901,Gyalshing  Bhanu Park,Sikkim,11,Sikkim,228,WEST DISTRICT,GYALSHING,-,-,Brahmaputra,Brahmaputra,-,-,-,Brahmaputra,27.29027778,88.24833333,02-07-2026 16:00,1.5
2902,2902,Gyalshing  Bhanu Park,Sikkim,11,Sikkim,228,WEST DISTRICT,GYALSHING,-,-,Brahmaputra,Brahmaputra,-,-,-,Brahmaputra,27.29027778,88.24833333,02-07-2026 17:00,2
2903,2903,Gyalshing  Bhanu Park,Sikkim,11,Sikkim,228,WEST DISTRICT,GYALSHING,-,-,Brahmaputra,Brahmaputra,-,-,-,Brahmaputra,27.29027778,88.24833333,03-07-2026 05:00,1.5
2904,2904,Gyalshing  Bhanu Park,Sikkim,11,Sikkim,228,WEST DISTRICT,GYALSHING,-,-,Brahmaputra,Brahmaputra,-,-,-,Brahmaputra,27.29027778,88.24833333,03-07-2026 07:00,1
2905,2905,Gyalshing  Bhanu Park,Sikkim,11,Sikkim,228,WEST DISTRICT,GYALSHING,-,-,Brahmaputra,Brahmaputra,-,-,-,Brahmaputra,27.29027778,88.24833333,03-07-2026 08:00,1.5
2906,2906,Gyalshing  Bhanu Park,Sikkim,11,Sikkim,228,WEST DISTRICT,GYALSHING,-,-,Brahmaputra,Brahmaputra,-,-,-,Brahmaputra,27.29027778,88.24833333,03-07-2026 09:00,3.5
2907,2907,Gyalshing  Bhanu Park,Sikkim,11,Sikkim,228,WEST DISTRICT,GYALSHING,-,-,Brahmaputra,Brahmaputra,-,-,-,Brahmaputra,27.29027778,88.24833333,03-07-2026 10:00,0.5
2908,2908,Gyalshing  Bhanu Park,Sikkim,11,Sikkim,228,WEST DISTRICT,GYALSHING,-,-,Brahmaputra,Brahmaputra,-,-,-,Brahmaputra,27.29027778,88.24833333,03-07-2026 11:00,1
2909,2909,Gyalshing  Bhanu Park,Sikkim,11,Sikkim,228,WEST DISTRICT,GYALSHING,-,-,Brahmaputra,Brahmaputra,-,-,-,Brahmaputra,27.29027778,88.24833333,03-07-2026 12:00,2.5
2910,2910,Gyalshing  Bhanu Park,Sikkim,11,Sikkim,228,WEST DISTRICT,GYALSHING,-,-,Brahmaputra,Brahmaputra,-,-,-,Brahmaputra,27.29027778,88.24833333,03-07-2026 13:00,1
2911,2911,Gyalshing  Bhanu Park,Sikkim,11,Sikkim,228,WEST DISTRICT,GYALSHING,-,-,Brahmaputra,Brahmaputra,-,-,-,Brahmaputra,27.29027778,88.24833333,03-07-2026 15:00,1
2912,2912,Gyalshing  Bhanu Park,Sikkim,11,Sikkim,228,WEST DISTRICT,GYALSHING,-,-,Brahmaputra,Brahmaputra,-,-,-,Brahmaputra,27.29027778,88.24833333,03-07-2026 16:00,1
2913,2913,Gyalshing  Bhanu Park,Sikkim,11,Sikkim,228,WEST DISTRICT,GYALSHING,-,-,Brahmaputra,Brahmaputra,-,-,-,Brahmaputra,27.29027778,88.24833333,03-07-2026 17:00,0.5
2914,2914,Gyalshing  Bhanu Park,Sikkim,11,Sikkim,228,WEST DISTRICT,GYALSHING,-,-,Brahmaputra,Brahmaputra,-,-,-,Brahmaputra,27.29027778,88.24833333,03-07-2026 18:00,0.5
2915,2915,Gyalshing  Bhanu Park,Sikkim,11,Sikkim,228,WEST DISTRICT,GYALSHING,-,-,Brahmaputra,Brahmaputra,-,-,-,Brahmaputra,27.29027778,88.24833333,03-07-2026 20:00,0.5
2916,2916,Gyalshing  Bhanu Park,Sikkim,11,Sikkim,228,WEST DISTRICT,GYALSHING,-,-,Brahmaputra,Brahmaputra,-,-,-,Brahmaputra,27.29027778,88.24833333,03-07-2026 21:00,0.5
2917,2917,Gyalshing  Bhanu Park,Sikkim,11,Sikkim,228,WEST DISTRICT,GYALSHING,-,-,Brahmaputra,Brahmaputra,-,-,-,Brahmaputra,27.29027778,88.24833333,03-07-2026 22:00,0.5
2918,2918,Gyalshing  Bhanu Park,Sikkim,11,Sikkim,228,WEST DISTRICT,GYALSHING,-,-,Brahmaputra,Brahmaputra,-,-,-,Brahmaputra,27.29027778,88.24833333,04-07-2026 00:00,1
2919,2919,Gyalshing  Bhanu Park,Sikkim,11,Sikkim,228,WEST DISTRICT,GYALSHING,-,-,Brahmaputra,Brahmaputra,-,-,-,Brahmaputra,27.29027778,88.24833333,04-07-2026 01:00,1
2920,2920,Gyalshing  Bhanu Park,Sikkim,11,Sikkim,228,WEST DISTRICT,GYALSHING,-,-,Brahmaputra,Brahmaputra,-,-,-,Brahmaputra,27.29027778,88.24833333,04-07-2026 05:00,1.5
2921,2921,Gyalshing  Bhanu Park,Sikkim,11,Sikkim,228,WEST DISTRICT,GYALSHING,-,-,Brahmaputra,Brahmaputra,-,-,-,Brahmaputra,27.29027778,88.24833333,04-07-2026 08:00,0.5
2922,2922,Gyalshing  Bhanu Park,Sikkim,11,Sikkim,228,WEST DISTRICT,GYALSHING,-,-,Brahmaputra,Brahmaputra,-,-,-,Brahmaputra,27.29027778,88.24833333,04-07-2026 09:00,1
2923,2923,Gyalshing  Bhanu Park,Sikkim,11,Sikkim,228,WEST DISTRICT,GYALSHING,-,-,Brahmaputra,Brahmaputra,-,-,-,Brahmaputra,27.29027778,88.24833333,04-07-2026 11:00,1.5
2924,2924,Gyalshing  Bhanu Park,Sikkim,11,Sikkim,228,WEST DISTRICT,GYALSHING,-,-,Brahmaputra,Brahmaputra,-,-,-,Brahmaputra,27.29027778,88.24833333,04-07-2026 12:00,2.5
2925,2925,Gyalshing  Bhanu Park,Sikkim,11,Sikkim,228,WEST DISTRICT,GYALSHING,-,-,Brahmaputra,Brahmaputra,-,-,-,Brahmaputra,27.29027778,88.24833333,04-07-2026 13:00,1
2926,2926,Gyalshing  Bhanu Park,Sikkim,11,Sikkim,228,WEST DISTRICT,GYALSHING,-,-,Brahmaputra,Brahmaputra,-,-,-,Brahmaputra,27.29027778,88.24833333,04-07-2026 14:00,1
2927,2927,Gyalshing  Bhanu Park,Sikkim,11,Sikkim,228,WEST DISTRICT,GYALSHING,-,-,Brahmaputra,Brahmaputra,-,-,-,Brahmaputra,27.29027778,88.24833333,04-07-2026 15:00,0.5
2928,2928,Gyalshing  Bhanu Park,Sikkim,11,Sikkim,228,WEST DISTRICT,GYALSHING,-,-,Brahmaputra,Brahmaputra,-,-,-,Brahmaputra,27.29027778,88.24833333,04-07-2026 16:00,0.5
2929,2929,Gyalshing  Bhanu Park,Sikkim,11,Sikkim,228,WEST DISTRICT,GYALSHING,-,-,Brahmaputra,Brahmaputra,-,-,-,Brahmaputra,27.29027778,88.24833333,04-07-2026 17:00,1.5
2930,2930,Gyalshing  Bhanu Park,Sikkim,11,Sikkim,228,WEST DISTRICT,GYALSHING,-,-,Brahmaputra,Brahmaputra,-,-,-,Brahmaputra,27.29027778,88.24833333,04-07-2026 18:00,0.5
2931,2931,Gyalshing  Bhanu Park,Sikkim,11,Sikkim,228,WEST DISTRICT,GYALSHING,-,-,Brahmaputra,Brahmaputra,-,-,-,Brahmaputra,27.29027778,88.24833333,04-07-2026 20:00,0.5
2932,2932,Gyalshing  Bhanu Park,Sikkim,11,Sikkim,228,WEST DISTRICT,GYALSHING,-,-,Brahmaputra,Brahmaputra,-,-,-,Brahmaputra,27.29027778,88.24833333,04-07-2026 21:00,0.5
2933,2933,Gyalshing  Bhanu Park,Sikkim,11,Sikkim,228,WEST DISTRICT,GYALSHING,-,-,Brahmaputra,Brahmaputra,-,-,-,Brahmaputra,27.29027778,88.24833333,04-07-2026 22:00,0.5
2934,2934,Gyalshing  Bhanu Park,Sikkim,11,Sikkim,228,WEST DISTRICT,GYALSHING,-,-,Brahmaputra,Brahmaputra,-,-,-,Brahmaputra,27.29027778,88.24833333,05-07-2026 07:00,0.5
2935,2935,Gyalshing  Bhanu Park,Sikkim,11,Sikkim,228,WEST DISTRICT,GYALSHING,-,-,Brahmaputra,Brahmaputra,-,-,-,Brahmaputra,27.29027778,88.24833333,05-07-2026 08:00,1
2936,2936,Gyalshing  Bhanu Park,Sikkim,11,Sikkim,228,WEST DISTRICT,GYALSHING,-,-,Brahmaputra,Brahmaputra,-,-,-,Brahmaputra,27.29027778,88.24833333,05-07-2026 11:00,0.5
2937,2937,Gyalshing  Bhanu Park,Sikkim,11,Sikkim,228,WEST DISTRICT,GYALSHING,-,-,Brahmaputra,Brahmaputra,-,-,-,Brahmaputra,27.29027778,88.24833333,05-07-2026 13:00,1.5
2938,2938,Gyalshing  Bhanu Park,Sikkim,11,Sikkim,228,WEST DISTRICT,GYALSHING,-,-,Brahmaputra,Brahmaputra,-,-,-,Brahmaputra,27.29027778,88.24833333,05-07-2026 15:00,0.5
2939,2939,Gyalshing  Bhanu Park,Sikkim,11,Sikkim,228,WEST DISTRICT,GYALSHING,-,-,Brahmaputra,Brahmaputra,-,-,-,Brahmaputra,27.29027778,88.24833333,05-07-2026 23:00,0.5
2940,2940,Gyalshing  Bhanu Park,Sikkim,11,Sikkim,228,WEST DISTRICT,GYALSHING,-,-,Brahmaputra,Brahmaputra,-,-,-,Brahmaputra,27.29027778,88.24833333,06-07-2026 00:00,0.5
2941,2941,Gyalshing  Bhanu Park,Sikkim,11,Sikkim,228,WEST DISTRICT,GYALSHING,-,-,Brahmaputra,Brahmaputra,-,-,-,Brahmaputra,27.29027778,88.24833333,06-07-2026 01:00,0.5
2942,2942,Gyalshing  Bhanu Park,Sikkim,11,Sikkim,228,WEST DISTRICT,GYALSHING,-,-,Brahmaputra,Brahmaputra,-,-,-,Brahmaputra,27.29027778,88.24833333,06-07-2026 09:00,0.5
2943,2943,Gyalshing  Bhanu Park,Sikkim,11,Sikkim,228,WEST DISTRICT,GYALSHING,-,-,Brahmaputra,Brahmaputra,-,-,-,Brahmaputra,27.29027778,88.24833333,06-07-2026 15:00,0.5
2944,2944,Gyalshing  Bhanu Park,Sikkim,11,Sikkim,228,WEST DISTRICT,GYALSHING,-,-,Brahmaputra,Brahmaputra,-,-,-,Brahmaputra,27.29027778,88.24833333,06-07-2026 20:00,0.5
2945,2945,Gyalshing  Bhanu Park,Sikkim,11,Sikkim,228,WEST DISTRICT,GYALSHING,-,-,Brahmaputra,Brahmaputra,-,-,-,Brahmaputra,27.29027778,88.24833333,06-07-2026 22:00,0.5
2946,2946,Gyalshing  Bhanu Park,Sikkim,11,Sikkim,228,WEST DISTRICT,GYALSHING,-,-,Brahmaputra,Brahmaputra,-,-,-,Brahmaputra,27.29027778,88.24833333,07-07-2026 00:00,0.5
2947,2947,Gyalshing  Bhanu Park,Sikkim,11,Sikkim,228,WEST DISTRICT,GYALSHING,-,-,Brahmaputra,Brahmaputra,-,-,-,Brahmaputra,27.29027778,88.24833333,07-07-2026 01:00,0.5
2948,2948,Gyalshing  Bhanu Park,Sikkim,11,Sikkim,228,WEST DISTRICT,GYALSHING,-,-,Brahmaputra,Brahmaputra,-,-,-,Brahmaputra,27.29027778,88.24833333,07-07-2026 02:00,0.5
2949,2949,Gyalshing  Bhanu Park,Sikkim,11,Sikkim,228,WEST DISTRICT,GYALSHING,-,-,Brahmaputra,Brahmaputra,-,-,-,Brahmaputra,27.29027778,88.24833333,07-07-2026 03:00,0.5
2950,2950,Gyalshing  Bhanu Park,Sikkim,11,Sikkim,228,WEST DISTRICT,GYALSHING,-,-,Brahmaputra,Brahmaputra,-,-,-,Brahmaputra,27.29027778,88.24833333,07-07-2026 05:00,0.5
2951,2951,Gyalshing  Bhanu Park,Sikkim,11,Sikkim,228,WEST DISTRICT,GYALSHING,-,-,Brahmaputra,Brahmaputra,-,-,-,Brahmaputra,27.29027778,88.24833333,07-07-2026 13:00,0.5
2952,2952,Gyalshing  Bhanu Park,Sikkim,11,Sikkim,228,WEST DISTRICT,GYALSHING,-,-,Brahmaputra,Brahmaputra,-,-,-,Brahmaputra,27.29027778,88.24833333,07-07-2026 14:00,0.5
2953,2953,Gyalshing  Bhanu Park,Sikkim,11,Sikkim,228,WEST DISTRICT,GYALSHING,-,-,Brahmaputra,Brahmaputra,-,-,-,Brahmaputra,27.29027778,88.24833333,08-07-2026 10:00,2
2954,2954,Gyalshing  Bhanu Park,Sikkim,11,Sikkim,228,WEST DISTRICT,GYALSHING,-,-,Brahmaputra,Brahmaputra,-,-,-,Brahmaputra,27.29027778,88.24833333,08-07-2026 11:00,1.5
2955,2955,Gyalshing  Bhanu Park,Sikkim,11,Sikkim,228,WEST DISTRICT,GYALSHING,-,-,Brahmaputra,Brahmaputra,-,-,-,Brahmaputra,27.29027778,88.24833333,08-07-2026 12:00,3
2956,2956,Gyalshing  Bhanu Park,Sikkim,11,Sikkim,228,WEST DISTRICT,GYALSHING,-,-,Brahmaputra,Brahmaputra,-,-,-,Brahmaputra,27.29027778,88.24833333,08-07-2026 13:00,1.5
2957,2957,Gyalshing  Bhanu Park,Sikkim,11,Sikkim,228,WEST DISTRICT,GYALSHING,-,-,Brahmaputra,Brahmaputra,-,-,-,Brahmaputra,27.29027778,88.24833333,08-07-2026 14:00,0.5
2958,2958,Gyalshing  Bhanu Park,Sikkim,11,Sikkim,228,WEST DISTRICT,GYALSHING,-,-,Brahmaputra,Brahmaputra,-,-,-,Brahmaputra,27.29027778,88.24833333,08-07-2026 16:00,0.5
2959,2959,Gyalshing  Bhanu Park,Sikkim,11,Sikkim,228,WEST DISTRICT,GYALSHING,-,-,Brahmaputra,Brahmaputra,-,-,-,Brahmaputra,27.29027778,88.24833333,08-07-2026 19:00,0.5
2960,2960,Gyalshing  Bhanu Park,Sikkim,11,Sikkim,228,WEST DISTRICT,GYALSHING,-,-,Brahmaputra,Brahmaputra,-,-,-,Brahmaputra,27.29027778,88.24833333,09-07-2026 03:00,1
2961,2961,Gyalshing  Bhanu Park,Sikkim,11,Sikkim,228,WEST DISTRICT,GYALSHING,-,-,Brahmaputra,Brahmaputra,-,-,-,Brahmaputra,27.29027778,88.24833333,09-07-2026 05:00,0.5
2962,2962,Gyalshing  Bhanu Park,Sikkim,11,Sikkim,228,WEST DISTRICT,GYALSHING,-,-,Brahmaputra,Brahmaputra,-,-,-,Brahmaputra,27.29027778,88.24833333,10-07-2026 16:00,0.5
2963,2963,Gyalshing  Bhanu Park,Sikkim,11,Sikkim,228,WEST DISTRICT,GYALSHING,-,-,Brahmaputra,Brahmaputra,-,-,-,Brahmaputra,27.29027778,88.24833333,10-07-2026 17:00,3
2964,2964,Gyalshing  Bhanu Park,Sikkim,11,Sikkim,228,WEST DISTRICT,GYALSHING,-,-,Brahmaputra,Brahmaputra,-,-,-,Brahmaputra,27.29027778,88.24833333,10-07-2026 18:00,1.5
2965,2965,Gyalshing  Bhanu Park,Sikkim,11,Sikkim,228,WEST DISTRICT,GYALSHING,-,-,Brahmaputra,Brahmaputra,-,-,-,Brahmaputra,27.29027778,88.24833333,10-07-2026 20:00,0.5
2966,2966,Gyalshing  Bhanu Park,Sikkim,11,Sikkim,228,WEST DISTRICT,GYALSHING,-,-,Brahmaputra,Brahmaputra,-,-,-,Brahmaputra,27.29027778,88.24833333,11-07-2026 05:00,0.5
2967,2967,Gyalshing  Bhanu Park,Sikkim,11,Sikkim,228,WEST DISTRICT,GYALSHING,-,-,Brahmaputra,Brahmaputra,-,-,-,Brahmaputra,27.29027778,88.24833333,11-07-2026 08:00,1
2968,2968,Gyalshing  Bhanu Park,Sikkim,11,Sikkim,228,WEST DISTRICT,GYALSHING,-,-,Brahmaputra,Brahmaputra,-,-,-,Brahmaputra,27.29027778,88.24833333,11-07-2026 10:00,1.5
2969,2969,Gyalshing  Bhanu Park,Sikkim,11,Sikkim,228,WEST DISTRICT,GYALSHING,-,-,Brahmaputra,Brahmaputra,-,-,-,Brahmaputra,27.29027778,88.24833333,11-07-2026 17:00,1
2970,2970,Gyalshing  Bhanu Park,Sikkim,11,Sikkim,228,WEST DISTRICT,GYALSHING,-,-,Brahmaputra,Brahmaputra,-,-,-,Brahmaputra,27.29027778,88.24833333,11-07-2026 22:00,0.5
2971,2971,Gyalshing  Bhanu Park,Sikkim,11,Sikkim,228,WEST DISTRICT,GYALSHING,-,-,Brahmaputra,Brahmaputra,-,-,-,Brahmaputra,27.29027778,88.24833333,12-07-2026 10:00,0.5
2972,2972,Gyalshing  Bhanu Park,Sikkim,11,Sikkim,228,WEST DISTRICT,GYALSHING,-,-,Brahmaputra,Brahmaputra,-,-,-,Brahmaputra,27.29027778,88.24833333,12-07-2026 14:00,0.5
2973,2973,Gyalshing  Bhanu Park,Sikkim,11,Sikkim,228,WEST DISTRICT,GYALSHING,-,-,Brahmaputra,Brahmaputra,-,-,-,Brahmaputra,27.29027778,88.24833333,12-07-2026 15:00,0.5
2974,2974,Gyalshing  Bhanu Park,Sikkim,11,Sikkim,228,WEST DISTRICT,GYALSHING,-,-,Brahmaputra,Brahmaputra,-,-,-,Brahmaputra,27.29027778,88.24833333,12-07-2026 18:00,0.5
2975,2975,Gyalshing  Bhanu Park,Sikkim,11,Sikkim,228,WEST DISTRICT,GYALSHING,-,-,Brahmaputra,Brahmaputra,-,-,-,Brahmaputra,27.29027778,88.24833333,13-07-2026 01:00,0.5
2976,2976,Gyalshing  Bhanu Park,Sikkim,11,Sikkim,228,WEST DISTRICT,GYALSHING,-,-,Brahmaputra,Brahmaputra,-,-,-,Brahmaputra,27.29027778,88.24833333,13-07-2026 08:00,0.5
2977,2977,Gyalshing  Bhanu Park,Sikkim,11,Sikkim,228,WEST DISTRICT,GYALSHING,-,-,Brahmaputra,Brahmaputra,-,-,-,Brahmaputra,27.29027778,88.24833333,13-07-2026 09:00,0.5
2978,2978,Gyalshing  Bhanu Park,Sikkim,11,Sikkim,228,WEST DISTRICT,GYALSHING,-,-,Brahmaputra,Brahmaputra,-,-,-,Brahmaputra,27.29027778,88.24833333,13-07-2026 12:00,0.5
2979,2979,Gyalshing  Bhanu Park,Sikkim,11,Sikkim,228,WEST DISTRICT,GYALSHING,-,-,Brahmaputra,Brahmaputra,-,-,-,Brahmaputra,27.29027778,88.24833333,13-07-2026 15:00,0.5
2980,2980,Gyalshing  Bhanu Park,Sikkim,11,Sikkim,228,WEST DISTRICT,GYALSHING,-,-,Brahmaputra,Brahmaputra,-,-,-,Brahmaputra,27.29027778,88.24833333,14-07-2026 02:00,1
2981,2981,Gyalshing  Bhanu Park,Sikkim,11,Sikkim,228,WEST DISTRICT,GYALSHING,-,-,Brahmaputra,Brahmaputra,-,-,-,Brahmaputra,27.29027778,88.24833333,14-07-2026 15:00,0.5
2982,2982,Gyalshing  Bhanu Park,Sikkim,11,Sikkim,228,WEST DISTRICT,GYALSHING,-,-,Brahmaputra,Brahmaputra,-,-,-,Brahmaputra,27.29027778,88.24833333,14-07-2026 16:00,4.5
2983,2983,Gyalshing  Bhanu Park,Sikkim,11,Sikkim,228,WEST DISTRICT,GYALSHING,-,-,Brahmaputra,Brahmaputra,-,-,-,Brahmaputra,27.29027778,88.24833333,14-07-2026 17:00,6.5
2984,2984,Gyalshing  Bhanu Park,Sikkim,11,Sikkim,228,WEST DISTRICT,GYALSHING,-,-,Brahmaputra,Brahmaputra,-,-,-,Brahmaputra,27.29027778,88.24833333,14-07-2026 18:00,2.5
2985,2985,Gyalshing  Bhanu Park,Sikkim,11,Sikkim,228,WEST DISTRICT,GYALSHING,-,-,Brahmaputra,Brahmaputra,-,-,-,Brahmaputra,27.29027778,88.24833333,14-07-2026 19:00,1.5
2986,2986,Gyalshing  Bhanu Park,Sikkim,11,Sikkim,228,WEST DISTRICT,GYALSHING,-,-,Brahmaputra,Brahmaputra,-,-,-,Brahmaputra,27.29027778,88.24833333,14-07-2026 21:00,6
2987,2987,Gyalshing  Bhanu Park,Sikkim,11,Sikkim,228,WEST DISTRICT,GYALSHING,-,-,Brahmaputra,Brahmaputra,-,-,-,Brahmaputra,27.29027778,88.24833333,15-07-2026 01:00,0.5
2988,2988,Gyalshing  Bhanu Park,Sikkim,11,Sikkim,228,WEST DISTRICT,GYALSHING,-,-,Brahmaputra,Brahmaputra,-,-,-,Brahmaputra,27.29027778,88.24833333,15-07-2026 02:00,1
2989,2989,Gyalshing  Bhanu Park,Sikkim,11,Sikkim,228,WEST DISTRICT,GYALSHING,-,-,Brahmaputra,Brahmaputra,-,-,-,Brahmaputra,27.29027778,88.24833333,15-07-2026 09:00,2.5
2990,2990,Gyalshing  Bhanu Park,Sikkim,11,Sikkim,228,WEST DISTRICT,GYALSHING,-,-,Brahmaputra,Brahmaputra,-,-,-,Brahmaputra,27.29027778,88.24833333,15-07-2026 14:00,0.5
2991,2991,Gyalshing  Bhanu Park,Sikkim,11,Sikkim,228,WEST DISTRICT,GYALSHING,-,-,Brahmaputra,Brahmaputra,-,-,-,Brahmaputra,27.29027778,88.24833333,15-07-2026 15:00,0.5
2992,2992,Gyalshing  Bhanu Park,Sikkim,11,Sikkim,228,WEST DISTRICT,GYALSHING,-,-,Brahmaputra,Brahmaputra,-,-,-,Brahmaputra,27.29027778,88.24833333,15-07-2026 16:00,0.5
2993,2993,Gyalshing  Bhanu Park,Sikkim,11,Sikkim,228,WEST DISTRICT,GYALSHING,-,-,Brahmaputra,Brahmaputra,-,-,-,Brahmaputra,27.29027778,88.24833333,15-07-2026 18:00,0.5
2994,2994,Gyalshing  Bhanu Park,Sikkim,11,Sikkim,228,WEST DISTRICT,GYALSHING,-,-,Brahmaputra,Brahmaputra,-,-,-,Brahmaputra,27.29027778,88.24833333,15-07-2026 21:00,0.5
2995,2995,Gyalshing  Bhanu Park,Sikkim,11,Sikkim,228,WEST DISTRICT,GYALSHING,-,-,Brahmaputra,Brahmaputra,-,-,-,Brahmaputra,27.29027778,88.24833333,16-07-2026 01:00,0.5
2996,2996,Gyalshing  Bhanu Park,Sikkim,11,Sikkim,228,WEST DISTRICT,GYALSHING,-,-,Brahmaputra,Brahmaputra,-,-,-,Brahmaputra,27.29027778,88.24833333,16-07-2026 03:00,0.5
2997,2997,Gyalshing  Bhanu Park,Sikkim,11,Sikkim,228,WEST DISTRICT,GYALSHING,-,-,Brahmaputra,Brahmaputra,-,-,-,Brahmaputra,27.29027778,88.24833333,16-07-2026 07:00,0.5
2998,2998,Gyalshing  Bhanu Park,Sikkim,11,Sikkim,228,WEST DISTRICT,GYALSHING,-,-,Brahmaputra,Brahmaputra,-,-,-,Brahmaputra,27.29027778,88.24833333,16-07-2026 08:00,0.5
2999,2999,Gyalshing  Bhanu Park,Sikkim,11,Sikkim,228,WEST DISTRICT,GYALSHING,-,-,Brahmaputra,Brahmaputra,-,-,-,Brahmaputra,27.29027778,88.24833333,16-07-2026 09:00,0.5
3000,3000,Gyalshing  Bhanu Park,Sikkim,11,Sikkim,228,WEST DISTRICT,GYALSHING,-,-,Brahmaputra,Brahmaputra,-,-,-,Brahmaputra,27.29027778,88.24833333,16-07-2026 10:00,1.5
3001,3001,Gyalshing  Bhanu Park,Sikkim,11,Sikkim,228,WEST DISTRICT,GYALSHING,-,-,Brahmaputra,Brahmaputra,-,-,-,Brahmaputra,27.29027778,88.24833333,16-07-2026 11:00,1
3002,3002,Gyalshing  Bhanu Park,Sikkim,11,Sikkim,228,WEST DISTRICT,GYALSHING,-,-,Brahmaputra,Brahmaputra,-,-,-,Brahmaputra,27.29027778,88.24833333,16-07-2026 12:00,2
3003,3003,Gyalshing  Bhanu Park,Sikkim,11,Sikkim,228,WEST DISTRICT,GYALSHING,-,-,Brahmaputra,Brahmaputra,-,-,-,Brahmaputra,27.29027778,88.24833333,16-07-2026 13:00,1
3004,3004,Gyalshing  Bhanu Park,Sikkim,11,Sikkim,228,WEST DISTRICT,GYALSHING,-,-,Brahmaputra,Brahmaputra,-,-,-,Brahmaputra,27.29027778,88.24833333,16-07-2026 14:00,1
3005,3005,Gyalshing  Bhanu Park,Sikkim,11,Sikkim,228,WEST DISTRICT,GYALSHING,-,-,Brahmaputra,Brahmaputra,-,-,-,Brahmaputra,27.29027778,88.24833333,16-07-2026 16:00,0.5
3006,3006,Gyalshing  Bhanu Park,Sikkim,11,Sikkim,228,WEST DISTRICT,GYALSHING,-,-,Brahmaputra,Brahmaputra,-,-,-,Brahmaputra,27.29027778,88.24833333,16-07-2026 17:00,0.5
3007,3007,Gyalshing  Bhanu Park,Sikkim,11,Sikkim,228,WEST DISTRICT,GYALSHING,-,-,Brahmaputra,Brahmaputra,-,-,-,Brahmaputra,27.29027778,88.24833333,17-07-2026 09:00,1
3008,3008,Gyalshing  Bhanu Park,Sikkim,11,Sikkim,228,WEST DISTRICT,GYALSHING,-,-,Brahmaputra,Brahmaputra,-,-,-,Brahmaputra,27.29027778,88.24833333,17-07-2026 11:00,1.5
3009,3009,Gyalshing  Bhanu Park,Sikkim,11,Sikkim,228,WEST DISTRICT,GYALSHING,-,-,Brahmaputra,Brahmaputra,-,-,-,Brahmaputra,27.29027778,88.24833333,17-07-2026 12:00,0.5
3010,3010,Gyalshing  Bhanu Park,Sikkim,11,Sikkim,228,WEST DISTRICT,GYALSHING,-,-,Brahmaputra,Brahmaputra,-,-,-,Brahmaputra,27.29027778,88.24833333,17-07-2026 13:00,0.5
3011,3011,Gyalshing  Bhanu Park,Sikkim,11,Sikkim,228,WEST DISTRICT,GYALSHING,-,-,Brahmaputra,Brahmaputra,-,-,-,Brahmaputra,27.29027778,88.24833333,17-07-2026 14:00,1
3012,3012,Gyalshing  Bhanu Park,Sikkim,11,Sikkim,228,WEST DISTRICT,GYALSHING,-,-,Brahmaputra,Brahmaputra,-,-,-,Brahmaputra,27.29027778,88.24833333,17-07-2026 23:00,0.5
3013,3013,Gyalshing  Bhanu Park,Sikkim,11,Sikkim,228,WEST DISTRICT,GYALSHING,-,-,Brahmaputra,Brahmaputra,-,-,-,Brahmaputra,27.29027778,88.24833333,18-07-2026 03:00,1
3014,3014,Gyalshing  Bhanu Park,Sikkim,11,Sikkim,228,WEST DISTRICT,GYALSHING,-,-,Brahmaputra,Brahmaputra,-,-,-,Brahmaputra,27.29027778,88.24833333,18-07-2026 04:00,2
3015,3015,Gyalshing  Bhanu Park,Sikkim,11,Sikkim,228,WEST DISTRICT,GYALSHING,-,-,Brahmaputra,Brahmaputra,-,-,-,Brahmaputra,27.29027778,88.24833333,18-07-2026 05:00,1.5
3016,3016,Gyalshing  Bhanu Park,Sikkim,11,Sikkim,228,WEST DISTRICT,GYALSHING,-,-,Brahmaputra,Brahmaputra,-,-,-,Brahmaputra,27.29027778,88.24833333,18-07-2026 07:00,0.5
3017,3017,Gyalshing  Bhanu Park,Sikkim,11,Sikkim,228,WEST DISTRICT,GYALSHING,-,-,Brahmaputra,Brahmaputra,-,-,-,Brahmaputra,27.29027778,88.24833333,18-07-2026 09:00,0.5
3018,3018,Gyalshing  Bhanu Park,Sikkim,11,Sikkim,228,WEST DISTRICT,GYALSHING,-,-,Brahmaputra,Brahmaputra,-,-,-,Brahmaputra,27.29027778,88.24833333,18-07-2026 10:00,0.5
3019,3019,Gyalshing  Bhanu Park,Sikkim,11,Sikkim,228,WEST DISTRICT,GYALSHING,-,-,Brahmaputra,Brahmaputra,-,-,-,Brahmaputra,27.29027778,88.24833333,18-07-2026 12:00,1
3020,3020,Gyalshing  Bhanu Park,Sikkim,11,Sikkim,228,WEST DISTRICT,GYALSHING,-,-,Brahmaputra,Brahmaputra,-,-,-,Brahmaputra,27.29027778,88.24833333,18-07-2026 13:00,1
3021,3021,Gyalshing  Bhanu Park,Sikkim,11,Sikkim,228,WEST DISTRICT,GYALSHING,-,-,Brahmaputra,Brahmaputra,-,-,-,Brahmaputra,27.29027778,88.24833333,18-07-2026 14:00,0.5
3022,3022,Gyalshing  Bhanu Park,Sikkim,11,Sikkim,228,WEST DISTRICT,GYALSHING,-,-,Brahmaputra,Brahmaputra,-,-,-,Brahmaputra,27.29027778,88.24833333,18-07-2026 15:00,1.5
3023,3023,Gyalshing  Bhanu Park,Sikkim,11,Sikkim,228,WEST DISTRICT,GYALSHING,-,-,Brahmaputra,Brahmaputra,-,-,-,Brahmaputra,27.29027778,88.24833333,18-07-2026 16:00,1.5
3024,3024,Gyalshing  Bhanu Park,Sikkim,11,Sikkim,228,WEST DISTRICT,GYALSHING,-,-,Brahmaputra,Brahmaputra,-,-,-,Brahmaputra,27.29027778,88.24833333,18-07-2026 17:00,1
3025,3025,Gyalshing  Bhanu Park,Sikkim,11,Sikkim,228,WEST DISTRICT,GYALSHING,-,-,Brahmaputra,Brahmaputra,-,-,-,Brahmaputra,27.29027778,88.24833333,18-07-2026 19:00,43.5
3026,3026,Gyalshing  Bhanu Park,Sikkim,11,Sikkim,228,WEST DISTRICT,GYALSHING,-,-,Brahmaputra,Brahmaputra,-,-,-,Brahmaputra,27.29027778,88.24833333,18-07-2026 20:00,4.5
3027,3027,Gyalshing  Bhanu Park,Sikkim,11,Sikkim,228,WEST DISTRICT,GYALSHING,-,-,Brahmaputra,Brahmaputra,-,-,-,Brahmaputra,27.29027778,88.24833333,18-07-2026 21:00,26
3028,3028,Gyalshing  Bhanu Park,Sikkim,11,Sikkim,228,WEST DISTRICT,GYALSHING,-,-,Brahmaputra,Brahmaputra,-,-,-,Brahmaputra,27.29027778,88.24833333,18-07-2026 22:00,6.5
3029,3029,Gyalshing  Bhanu Park,Sikkim,11,Sikkim,228,WEST DISTRICT,GYALSHING,-,-,Brahmaputra,Brahmaputra,-,-,-,Brahmaputra,27.29027778,88.24833333,18-07-2026 23:00,7.5
3030,3030,Gyalshing  Bhanu Park,Sikkim,11,Sikkim,228,WEST DISTRICT,GYALSHING,-,-,Brahmaputra,Brahmaputra,-,-,-,Brahmaputra,27.29027778,88.24833333,19-07-2026 00:00,10
3031,3031,Gyalshing  Bhanu Park,Sikkim,11,Sikkim,228,WEST DISTRICT,GYALSHING,-,-,Brahmaputra,Brahmaputra,-,-,-,Brahmaputra,27.29027778,88.24833333,19-07-2026 01:00,25
3032,3032,Gyalshing  Bhanu Park,Sikkim,11,Sikkim,228,WEST DISTRICT,GYALSHING,-,-,Brahmaputra,Brahmaputra,-,-,-,Brahmaputra,27.29027778,88.24833333,19-07-2026 02:00,23.5
3033,3033,Gyalshing  Bhanu Park,Sikkim,11,Sikkim,228,WEST DISTRICT,GYALSHING,-,-,Brahmaputra,Brahmaputra,-,-,-,Brahmaputra,27.29027778,88.24833333,19-07-2026 03:00,1.5
3034,3034,Gyalshing  Bhanu Park,Sikkim,11,Sikkim,228,WEST DISTRICT,GYALSHING,-,-,Brahmaputra,Brahmaputra,-,-,-,Brahmaputra,27.29027778,88.24833333,19-07-2026 04:00,1
3035,3035,Gyalshing  Bhanu Park,Sikkim,11,Sikkim,228,WEST DISTRICT,GYALSHING,-,-,Brahmaputra,Brahmaputra,-,-,-,Brahmaputra,27.29027778,88.24833333,19-07-2026 05:00,3.5
3036,3036,Gyalshing  Bhanu Park,Sikkim,11,Sikkim,228,WEST DISTRICT,GYALSHING,-,-,Brahmaputra,Brahmaputra,-,-,-,Brahmaputra,27.29027778,88.24833333,19-07-2026 06:00,18
3037,3037,Gyalshing  Bhanu Park,Sikkim,11,Sikkim,228,WEST DISTRICT,GYALSHING,-,-,Brahmaputra,Brahmaputra,-,-,-,Brahmaputra,27.29027778,88.24833333,19-07-2026 07:00,1
3038,3038,Gyalshing  Bhanu Park,Sikkim,11,Sikkim,228,WEST DISTRICT,GYALSHING,-,-,Brahmaputra,Brahmaputra,-,-,-,Brahmaputra,27.29027778,88.24833333,19-07-2026 08:00,1
3039,3039,Gyalshing  Bhanu Park,Sikkim,11,Sikkim,228,WEST DISTRICT,GYALSHING,-,-,Brahmaputra,Brahmaputra,-,-,-,Brahmaputra,27.29027778,88.24833333,19-07-2026 09:00,1.5
3040,3040,Gyalshing  Bhanu Park,Sikkim,11,Sikkim,228,WEST DISTRICT,GYALSHING,-,-,Brahmaputra,Brahmaputra,-,-,-,Brahmaputra,27.29027778,88.24833333,19-07-2026 10:00,1.5
3041,3041,Gyalshing  Bhanu Park,Sikkim,11,Sikkim,228,WEST DISTRICT,GYALSHING,-,-,Brahmaputra,Brahmaputra,-,-,-,Brahmaputra,27.29027778,88.24833333,19-07-2026 11:00,4.5
3042,3042,Gyalshing  Bhanu Park,Sikkim,11,Sikkim,228,WEST DISTRICT,GYALSHING,-,-,Brahmaputra,Brahmaputra,-,-,-,Brahmaputra,27.29027778,88.24833333,19-07-2026 12:00,7
3043,3043,Gyalshing  Bhanu Park,Sikkim,11,Sikkim,228,WEST DISTRICT,GYALSHING,-,-,Brahmaputra,Brahmaputra,-,-,-,Brahmaputra,27.29027778,88.24833333,19-07-2026 13:00,1.5
3044,3044,Gyalshing  Bhanu Park,Sikkim,11,Sikkim,228,WEST DISTRICT,GYALSHING,-,-,Brahmaputra,Brahmaputra,-,-,-,Brahmaputra,27.29027778,88.24833333,19-07-2026 14:00,8.5
3045,3045,Gyalshing  Bhanu Park,Sikkim,11,Sikkim,228,WEST DISTRICT,GYALSHING,-,-,Brahmaputra,Brahmaputra,-,-,-,Brahmaputra,27.29027778,88.24833333,19-07-2026 15:00,1.5
3046,3046,Gyalshing  Bhanu Park,Sikkim,11,Sikkim,228,WEST DISTRICT,GYALSHING,-,-,Brahmaputra,Brahmaputra,-,-,-,Brahmaputra,27.29027778,88.24833333,19-07-2026 16:00,1
3047,3047,Gyalshing  Bhanu Park,Sikkim,11,Sikkim,228,WEST DISTRICT,GYALSHING,-,-,Brahmaputra,Brahmaputra,-,-,-,Brahmaputra,27.29027778,88.24833333,19-07-2026 17:00,2
3048,3048,Gyalshing  Bhanu Park,Sikkim,11,Sikkim,228,WEST DISTRICT,GYALSHING,-,-,Brahmaputra,Brahmaputra,-,-,-,Brahmaputra,27.29027778,88.24833333,19-07-2026 18:00,3.5
3049,3049,Gyalshing  Bhanu Park,Sikkim,11,Sikkim,228,WEST DISTRICT,GYALSHING,-,-,Brahmaputra,Brahmaputra,-,-,-,Brahmaputra,27.29027778,88.24833333,19-07-2026 19:00,3
3050,3050,Gyalshing  Bhanu Park,Sikkim,11,Sikkim,228,WEST DISTRICT,GYALSHING,-,-,Brahmaputra,Brahmaputra,-,-,-,Brahmaputra,27.29027778,88.24833333,19-07-2026 20:00,2
3051,3051,Gyalshing  Bhanu Park,Sikkim,11,Sikkim,228,WEST DISTRICT,GYALSHING,-,-,Brahmaputra,Brahmaputra,-,-,-,Brahmaputra,27.29027778,88.24833333,19-07-2026 21:00,2
3052,3052,Gyalshing  Bhanu Park,Sikkim,11,Sikkim,228,WEST DISTRICT,GYALSHING,-,-,Brahmaputra,Brahmaputra,-,-,-,Brahmaputra,27.29027778,88.24833333,19-07-2026 22:00,3
3053,3053,Gyalshing  Bhanu Park,Sikkim,11,Sikkim,228,WEST DISTRICT,GYALSHING,-,-,Brahmaputra,Brahmaputra,-,-,-,Brahmaputra,27.29027778,88.24833333,19-07-2026 23:00,1.5
3054,3054,Gyalshing  Bhanu Park,Sikkim,11,Sikkim,228,WEST DISTRICT,GYALSHING,-,-,Brahmaputra,Brahmaputra,-,-,-,Brahmaputra,27.29027778,88.24833333,20-07-2026 00:00,2
3055,3055,Gyalshing  Bhanu Park,Sikkim,11,Sikkim,228,WEST DISTRICT,GYALSHING,-,-,Brahmaputra,Brahmaputra,-,-,-,Brahmaputra,27.29027778,88.24833333,20-07-2026 02:00,2
3056,3056,Gyalshing  Bhanu Park,Sikkim,11,Sikkim,228,WEST DISTRICT,GYALSHING,-,-,Brahmaputra,Brahmaputra,-,-,-,Brahmaputra,27.29027778,88.24833333,20-07-2026 03:00,0.5
3057,3057,Gyalshing  Bhanu Park,Sikkim,11,Sikkim,228,WEST DISTRICT,GYALSHING,-,-,Brahmaputra,Brahmaputra,-,-,-,Brahmaputra,27.29027778,88.24833333,20-07-2026 04:00,11
3058,3058,Gyalshing  Bhanu Park,Sikkim,11,Sikkim,228,WEST DISTRICT,GYALSHING,-,-,Brahmaputra,Brahmaputra,-,-,-,Brahmaputra,27.29027778,88.24833333,20-07-2026 05:00,0.5
3059,3059,Gyalshing  Bhanu Park,Sikkim,11,Sikkim,228,WEST DISTRICT,GYALSHING,-,-,Brahmaputra,Brahmaputra,-,-,-,Brahmaputra,27.29027778,88.24833333,20-07-2026 06:00,2
3060,3060,Gyalshing  Bhanu Park,Sikkim,11,Sikkim,228,WEST DISTRICT,GYALSHING,-,-,Brahmaputra,Brahmaputra,-,-,-,Brahmaputra,27.29027778,88.24833333,20-07-2026 07:00,14.5
3061,3061,Gyalshing  Bhanu Park,Sikkim,11,Sikkim,228,WEST DISTRICT,GYALSHING,-,-,Brahmaputra,Brahmaputra,-,-,-,Brahmaputra,27.29027778,88.24833333,20-07-2026 08:00,13.5
3062,3062,Gyalshing  Bhanu Park,Sikkim,11,Sikkim,228,WEST DISTRICT,GYALSHING,-,-,Brahmaputra,Brahmaputra,-,-,-,Brahmaputra,27.29027778,88.24833333,20-07-2026 09:00,2.5
3063,3063,Gyalshing  Bhanu Park,Sikkim,11,Sikkim,228,WEST DISTRICT,GYALSHING,-,-,Brahmaputra,Brahmaputra,-,-,-,Brahmaputra,27.29027778,88.24833333,20-07-2026 10:00,1.5
3064,3064,Gyalshing  Bhanu Park,Sikkim,11,Sikkim,228,WEST DISTRICT,GYALSHING,-,-,Brahmaputra,Brahmaputra,-,-,-,Brahmaputra,27.29027778,88.24833333,20-07-2026 11:00,13.5
3065,3065,Gyalshing  Bhanu Park,Sikkim,11,Sikkim,228,WEST DISTRICT,GYALSHING,-,-,Brahmaputra,Brahmaputra,-,-,-,Brahmaputra,27.29027778,88.24833333,20-07-2026 12:00,7.5
3066,3066,Gyalshing  Bhanu Park,Sikkim,11,Sikkim,228,WEST DISTRICT,GYALSHING,-,-,Brahmaputra,Brahmaputra,-,-,-,Brahmaputra,27.29027778,88.24833333,20-07-2026 13:00,5.5
3067,3067,Gyalshing  Bhanu Park,Sikkim,11,Sikkim,228,WEST DISTRICT,GYALSHING,-,-,Brahmaputra,Brahmaputra,-,-,-,Brahmaputra,27.29027778,88.24833333,20-07-2026 14:00,2.5
3068,3068,Gyalshing  Bhanu Park,Sikkim,11,Sikkim,228,WEST DISTRICT,GYALSHING,-,-,Brahmaputra,Brahmaputra,-,-,-,Brahmaputra,27.29027778,88.24833333,20-07-2026 15:00,7.5
3069,3069,Gyalshing  Bhanu Park,Sikkim,11,Sikkim,228,WEST DISTRICT,GYALSHING,-,-,Brahmaputra,Brahmaputra,-,-,-,Brahmaputra,27.29027778,88.24833333,20-07-2026 16:00,7.5
3070,3070,Gyalshing  Bhanu Park,Sikkim,11,Sikkim,228,WEST DISTRICT,GYALSHING,-,-,Brahmaputra,Brahmaputra,-,-,-,Brahmaputra,27.29027778,88.24833333,20-07-2026 17:00,7
3071,3071,Gyalshing  Bhanu Park,Sikkim,11,Sikkim,228,WEST DISTRICT,GYALSHING,-,-,Brahmaputra,Brahmaputra,-,-,-,Brahmaputra,27.29027778,88.24833333,20-07-2026 18:00,5
3072,3072,Gyalshing  Bhanu Park,Sikkim,11,Sikkim,228,WEST DISTRICT,GYALSHING,-,-,Brahmaputra,Brahmaputra,-,-,-,Brahmaputra,27.29027778,88.24833333,20-07-2026 19:00,7.5
3073,3073,Gyalshing  Bhanu Park,Sikkim,11,Sikkim,228,WEST DISTRICT,GYALSHING,-,-,Brahmaputra,Brahmaputra,-,-,-,Brahmaputra,27.29027778,88.24833333,20-07-2026 20:00,7.5
3074,3074,Gyalshing  Bhanu Park,Sikkim,11,Sikkim,228,WEST DISTRICT,GYALSHING,-,-,Brahmaputra,Brahmaputra,-,-,-,Brahmaputra,27.29027778,88.24833333,20-07-2026 21:00,4.5
3075,3075,Gyalshing  Bhanu Park,Sikkim,11,Sikkim,228,WEST DISTRICT,GYALSHING,-,-,Brahmaputra,Brahmaputra,-,-,-,Brahmaputra,27.29027778,88.24833333,20-07-2026 22:00,2
3076,3076,Gyalshing  Bhanu Park,Sikkim,11,Sikkim,228,WEST DISTRICT,GYALSHING,-,-,Brahmaputra,Brahmaputra,-,-,-,Brahmaputra,27.29027778,88.24833333,20-07-2026 23:00,4.5
3077,3077,Gyalshing  Bhanu Park,Sikkim,11,Sikkim,228,WEST DISTRICT,GYALSHING,-,-,Brahmaputra,Brahmaputra,-,-,-,Brahmaputra,27.29027778,88.24833333,21-07-2026 00:00,2.5
3078,3078,Gyalshing  Bhanu Park,Sikkim,11,Sikkim,228,WEST DISTRICT,GYALSHING,-,-,Brahmaputra,Brahmaputra,-,-,-,Brahmaputra,27.29027778,88.24833333,21-07-2026 01:00,1.5
3079,3079,Gyalshing  Bhanu Park,Sikkim,11,Sikkim,228,WEST DISTRICT,GYALSHING,-,-,Brahmaputra,Brahmaputra,-,-,-,Brahmaputra,27.29027778,88.24833333,21-07-2026 02:00,0.5
3080,3080,Gyalshing  Bhanu Park,Sikkim,11,Sikkim,228,WEST DISTRICT,GYALSHING,-,-,Brahmaputra,Brahmaputra,-,-,-,Brahmaputra,27.29027778,88.24833333,21-07-2026 03:00,1
3081,3081,Gyalshing  Bhanu Park,Sikkim,11,Sikkim,228,WEST DISTRICT,GYALSHING,-,-,Brahmaputra,Brahmaputra,-,-,-,Brahmaputra,27.29027778,88.24833333,21-07-2026 04:00,1.5
3082,3082,Gyalshing  Bhanu Park,Sikkim,11,Sikkim,228,WEST DISTRICT,GYALSHING,-,-,Brahmaputra,Brahmaputra,-,-,-,Brahmaputra,27.29027778,88.24833333,21-07-2026 05:00,2
3083,3083,Gyalshing  Bhanu Park,Sikkim,11,Sikkim,228,WEST DISTRICT,GYALSHING,-,-,Brahmaputra,Brahmaputra,-,-,-,Brahmaputra,27.29027778,88.24833333,21-07-2026 06:00,1.5
3084,3084,Gyalshing  Bhanu Park,Sikkim,11,Sikkim,228,WEST DISTRICT,GYALSHING,-,-,Brahmaputra,Brahmaputra,-,-,-,Brahmaputra,27.29027778,88.24833333,21-07-2026 07:00,2.5
3085,3085,Gyalshing  Bhanu Park,Sikkim,11,Sikkim,228,WEST DISTRICT,GYALSHING,-,-,Brahmaputra,Brahmaputra,-,-,-,Brahmaputra,27.29027778,88.24833333,21-07-2026 08:00,2.5
3086,3086,Gyalshing  Bhanu Park,Sikkim,11,Sikkim,228,WEST DISTRICT,GYALSHING,-,-,Brahmaputra,Brahmaputra,-,-,-,Brahmaputra,27.29027778,88.24833333,21-07-2026 09:00,1
3087,3087,Gyalshing  Bhanu Park,Sikkim,11,Sikkim,228,WEST DISTRICT,GYALSHING,-,-,Brahmaputra,Brahmaputra,-,-,-,Brahmaputra,27.29027778,88.24833333,21-07-2026 11:00,2
3088,3088,Gyalshing  Bhanu Park,Sikkim,11,Sikkim,228,WEST DISTRICT,GYALSHING,-,-,Brahmaputra,Brahmaputra,-,-,-,Brahmaputra,27.29027778,88.24833333,21-07-2026 12:00,5
3089,3089,Gyalshing  Bhanu Park,Sikkim,11,Sikkim,228,WEST DISTRICT,GYALSHING,-,-,Brahmaputra,Brahmaputra,-,-,-,Brahmaputra,27.29027778,88.24833333,21-07-2026 13:00,2
3090,3090,Gyalshing  Bhanu Park,Sikkim,11,Sikkim,228,WEST DISTRICT,GYALSHING,-,-,Brahmaputra,Brahmaputra,-,-,-,Brahmaputra,27.29027778,88.24833333,21-07-2026 15:00,2
3091,3091,Gyalshing  Bhanu Park,Sikkim,11,Sikkim,228,WEST DISTRICT,GYALSHING,-,-,Brahmaputra,Brahmaputra,-,-,-,Brahmaputra,27.29027778,88.24833333,21-07-2026 17:00,1.5
3092,3092,Gyalshing  Bhanu Park,Sikkim,11,Sikkim,228,WEST DISTRICT,GYALSHING,-,-,Brahmaputra,Brahmaputra,-,-,-,Brahmaputra,27.29027778,88.24833333,21-07-2026 18:00,3.5
3093,3093,Gyalshing  Bhanu Park,Sikkim,11,Sikkim,228,WEST DISTRICT,GYALSHING,-,-,Brahmaputra,Brahmaputra,-,-,-,Brahmaputra,27.29027778,88.24833333,21-07-2026 20:00,2.5
3094,3094,Gyalshing  Bhanu Park,Sikkim,11,Sikkim,228,WEST DISTRICT,GYALSHING,-,-,Brahmaputra,Brahmaputra,-,-,-,Brahmaputra,27.29027778,88.24833333,21-07-2026 21:00,1
3095,3095,Gyalshing  Bhanu Park,Sikkim,11,Sikkim,228,WEST DISTRICT,GYALSHING,-,-,Brahmaputra,Brahmaputra,-,-,-,Brahmaputra,27.29027778,88.24833333,21-07-2026 22:00,5
3096,3096,Gyalshing  Bhanu Park,Sikkim,11,Sikkim,228,WEST DISTRICT,GYALSHING,-,-,Brahmaputra,Brahmaputra,-,-,-,Brahmaputra,27.29027778,88.24833333,21-07-2026 23:00,1
3097,3097,Gyalshing  Bhanu Park,Sikkim,11,Sikkim,228,WEST DISTRICT,GYALSHING,-,-,Brahmaputra,Brahmaputra,-,-,-,Brahmaputra,27.29027778,88.24833333,22-07-2026 00:00,2
3098,3098,Gyalshing  Bhanu Park,Sikkim,11,Sikkim,228,WEST DISTRICT,GYALSHING,-,-,Brahmaputra,Brahmaputra,-,-,-,Brahmaputra,27.29027778,88.24833333,22-07-2026 01:00,2
3099,3099,Gyalshing  Bhanu Park,Sikkim,11,Sikkim,228,WEST DISTRICT,GYALSHING,-,-,Brahmaputra,Brahmaputra,-,-,-,Brahmaputra,27.29027778,88.24833333,22-07-2026 02:00,6.5
3100,3100,Gyalshing  Bhanu Park,Sikkim,11,Sikkim,228,WEST DISTRICT,GYALSHING,-,-,Brahmaputra,Brahmaputra,-,-,-,Brahmaputra,27.29027778,88.24833333,22-07-2026 03:00,1
3101,3101,Gyalshing  Bhanu Park,Sikkim,11,Sikkim,228,WEST DISTRICT,GYALSHING,-,-,Brahmaputra,Brahmaputra,-,-,-,Brahmaputra,27.29027778,88.24833333,22-07-2026 04:00,4
3102,3102,Gyalshing  Bhanu Park,Sikkim,11,Sikkim,228,WEST DISTRICT,GYALSHING,-,-,Brahmaputra,Brahmaputra,-,-,-,Brahmaputra,27.29027778,88.24833333,22-07-2026 09:00,1.5
3103,3103,Gyalshing  Bhanu Park,Sikkim,11,Sikkim,228,WEST DISTRICT,GYALSHING,-,-,Brahmaputra,Brahmaputra,-,-,-,Brahmaputra,27.29027778,88.24833333,22-07-2026 10:00,5
3104,3104,Gyalshing  Bhanu Park,Sikkim,11,Sikkim,228,WEST DISTRICT,GYALSHING,-,-,Brahmaputra,Brahmaputra,-,-,-,Brahmaputra,27.29027778,88.24833333,22-07-2026 11:00,7.5
3105,3105,Gyalshing  Bhanu Park,Sikkim,11,Sikkim,228,WEST DISTRICT,GYALSHING,-,-,Brahmaputra,Brahmaputra,-,-,-,Brahmaputra,27.29027778,88.24833333,22-07-2026 12:00,7
3106,3106,Gyalshing  Bhanu Park,Sikkim,11,Sikkim,228,WEST DISTRICT,GYALSHING,-,-,Brahmaputra,Brahmaputra,-,-,-,Brahmaputra,27.29027778,88.24833333,22-07-2026 13:00,3.5
3107,3107,Gyalshing  Bhanu Park,Sikkim,11,Sikkim,228,WEST DISTRICT,GYALSHING,-,-,Brahmaputra,Brahmaputra,-,-,-,Brahmaputra,27.29027778,88.24833333,22-07-2026 14:00,1.5
3108,3108,Gyalshing  Bhanu Park,Sikkim,11,Sikkim,228,WEST DISTRICT,GYALSHING,-,-,Brahmaputra,Brahmaputra,-,-,-,Brahmaputra,27.29027778,88.24833333,22-07-2026 15:00,1
3109,3109,Gyalshing  Bhanu Park,Sikkim,11,Sikkim,228,WEST DISTRICT,GYALSHING,-,-,Brahmaputra,Brahmaputra,-,-,-,Brahmaputra,27.29027778,88.24833333,22-07-2026 16:00,4
3110,3110,Gyalshing  Bhanu Park,Sikkim,11,Sikkim,228,WEST DISTRICT,GYALSHING,-,-,Brahmaputra,Brahmaputra,-,-,-,Brahmaputra,27.29027778,88.24833333,22-07-2026 17:00,4
3111,3111,Gyalshing  Bhanu Park,Sikkim,11,Sikkim,228,WEST DISTRICT,GYALSHING,-,-,Brahmaputra,Brahmaputra,-,-,-,Brahmaputra,27.29027778,88.24833333,22-07-2026 18:00,1.5
3112,3112,Gyalshing  Bhanu Park,Sikkim,11,Sikkim,228,WEST DISTRICT,GYALSHING,-,-,Brahmaputra,Brahmaputra,-,-,-,Brahmaputra,27.29027778,88.24833333,22-07-2026 19:00,1.5
3113,3113,Gyalshing  Bhanu Park,Sikkim,11,Sikkim,228,WEST DISTRICT,GYALSHING,-,-,Brahmaputra,Brahmaputra,-,-,-,Brahmaputra,27.29027778,88.24833333,22-07-2026 20:00,0.5
3114,3114,Gyalshing  Bhanu Park,Sikkim,11,Sikkim,228,WEST DISTRICT,GYALSHING,-,-,Brahmaputra,Brahmaputra,-,-,-,Brahmaputra,27.29027778,88.24833333,22-07-2026 23:00,0.5
3115,3115,Gyalshing  Bhanu Park,Sikkim,11,Sikkim,228,WEST DISTRICT,GYALSHING,-,-,Brahmaputra,Brahmaputra,-,-,-,Brahmaputra,27.29027778,88.24833333,23-07-2026 00:00,2.5
3116,3116,Gyalshing  Bhanu Park,Sikkim,11,Sikkim,228,WEST DISTRICT,GYALSHING,-,-,Brahmaputra,Brahmaputra,-,-,-,Brahmaputra,27.29027778,88.24833333,23-07-2026 02:00,0.5
3117,3117,Gyalshing  Bhanu Park,Sikkim,11,Sikkim,228,WEST DISTRICT,GYALSHING,-,-,Brahmaputra,Brahmaputra,-,-,-,Brahmaputra,27.29027778,88.24833333,23-07-2026 03:00,1
3118,3118,Gyalshing  Bhanu Park,Sikkim,11,Sikkim,228,WEST DISTRICT,GYALSHING,-,-,Brahmaputra,Brahmaputra,-,-,-,Brahmaputra,27.29027778,88.24833333,23-07-2026 04:00,1
3119,3119,Gyalshing  Bhanu Park,Sikkim,11,Sikkim,228,WEST DISTRICT,GYALSHING,-,-,Brahmaputra,Brahmaputra,-,-,-,Brahmaputra,27.29027778,88.24833333,23-07-2026 08:00,0.5
3120,3120,Gyalshing  Bhanu Park,Sikkim,11,Sikkim,228,WEST DISTRICT,GYALSHING,-,-,Brahmaputra,Brahmaputra,-,-,-,Brahmaputra,27.29027778,88.24833333,23-07-2026 09:00,0.5
3121,3121,Gyalshing  Bhanu Park,Sikkim,11,Sikkim,228,WEST DISTRICT,GYALSHING,-,-,Brahmaputra,Brahmaputra,-,-,-,Brahmaputra,27.29027778,88.24833333,23-07-2026 10:00,0.5
3122,3122,Gyalshing  Bhanu Park,Sikkim,11,Sikkim,228,WEST DISTRICT,GYALSHING,-,-,Brahmaputra,Brahmaputra,-,-,-,Brahmaputra,27.29027778,88.24833333,23-07-2026 12:00,1.5
3123,3123,Gyalshing  Bhanu Park,Sikkim,11,Sikkim,228,WEST DISTRICT,GYALSHING,-,-,Brahmaputra,Brahmaputra,-,-,-,Brahmaputra,27.29027778,88.24833333,23-07-2026 13:00,6
3124,3124,Gyalshing  Bhanu Park,Sikkim,11,Sikkim,228,WEST DISTRICT,GYALSHING,-,-,Brahmaputra,Brahmaputra,-,-,-,Brahmaputra,27.29027778,88.24833333,23-07-2026 14:00,4
3125,3125,Gyalshing  Bhanu Park,Sikkim,11,Sikkim,228,WEST DISTRICT,GYALSHING,-,-,Brahmaputra,Brahmaputra,-,-,-,Brahmaputra,27.29027778,88.24833333,23-07-2026 18:00,0.5
3126,3126,Gyalshing  Bhanu Park,Sikkim,11,Sikkim,228,WEST DISTRICT,GYALSHING,-,-,Brahmaputra,Brahmaputra,-,-,-,Brahmaputra,27.29027778,88.24833333,23-07-2026 20:00,1
3127,3127,Gyalshing  Bhanu Park,Sikkim,11,Sikkim,228,WEST DISTRICT,GYALSHING,-,-,Brahmaputra,Brahmaputra,-,-,-,Brahmaputra,27.29027778,88.24833333,24-07-2026 02:00,1
3128,3128,Gyalshing  Bhanu Park,Sikkim,11,Sikkim,228,WEST DISTRICT,GYALSHING,-,-,Brahmaputra,Brahmaputra,-,-,-,Brahmaputra,27.29027778,88.24833333,24-07-2026 11:00,2
3129,3129,Gyalshing  Bhanu Park,Sikkim,11,Sikkim,228,WEST DISTRICT,GYALSHING,-,-,Brahmaputra,Brahmaputra,-,-,-,Brahmaputra,27.29027778,88.24833333,24-07-2026 12:00,2
3130,3130,Gyalshing  Bhanu Park,Sikkim,11,Sikkim,228,WEST DISTRICT,GYALSHING,-,-,Brahmaputra,Brahmaputra,-,-,-,Brahmaputra,27.29027778,88.24833333,24-07-2026 13:00,1.5
3131,3131,Gyalshing  Bhanu Park,Sikkim,11,Sikkim,228,WEST DISTRICT,GYALSHING,-,-,Brahmaputra,Brahmaputra,-,-,-,Brahmaputra,27.29027778,88.24833333,24-07-2026 14:00,6.5
3132,3132,Gyalshing  Bhanu Park,Sikkim,11,Sikkim,228,WEST DISTRICT,GYALSHING,-,-,Brahmaputra,Brahmaputra,-,-,-,Brahmaputra,27.29027778,88.24833333,24-07-2026 15:00,5
3133,3133,Gyalshing  Bhanu Park,Sikkim,11,Sikkim,228,WEST DISTRICT,GYALSHING,-,-,Brahmaputra,Brahmaputra,-,-,-,Brahmaputra,27.29027778,88.24833333,24-07-2026 16:00,3
3134,3134,Gyalshing  Bhanu Park,Sikkim,11,Sikkim,228,WEST DISTRICT,GYALSHING,-,-,Brahmaputra,Brahmaputra,-,-,-,Brahmaputra,27.29027778,88.24833333,24-07-2026 17:00,5.5
3135,3135,Gyalshing  Bhanu Park,Sikkim,11,Sikkim,228,WEST DISTRICT,GYALSHING,-,-,Brahmaputra,Brahmaputra,-,-,-,Brahmaputra,27.29027778,88.24833333,24-07-2026 18:00,1.5
3136,3136,Gyalshing  Bhanu Park,Sikkim,11,Sikkim,228,WEST DISTRICT,GYALSHING,-,-,Brahmaputra,Brahmaputra,-,-,-,Brahmaputra,27.29027778,88.24833333,24-07-2026 19:00,0.5
3137,3137,Gyalshing  Bhanu Park,Sikkim,11,Sikkim,228,WEST DISTRICT,GYALSHING,-,-,Brahmaputra,Brahmaputra,-,-,-,Brahmaputra,27.29027778,88.24833333,24-07-2026 20:00,0.5
3138,3138,Gyalshing  Bhanu Park,Sikkim,11,Sikkim,228,WEST DISTRICT,GYALSHING,-,-,Brahmaputra,Brahmaputra,-,-,-,Brahmaputra,27.29027778,88.24833333,24-07-2026 21:00,1
3139,3139,Gyalshing  Bhanu Park,Sikkim,11,Sikkim,228,WEST DISTRICT,GYALSHING,-,-,Brahmaputra,Brahmaputra,-,-,-,Brahmaputra,27.29027778,88.24833333,24-07-2026 23:00,3
3140,3140,Gyalshing  Bhanu Park,Sikkim,11,Sikkim,228,WEST DISTRICT,GYALSHING,-,-,Brahmaputra,Brahmaputra,-,-,-,Brahmaputra,27.29027778,88.24833333,25-07-2026 00:00,2.5
3141,3141,Gyalshing  Bhanu Park,Sikkim,11,Sikkim,228,WEST DISTRICT,GYALSHING,-,-,Brahmaputra,Brahmaputra,-,-,-,Brahmaputra,27.29027778,88.24833333,25-07-2026 01:00,2
3142,3142,Gyalshing  Bhanu Park,Sikkim,11,Sikkim,228,WEST DISTRICT,GYALSHING,-,-,Brahmaputra,Brahmaputra,-,-,-,Brahmaputra,27.29027778,88.24833333,25-07-2026 02:00,0.5
3143,3143,Gyalshing  Bhanu Park,Sikkim,11,Sikkim,228,WEST DISTRICT,GYALSHING,-,-,Brahmaputra,Brahmaputra,-,-,-,Brahmaputra,27.29027778,88.24833333,25-07-2026 03:00,3.5
3144,3144,Gyalshing  Bhanu Park,Sikkim,11,Sikkim,228,WEST DISTRICT,GYALSHING,-,-,Brahmaputra,Brahmaputra,-,-,-,Brahmaputra,27.29027778,88.24833333,25-07-2026 05:00,5.5
3145,3145,Gyalshing  Bhanu Park,Sikkim,11,Sikkim,228,WEST DISTRICT,GYALSHING,-,-,Brahmaputra,Brahmaputra,-,-,-,Brahmaputra,27.29027778,88.24833333,25-07-2026 06:00,1.5
3146,3146,Gyalshing  Bhanu Park,Sikkim,11,Sikkim,228,WEST DISTRICT,GYALSHING,-,-,Brahmaputra,Brahmaputra,-,-,-,Brahmaputra,27.29027778,88.24833333,25-07-2026 07:00,0.5
3147,3147,Gyalshing  Bhanu Park,Sikkim,11,Sikkim,228,WEST DISTRICT,GYALSHING,-,-,Brahmaputra,Brahmaputra,-,-,-,Brahmaputra,27.29027778,88.24833333,25-07-2026 11:00,2
3148,3148,Gyalshing  Bhanu Park,Sikkim,11,Sikkim,228,WEST DISTRICT,GYALSHING,-,-,Brahmaputra,Brahmaputra,-,-,-,Brahmaputra,27.29027778,88.24833333,25-07-2026 12:00,6
3149,3149,Gyalshing  Bhanu Park,Sikkim,11,Sikkim,228,WEST DISTRICT,GYALSHING,-,-,Brahmaputra,Brahmaputra,-,-,-,Brahmaputra,27.29027778,88.24833333,25-07-2026 13:00,3
3150,3150,Gyalshing  Bhanu Park,Sikkim,11,Sikkim,228,WEST DISTRICT,GYALSHING,-,-,Brahmaputra,Brahmaputra,-,-,-,Brahmaputra,27.29027778,88.24833333,25-07-2026 14:00,3
3151,3151,Gyalshing  Bhanu Park,Sikkim,11,Sikkim,228,WEST DISTRICT,GYALSHING,-,-,Brahmaputra,Brahmaputra,-,-,-,Brahmaputra,27.29027778,88.24833333,25-07-2026 15:00,1.5
3152,3152,Gyalshing  Bhanu Park,Sikkim,11,Sikkim,228,WEST DISTRICT,GYALSHING,-,-,Brahmaputra,Brahmaputra,-,-,-,Brahmaputra,27.29027778,88.24833333,25-07-2026 16:00,2
3153,3153,Gyalshing  Bhanu Park,Sikkim,11,Sikkim,228,WEST DISTRICT,GYALSHING,-,-,Brahmaputra,Brahmaputra,-,-,-,Brahmaputra,27.29027778,88.24833333,25-07-2026 17:00,3
3154,3154,Gyalshing  Bhanu Park,Sikkim,11,Sikkim,228,WEST DISTRICT,GYALSHING,-,-,Brahmaputra,Brahmaputra,-,-,-,Brahmaputra,27.29027778,88.24833333,25-07-2026 18:00,1.5
3155,3155,Gyalshing  Bhanu Park,Sikkim,11,Sikkim,228,WEST DISTRICT,GYALSHING,-,-,Brahmaputra,Brahmaputra,-,-,-,Brahmaputra,27.29027778,88.24833333,25-07-2026 19:00,2.5
3156,3156,Gyalshing  Bhanu Park,Sikkim,11,Sikkim,228,WEST DISTRICT,GYALSHING,-,-,Brahmaputra,Brahmaputra,-,-,-,Brahmaputra,27.29027778,88.24833333,26-07-2026 03:00,0.5
3157,3157,Gyalshing  Bhanu Park,Sikkim,11,Sikkim,228,WEST DISTRICT,GYALSHING,-,-,Brahmaputra,Brahmaputra,-,-,-,Brahmaputra,27.29027778,88.24833333,26-07-2026 05:00,1
3158,3158,Gyalshing  Bhanu Park,Sikkim,11,Sikkim,228,WEST DISTRICT,GYALSHING,-,-,Brahmaputra,Brahmaputra,-,-,-,Brahmaputra,27.29027778,88.24833333,26-07-2026 06:00,4.5
3159,3159,Gyalshing  Bhanu Park,Sikkim,11,Sikkim,228,WEST DISTRICT,GYALSHING,-,-,Brahmaputra,Brahmaputra,-,-,-,Brahmaputra,27.29027778,88.24833333,26-07-2026 07:00,0.5
3160,3160,Gyalshing  Bhanu Park,Sikkim,11,Sikkim,228,WEST DISTRICT,GYALSHING,-,-,Brahmaputra,Brahmaputra,-,-,-,Brahmaputra,27.29027778,88.24833333,26-07-2026 08:00,4
3161,3161,Gyalshing  Bhanu Park,Sikkim,11,Sikkim,228,WEST DISTRICT,GYALSHING,-,-,Brahmaputra,Brahmaputra,-,-,-,Brahmaputra,27.29027778,88.24833333,26-07-2026 09:00,2.5
3162,3162,Gyalshing  Bhanu Park,Sikkim,11,Sikkim,228,WEST DISTRICT,GYALSHING,-,-,Brahmaputra,Brahmaputra,-,-,-,Brahmaputra,27.29027778,88.24833333,26-07-2026 10:00,0.5
3163,3163,Gyalshing  Bhanu Park,Sikkim,11,Sikkim,228,WEST DISTRICT,GYALSHING,-,-,Brahmaputra,Brahmaputra,-,-,-,Brahmaputra,27.29027778,88.24833333,26-07-2026 11:00,6
3164,3164,Gyalshing  Bhanu Park,Sikkim,11,Sikkim,228,WEST DISTRICT,GYALSHING,-,-,Brahmaputra,Brahmaputra,-,-,-,Brahmaputra,27.29027778,88.24833333,26-07-2026 12:00,2
3165,3165,Gyalshing  Bhanu Park,Sikkim,11,Sikkim,228,WEST DISTRICT,GYALSHING,-,-,Brahmaputra,Brahmaputra,-,-,-,Brahmaputra,27.29027778,88.24833333,26-07-2026 13:00,6.5
3166,3166,Gyalshing  Bhanu Park,Sikkim,11,Sikkim,228,WEST DISTRICT,GYALSHING,-,-,Brahmaputra,Brahmaputra,-,-,-,Brahmaputra,27.29027778,88.24833333,26-07-2026 14:00,4.5
3167,3167,Gyalshing  Bhanu Park,Sikkim,11,Sikkim,228,WEST DISTRICT,GYALSHING,-,-,Brahmaputra,Brahmaputra,-,-,-,Brahmaputra,27.29027778,88.24833333,26-07-2026 15:00,2
3168,3168,Gyalshing  Bhanu Park,Sikkim,11,Sikkim,228,WEST DISTRICT,GYALSHING,-,-,Brahmaputra,Brahmaputra,-,-,-,Brahmaputra,27.29027778,88.24833333,26-07-2026 16:00,0.5
3169,3169,Gyalshing  Bhanu Park,Sikkim,11,Sikkim,228,WEST DISTRICT,GYALSHING,-,-,Brahmaputra,Brahmaputra,-,-,-,Brahmaputra,27.29027778,88.24833333,26-07-2026 19:00,2.5
3170,3170,Gyalshing  Bhanu Park,Sikkim,11,Sikkim,228,WEST DISTRICT,GYALSHING,-,-,Brahmaputra,Brahmaputra,-,-,-,Brahmaputra,27.29027778,88.24833333,26-07-2026 20:00,3
3171,3171,Gyalshing  Bhanu Park,Sikkim,11,Sikkim,228,WEST DISTRICT,GYALSHING,-,-,Brahmaputra,Brahmaputra,-,-,-,Brahmaputra,27.29027778,88.24833333,27-07-2026 00:00,1
3172,3172,Gyalshing  Bhanu Park,Sikkim,11,Sikkim,228,WEST DISTRICT,GYALSHING,-,-,Brahmaputra,Brahmaputra,-,-,-,Brahmaputra,27.29027778,88.24833333,27-07-2026 01:00,0.5
3173,3173,Gyalshing  Bhanu Park,Sikkim,11,Sikkim,228,WEST DISTRICT,GYALSHING,-,-,Brahmaputra,Brahmaputra,-,-,-,Brahmaputra,27.29027778,88.24833333,27-07-2026 06:00,0.5
3174,3174,Gyalshing  Bhanu Park,Sikkim,11,Sikkim,228,WEST DISTRICT,GYALSHING,-,-,Brahmaputra,Brahmaputra,-,-,-,Brahmaputra,27.29027778,88.24833333,27-07-2026 07:00,2
3175,3175,Gyalshing  Bhanu Park,Sikkim,11,Sikkim,228,WEST DISTRICT,GYALSHING,-,-,Brahmaputra,Brahmaputra,-,-,-,Brahmaputra,27.29027778,88.24833333,27-07-2026 09:00,0.5
3176,3176,Gyalshing  Bhanu Park,Sikkim,11,Sikkim,228,WEST DISTRICT,GYALSHING,-,-,Brahmaputra,Brahmaputra,-,-,-,Brahmaputra,27.29027778,88.24833333,27-07-2026 13:00,3
3177,3177,Gyalshing  Bhanu Park,Sikkim,11,Sikkim,228,WEST DISTRICT,GYALSHING,-,-,Brahmaputra,Brahmaputra,-,-,-,Brahmaputra,27.29027778,88.24833333,27-07-2026 19:00,0.5
3178,3178,Gyalshing  Bhanu Park,Sikkim,11,Sikkim,228,WEST DISTRICT,GYALSHING,-,-,Brahmaputra,Brahmaputra,-,-,-,Brahmaputra,27.29027778,88.24833333,27-07-2026 21:00,0.5
3179,3179,Gyalshing  Bhanu Park,Sikkim,11,Sikkim,228,WEST DISTRICT,GYALSHING,-,-,Brahmaputra,Brahmaputra,-,-,-,Brahmaputra,27.29027778,88.24833333,28-07-2026 00:00,1
3180,3180,Gyalshing  Bhanu Park,Sikkim,11,Sikkim,228,WEST DISTRICT,GYALSHING,-,-,Brahmaputra,Brahmaputra,-,-,-,Brahmaputra,27.29027778,88.24833333,28-07-2026 01:00,1.5
3181,3181,Gyalshing  Bhanu Park,Sikkim,11,Sikkim,228,WEST DISTRICT,GYALSHING,-,-,Brahmaputra,Brahmaputra,-,-,-,Brahmaputra,27.29027778,88.24833333,28-07-2026 02:00,2
3182,3182,Gyalshing  Bhanu Park,Sikkim,11,Sikkim,228,WEST DISTRICT,GYALSHING,-,-,Brahmaputra,Brahmaputra,-,-,-,Brahmaputra,27.29027778,88.24833333,28-07-2026 08:00,1
3183,3183,Gyalshing  Bhanu Park,Sikkim,11,Sikkim,228,WEST DISTRICT,GYALSHING,-,-,Brahmaputra,Brahmaputra,-,-,-,Brahmaputra,27.29027778,88.24833333,28-07-2026 11:00,0.5
3184,3184,Gyalshing  Bhanu Park,Sikkim,11,Sikkim,228,WEST DISTRICT,GYALSHING,-,-,Brahmaputra,Brahmaputra,-,-,-,Brahmaputra,27.29027778,88.24833333,28-07-2026 15:00,3
3185,3185,Gyalshing  Bhanu Park,Sikkim,11,Sikkim,228,WEST DISTRICT,GYALSHING,-,-,Brahmaputra,Brahmaputra,-,-,-,Brahmaputra,27.29027778,88.24833333,28-07-2026 16:00,1.5
3186,3186,Gyalshing  Bhanu Park,Sikkim,11,Sikkim,228,WEST DISTRICT,GYALSHING,-,-,Brahmaputra,Brahmaputra,-,-,-,Brahmaputra,27.29027778,88.24833333,28-07-2026 17:00,1
3187,3187,Gyalshing  Bhanu Park,Sikkim,11,Sikkim,228,WEST DISTRICT,GYALSHING,-,-,Brahmaputra,Brahmaputra,-,-,-,Brahmaputra,27.29027778,88.24833333,29-07-2026 00:00,1.5
3188,3188,Gyalshing  Bhanu Park,Sikkim,11,Sikkim,228,WEST DISTRICT,GYALSHING,-,-,Brahmaputra,Brahmaputra,-,-,-,Brahmaputra,27.29027778,88.24833333,29-07-2026 02:00,1
3189,3189,Gyalshing  Bhanu Park,Sikkim,11,Sikkim,228,WEST DISTRICT,GYALSHING,-,-,Brahmaputra,Brahmaputra,-,-,-,Brahmaputra,27.29027778,88.24833333,29-07-2026 03:00,1.5
3190,3190,Gyalshing  Bhanu Park,Sikkim,11,Sikkim,228,WEST DISTRICT,GYALSHING,-,-,Brahmaputra,Brahmaputra,-,-,-,Brahmaputra,27.29027778,88.24833333,29-07-2026 04:00,3.5
3191,3191,Gyalshing  Bhanu Park,Sikkim,11,Sikkim,228,WEST DISTRICT,GYALSHING,-,-,Brahmaputra,Brahmaputra,-,-,-,Brahmaputra,27.29027778,88.24833333,29-07-2026 05:00,1.5
3192,3192,Gyalshing  Bhanu Park,Sikkim,11,Sikkim,228,WEST DISTRICT,GYALSHING,-,-,Brahmaputra,Brahmaputra,-,-,-,Brahmaputra,27.29027778,88.24833333,29-07-2026 06:00,0.5
3193,3193,Gyalshing  Bhanu Park,Sikkim,11,Sikkim,228,WEST DISTRICT,GYALSHING,-,-,Brahmaputra,Brahmaputra,-,-,-,Brahmaputra,27.29027778,88.24833333,29-07-2026 07:00,1
3194,3194,Gyalshing  Bhanu Park,Sikkim,11,Sikkim,228,WEST DISTRICT,GYALSHING,-,-,Brahmaputra,Brahmaputra,-,-,-,Brahmaputra,27.29027778,88.24833333,29-07-2026 08:00,2
3195,3195,Gyalshing  Bhanu Park,Sikkim,11,Sikkim,228,WEST DISTRICT,GYALSHING,-,-,Brahmaputra,Brahmaputra,-,-,-,Brahmaputra,27.29027778,88.24833333,29-07-2026 10:00,2.5
3196,3196,Gyalshing  Bhanu Park,Sikkim,11,Sikkim,228,WEST DISTRICT,GYALSHING,-,-,Brahmaputra,Brahmaputra,-,-,-,Brahmaputra,27.29027778,88.24833333,29-07-2026 11:00,5
3197,3197,Gyalshing  Bhanu Park,Sikkim,11,Sikkim,228,WEST DISTRICT,GYALSHING,-,-,Brahmaputra,Brahmaputra,-,-,-,Brahmaputra,27.29027778,88.24833333,29-07-2026 12:00,0.5
3198,3198,Gyalshing  Bhanu Park,Sikkim,11,Sikkim,228,WEST DISTRICT,GYALSHING,-,-,Brahmaputra,Brahmaputra,-,-,-,Brahmaputra,27.29027778,88.24833333,29-07-2026 13:00,5.5
3199,3199,Gyalshing  Bhanu Park,Sikkim,11,Sikkim,228,WEST DISTRICT,GYALSHING,-,-,Brahmaputra,Brahmaputra,-,-,-,Brahmaputra,27.29027778,88.24833333,29-07-2026 14:00,3
3200,3200,Gyalshing  Bhanu Park,Sikkim,11,Sikkim,228,WEST DISTRICT,GYALSHING,-,-,Brahmaputra,Brahmaputra,-,-,-,Brahmaputra,27.29027778,88.24833333,29-07-2026 15:00,5.5
3201,3201,Gyalshing  Bhanu Park,Sikkim,11,Sikkim,228,WEST DISTRICT,GYALSHING,-,-,Brahmaputra,Brahmaputra,-,-,-,Brahmaputra,27.29027778,88.24833333,29-07-2026 16:00,1.5
3202,3202,Gyalshing  Bhanu Park,Sikkim,11,Sikkim,228,WEST DISTRICT,GYALSHING,-,-,Brahmaputra,Brahmaputra,-,-,-,Brahmaputra,27.29027778,88.24833333,29-07-2026 17:00,10
3203,3203,Gyalshing  Bhanu Park,Sikkim,11,Sikkim,228,WEST DISTRICT,GYALSHING,-,-,Brahmaputra,Brahmaputra,-,-,-,Brahmaputra,27.29027778,88.24833333,29-07-2026 18:00,2
3204,3204,Gyalshing  Bhanu Park,Sikkim,11,Sikkim,228,WEST DISTRICT,GYALSHING,-,-,Brahmaputra,Brahmaputra,-,-,-,Brahmaputra,27.29027778,88.24833333,29-07-2026 19:00,0.5
3205,3205,Gyalshing  Bhanu Park,Sikkim,11,Sikkim,228,WEST DISTRICT,GYALSHING,-,-,Brahmaputra,Brahmaputra,-,-,-,Brahmaputra,27.29027778,88.24833333,29-07-2026 20:00,0.5
3206,3206,Gyalshing  Bhanu Park,Sikkim,11,Sikkim,228,WEST DISTRICT,GYALSHING,-,-,Brahmaputra,Brahmaputra,-,-,-,Brahmaputra,27.29027778,88.24833333,29-07-2026 21:00,4.5
3207,3207,Gyalshing  Bhanu Park,Sikkim,11,Sikkim,228,WEST DISTRICT,GYALSHING,-,-,Brahmaputra,Brahmaputra,-,-,-,Brahmaputra,27.29027778,88.24833333,29-07-2026 22:00,0.5
3208,3208,Gyalshing  Bhanu Park,Sikkim,11,Sikkim,228,WEST DISTRICT,GYALSHING,-,-,Brahmaputra,Brahmaputra,-,-,-,Brahmaputra,27.29027778,88.24833333,30-07-2026 01:00,1
3209,3209,Gyalshing  Bhanu Park,Sikkim,11,Sikkim,228,WEST DISTRICT,GYALSHING,-,-,Brahmaputra,Brahmaputra,-,-,-,Brahmaputra,27.29027778,88.24833333,30-07-2026 02:00,3.5
3210,3210,Gyalshing  Bhanu Park,Sikkim,11,Sikkim,228,WEST DISTRICT,GYALSHING,-,-,Brahmaputra,Brahmaputra,-,-,-,Brahmaputra,27.29027778,88.24833333,30-07-2026 03:00,1
3211,3211,Gyalshing  Bhanu Park,Sikkim,11,Sikkim,228,WEST DISTRICT,GYALSHING,-,-,Brahmaputra,Brahmaputra,-,-,-,Brahmaputra,27.29027778,88.24833333,30-07-2026 06:00,0.5
3212,3212,Gyalshing  Bhanu Park,Sikkim,11,Sikkim,228,WEST DISTRICT,GYALSHING,-,-,Brahmaputra,Brahmaputra,-,-,-,Brahmaputra,27.29027778,88.24833333,30-07-2026 07:00,1
3213,3213,Gyalshing  Bhanu Park,Sikkim,11,Sikkim,228,WEST DISTRICT,GYALSHING,-,-,Brahmaputra,Brahmaputra,-,-,-,Brahmaputra,27.29027778,88.24833333,30-07-2026 08:00,0.5
3214,3214,Gyalshing  Bhanu Park,Sikkim,11,Sikkim,228,WEST DISTRICT,GYALSHING,-,-,Brahmaputra,Brahmaputra,-,-,-,Brahmaputra,27.29027778,88.24833333,30-07-2026 12:00,1.5
3215,3215,Gyalshing  Bhanu Park,Sikkim,11,Sikkim,228,WEST DISTRICT,GYALSHING,-,-,Brahmaputra,Brahmaputra,-,-,-,Brahmaputra,27.29027778,88.24833333,30-07-2026 14:00,1.5
3216,3216,Gyalshing  Bhanu Park,Sikkim,11,Sikkim,228,WEST DISTRICT,GYALSHING,-,-,Brahmaputra,Brahmaputra,-,-,-,Brahmaputra,27.29027778,88.24833333,30-07-2026 16:00,0.5
3217,3217,Gyalshing  Bhanu Park,Sikkim,11,Sikkim,228,WEST DISTRICT,GYALSHING,-,-,Brahmaputra,Brahmaputra,-,-,-,Brahmaputra,27.29027778,88.24833333,31-07-2026 13:00,2
3218,3218,Gyalshing  Bhanu Park,Sikkim,11,Sikkim,228,WEST DISTRICT,GYALSHING,-,-,Brahmaputra,Brahmaputra,-,-,-,Brahmaputra,27.29027778,88.24833333,31-07-2026 15:00,2.5
3219,3219,Gyalshing  Bhanu Park,Sikkim,11,Sikkim,228,WEST DISTRICT,GYALSHING,-,-,Brahmaputra,Brahmaputra,-,-,-,Brahmaputra,27.29027778,88.24833333,31-07-2026 16:00,2
3220,3220,Gyalshing  Bhanu Park,Sikkim,11,Sikkim,228,WEST DISTRICT,GYALSHING,-,-,Brahmaputra,Brahmaputra,-,-,-,Brahmaputra,27.29027778,88.24833333,31-07-2026 17:00,0.5
3221,3221,Gyalshing  Bhanu Park,Sikkim,11,Sikkim,228,WEST DISTRICT,GYALSHING,-,-,Brahmaputra,Brahmaputra,-,-,-,Brahmaputra,27.29027778,88.24833333,31-07-2026 19:00,1
3222,3222,Gyalshing  Bhanu Park,Sikkim,11,Sikkim,228,WEST DISTRICT,GYALSHING,-,-,Brahmaputra,Brahmaputra,-,-,-,Brahmaputra,27.29027778,88.24833333,31-07-2026 20:00,10
3223,3223,Gyalshing  Bhanu Park,Sikkim,11,Sikkim,228,WEST DISTRICT,GYALSHING,-,-,Brahmaputra,Brahmaputra,-,-,-,Brahmaputra,27.29027778,88.24833333,31-07-2026 21:00,0.5
3224,3224,Gyalshing  Bhanu Park,Sikkim,11,Sikkim,228,WEST DISTRICT,GYALSHING,-,-,Brahmaputra,Brahmaputra,-,-,-,Brahmaputra,27.29027778,88.24833333,31-07-2026 22:00,3.5
3225,3225,Gyalshing  Bhanu Park,Sikkim,11,Sikkim,228,WEST DISTRICT,GYALSHING,-,-,Brahmaputra,Brahmaputra,-,-,-,Brahmaputra,27.29027778,88.24833333,31-07-2026 23:00,1.5
3226,3226,Gyalshing  Bhanu Park,Sikkim,11,Sikkim,228,WEST DISTRICT,GYALSHING,-,-,Brahmaputra,Brahmaputra,-,-,-,Brahmaputra,27.29027778,88.24833333,01-08-2026 01:00,0.5
3227,3227,Gyalshing  Bhanu Park,Sikkim,11,Sikkim,228,WEST DISTRICT,GYALSHING,-,-,Brahmaputra,Brahmaputra,-,-,-,Brahmaputra,27.29027778,88.24833333,01-08-2026 02:00,3.5
3228,3228,Gyalshing  Bhanu Park,Sikkim,11,Sikkim,228,WEST DISTRICT,GYALSHING,-,-,Brahmaputra,Brahmaputra,-,-,-,Brahmaputra,27.29027778,88.24833333,01-08-2026 03:00,1.5
3229,3229,Gyalshing  Bhanu Park,Sikkim,11,Sikkim,228,WEST DISTRICT,GYALSHING,-,-,Brahmaputra,Brahmaputra,-,-,-,Brahmaputra,27.29027778,88.24833333,01-08-2026 04:00,1.5
3230,3230,Gyalshing  Bhanu Park,Sikkim,11,Sikkim,228,WEST DISTRICT,GYALSHING,-,-,Brahmaputra,Brahmaputra,-,-,-,Brahmaputra,27.29027778,88.24833333,01-08-2026 05:00,0.5
3231,3231,Gyalshing  Bhanu Park,Sikkim,11,Sikkim,228,WEST DISTRICT,GYALSHING,-,-,Brahmaputra,Brahmaputra,-,-,-,Brahmaputra,27.29027778,88.24833333,01-08-2026 08:00,0.5
3232,3232,Gyalshing  Bhanu Park,Sikkim,11,Sikkim,228,WEST DISTRICT,GYALSHING,-,-,Brahmaputra,Brahmaputra,-,-,-,Brahmaputra,27.29027778,88.24833333,01-08-2026 11:00,0.5
3233,3233,Gyalshing  Bhanu Park,Sikkim,11,Sikkim,228,WEST DISTRICT,GYALSHING,-,-,Brahmaputra,Brahmaputra,-,-,-,Brahmaputra,27.29027778,88.24833333,01-08-2026 13:00,2
3234,3234,Gyalshing  Bhanu Park,Sikkim,11,Sikkim,228,WEST DISTRICT,GYALSHING,-,-,Brahmaputra,Brahmaputra,-,-,-,Brahmaputra,27.29027778,88.24833333,01-08-2026 15:00,0.5
3235,3235,Gyalshing  Bhanu Park,Sikkim,11,Sikkim,228,WEST DISTRICT,GYALSHING,-,-,Brahmaputra,Brahmaputra,-,-,-,Brahmaputra,27.29027778,88.24833333,02-08-2026 07:00,0.5
3236,3236,Gyalshing  Bhanu Park,Sikkim,11,Sikkim,228,WEST DISTRICT,GYALSHING,-,-,Brahmaputra,Brahmaputra,-,-,-,Brahmaputra,27.29027778,88.24833333,02-08-2026 08:00,1
3237,3237,Gyalshing  Bhanu Park,Sikkim,11,Sikkim,228,WEST DISTRICT,GYALSHING,-,-,Brahmaputra,Brahmaputra,-,-,-,Brahmaputra,27.29027778,88.24833333,02-08-2026 09:00,1
3238,3238,Gyalshing  Bhanu Park,Sikkim,11,Sikkim,228,WEST DISTRICT,GYALSHING,-,-,Brahmaputra,Brahmaputra,-,-,-,Brahmaputra,27.29027778,88.24833333,02-08-2026 10:00,2
3239,3239,Gyalshing  Bhanu Park,Sikkim,11,Sikkim,228,WEST DISTRICT,GYALSHING,-,-,Brahmaputra,Brahmaputra,-,-,-,Brahmaputra,27.29027778,88.24833333,02-08-2026 11:00,0.5
3240,3240,Gyalshing  Bhanu Park,Sikkim,11,Sikkim,228,WEST DISTRICT,GYALSHING,-,-,Brahmaputra,Brahmaputra,-,-,-,Brahmaputra,27.29027778,88.24833333,02-08-2026 12:00,2.5
3241,3241,Gyalshing  Bhanu Park,Sikkim,11,Sikkim,228,WEST DISTRICT,GYALSHING,-,-,Brahmaputra,Brahmaputra,-,-,-,Brahmaputra,27.29027778,88.24833333,02-08-2026 13:00,4.5
3242,3242,Gyalshing  Bhanu Park,Sikkim,11,Sikkim,228,WEST DISTRICT,GYALSHING,-,-,Brahmaputra,Brahmaputra,-,-,-,Brahmaputra,27.29027778,88.24833333,02-08-2026 15:00,1.5
3243,3243,Gyalshing  Bhanu Park,Sikkim,11,Sikkim,228,WEST DISTRICT,GYALSHING,-,-,Brahmaputra,Brahmaputra,-,-,-,Brahmaputra,27.29027778,88.24833333,02-08-2026 16:00,2.5
3244,3244,Gyalshing  Bhanu Park,Sikkim,11,Sikkim,228,WEST DISTRICT,GYALSHING,-,-,Brahmaputra,Brahmaputra,-,-,-,Brahmaputra,27.29027778,88.24833333,02-08-2026 17:00,0.5
3245,3245,Gyalshing  Bhanu Park,Sikkim,11,Sikkim,228,WEST DISTRICT,GYALSHING,-,-,Brahmaputra,Brahmaputra,-,-,-,Brahmaputra,27.29027778,88.24833333,02-08-2026 20:00,0.5
3246,3246,Gyalshing  Bhanu Park,Sikkim,11,Sikkim,228,WEST DISTRICT,GYALSHING,-,-,Brahmaputra,Brahmaputra,-,-,-,Brahmaputra,27.29027778,88.24833333,03-08-2026 00:00,0.5
3247,3247,Gyalshing  Bhanu Park,Sikkim,11,Sikkim,228,WEST DISTRICT,GYALSHING,-,-,Brahmaputra,Brahmaputra,-,-,-,Brahmaputra,27.29027778,88.24833333,03-08-2026 09:00,1
3248,3248,Gyalshing  Bhanu Park,Sikkim,11,Sikkim,228,WEST DISTRICT,GYALSHING,-,-,Brahmaputra,Brahmaputra,-,-,-,Brahmaputra,27.29027778,88.24833333,03-08-2026 13:00,1.5
3249,3249,Gyalshing  Bhanu Park,Sikkim,11,Sikkim,228,WEST DISTRICT,GYALSHING,-,-,Brahmaputra,Brahmaputra,-,-,-,Brahmaputra,27.29027778,88.24833333,03-08-2026 14:00,7
3250,3250,Gyalshing  Bhanu Park,Sikkim,11,Sikkim,228,WEST DISTRICT,GYALSHING,-,-,Brahmaputra,Brahmaputra,-,-,-,Brahmaputra,27.29027778,88.24833333,03-08-2026 15:00,5
3251,3251,Gyalshing  Bhanu Park,Sikkim,11,Sikkim,228,WEST DISTRICT,GYALSHING,-,-,Brahmaputra,Brahmaputra,-,-,-,Brahmaputra,27.29027778,88.24833333,03-08-2026 16:00,0.5
3252,3252,Gyalshing  Bhanu Park,Sikkim,11,Sikkim,228,WEST DISTRICT,GYALSHING,-,-,Brahmaputra,Brahmaputra,-,-,-,Brahmaputra,27.29027778,88.24833333,03-08-2026 18:00,1
3253,3253,Gyalshing  Bhanu Park,Sikkim,11,Sikkim,228,WEST DISTRICT,GYALSHING,-,-,Brahmaputra,Brahmaputra,-,-,-,Brahmaputra,27.29027778,88.24833333,03-08-2026 22:00,4
3254,3254,Gyalshing  Bhanu Park,Sikkim,11,Sikkim,228,WEST DISTRICT,GYALSHING,-,-,Brahmaputra,Brahmaputra,-,-,-,Brahmaputra,27.29027778,88.24833333,04-08-2026 06:00,0.5
3255,3255,Gyalshing  Bhanu Park,Sikkim,11,Sikkim,228,WEST DISTRICT,GYALSHING,-,-,Brahmaputra,Brahmaputra,-,-,-,Brahmaputra,27.29027778,88.24833333,04-08-2026 10:00,1.5
3256,3256,Gyalshing  Bhanu Park,Sikkim,11,Sikkim,228,WEST DISTRICT,GYALSHING,-,-,Brahmaputra,Brahmaputra,-,-,-,Brahmaputra,27.29027778,88.24833333,04-08-2026 11:00,2.5
3257,3257,Gyalshing  Bhanu Park,Sikkim,11,Sikkim,228,WEST DISTRICT,GYALSHING,-,-,Brahmaputra,Brahmaputra,-,-,-,Brahmaputra,27.29027778,88.24833333,04-08-2026 12:00,2.5
3258,3258,Gyalshing  Bhanu Park,Sikkim,11,Sikkim,228,WEST DISTRICT,GYALSHING,-,-,Brahmaputra,Brahmaputra,-,-,-,Brahmaputra,27.29027778,88.24833333,04-08-2026 13:00,4.5
3259,3259,Gyalshing  Bhanu Park,Sikkim,11,Sikkim,228,WEST DISTRICT,GYALSHING,-,-,Brahmaputra,Brahmaputra,-,-,-,Brahmaputra,27.29027778,88.24833333,04-08-2026 14:00,3
3260,3260,Gyalshing  Bhanu Park,Sikkim,11,Sikkim,228,WEST DISTRICT,GYALSHING,-,-,Brahmaputra,Brahmaputra,-,-,-,Brahmaputra,27.29027778,88.24833333,04-08-2026 15:00,3.5
3261,3261,Gyalshing  Bhanu Park,Sikkim,11,Sikkim,228,WEST DISTRICT,GYALSHING,-,-,Brahmaputra,Brahmaputra,-,-,-,Brahmaputra,27.29027778,88.24833333,04-08-2026 20:00,0.5
3262,3262,Gyalshing  Bhanu Park,Sikkim,11,Sikkim,228,WEST DISTRICT,GYALSHING,-,-,Brahmaputra,Brahmaputra,-,-,-,Brahmaputra,27.29027778,88.24833333,05-08-2026 03:00,1
3263,3263,Gyalshing  Bhanu Park,Sikkim,11,Sikkim,228,WEST DISTRICT,GYALSHING,-,-,Brahmaputra,Brahmaputra,-,-,-,Brahmaputra,27.29027778,88.24833333,05-08-2026 04:00,0.5
3264,3264,Gyalshing  Bhanu Park,Sikkim,11,Sikkim,228,WEST DISTRICT,GYALSHING,-,-,Brahmaputra,Brahmaputra,-,-,-,Brahmaputra,27.29027778,88.24833333,05-08-2026 06:00,0.5
3265,3265,Gyalshing  Bhanu Park,Sikkim,11,Sikkim,228,WEST DISTRICT,GYALSHING,-,-,Brahmaputra,Brahmaputra,-,-,-,Brahmaputra,27.29027778,88.24833333,05-08-2026 09:00,0.5
3266,3266,Gyalshing  Bhanu Park,Sikkim,11,Sikkim,228,WEST DISTRICT,GYALSHING,-,-,Brahmaputra,Brahmaputra,-,-,-,Brahmaputra,27.29027778,88.24833333,05-08-2026 10:00,0.5
3267,3267,Gyalshing  Bhanu Park,Sikkim,11,Sikkim,228,WEST DISTRICT,GYALSHING,-,-,Brahmaputra,Brahmaputra,-,-,-,Brahmaputra,27.29027778,88.24833333,05-08-2026 11:00,0.5
3268,3268,Gyalshing  Bhanu Park,Sikkim,11,Sikkim,228,WEST DISTRICT,GYALSHING,-,-,Brahmaputra,Brahmaputra,-,-,-,Brahmaputra,27.29027778,88.24833333,05-08-2026 14:00,0.5
3269,3269,Gyalshing  Bhanu Park,Sikkim,11,Sikkim,228,WEST DISTRICT,GYALSHING,-,-,Brahmaputra,Brahmaputra,-,-,-,Brahmaputra,27.29027778,88.24833333,05-08-2026 15:00,0.5
3270,3270,Gyalshing  Bhanu Park,Sikkim,11,Sikkim,228,WEST DISTRICT,GYALSHING,-,-,Brahmaputra,Brahmaputra,-,-,-,Brahmaputra,27.29027778,88.24833333,06-08-2026 00:00,0.5
3271,3271,Gyalshing  Bhanu Park,Sikkim,11,Sikkim,228,WEST DISTRICT,GYALSHING,-,-,Brahmaputra,Brahmaputra,-,-,-,Brahmaputra,27.29027778,88.24833333,06-08-2026 01:00,0.5
3272,3272,Gyalshing  Bhanu Park,Sikkim,11,Sikkim,228,WEST DISTRICT,GYALSHING,-,-,Brahmaputra,Brahmaputra,-,-,-,Brahmaputra,27.29027778,88.24833333,06-08-2026 10:00,0.5
3273,3273,Gyalshing  Bhanu Park,Sikkim,11,Sikkim,228,WEST DISTRICT,GYALSHING,-,-,Brahmaputra,Brahmaputra,-,-,-,Brahmaputra,27.29027778,88.24833333,06-08-2026 11:00,1
3274,3274,Gyalshing  Bhanu Park,Sikkim,11,Sikkim,228,WEST DISTRICT,GYALSHING,-,-,Brahmaputra,Brahmaputra,-,-,-,Brahmaputra,27.29027778,88.24833333,06-08-2026 12:00,2
3275,3275,Gyalshing  Bhanu Park,Sikkim,11,Sikkim,228,WEST DISTRICT,GYALSHING,-,-,Brahmaputra,Brahmaputra,-,-,-,Brahmaputra,27.29027778,88.24833333,06-08-2026 13:00,0.5
3276,3276,Gyalshing  Bhanu Park,Sikkim,11,Sikkim,228,WEST DISTRICT,GYALSHING,-,-,Brahmaputra,Brahmaputra,-,-,-,Brahmaputra,27.29027778,88.24833333,06-08-2026 16:00,6.5
3277,3277,Gyalshing  Bhanu Park,Sikkim,11,Sikkim,228,WEST DISTRICT,GYALSHING,-,-,Brahmaputra,Brahmaputra,-,-,-,Brahmaputra,27.29027778,88.24833333,06-08-2026 17:00,1
3278,3278,Gyalshing  Bhanu Park,Sikkim,11,Sikkim,228,WEST DISTRICT,GYALSHING,-,-,Brahmaputra,Brahmaputra,-,-,-,Brahmaputra,27.29027778,88.24833333,07-08-2026 09:00,0.5
3279,3279,Gyalshing  Bhanu Park,Sikkim,11,Sikkim,228,WEST DISTRICT,GYALSHING,-,-,Brahmaputra,Brahmaputra,-,-,-,Brahmaputra,27.29027778,88.24833333,07-08-2026 10:00,0.5
3280,3280,Gyalshing  Bhanu Park,Sikkim,11,Sikkim,228,WEST DISTRICT,GYALSHING,-,-,Brahmaputra,Brahmaputra,-,-,-,Brahmaputra,27.29027778,88.24833333,07-08-2026 11:00,3
3281,3281,Gyalshing  Bhanu Park,Sikkim,11,Sikkim,228,WEST DISTRICT,GYALSHING,-,-,Brahmaputra,Brahmaputra,-,-,-,Brahmaputra,27.29027778,88.24833333,07-08-2026 12:00,4
3282,3282,Gyalshing  Bhanu Park,Sikkim,11,Sikkim,228,WEST DISTRICT,GYALSHING,-,-,Brahmaputra,Brahmaputra,-,-,-,Brahmaputra,27.29027778,88.24833333,07-08-2026 13:00,2.5
3283,3283,Gyalshing  Bhanu Park,Sikkim,11,Sikkim,228,WEST DISTRICT,GYALSHING,-,-,Brahmaputra,Brahmaputra,-,-,-,Brahmaputra,27.29027778,88.24833333,07-08-2026 14:00,1
3284,3284,Gyalshing  Bhanu Park,Sikkim,11,Sikkim,228,WEST DISTRICT,GYALSHING,-,-,Brahmaputra,Brahmaputra,-,-,-,Brahmaputra,27.29027778,88.24833333,07-08-2026 16:00,1
3285,3285,Gyalshing  Bhanu Park,Sikkim,11,Sikkim,228,WEST DISTRICT,GYALSHING,-,-,Brahmaputra,Brahmaputra,-,-,-,Brahmaputra,27.29027778,88.24833333,07-08-2026 17:00,0.5
3286,3286,Gyalshing  Bhanu Park,Sikkim,11,Sikkim,228,WEST DISTRICT,GYALSHING,-,-,Brahmaputra,Brahmaputra,-,-,-,Brahmaputra,27.29027778,88.24833333,08-08-2026 07:00,0.5
3287,3287,Gyalshing  Bhanu Park,Sikkim,11,Sikkim,228,WEST DISTRICT,GYALSHING,-,-,Brahmaputra,Brahmaputra,-,-,-,Brahmaputra,27.29027778,88.24833333,08-08-2026 12:00,5
3288,3288,Gyalshing  Bhanu Park,Sikkim,11,Sikkim,228,WEST DISTRICT,GYALSHING,-,-,Brahmaputra,Brahmaputra,-,-,-,Brahmaputra,27.29027778,88.24833333,08-08-2026 13:00,0.5
3289,3289,Gyalshing  Bhanu Park,Sikkim,11,Sikkim,228,WEST DISTRICT,GYALSHING,-,-,Brahmaputra,Brahmaputra,-,-,-,Brahmaputra,27.29027778,88.24833333,08-08-2026 18:00,0.5
3290,3290,Gyalshing  Bhanu Park,Sikkim,11,Sikkim,228,WEST DISTRICT,GYALSHING,-,-,Brahmaputra,Brahmaputra,-,-,-,Brahmaputra,27.29027778,88.24833333,08-08-2026 19:00,1
3291,3291,Gyalshing  Bhanu Park,Sikkim,11,Sikkim,228,WEST DISTRICT,GYALSHING,-,-,Brahmaputra,Brahmaputra,-,-,-,Brahmaputra,27.29027778,88.24833333,08-08-2026 21:00,1.5
3292,3292,Gyalshing  Bhanu Park,Sikkim,11,Sikkim,228,WEST DISTRICT,GYALSHING,-,-,Brahmaputra,Brahmaputra,-,-,-,Brahmaputra,27.29027778,88.24833333,08-08-2026 22:00,0.5
3293,3293,Gyalshing  Bhanu Park,Sikkim,11,Sikkim,228,WEST DISTRICT,GYALSHING,-,-,Brahmaputra,Brahmaputra,-,-,-,Brahmaputra,27.29027778,88.24833333,08-08-2026 23:00,2.5
3294,3294,Gyalshing  Bhanu Park,Sikkim,11,Sikkim,228,WEST DISTRICT,GYALSHING,-,-,Brahmaputra,Brahmaputra,-,-,-,Brahmaputra,27.29027778,88.24833333,09-08-2026 00:00,1
3295,3295,Gyalshing  Bhanu Park,Sikkim,11,Sikkim,228,WEST DISTRICT,GYALSHING,-,-,Brahmaputra,Brahmaputra,-,-,-,Brahmaputra,27.29027778,88.24833333,09-08-2026 01:00,1
3296,3296,Gyalshing  Bhanu Park,Sikkim,11,Sikkim,228,WEST DISTRICT,GYALSHING,-,-,Brahmaputra,Brahmaputra,-,-,-,Brahmaputra,27.29027778,88.24833333,09-08-2026 05:00,0.5
3297,3297,Gyalshing  Bhanu Park,Sikkim,11,Sikkim,228,WEST DISTRICT,GYALSHING,-,-,Brahmaputra,Brahmaputra,-,-,-,Brahmaputra,27.29027778,88.24833333,11-08-2026 10:00,1
3298,3298,Gyalshing  Bhanu Park,Sikkim,11,Sikkim,228,WEST DISTRICT,GYALSHING,-,-,Brahmaputra,Brahmaputra,-,-,-,Brahmaputra,27.29027778,88.24833333,11-08-2026 12:00,0.5
3299,3299,Gyalshing  Bhanu Park,Sikkim,11,Sikkim,228,WEST DISTRICT,GYALSHING,-,-,Brahmaputra,Brahmaputra,-,-,-,Brahmaputra,27.29027778,88.24833333,11-08-2026 13:00,0.5
3300,3300,Gyalshing  Bhanu Park,Sikkim,11,Sikkim,228,WEST DISTRICT,GYALSHING,-,-,Brahmaputra,Brahmaputra,-,-,-,Brahmaputra,27.29027778,88.24833333,11-08-2026 14:00,1.5
3301,3301,Gyalshing  Bhanu Park,Sikkim,11,Sikkim,228,WEST DISTRICT,GYALSHING,-,-,Brahmaputra,Brahmaputra,-,-,-,Brahmaputra,27.29027778,88.24833333,11-08-2026 15:00,1.5
3302,3302,Gyalshing  Bhanu Park,Sikkim,11,Sikkim,228,WEST DISTRICT,GYALSHING,-,-,Brahmaputra,Brahmaputra,-,-,-,Brahmaputra,27.29027778,88.24833333,11-08-2026 18:00,0.5
3303,3303,Gyalshing  Bhanu Park,Sikkim,11,Sikkim,228,WEST DISTRICT,GYALSHING,-,-,Brahmaputra,Brahmaputra,-,-,-,Brahmaputra,27.29027778,88.24833333,11-08-2026 23:00,0.5
3304,3304,Gyalshing  Bhanu Park,Sikkim,11,Sikkim,228,WEST DISTRICT,GYALSHING,-,-,Brahmaputra,Brahmaputra,-,-,-,Brahmaputra,27.29027778,88.24833333,12-08-2026 01:00,0.5
3305,3305,Gyalshing  Bhanu Park,Sikkim,11,Sikkim,228,WEST DISTRICT,GYALSHING,-,-,Brahmaputra,Brahmaputra,-,-,-,Brahmaputra,27.29027778,88.24833333,12-08-2026 02:00,2
3306,3306,Gyalshing  Bhanu Park,Sikkim,11,Sikkim,228,WEST DISTRICT,GYALSHING,-,-,Brahmaputra,Brahmaputra,-,-,-,Brahmaputra,27.29027778,88.24833333,12-08-2026 03:00,1.5
3307,3307,Gyalshing  Bhanu Park,Sikkim,11,Sikkim,228,WEST DISTRICT,GYALSHING,-,-,Brahmaputra,Brahmaputra,-,-,-,Brahmaputra,27.29027778,88.24833333,12-08-2026 04:00,0.5
3308,3308,Gyalshing  Bhanu Park,Sikkim,11,Sikkim,228,WEST DISTRICT,GYALSHING,-,-,Brahmaputra,Brahmaputra,-,-,-,Brahmaputra,27.29027778,88.24833333,12-08-2026 05:00,0.5
3309,3309,Gyalshing  Bhanu Park,Sikkim,11,Sikkim,228,WEST DISTRICT,GYALSHING,-,-,Brahmaputra,Brahmaputra,-,-,-,Brahmaputra,27.29027778,88.24833333,12-08-2026 07:00,3
3310,3310,Gyalshing  Bhanu Park,Sikkim,11,Sikkim,228,WEST DISTRICT,GYALSHING,-,-,Brahmaputra,Brahmaputra,-,-,-,Brahmaputra,27.29027778,88.24833333,12-08-2026 08:00,1
3311,3311,Gyalshing  Bhanu Park,Sikkim,11,Sikkim,228,WEST DISTRICT,GYALSHING,-,-,Brahmaputra,Brahmaputra,-,-,-,Brahmaputra,27.29027778,88.24833333,12-08-2026 09:00,4.5
3312,3312,Gyalshing  Bhanu Park,Sikkim,11,Sikkim,228,WEST DISTRICT,GYALSHING,-,-,Brahmaputra,Brahmaputra,-,-,-,Brahmaputra,27.29027778,88.24833333,12-08-2026 10:00,0.5
3313,3313,Gyalshing  Bhanu Park,Sikkim,11,Sikkim,228,WEST DISTRICT,GYALSHING,-,-,Brahmaputra,Brahmaputra,-,-,-,Brahmaputra,27.29027778,88.24833333,12-08-2026 11:00,2.5
3314,3314,Gyalshing  Bhanu Park,Sikkim,11,Sikkim,228,WEST DISTRICT,GYALSHING,-,-,Brahmaputra,Brahmaputra,-,-,-,Brahmaputra,27.29027778,88.24833333,12-08-2026 12:00,5.5
3315,3315,Gyalshing  Bhanu Park,Sikkim,11,Sikkim,228,WEST DISTRICT,GYALSHING,-,-,Brahmaputra,Brahmaputra,-,-,-,Brahmaputra,27.29027778,88.24833333,12-08-2026 13:00,2
3316,3316,Gyalshing  Bhanu Park,Sikkim,11,Sikkim,228,WEST DISTRICT,GYALSHING,-,-,Brahmaputra,Brahmaputra,-,-,-,Brahmaputra,27.29027778,88.24833333,14-08-2026 01:00,2
3317,3317,Gyalshing  Bhanu Park,Sikkim,11,Sikkim,228,WEST DISTRICT,GYALSHING,-,-,Brahmaputra,Brahmaputra,-,-,-,Brahmaputra,27.29027778,88.24833333,14-08-2026 02:00,14
3318,3318,Gyalshing  Bhanu Park,Sikkim,11,Sikkim,228,WEST DISTRICT,GYALSHING,-,-,Brahmaputra,Brahmaputra,-,-,-,Brahmaputra,27.29027778,88.24833333,14-08-2026 03:00,4
3319,3319,Gyalshing  Bhanu Park,Sikkim,11,Sikkim,228,WEST DISTRICT,GYALSHING,-,-,Brahmaputra,Brahmaputra,-,-,-,Brahmaputra,27.29027778,88.24833333,14-08-2026 05:00,0.5
3320,3320,Gyalshing  Bhanu Park,Sikkim,11,Sikkim,228,WEST DISTRICT,GYALSHING,-,-,Brahmaputra,Brahmaputra,-,-,-,Brahmaputra,27.29027778,88.24833333,14-08-2026 08:00,1.5
3321,3321,Gyalshing  Bhanu Park,Sikkim,11,Sikkim,228,WEST DISTRICT,GYALSHING,-,-,Brahmaputra,Brahmaputra,-,-,-,Brahmaputra,27.29027778,88.24833333,14-08-2026 09:00,4
3322,3322,Gyalshing  Bhanu Park,Sikkim,11,Sikkim,228,WEST DISTRICT,GYALSHING,-,-,Brahmaputra,Brahmaputra,-,-,-,Brahmaputra,27.29027778,88.24833333,14-08-2026 10:00,2.5
3323,3323,Gyalshing  Bhanu Park,Sikkim,11,Sikkim,228,WEST DISTRICT,GYALSHING,-,-,Brahmaputra,Brahmaputra,-,-,-,Brahmaputra,27.29027778,88.24833333,14-08-2026 15:00,2
3324,3324,Gyalshing  Bhanu Park,Sikkim,11,Sikkim,228,WEST DISTRICT,GYALSHING,-,-,Brahmaputra,Brahmaputra,-,-,-,Brahmaputra,27.29027778,88.24833333,14-08-2026 16:00,1
3325,3325,Gyalshing  Bhanu Park,Sikkim,11,Sikkim,228,WEST DISTRICT,GYALSHING,-,-,Brahmaputra,Brahmaputra,-,-,-,Brahmaputra,27.29027778,88.24833333,14-08-2026 17:00,1
3326,3326,Gyalshing  Bhanu Park,Sikkim,11,Sikkim,228,WEST DISTRICT,GYALSHING,-,-,Brahmaputra,Brahmaputra,-,-,-,Brahmaputra,27.29027778,88.24833333,14-08-2026 18:00,1
3327,3327,Gyalshing  Bhanu Park,Sikkim,11,Sikkim,228,WEST DISTRICT,GYALSHING,-,-,Brahmaputra,Brahmaputra,-,-,-,Brahmaputra,27.29027778,88.24833333,15-08-2026 10:00,6
3328,3328,Gyalshing  Bhanu Park,Sikkim,11,Sikkim,228,WEST DISTRICT,GYALSHING,-,-,Brahmaputra,Brahmaputra,-,-,-,Brahmaputra,27.29027778,88.24833333,15-08-2026 13:00,2.5
3329,3329,Gyalshing  Bhanu Park,Sikkim,11,Sikkim,228,WEST DISTRICT,GYALSHING,-,-,Brahmaputra,Brahmaputra,-,-,-,Brahmaputra,27.29027778,88.24833333,22-08-2026 14:00,2.5
3330,3330,Gyalshing  Bhanu Park,Sikkim,11,Sikkim,228,WEST DISTRICT,GYALSHING,-,-,Brahmaputra,Brahmaputra,-,-,-,Brahmaputra,27.29027778,88.24833333,22-08-2026 14:00,2.5
3331,3331,Gyalshing  Bhanu Park,Sikkim,11,Sikkim,228,WEST DISTRICT,GYALSHING,-,-,Brahmaputra,Brahmaputra,-,-,-,Brahmaputra,27.29027778,88.24833333,25-08-2026 11:00,366
3332,3332,Gyalshing  Bhanu Park,Sikkim,11,Sikkim,228,WEST DISTRICT,GYALSHING,-,-,Brahmaputra,Brahmaputra,-,-,-,Brahmaputra,27.29027778,88.24833333,25-08-2026 12:00,371.5
3333,3333,Gyalshing  Bhanu Park,Sikkim,11,Sikkim,228,WEST DISTRICT,GYALSHING,-,-,Brahmaputra,Brahmaputra,-,-,-,Brahmaputra,27.29027778,88.24833333,25-08-2026 13:00,3
3334,3334,Gyalshing  Bhanu Park,Sikkim,11,Sikkim,228,WEST DISTRICT,GYALSHING,-,-,Brahmaputra,Brahmaputra,-,-,-,Brahmaputra,27.29027778,88.24833333,25-08-2026 13:00,370
3335,3335,Gyalshing  Bhanu Park,Sikkim,11,Sikkim,228,WEST DISTRICT,GYALSHING,-,-,Brahmaputra,Brahmaputra,-,-,-,Brahmaputra,27.29027778,88.24833333,25-08-2026 14:00,1.5
3336,3336,Gyalshing  Bhanu Park,Sikkim,11,Sikkim,228,WEST DISTRICT,GYALSHING,-,-,Brahmaputra,Brahmaputra,-,-,-,Brahmaputra,27.29027778,88.24833333,25-08-2026 14:00,361.5
3337,3337,Gyalshing  Bhanu Park,Sikkim,11,Sikkim,228,WEST DISTRICT,GYALSHING,-,-,Brahmaputra,Brahmaputra,-,-,-,Brahmaputra,27.29027778,88.24833333,25-08-2026 15:00,352
3338,3338,Gyalshing  Bhanu Park,Sikkim,11,Sikkim,228,WEST DISTRICT,GYALSHING,-,-,Brahmaputra,Brahmaputra,-,-,-,Brahmaputra,27.29027778,88.24833333,25-08-2026 16:00,332.5
3339,3339,Gyalshing  Bhanu Park,Sikkim,11,Sikkim,228,WEST DISTRICT,GYALSHING,-,-,Brahmaputra,Brahmaputra,-,-,-,Brahmaputra,27.29027778,88.24833333,25-08-2026 17:00,310.5
3340,3340,Gyalshing  Bhanu Park,Sikkim,11,Sikkim,228,WEST DISTRICT,GYALSHING,-,-,Brahmaputra,Brahmaputra,-,-,-,Brahmaputra,27.29027778,88.24833333,25-08-2026 18:00,306.5
3341,3341,Gyalshing  Bhanu Park,Sikkim,11,Sikkim,228,WEST DISTRICT,GYALSHING,-,-,Brahmaputra,Brahmaputra,-,-,-,Brahmaputra,27.29027778,88.24833333,25-08-2026 19:00,307
3342,3342,Gyalshing  Bhanu Park,Sikkim,11,Sikkim,228,WEST DISTRICT,GYALSHING,-,-,Brahmaputra,Brahmaputra,-,-,-,Brahmaputra,27.29027778,88.24833333,25-08-2026 20:00,304
3343,3343,Gyalshing  Bhanu Park,Sikkim,11,Sikkim,228,WEST DISTRICT,GYALSHING,-,-,Brahmaputra,Brahmaputra,-,-,-,Brahmaputra,27.29027778,88.24833333,25-08-2026 21:00,304
3344,3344,Gyalshing  Bhanu Park,Sikkim,11,Sikkim,228,WEST DISTRICT,GYALSHING,-,-,Brahmaputra,Brahmaputra,-,-,-,Brahmaputra,27.29027778,88.24833333,25-08-2026 22:00,304
3345,3345,Gyalshing  Bhanu Park,Sikkim,11,Sikkim,228,WEST DISTRICT,GYALSHING,-,-,Brahmaputra,Brahmaputra,-,-,-,Brahmaputra,27.29027778,88.24833333,25-08-2026 23:00,304.5
3346,3346,Gyalshing  Bhanu Park,Sikkim,11,Sikkim,228,WEST DISTRICT,GYALSHING,-,-,Brahmaputra,Brahmaputra,-,-,-,Brahmaputra,27.29027778,88.24833333,26-08-2026 00:00,302
3347,3347,Gyalshing  Bhanu Park,Sikkim,11,Sikkim,228,WEST DISTRICT,GYALSHING,-,-,Brahmaputra,Brahmaputra,-,-,-,Brahmaputra,27.29027778,88.24833333,26-08-2026 01:00,302
3348,3348,Gyalshing  Bhanu Park,Sikkim,11,Sikkim,228,WEST DISTRICT,GYALSHING,-,-,Brahmaputra,Brahmaputra,-,-,-,Brahmaputra,27.29027778,88.24833333,26-08-2026 02:00,301.5
3349,3349,Gyalshing  Bhanu Park,Sikkim,11,Sikkim,228,WEST DISTRICT,GYALSHING,-,-,Brahmaputra,Brahmaputra,-,-,-,Brahmaputra,27.29027778,88.24833333,26-08-2026 03:00,301
3350,3350,Gyalshing  Bhanu Park,Sikkim,11,Sikkim,228,WEST DISTRICT,GYALSHING,-,-,Brahmaputra,Brahmaputra,-,-,-,Brahmaputra,27.29027778,88.24833333,26-08-2026 04:00,4.5
3351,3351,Gyalshing  Bhanu Park,Sikkim,11,Sikkim,228,WEST DISTRICT,GYALSHING,-,-,Brahmaputra,Brahmaputra,-,-,-,Brahmaputra,27.29027778,88.24833333,26-08-2026 04:00,300
3352,3352,Gyalshing  Bhanu Park,Sikkim,11,Sikkim,228,WEST DISTRICT,GYALSHING,-,-,Brahmaputra,Brahmaputra,-,-,-,Brahmaputra,27.29027778,88.24833333,26-08-2026 05:00,2.5
3353,3353,Gyalshing  Bhanu Park,Sikkim,11,Sikkim,228,WEST DISTRICT,GYALSHING,-,-,Brahmaputra,Brahmaputra,-,-,-,Brahmaputra,27.29027778,88.24833333,26-08-2026 05:00,300
3354,3354,Gyalshing  Bhanu Park,Sikkim,11,Sikkim,228,WEST DISTRICT,GYALSHING,-,-,Brahmaputra,Brahmaputra,-,-,-,Brahmaputra,27.29027778,88.24833333,26-08-2026 06:00,1
3355,3355,Gyalshing  Bhanu Park,Sikkim,11,Sikkim,228,WEST DISTRICT,GYALSHING,-,-,Brahmaputra,Brahmaputra,-,-,-,Brahmaputra,27.29027778,88.24833333,26-08-2026 06:00,303
3356,3356,Gyalshing  Bhanu Park,Sikkim,11,Sikkim,228,WEST DISTRICT,GYALSHING,-,-,Brahmaputra,Brahmaputra,-,-,-,Brahmaputra,27.29027778,88.24833333,26-08-2026 07:00,1
3357,3357,Gyalshing  Bhanu Park,Sikkim,11,Sikkim,228,WEST DISTRICT,GYALSHING,-,-,Brahmaputra,Brahmaputra,-,-,-,Brahmaputra,27.29027778,88.24833333,26-08-2026 07:00,304
3358,3358,Gyalshing  Bhanu Park,Sikkim,11,Sikkim,228,WEST DISTRICT,GYALSHING,-,-,Brahmaputra,Brahmaputra,-,-,-,Brahmaputra,27.29027778,88.24833333,26-08-2026 09:00,306
3359,3359,Gyalshing  Bhanu Park,Sikkim,11,Sikkim,228,WEST DISTRICT,GYALSHING,-,-,Brahmaputra,Brahmaputra,-,-,-,Brahmaputra,27.29027778,88.24833333,26-08-2026 10:00,0.5
3360,3360,Gyalshing  Bhanu Park,Sikkim,11,Sikkim,228,WEST DISTRICT,GYALSHING,-,-,Brahmaputra,Brahmaputra,-,-,-,Brahmaputra,27.29027778,88.24833333,26-08-2026 10:00,309.5
3361,3361,Gyalshing  Bhanu Park,Sikkim,11,Sikkim,228,WEST DISTRICT,GYALSHING,-,-,Brahmaputra,Brahmaputra,-,-,-,Brahmaputra,27.29027778,88.24833333,26-08-2026 11:00,319
3362,3362,Gyalshing  Bhanu Park,Sikkim,11,Sikkim,228,WEST DISTRICT,GYALSHING,-,-,Brahmaputra,Brahmaputra,-,-,-,Brahmaputra,27.29027778,88.24833333,26-08-2026 12:00,335
3363,3363,Gyalshing  Bhanu Park,Sikkim,11,Sikkim,228,WEST DISTRICT,GYALSHING,-,-,Brahmaputra,Brahmaputra,-,-,-,Brahmaputra,27.29027778,88.24833333,26-08-2026 13:00,335
3364,3364,Gyalshing  Bhanu Park,Sikkim,11,Sikkim,228,WEST DISTRICT,GYALSHING,-,-,Brahmaputra,Brahmaputra,-,-,-,Brahmaputra,27.29027778,88.24833333,26-08-2026 14:00,337
3365,3365,Gyalshing  Bhanu Park,Sikkim,11,Sikkim,228,WEST DISTRICT,GYALSHING,-,-,Brahmaputra,Brahmaputra,-,-,-,Brahmaputra,27.29027778,88.24833333,26-08-2026 15:00,328
3366,3366,Gyalshing  Bhanu Park,Sikkim,11,Sikkim,228,WEST DISTRICT,GYALSHING,-,-,Brahmaputra,Brahmaputra,-,-,-,Brahmaputra,27.29027778,88.24833333,26-08-2026 16:00,318
3367,3367,Gyalshing  Bhanu Park,Sikkim,11,Sikkim,228,WEST DISTRICT,GYALSHING,-,-,Brahmaputra,Brahmaputra,-,-,-,Brahmaputra,27.29027778,88.24833333,26-08-2026 17:00,310
3368,3368,Gyalshing  Bhanu Park,Sikkim,11,Sikkim,228,WEST DISTRICT,GYALSHING,-,-,Brahmaputra,Brahmaputra,-,-,-,Brahmaputra,27.29027778,88.24833333,26-08-2026 19:00,305
3369,3369,Gyalshing  Bhanu Park,Sikkim,11,Sikkim,228,WEST DISTRICT,GYALSHING,-,-,Brahmaputra,Brahmaputra,-,-,-,Brahmaputra,27.29027778,88.24833333,26-08-2026 20:00,304
3370,3370,Gyalshing  Bhanu Park,Sikkim,11,Sikkim,228,WEST DISTRICT,GYALSHING,-,-,Brahmaputra,Brahmaputra,-,-,-,Brahmaputra,27.29027778,88.24833333,26-08-2026 21:00,304
3371,3371,Gyalshing  Bhanu Park,Sikkim,11,Sikkim,228,WEST DISTRICT,GYALSHING,-,-,Brahmaputra,Brahmaputra,-,-,-,Brahmaputra,27.29027778,88.24833333,26-08-2026 22:00,303
3372,3372,Gyalshing  Bhanu Park,Sikkim,11,Sikkim,228,WEST DISTRICT,GYALSHING,-,-,Brahmaputra,Brahmaputra,-,-,-,Brahmaputra,27.29027778,88.24833333,26-08-2026 23:00,302.5
3373,3373,Gyalshing  Bhanu Park,Sikkim,11,Sikkim,228,WEST DISTRICT,GYALSHING,-,-,Brahmaputra,Brahmaputra,-,-,-,Brahmaputra,27.29027778,88.24833333,27-08-2026 00:00,303.5
3374,3374,Gyalshing  Bhanu Park,Sikkim,11,Sikkim,228,WEST DISTRICT,GYALSHING,-,-,Brahmaputra,Brahmaputra,-,-,-,Brahmaputra,27.29027778,88.24833333,27-08-2026 01:00,302
3375,3375,Gyalshing  Bhanu Park,Sikkim,11,Sikkim,228,WEST DISTRICT,GYALSHING,-,-,Brahmaputra,Brahmaputra,-,-,-,Brahmaputra,27.29027778,88.24833333,27-08-2026 02:00,302
3376,3376,Gyalshing  Bhanu Park,Sikkim,11,Sikkim,228,WEST DISTRICT,GYALSHING,-,-,Brahmaputra,Brahmaputra,-,-,-,Brahmaputra,27.29027778,88.24833333,27-08-2026 03:00,298.5
3377,3377,Gyalshing  Bhanu Park,Sikkim,11,Sikkim,228,WEST DISTRICT,GYALSHING,-,-,Brahmaputra,Brahmaputra,-,-,-,Brahmaputra,27.29027778,88.24833333,27-08-2026 04:00,296
3378,3378,Gyalshing  Bhanu Park,Sikkim,11,Sikkim,228,WEST DISTRICT,GYALSHING,-,-,Brahmaputra,Brahmaputra,-,-,-,Brahmaputra,27.29027778,88.24833333,27-08-2026 05:00,300.5
3379,3379,Gyalshing  Bhanu Park,Sikkim,11,Sikkim,228,WEST DISTRICT,GYALSHING,-,-,Brahmaputra,Brahmaputra,-,-,-,Brahmaputra,27.29027778,88.24833333,27-08-2026 06:00,305.5
3380,3380,Gyalshing  Bhanu Park,Sikkim,11,Sikkim,228,WEST DISTRICT,GYALSHING,-,-,Brahmaputra,Brahmaputra,-,-,-,Brahmaputra,27.29027778,88.24833333,27-08-2026 07:00,322.5
3381,3381,Gyalshing  Bhanu Park,Sikkim,11,Sikkim,228,WEST DISTRICT,GYALSHING,-,-,Brahmaputra,Brahmaputra,-,-,-,Brahmaputra,27.29027778,88.24833333,27-08-2026 08:00,338.5
3382,3382,Gyalshing  Bhanu Park,Sikkim,11,Sikkim,228,WEST DISTRICT,GYALSHING,-,-,Brahmaputra,Brahmaputra,-,-,-,Brahmaputra,27.29027778,88.24833333,27-08-2026 09:00,352.5
3383,3383,Gyalshing  Bhanu Park,Sikkim,11,Sikkim,228,WEST DISTRICT,GYALSHING,-,-,Brahmaputra,Brahmaputra,-,-,-,Brahmaputra,27.29027778,88.24833333,27-08-2026 10:00,358.5
3384,3384,Gyalshing  Bhanu Park,Sikkim,11,Sikkim,228,WEST DISTRICT,GYALSHING,-,-,Brahmaputra,Brahmaputra,-,-,-,Brahmaputra,27.29027778,88.24833333,27-08-2026 11:00,359.5
3385,3385,Gyalshing  Bhanu Park,Sikkim,11,Sikkim,228,WEST DISTRICT,GYALSHING,-,-,Brahmaputra,Brahmaputra,-,-,-,Brahmaputra,27.29027778,88.24833333,27-08-2026 12:00,347.5
3386,3386,Gyalshing  Bhanu Park,Sikkim,11,Sikkim,228,WEST DISTRICT,GYALSHING,-,-,Brahmaputra,Brahmaputra,-,-,-,Brahmaputra,27.29027778,88.24833333,27-08-2026 13:00,341.5
3387,3387,Gyalshing  Bhanu Park,Sikkim,11,Sikkim,228,WEST DISTRICT,GYALSHING,-,-,Brahmaputra,Brahmaputra,-,-,-,Brahmaputra,27.29027778,88.24833333,27-08-2026 14:00,346.5
3388,3388,Gyalshing  Bhanu Park,Sikkim,11,Sikkim,228,WEST DISTRICT,GYALSHING,-,-,Brahmaputra,Brahmaputra,-,-,-,Brahmaputra,27.29027778,88.24833333,27-08-2026 15:00,340
3389,3389,Gyalshing  Bhanu Park,Sikkim,11,Sikkim,228,WEST DISTRICT,GYALSHING,-,-,Brahmaputra,Brahmaputra,-,-,-,Brahmaputra,27.29027778,88.24833333,27-08-2026 16:00,324
3390,3390,Gyalshing  Bhanu Park,Sikkim,11,Sikkim,228,WEST DISTRICT,GYALSHING,-,-,Brahmaputra,Brahmaputra,-,-,-,Brahmaputra,27.29027778,88.24833333,27-08-2026 17:00,316
3391,3391,Gyalshing  Bhanu Park,Sikkim,11,Sikkim,228,WEST DISTRICT,GYALSHING,-,-,Brahmaputra,Brahmaputra,-,-,-,Brahmaputra,27.29027778,88.24833333,27-08-2026 18:00,312
3392,3392,Gyalshing  Bhanu Park,Sikkim,11,Sikkim,228,WEST DISTRICT,GYALSHING,-,-,Brahmaputra,Brahmaputra,-,-,-,Brahmaputra,27.29027778,88.24833333,27-08-2026 19:00,308
3393,3393,Gyalshing  Bhanu Park,Sikkim,11,Sikkim,228,WEST DISTRICT,GYALSHING,-,-,Brahmaputra,Brahmaputra,-,-,-,Brahmaputra,27.29027778,88.24833333,27-08-2026 20:00,306.5
3394,3394,Gyalshing  Bhanu Park,Sikkim,11,Sikkim,228,WEST DISTRICT,GYALSHING,-,-,Brahmaputra,Brahmaputra,-,-,-,Brahmaputra,27.29027778,88.24833333,27-08-2026 21:00,307
3395,3395,Gyalshing  Bhanu Park,Sikkim,11,Sikkim,228,WEST DISTRICT,GYALSHING,-,-,Brahmaputra,Brahmaputra,-,-,-,Brahmaputra,27.29027778,88.24833333,27-08-2026 22:00,305.5
3396,3396,Gyalshing  Bhanu Park,Sikkim,11,Sikkim,228,WEST DISTRICT,GYALSHING,-,-,Brahmaputra,Brahmaputra,-,-,-,Brahmaputra,27.29027778,88.24833333,27-08-2026 23:00,306
3397,3397,Gyalshing  Bhanu Park,Sikkim,11,Sikkim,228,WEST DISTRICT,GYALSHING,-,-,Brahmaputra,Brahmaputra,-,-,-,Brahmaputra,27.29027778,88.24833333,28-08-2026 00:00,304
3398,3398,Gyalshing  Bhanu Park,Sikkim,11,Sikkim,228,WEST DISTRICT,GYALSHING,-,-,Brahmaputra,Brahmaputra,-,-,-,Brahmaputra,27.29027778,88.24833333,28-08-2026 01:00,303.5
3399,3399,Gyalshing  Bhanu Park,Sikkim,11,Sikkim,228,WEST DISTRICT,GYALSHING,-,-,Brahmaputra,Brahmaputra,-,-,-,Brahmaputra,27.29027778,88.24833333,28-08-2026 01:00,1
3400,3400,Gyalshing  Bhanu Park,Sikkim,11,Sikkim,228,WEST DISTRICT,GYALSHING,-,-,Brahmaputra,Brahmaputra,-,-,-,Brahmaputra,27.29027778,88.24833333,28-08-2026 02:00,304
3401,3401,Gyalshing  Bhanu Park,Sikkim,11,Sikkim,228,WEST DISTRICT,GYALSHING,-,-,Brahmaputra,Brahmaputra,-,-,-,Brahmaputra,27.29027778,88.24833333,28-08-2026 02:00,5
3402,3402,Gyalshing  Bhanu Park,Sikkim,11,Sikkim,228,WEST DISTRICT,GYALSHING,-,-,Brahmaputra,Brahmaputra,-,-,-,Brahmaputra,27.29027778,88.24833333,28-08-2026 03:00,1
3403,3403,Gyalshing  Bhanu Park,Sikkim,11,Sikkim,228,WEST DISTRICT,GYALSHING,-,-,Brahmaputra,Brahmaputra,-,-,-,Brahmaputra,27.29027778,88.24833333,28-08-2026 03:00,303.5
3404,3404,Gyalshing  Bhanu Park,Sikkim,11,Sikkim,228,WEST DISTRICT,GYALSHING,-,-,Brahmaputra,Brahmaputra,-,-,-,Brahmaputra,27.29027778,88.24833333,28-08-2026 04:00,0.5
3405,3405,Gyalshing  Bhanu Park,Sikkim,11,Sikkim,228,WEST DISTRICT,GYALSHING,-,-,Brahmaputra,Brahmaputra,-,-,-,Brahmaputra,27.29027778,88.24833333,28-08-2026 04:00,303.5
3406,3406,Gyalshing  Bhanu Park,Sikkim,11,Sikkim,228,WEST DISTRICT,GYALSHING,-,-,Brahmaputra,Brahmaputra,-,-,-,Brahmaputra,27.29027778,88.24833333,28-08-2026 05:00,305
3407,3407,Gyalshing  Bhanu Park,Sikkim,11,Sikkim,228,WEST DISTRICT,GYALSHING,-,-,Brahmaputra,Brahmaputra,-,-,-,Brahmaputra,27.29027778,88.24833333,28-08-2026 05:00,0.5
3408,3408,Gyalshing  Bhanu Park,Sikkim,11,Sikkim,228,WEST DISTRICT,GYALSHING,-,-,Brahmaputra,Brahmaputra,-,-,-,Brahmaputra,27.29027778,88.24833333,28-08-2026 06:00,307
3409,3409,Gyalshing  Bhanu Park,Sikkim,11,Sikkim,228,WEST DISTRICT,GYALSHING,-,-,Brahmaputra,Brahmaputra,-,-,-,Brahmaputra,27.29027778,88.24833333,28-08-2026 07:00,320.5
3410,3410,Gyalshing  Bhanu Park,Sikkim,11,Sikkim,228,WEST DISTRICT,GYALSHING,-,-,Brahmaputra,Brahmaputra,-,-,-,Brahmaputra,27.29027778,88.24833333,28-08-2026 08:00,333.5
3411,3411,Gyalshing  Bhanu Park,Sikkim,11,Sikkim,228,WEST DISTRICT,GYALSHING,-,-,Brahmaputra,Brahmaputra,-,-,-,Brahmaputra,27.29027778,88.24833333,28-08-2026 09:00,345.5
3412,3412,Gyalshing  Bhanu Park,Sikkim,11,Sikkim,228,WEST DISTRICT,GYALSHING,-,-,Brahmaputra,Brahmaputra,-,-,-,Brahmaputra,27.29027778,88.24833333,28-08-2026 10:00,362.5
3413,3413,Gyalshing  Bhanu Park,Sikkim,11,Sikkim,228,WEST DISTRICT,GYALSHING,-,-,Brahmaputra,Brahmaputra,-,-,-,Brahmaputra,27.29027778,88.24833333,28-08-2026 11:00,351.5
3414,3414,Gyalshing  Bhanu Park,Sikkim,11,Sikkim,228,WEST DISTRICT,GYALSHING,-,-,Brahmaputra,Brahmaputra,-,-,-,Brahmaputra,27.29027778,88.24833333,28-08-2026 12:00,350.5
3415,3415,Gyalshing  Bhanu Park,Sikkim,11,Sikkim,228,WEST DISTRICT,GYALSHING,-,-,Brahmaputra,Brahmaputra,-,-,-,Brahmaputra,27.29027778,88.24833333,28-08-2026 13:00,341
3416,3416,Gyalshing  Bhanu Park,Sikkim,11,Sikkim,228,WEST DISTRICT,GYALSHING,-,-,Brahmaputra,Brahmaputra,-,-,-,Brahmaputra,27.29027778,88.24833333,28-08-2026 14:00,328.5
3417,3417,Gyalshing  Bhanu Park,Sikkim,11,Sikkim,228,WEST DISTRICT,GYALSHING,-,-,Brahmaputra,Brahmaputra,-,-,-,Brahmaputra,27.29027778,88.24833333,28-08-2026 15:00,331
3418,3418,Gyalshing  Bhanu Park,Sikkim,11,Sikkim,228,WEST DISTRICT,GYALSHING,-,-,Brahmaputra,Brahmaputra,-,-,-,Brahmaputra,27.29027778,88.24833333,28-08-2026 16:00,330.5
3419,3419,Gyalshing  Bhanu Park,Sikkim,11,Sikkim,228,WEST DISTRICT,GYALSHING,-,-,Brahmaputra,Brahmaputra,-,-,-,Brahmaputra,27.29027778,88.24833333,28-08-2026 18:00,311
3420,3420,Gyalshing  Bhanu Park,Sikkim,11,Sikkim,228,WEST DISTRICT,GYALSHING,-,-,Brahmaputra,Brahmaputra,-,-,-,Brahmaputra,27.29027778,88.24833333,28-08-2026 19:00,304
3421,3421,Gyalshing  Bhanu Park,Sikkim,11,Sikkim,228,WEST DISTRICT,GYALSHING,-,-,Brahmaputra,Brahmaputra,-,-,-,Brahmaputra,27.29027778,88.24833333,28-08-2026 20:00,36.5
3422,3422,Gyalshing  Bhanu Park,Sikkim,11,Sikkim,228,WEST DISTRICT,GYALSHING,-,-,Brahmaputra,Brahmaputra,-,-,-,Brahmaputra,27.29027778,88.24833333,28-08-2026 20:00,36.5
3423,3423,Gyalshing  Bhanu Park,Sikkim,11,Sikkim,228,WEST DISTRICT,GYALSHING,-,-,Brahmaputra,Brahmaputra,-,-,-,Brahmaputra,27.29027778,88.24833333,28-08-2026 21:00,303
3424,3424,Gyalshing  Bhanu Park,Sikkim,11,Sikkim,228,WEST DISTRICT,GYALSHING,-,-,Brahmaputra,Brahmaputra,-,-,-,Brahmaputra,27.29027778,88.24833333,28-08-2026 21:00,5.5
3425,3425,Gyalshing  Bhanu Park,Sikkim,11,Sikkim,228,WEST DISTRICT,GYALSHING,-,-,Brahmaputra,Brahmaputra,-,-,-,Brahmaputra,27.29027778,88.24833333,28-08-2026 22:00,302.5
3426,3426,Gyalshing  Bhanu Park,Sikkim,11,Sikkim,228,WEST DISTRICT,GYALSHING,-,-,Brahmaputra,Brahmaputra,-,-,-,Brahmaputra,27.29027778,88.24833333,28-08-2026 22:00,1
3427,3427,Gyalshing  Bhanu Park,Sikkim,11,Sikkim,228,WEST DISTRICT,GYALSHING,-,-,Brahmaputra,Brahmaputra,-,-,-,Brahmaputra,27.29027778,88.24833333,28-08-2026 23:00,303
3428,3428,Gyalshing  Bhanu Park,Sikkim,11,Sikkim,228,WEST DISTRICT,GYALSHING,-,-,Brahmaputra,Brahmaputra,-,-,-,Brahmaputra,27.29027778,88.24833333,28-08-2026 23:00,0.5
3429,3429,Gyalshing  Bhanu Park,Sikkim,11,Sikkim,228,WEST DISTRICT,GYALSHING,-,-,Brahmaputra,Brahmaputra,-,-,-,Brahmaputra,27.29027778,88.24833333,29-08-2026 00:00,302
3430,3430,Gyalshing  Bhanu Park,Sikkim,11,Sikkim,228,WEST DISTRICT,GYALSHING,-,-,Brahmaputra,Brahmaputra,-,-,-,Brahmaputra,27.29027778,88.24833333,29-08-2026 01:00,302
3431,3431,Gyalshing  Bhanu Park,Sikkim,11,Sikkim,228,WEST DISTRICT,GYALSHING,-,-,Brahmaputra,Brahmaputra,-,-,-,Brahmaputra,27.29027778,88.24833333,29-08-2026 02:00,301
3432,3432,Gyalshing  Bhanu Park,Sikkim,11,Sikkim,228,WEST DISTRICT,GYALSHING,-,-,Brahmaputra,Brahmaputra,-,-,-,Brahmaputra,27.29027778,88.24833333,29-08-2026 03:00,301
3433,3433,Gyalshing  Bhanu Park,Sikkim,11,Sikkim,228,WEST DISTRICT,GYALSHING,-,-,Brahmaputra,Brahmaputra,-,-,-,Brahmaputra,27.29027778,88.24833333,29-08-2026 04:00,300.5
3434,3434,Gyalshing  Bhanu Park,Sikkim,11,Sikkim,228,WEST DISTRICT,GYALSHING,-,-,Brahmaputra,Brahmaputra,-,-,-,Brahmaputra,27.29027778,88.24833333,29-08-2026 05:00,300.5
3435,3435,Gyalshing  Bhanu Park,Sikkim,11,Sikkim,228,WEST DISTRICT,GYALSHING,-,-,Brahmaputra,Brahmaputra,-,-,-,Brahmaputra,27.29027778,88.24833333,29-08-2026 05:00,0.5
3436,3436,Gyalshing  Bhanu Park,Sikkim,11,Sikkim,228,WEST DISTRICT,GYALSHING,-,-,Brahmaputra,Brahmaputra,-,-,-,Brahmaputra,27.29027778,88.24833333,29-08-2026 06:00,308.5
3437,3437,Gyalshing  Bhanu Park,Sikkim,11,Sikkim,228,WEST DISTRICT,GYALSHING,-,-,Brahmaputra,Brahmaputra,-,-,-,Brahmaputra,27.29027778,88.24833333,29-08-2026 07:00,313
3438,3438,Gyalshing  Bhanu Park,Sikkim,11,Sikkim,228,WEST DISTRICT,GYALSHING,-,-,Brahmaputra,Brahmaputra,-,-,-,Brahmaputra,27.29027778,88.24833333,29-08-2026 08:00,344
3439,3439,Gyalshing  Bhanu Park,Sikkim,11,Sikkim,228,WEST DISTRICT,GYALSHING,-,-,Brahmaputra,Brahmaputra,-,-,-,Brahmaputra,27.29027778,88.24833333,29-08-2026 09:00,350.5
3440,3440,Gyalshing  Bhanu Park,Sikkim,11,Sikkim,228,WEST DISTRICT,GYALSHING,-,-,Brahmaputra,Brahmaputra,-,-,-,Brahmaputra,27.29027778,88.24833333,29-08-2026 10:00,366.5
3441,3441,Gyalshing  Bhanu Park,Sikkim,11,Sikkim,228,WEST DISTRICT,GYALSHING,-,-,Brahmaputra,Brahmaputra,-,-,-,Brahmaputra,27.29027778,88.24833333,29-08-2026 11:00,365.5
3442,3442,Gyalshing  Bhanu Park,Sikkim,11,Sikkim,228,WEST DISTRICT,GYALSHING,-,-,Brahmaputra,Brahmaputra,-,-,-,Brahmaputra,27.29027778,88.24833333,29-08-2026 12:00,364.5
3443,3443,Gyalshing  Bhanu Park,Sikkim,11,Sikkim,228,WEST DISTRICT,GYALSHING,-,-,Brahmaputra,Brahmaputra,-,-,-,Brahmaputra,27.29027778,88.24833333,29-08-2026 13:00,358.5
3444,3444,Gyalshing  Bhanu Park,Sikkim,11,Sikkim,228,WEST DISTRICT,GYALSHING,-,-,Brahmaputra,Brahmaputra,-,-,-,Brahmaputra,27.29027778,88.24833333,29-08-2026 14:00,341.5
3445,3445,Gyalshing  Bhanu Park,Sikkim,11,Sikkim,228,WEST DISTRICT,GYALSHING,-,-,Brahmaputra,Brahmaputra,-,-,-,Brahmaputra,27.29027778,88.24833333,29-08-2026 15:00,332
3446,3446,Gyalshing  Bhanu Park,Sikkim,11,Sikkim,228,WEST DISTRICT,GYALSHING,-,-,Brahmaputra,Brahmaputra,-,-,-,Brahmaputra,27.29027778,88.24833333,29-08-2026 16:00,321
3447,3447,Gyalshing  Bhanu Park,Sikkim,11,Sikkim,228,WEST DISTRICT,GYALSHING,-,-,Brahmaputra,Brahmaputra,-,-,-,Brahmaputra,27.29027778,88.24833333,29-08-2026 17:00,314
3448,3448,Gyalshing  Bhanu Park,Sikkim,11,Sikkim,228,WEST DISTRICT,GYALSHING,-,-,Brahmaputra,Brahmaputra,-,-,-,Brahmaputra,27.29027778,88.24833333,29-08-2026 18:00,310
3449,3449,Gyalshing  Bhanu Park,Sikkim,11,Sikkim,228,WEST DISTRICT,GYALSHING,-,-,Brahmaputra,Brahmaputra,-,-,-,Brahmaputra,27.29027778,88.24833333,29-08-2026 19:00,309.5
3450,3450,Gyalshing  Bhanu Park,Sikkim,11,Sikkim,228,WEST DISTRICT,GYALSHING,-,-,Brahmaputra,Brahmaputra,-,-,-,Brahmaputra,27.29027778,88.24833333,29-08-2026 20:00,307
3451,3451,Gyalshing  Bhanu Park,Sikkim,11,Sikkim,228,WEST DISTRICT,GYALSHING,-,-,Brahmaputra,Brahmaputra,-,-,-,Brahmaputra,27.29027778,88.24833333,29-08-2026 21:00,305.5
3452,3452,Gyalshing  Bhanu Park,Sikkim,11,Sikkim,228,WEST DISTRICT,GYALSHING,-,-,Brahmaputra,Brahmaputra,-,-,-,Brahmaputra,27.29027778,88.24833333,29-08-2026 22:00,304.5
3453,3453,Gyalshing  Bhanu Park,Sikkim,11,Sikkim,228,WEST DISTRICT,GYALSHING,-,-,Brahmaputra,Brahmaputra,-,-,-,Brahmaputra,27.29027778,88.24833333,29-08-2026 23:00,305
3454,3454,Gyalshing  Bhanu Park,Sikkim,11,Sikkim,228,WEST DISTRICT,GYALSHING,-,-,Brahmaputra,Brahmaputra,-,-,-,Brahmaputra,27.29027778,88.24833333,30-08-2026 00:00,304.5
3455,3455,Gyalshing  Bhanu Park,Sikkim,11,Sikkim,228,WEST DISTRICT,GYALSHING,-,-,Brahmaputra,Brahmaputra,-,-,-,Brahmaputra,27.29027778,88.24833333,30-08-2026 01:00,303
3456,3456,Gyalshing  Bhanu Park,Sikkim,11,Sikkim,228,WEST DISTRICT,GYALSHING,-,-,Brahmaputra,Brahmaputra,-,-,-,Brahmaputra,27.29027778,88.24833333,30-08-2026 02:00,302
3457,3457,Gyalshing  Bhanu Park,Sikkim,11,Sikkim,228,WEST DISTRICT,GYALSHING,-,-,Brahmaputra,Brahmaputra,-,-,-,Brahmaputra,27.29027778,88.24833333,30-08-2026 03:00,301.5
3458,3458,Gyalshing  Bhanu Park,Sikkim,11,Sikkim,228,WEST DISTRICT,GYALSHING,-,-,Brahmaputra,Brahmaputra,-,-,-,Brahmaputra,27.29027778,88.24833333,30-08-2026 04:00,297.5
3459,3459,Gyalshing  Bhanu Park,Sikkim,11,Sikkim,228,WEST DISTRICT,GYALSHING,-,-,Brahmaputra,Brahmaputra,-,-,-,Brahmaputra,27.29027778,88.24833333,30-08-2026 05:00,300
3460,3460,Gyalshing  Bhanu Park,Sikkim,11,Sikkim,228,WEST DISTRICT,GYALSHING,-,-,Brahmaputra,Brahmaputra,-,-,-,Brahmaputra,27.29027778,88.24833333,30-08-2026 06:00,306.5
3461,3461,Gyalshing  Bhanu Park,Sikkim,11,Sikkim,228,WEST DISTRICT,GYALSHING,-,-,Brahmaputra,Brahmaputra,-,-,-,Brahmaputra,27.29027778,88.24833333,30-08-2026 07:00,315
3462,3462,Gyalshing  Bhanu Park,Sikkim,11,Sikkim,228,WEST DISTRICT,GYALSHING,-,-,Brahmaputra,Brahmaputra,-,-,-,Brahmaputra,27.29027778,88.24833333,30-08-2026 08:00,342
3463,3463,Gyalshing  Bhanu Park,Sikkim,11,Sikkim,228,WEST DISTRICT,GYALSHING,-,-,Brahmaputra,Brahmaputra,-,-,-,Brahmaputra,27.29027778,88.24833333,30-08-2026 09:00,358.5
3464,3464,Gyalshing  Bhanu Park,Sikkim,11,Sikkim,228,WEST DISTRICT,GYALSHING,-,-,Brahmaputra,Brahmaputra,-,-,-,Brahmaputra,27.29027778,88.24833333,30-08-2026 10:00,367.5
3465,3465,Gyalshing  Bhanu Park,Sikkim,11,Sikkim,228,WEST DISTRICT,GYALSHING,-,-,Brahmaputra,Brahmaputra,-,-,-,Brahmaputra,27.29027778,88.24833333,30-08-2026 11:00,370.5
3466,3466,Gyalshing  Bhanu Park,Sikkim,11,Sikkim,228,WEST DISTRICT,GYALSHING,-,-,Brahmaputra,Brahmaputra,-,-,-,Brahmaputra,27.29027778,88.24833333,30-08-2026 12:00,371.5
3467,3467,Gyalshing  Bhanu Park,Sikkim,11,Sikkim,228,WEST DISTRICT,GYALSHING,-,-,Brahmaputra,Brahmaputra,-,-,-,Brahmaputra,27.29027778,88.24833333,30-08-2026 13:00,337
3468,3468,Gyalshing  Bhanu Park,Sikkim,11,Sikkim,228,WEST DISTRICT,GYALSHING,-,-,Brahmaputra,Brahmaputra,-,-,-,Brahmaputra,27.29027778,88.24833333,30-08-2026 15:00,317
3469,3469,Gyalshing  Bhanu Park,Sikkim,11,Sikkim,228,WEST DISTRICT,GYALSHING,-,-,Brahmaputra,Brahmaputra,-,-,-,Brahmaputra,27.29027778,88.24833333,30-08-2026 16:00,314
3470,3470,Gyalshing  Bhanu Park,Sikkim,11,Sikkim,228,WEST DISTRICT,GYALSHING,-,-,Brahmaputra,Brahmaputra,-,-,-,Brahmaputra,27.29027778,88.24833333,30-08-2026 17:00,306.5
3471,3471,Gyalshing  Bhanu Park,Sikkim,11,Sikkim,228,WEST DISTRICT,GYALSHING,-,-,Brahmaputra,Brahmaputra,-,-,-,Brahmaputra,27.29027778,88.24833333,30-08-2026 18:00,306
3472,3472,Gyalshing  Bhanu Park,Sikkim,11,Sikkim,228,WEST DISTRICT,GYALSHING,-,-,Brahmaputra,Brahmaputra,-,-,-,Brahmaputra,27.29027778,88.24833333,30-08-2026 19:00,305
3473,3473,Gyalshing  Bhanu Park,Sikkim,11,Sikkim,228,WEST DISTRICT,GYALSHING,-,-,Brahmaputra,Brahmaputra,-,-,-,Brahmaputra,27.29027778,88.24833333,30-08-2026 20:00,303.5
3474,3474,Gyalshing  Bhanu Park,Sikkim,11,Sikkim,228,WEST DISTRICT,GYALSHING,-,-,Brahmaputra,Brahmaputra,-,-,-,Brahmaputra,27.29027778,88.24833333,30-08-2026 21:00,301
3475,3475,Gyalshing  Bhanu Park,Sikkim,11,Sikkim,228,WEST DISTRICT,GYALSHING,-,-,Brahmaputra,Brahmaputra,-,-,-,Brahmaputra,27.29027778,88.24833333,30-08-2026 22:00,304
3476,3476,Gyalshing  Bhanu Park,Sikkim,11,Sikkim,228,WEST DISTRICT,GYALSHING,-,-,Brahmaputra,Brahmaputra,-,-,-,Brahmaputra,27.29027778,88.24833333,30-08-2026 23:00,303
3477,3477,Majhitar Area Rangpo,Sikkim,11,Sikkim,225,GANGTOK DISTRICT,Namchi,-,-,Brahmaputra,Brahmaputra,-,-,-,Brahmaputra,27.18166667,88.50472222,14-01-2026 08:00,264
3478,3478,Majhitar Area Rangpo,Sikkim,11,Sikkim,225,GANGTOK DISTRICT,Namchi,-,-,Brahmaputra,Brahmaputra,-,-,-,Brahmaputra,27.18166667,88.50472222,14-01-2026 09:00,281.5
3479,3479,Majhitar Area Rangpo,Sikkim,11,Sikkim,225,GANGTOK DISTRICT,Namchi,-,-,Brahmaputra,Brahmaputra,-,-,-,Brahmaputra,27.18166667,88.50472222,14-01-2026 13:00,319
3480,3480,Majhitar Area Rangpo,Sikkim,11,Sikkim,225,GANGTOK DISTRICT,Namchi,-,-,Brahmaputra,Brahmaputra,-,-,-,Brahmaputra,27.18166667,88.50472222,14-01-2026 17:00,277.5
3481,3481,Majhitar Area Rangpo,Sikkim,11,Sikkim,225,GANGTOK DISTRICT,Namchi,-,-,Brahmaputra,Brahmaputra,-,-,-,Brahmaputra,27.18166667,88.50472222,14-01-2026 19:00,267.5
3482,3482,Majhitar Area Rangpo,Sikkim,11,Sikkim,225,GANGTOK DISTRICT,Namchi,-,-,Brahmaputra,Brahmaputra,-,-,-,Brahmaputra,27.18166667,88.50472222,15-01-2026 01:00,252
3483,3483,Majhitar Area Rangpo,Sikkim,11,Sikkim,225,GANGTOK DISTRICT,Namchi,-,-,Brahmaputra,Brahmaputra,-,-,-,Brahmaputra,27.18166667,88.50472222,15-01-2026 03:00,248
3484,3484,Majhitar Area Rangpo,Sikkim,11,Sikkim,225,GANGTOK DISTRICT,Namchi,-,-,Brahmaputra,Brahmaputra,-,-,-,Brahmaputra,27.18166667,88.50472222,15-01-2026 04:00,246.5
3485,3485,Majhitar Area Rangpo,Sikkim,11,Sikkim,225,GANGTOK DISTRICT,Namchi,-,-,Brahmaputra,Brahmaputra,-,-,-,Brahmaputra,27.18166667,88.50472222,15-01-2026 12:00,316
3486,3486,Majhitar Area Rangpo,Sikkim,11,Sikkim,225,GANGTOK DISTRICT,Namchi,-,-,Brahmaputra,Brahmaputra,-,-,-,Brahmaputra,27.18166667,88.50472222,21-01-2026 13:00,200
3487,3487,Majhitar Area Rangpo,Sikkim,11,Sikkim,225,GANGTOK DISTRICT,Namchi,-,-,Brahmaputra,Brahmaputra,-,-,-,Brahmaputra,27.18166667,88.50472222,28-01-2026 16:00,297.5
3488,3488,Majhitar Area Rangpo,Sikkim,11,Sikkim,225,GANGTOK DISTRICT,Namchi,-,-,Brahmaputra,Brahmaputra,-,-,-,Brahmaputra,27.18166667,88.50472222,28-01-2026 18:00,285
3489,3489,Majhitar Area Rangpo,Sikkim,11,Sikkim,225,GANGTOK DISTRICT,Namchi,-,-,Brahmaputra,Brahmaputra,-,-,-,Brahmaputra,27.18166667,88.50472222,29-01-2026 04:00,260.5
3490,3490,Majhitar Area Rangpo,Sikkim,11,Sikkim,225,GANGTOK DISTRICT,Namchi,-,-,Brahmaputra,Brahmaputra,-,-,-,Brahmaputra,27.18166667,88.50472222,29-01-2026 05:00,258.5
3491,3491,Majhitar Area Rangpo,Sikkim,11,Sikkim,225,GANGTOK DISTRICT,Namchi,-,-,Brahmaputra,Brahmaputra,-,-,-,Brahmaputra,27.18166667,88.50472222,29-01-2026 06:00,258.5
3492,3492,Majhitar Area Rangpo,Sikkim,11,Sikkim,225,GANGTOK DISTRICT,Namchi,-,-,Brahmaputra,Brahmaputra,-,-,-,Brahmaputra,27.18166667,88.50472222,29-01-2026 13:00,322
3493,3493,Majhitar Area Rangpo,Sikkim,11,Sikkim,225,GANGTOK DISTRICT,Namchi,-,-,Brahmaputra,Brahmaputra,-,-,-,Brahmaputra,27.18166667,88.50472222,29-01-2026 14:00,326
3494,3494,Majhitar Area Rangpo,Sikkim,11,Sikkim,225,GANGTOK DISTRICT,Namchi,-,-,Brahmaputra,Brahmaputra,-,-,-,Brahmaputra,27.18166667,88.50472222,29-01-2026 16:00,314
3495,3495,Majhitar Area Rangpo,Sikkim,11,Sikkim,225,GANGTOK DISTRICT,Namchi,-,-,Brahmaputra,Brahmaputra,-,-,-,Brahmaputra,27.18166667,88.50472222,29-01-2026 17:00,297.5
3496,3496,Majhitar Area Rangpo,Sikkim,11,Sikkim,225,GANGTOK DISTRICT,Namchi,-,-,Brahmaputra,Brahmaputra,-,-,-,Brahmaputra,27.18166667,88.50472222,29-01-2026 19:00,281
3497,3497,Majhitar Area Rangpo,Sikkim,11,Sikkim,225,GANGTOK DISTRICT,Namchi,-,-,Brahmaputra,Brahmaputra,-,-,-,Brahmaputra,27.18166667,88.50472222,29-01-2026 20:00,275.5
3498,3498,Majhitar Area Rangpo,Sikkim,11,Sikkim,225,GANGTOK DISTRICT,Namchi,-,-,Brahmaputra,Brahmaputra,-,-,-,Brahmaputra,27.18166667,88.50472222,29-01-2026 22:00,270
3499,3499,Majhitar Area Rangpo,Sikkim,11,Sikkim,225,GANGTOK DISTRICT,Namchi,-,-,Brahmaputra,Brahmaputra,-,-,-,Brahmaputra,27.18166667,88.50472222,29-01-2026 23:00,268
3500,3500,Majhitar Area Rangpo,Sikkim,11,Sikkim,225,GANGTOK DISTRICT,Namchi,-,-,Brahmaputra,Brahmaputra,-,-,-,Brahmaputra,27.18166667,88.50472222,30-01-2026 01:00,263
3501,3501,Majhitar Area Rangpo,Sikkim,11,Sikkim,225,GANGTOK DISTRICT,Namchi,-,-,Brahmaputra,Brahmaputra,-,-,-,Brahmaputra,27.18166667,88.50472222,30-01-2026 04:00,258
3502,3502,Majhitar Area Rangpo,Sikkim,11,Sikkim,225,GANGTOK DISTRICT,Namchi,-,-,Brahmaputra,Brahmaputra,-,-,-,Brahmaputra,27.18166667,88.50472222,30-01-2026 06:00,256.5
3503,3503,Majhitar Area Rangpo,Sikkim,11,Sikkim,225,GANGTOK DISTRICT,Namchi,-,-,Brahmaputra,Brahmaputra,-,-,-,Brahmaputra,27.18166667,88.50472222,30-01-2026 08:00,272
3504,3504,Majhitar Area Rangpo,Sikkim,11,Sikkim,225,GANGTOK DISTRICT,Namchi,-,-,Brahmaputra,Brahmaputra,-,-,-,Brahmaputra,27.18166667,88.50472222,30-01-2026 09:00,289.5
3505,3505,Majhitar Area Rangpo,Sikkim,11,Sikkim,225,GANGTOK DISTRICT,Namchi,-,-,Brahmaputra,Brahmaputra,-,-,-,Brahmaputra,27.18166667,88.50472222,30-01-2026 10:00,307.5
3506,3506,Majhitar Area Rangpo,Sikkim,11,Sikkim,225,GANGTOK DISTRICT,Namchi,-,-,Brahmaputra,Brahmaputra,-,-,-,Brahmaputra,27.18166667,88.50472222,30-01-2026 12:00,324
3507,3507,Majhitar Area Rangpo,Sikkim,11,Sikkim,225,GANGTOK DISTRICT,Namchi,-,-,Brahmaputra,Brahmaputra,-,-,-,Brahmaputra,27.18166667,88.50472222,30-01-2026 18:00,289.5
3508,3508,Majhitar Area Rangpo,Sikkim,11,Sikkim,225,GANGTOK DISTRICT,Namchi,-,-,Brahmaputra,Brahmaputra,-,-,-,Brahmaputra,27.18166667,88.50472222,30-01-2026 21:00,281.5
3509,3509,Majhitar Area Rangpo,Sikkim,11,Sikkim,225,GANGTOK DISTRICT,Namchi,-,-,Brahmaputra,Brahmaputra,-,-,-,Brahmaputra,27.18166667,88.50472222,31-01-2026 01:00,273
3510,3510,Majhitar Area Rangpo,Sikkim,11,Sikkim,225,GANGTOK DISTRICT,Namchi,-,-,Brahmaputra,Brahmaputra,-,-,-,Brahmaputra,27.18166667,88.50472222,02-02-2026 19:00,281
3511,3511,Majhitar Area Rangpo,Sikkim,11,Sikkim,225,GANGTOK DISTRICT,Namchi,-,-,Brahmaputra,Brahmaputra,-,-,-,Brahmaputra,27.18166667,88.50472222,02-02-2026 23:00,270.5
3512,3512,Majhitar Area Rangpo,Sikkim,11,Sikkim,225,GANGTOK DISTRICT,Namchi,-,-,Brahmaputra,Brahmaputra,-,-,-,Brahmaputra,27.18166667,88.50472222,03-02-2026 02:00,268.5
3513,3513,Majhitar Area Rangpo,Sikkim,11,Sikkim,225,GANGTOK DISTRICT,Namchi,-,-,Brahmaputra,Brahmaputra,-,-,-,Brahmaputra,27.18166667,88.50472222,03-02-2026 08:00,280
3514,3514,Majhitar Area Rangpo,Sikkim,11,Sikkim,225,GANGTOK DISTRICT,Namchi,-,-,Brahmaputra,Brahmaputra,-,-,-,Brahmaputra,27.18166667,88.50472222,03-02-2026 09:00,292.5
3515,3515,Majhitar Area Rangpo,Sikkim,11,Sikkim,225,GANGTOK DISTRICT,Namchi,-,-,Brahmaputra,Brahmaputra,-,-,-,Brahmaputra,27.18166667,88.50472222,03-02-2026 16:00,319.5
3516,3516,Majhitar Area Rangpo,Sikkim,11,Sikkim,225,GANGTOK DISTRICT,Namchi,-,-,Brahmaputra,Brahmaputra,-,-,-,Brahmaputra,27.18166667,88.50472222,03-02-2026 17:00,302.5
3517,3517,Majhitar Area Rangpo,Sikkim,11,Sikkim,225,GANGTOK DISTRICT,Namchi,-,-,Brahmaputra,Brahmaputra,-,-,-,Brahmaputra,27.18166667,88.50472222,03-02-2026 21:00,279.5
3518,3518,Majhitar Area Rangpo,Sikkim,11,Sikkim,225,GANGTOK DISTRICT,Namchi,-,-,Brahmaputra,Brahmaputra,-,-,-,Brahmaputra,27.18166667,88.50472222,03-02-2026 23:00,272
3519,3519,Majhitar Area Rangpo,Sikkim,11,Sikkim,225,GANGTOK DISTRICT,Namchi,-,-,Brahmaputra,Brahmaputra,-,-,-,Brahmaputra,27.18166667,88.50472222,04-02-2026 01:00,268
3520,3520,Majhitar Area Rangpo,Sikkim,11,Sikkim,225,GANGTOK DISTRICT,Namchi,-,-,Brahmaputra,Brahmaputra,-,-,-,Brahmaputra,27.18166667,88.50472222,04-02-2026 07:00,267
3521,3521,Majhitar Area Rangpo,Sikkim,11,Sikkim,225,GANGTOK DISTRICT,Namchi,-,-,Brahmaputra,Brahmaputra,-,-,-,Brahmaputra,27.18166667,88.50472222,04-02-2026 08:00,278.5
3522,3522,Majhitar Area Rangpo,Sikkim,11,Sikkim,225,GANGTOK DISTRICT,Namchi,-,-,Brahmaputra,Brahmaputra,-,-,-,Brahmaputra,27.18166667,88.50472222,04-02-2026 13:00,336.5
3523,3523,Majhitar Area Rangpo,Sikkim,11,Sikkim,225,GANGTOK DISTRICT,Namchi,-,-,Brahmaputra,Brahmaputra,-,-,-,Brahmaputra,27.18166667,88.50472222,04-02-2026 17:00,296.5
3524,3524,Majhitar Area Rangpo,Sikkim,11,Sikkim,225,GANGTOK DISTRICT,Namchi,-,-,Brahmaputra,Brahmaputra,-,-,-,Brahmaputra,27.18166667,88.50472222,04-02-2026 19:00,288
3525,3525,Majhitar Area Rangpo,Sikkim,11,Sikkim,225,GANGTOK DISTRICT,Namchi,-,-,Brahmaputra,Brahmaputra,-,-,-,Brahmaputra,27.18166667,88.50472222,04-02-2026 22:00,275
3526,3526,Majhitar Area Rangpo,Sikkim,11,Sikkim,225,GANGTOK DISTRICT,Namchi,-,-,Brahmaputra,Brahmaputra,-,-,-,Brahmaputra,27.18166667,88.50472222,05-02-2026 02:00,264
3527,3527,Majhitar Area Rangpo,Sikkim,11,Sikkim,225,GANGTOK DISTRICT,Namchi,-,-,Brahmaputra,Brahmaputra,-,-,-,Brahmaputra,27.18166667,88.50472222,05-02-2026 04:00,261.5
3528,3528,Majhitar Area Rangpo,Sikkim,11,Sikkim,225,GANGTOK DISTRICT,Namchi,-,-,Brahmaputra,Brahmaputra,-,-,-,Brahmaputra,27.18166667,88.50472222,05-02-2026 16:00,313
3529,3529,Majhitar Area Rangpo,Sikkim,11,Sikkim,225,GANGTOK DISTRICT,Namchi,-,-,Brahmaputra,Brahmaputra,-,-,-,Brahmaputra,27.18166667,88.50472222,05-02-2026 19:00,281.5
3530,3530,Majhitar Area Rangpo,Sikkim,11,Sikkim,225,GANGTOK DISTRICT,Namchi,-,-,Brahmaputra,Brahmaputra,-,-,-,Brahmaputra,27.18166667,88.50472222,05-02-2026 21:00,275
3531,3531,Majhitar Area Rangpo,Sikkim,11,Sikkim,225,GANGTOK DISTRICT,Namchi,-,-,Brahmaputra,Brahmaputra,-,-,-,Brahmaputra,27.18166667,88.50472222,05-02-2026 23:00,275
3532,3532,Majhitar Area Rangpo,Sikkim,11,Sikkim,225,GANGTOK DISTRICT,Namchi,-,-,Brahmaputra,Brahmaputra,-,-,-,Brahmaputra,27.18166667,88.50472222,06-02-2026 00:00,275
3533,3533,Majhitar Area Rangpo,Sikkim,11,Sikkim,225,GANGTOK DISTRICT,Namchi,-,-,Brahmaputra,Brahmaputra,-,-,-,Brahmaputra,27.18166667,88.50472222,06-02-2026 06:00,273.5
3534,3534,Majhitar Area Rangpo,Sikkim,11,Sikkim,225,GANGTOK DISTRICT,Namchi,-,-,Brahmaputra,Brahmaputra,-,-,-,Brahmaputra,27.18166667,88.50472222,06-02-2026 07:00,279
3535,3535,Majhitar Area Rangpo,Sikkim,11,Sikkim,225,GANGTOK DISTRICT,Namchi,-,-,Brahmaputra,Brahmaputra,-,-,-,Brahmaputra,27.18166667,88.50472222,06-02-2026 08:00,287.5
3536,3536,Majhitar Area Rangpo,Sikkim,11,Sikkim,225,GANGTOK DISTRICT,Namchi,-,-,Brahmaputra,Brahmaputra,-,-,-,Brahmaputra,27.18166667,88.50472222,06-02-2026 09:00,297
3537,3537,Majhitar Area Rangpo,Sikkim,11,Sikkim,225,GANGTOK DISTRICT,Namchi,-,-,Brahmaputra,Brahmaputra,-,-,-,Brahmaputra,27.18166667,88.50472222,06-02-2026 18:00,285.5
3538,3538,Majhitar Area Rangpo,Sikkim,11,Sikkim,225,GANGTOK DISTRICT,Namchi,-,-,Brahmaputra,Brahmaputra,-,-,-,Brahmaputra,27.18166667,88.50472222,06-02-2026 20:00,276
3539,3539,Majhitar Area Rangpo,Sikkim,11,Sikkim,225,GANGTOK DISTRICT,Namchi,-,-,Brahmaputra,Brahmaputra,-,-,-,Brahmaputra,27.18166667,88.50472222,06-02-2026 21:00,275
3540,3540,Majhitar Area Rangpo,Sikkim,11,Sikkim,225,GANGTOK DISTRICT,Namchi,-,-,Brahmaputra,Brahmaputra,-,-,-,Brahmaputra,27.18166667,88.50472222,06-02-2026 23:00,269
3541,3541,Majhitar Area Rangpo,Sikkim,11,Sikkim,225,GANGTOK DISTRICT,Namchi,-,-,Brahmaputra,Brahmaputra,-,-,-,Brahmaputra,27.18166667,88.50472222,07-02-2026 03:00,263
3542,3542,Majhitar Area Rangpo,Sikkim,11,Sikkim,225,GANGTOK DISTRICT,Namchi,-,-,Brahmaputra,Brahmaputra,-,-,-,Brahmaputra,27.18166667,88.50472222,07-02-2026 04:00,260.5
3543,3543,Majhitar Area Rangpo,Sikkim,11,Sikkim,225,GANGTOK DISTRICT,Namchi,-,-,Brahmaputra,Brahmaputra,-,-,-,Brahmaputra,27.18166667,88.50472222,10-02-2026 16:00,0.5
3544,3544,Majhitar Area Rangpo,Sikkim,11,Sikkim,225,GANGTOK DISTRICT,Namchi,-,-,Brahmaputra,Brahmaputra,-,-,-,Brahmaputra,27.18166667,88.50472222,11-02-2026 09:00,297.5
3545,3545,Majhitar Area Rangpo,Sikkim,11,Sikkim,225,GANGTOK DISTRICT,Namchi,-,-,Brahmaputra,Brahmaputra,-,-,-,Brahmaputra,27.18166667,88.50472222,11-02-2026 11:00,327.5
3546,3546,Majhitar Area Rangpo,Sikkim,11,Sikkim,225,GANGTOK DISTRICT,Namchi,-,-,Brahmaputra,Brahmaputra,-,-,-,Brahmaputra,27.18166667,88.50472222,11-02-2026 16:00,320
3547,3547,Majhitar Area Rangpo,Sikkim,11,Sikkim,225,GANGTOK DISTRICT,Namchi,-,-,Brahmaputra,Brahmaputra,-,-,-,Brahmaputra,27.18166667,88.50472222,11-02-2026 18:00,299.5
3548,3548,Majhitar Area Rangpo,Sikkim,11,Sikkim,225,GANGTOK DISTRICT,Namchi,-,-,Brahmaputra,Brahmaputra,-,-,-,Brahmaputra,27.18166667,88.50472222,11-02-2026 23:00,273.5
3549,3549,Majhitar Area Rangpo,Sikkim,11,Sikkim,225,GANGTOK DISTRICT,Namchi,-,-,Brahmaputra,Brahmaputra,-,-,-,Brahmaputra,27.18166667,88.50472222,12-02-2026 06:00,262
3550,3550,Majhitar Area Rangpo,Sikkim,11,Sikkim,225,GANGTOK DISTRICT,Namchi,-,-,Brahmaputra,Brahmaputra,-,-,-,Brahmaputra,27.18166667,88.50472222,12-02-2026 07:00,271
3551,3551,Majhitar Area Rangpo,Sikkim,11,Sikkim,225,GANGTOK DISTRICT,Namchi,-,-,Brahmaputra,Brahmaputra,-,-,-,Brahmaputra,27.18166667,88.50472222,12-02-2026 09:00,294.5
3552,3552,Majhitar Area Rangpo,Sikkim,11,Sikkim,225,GANGTOK DISTRICT,Namchi,-,-,Brahmaputra,Brahmaputra,-,-,-,Brahmaputra,27.18166667,88.50472222,12-02-2026 14:00,330.5
3553,3553,Majhitar Area Rangpo,Sikkim,11,Sikkim,225,GANGTOK DISTRICT,Namchi,-,-,Brahmaputra,Brahmaputra,-,-,-,Brahmaputra,27.18166667,88.50472222,12-02-2026 17:00,303
3554,3554,Majhitar Area Rangpo,Sikkim,11,Sikkim,225,GANGTOK DISTRICT,Namchi,-,-,Brahmaputra,Brahmaputra,-,-,-,Brahmaputra,27.18166667,88.50472222,12-02-2026 18:00,302
3555,3555,Majhitar Area Rangpo,Sikkim,11,Sikkim,225,GANGTOK DISTRICT,Namchi,-,-,Brahmaputra,Brahmaputra,-,-,-,Brahmaputra,27.18166667,88.50472222,12-02-2026 23:00,278.5
3556,3556,Majhitar Area Rangpo,Sikkim,11,Sikkim,225,GANGTOK DISTRICT,Namchi,-,-,Brahmaputra,Brahmaputra,-,-,-,Brahmaputra,27.18166667,88.50472222,13-02-2026 00:00,274.5
3557,3557,Majhitar Area Rangpo,Sikkim,11,Sikkim,225,GANGTOK DISTRICT,Namchi,-,-,Brahmaputra,Brahmaputra,-,-,-,Brahmaputra,27.18166667,88.50472222,13-02-2026 01:00,271.5
3558,3558,Majhitar Area Rangpo,Sikkim,11,Sikkim,225,GANGTOK DISTRICT,Namchi,-,-,Brahmaputra,Brahmaputra,-,-,-,Brahmaputra,27.18166667,88.50472222,13-02-2026 02:00,270
3559,3559,Majhitar Area Rangpo,Sikkim,11,Sikkim,225,GANGTOK DISTRICT,Namchi,-,-,Brahmaputra,Brahmaputra,-,-,-,Brahmaputra,27.18166667,88.50472222,13-02-2026 05:00,264.5
3560,3560,Majhitar Area Rangpo,Sikkim,11,Sikkim,225,GANGTOK DISTRICT,Namchi,-,-,Brahmaputra,Brahmaputra,-,-,-,Brahmaputra,27.18166667,88.50472222,13-02-2026 07:00,274.5
3561,3561,Majhitar Area Rangpo,Sikkim,11,Sikkim,225,GANGTOK DISTRICT,Namchi,-,-,Brahmaputra,Brahmaputra,-,-,-,Brahmaputra,27.18166667,88.50472222,13-02-2026 08:00,284.5
3562,3562,Majhitar Area Rangpo,Sikkim,11,Sikkim,225,GANGTOK DISTRICT,Namchi,-,-,Brahmaputra,Brahmaputra,-,-,-,Brahmaputra,27.18166667,88.50472222,13-02-2026 09:00,297
3563,3563,Majhitar Area Rangpo,Sikkim,11,Sikkim,225,GANGTOK DISTRICT,Namchi,-,-,Brahmaputra,Brahmaputra,-,-,-,Brahmaputra,27.18166667,88.50472222,13-02-2026 13:00,336.5
3564,3564,Majhitar Area Rangpo,Sikkim,11,Sikkim,225,GANGTOK DISTRICT,Namchi,-,-,Brahmaputra,Brahmaputra,-,-,-,Brahmaputra,27.18166667,88.50472222,13-02-2026 17:00,308.5
3565,3565,Majhitar Area Rangpo,Sikkim,11,Sikkim,225,GANGTOK DISTRICT,Namchi,-,-,Brahmaputra,Brahmaputra,-,-,-,Brahmaputra,27.18166667,88.50472222,13-02-2026 19:00,290.5
3566,3566,Majhitar Area Rangpo,Sikkim,11,Sikkim,225,GANGTOK DISTRICT,Namchi,-,-,Brahmaputra,Brahmaputra,-,-,-,Brahmaputra,27.18166667,88.50472222,13-02-2026 21:00,281
3567,3567,Majhitar Area Rangpo,Sikkim,11,Sikkim,225,GANGTOK DISTRICT,Namchi,-,-,Brahmaputra,Brahmaputra,-,-,-,Brahmaputra,27.18166667,88.50472222,14-02-2026 01:00,270.5
3568,3568,Majhitar Area Rangpo,Sikkim,11,Sikkim,225,GANGTOK DISTRICT,Namchi,-,-,Brahmaputra,Brahmaputra,-,-,-,Brahmaputra,27.18166667,88.50472222,14-02-2026 05:00,264
3569,3569,Majhitar Area Rangpo,Sikkim,11,Sikkim,225,GANGTOK DISTRICT,Namchi,-,-,Brahmaputra,Brahmaputra,-,-,-,Brahmaputra,27.18166667,88.50472222,14-02-2026 08:00,283
3570,3570,Majhitar Area Rangpo,Sikkim,11,Sikkim,225,GANGTOK DISTRICT,Namchi,-,-,Brahmaputra,Brahmaputra,-,-,-,Brahmaputra,27.18166667,88.50472222,14-02-2026 12:00,338
3571,3571,Majhitar Area Rangpo,Sikkim,11,Sikkim,225,GANGTOK DISTRICT,Namchi,-,-,Brahmaputra,Brahmaputra,-,-,-,Brahmaputra,27.18166667,88.50472222,14-02-2026 20:00,293.5
3572,3572,Majhitar Area Rangpo,Sikkim,11,Sikkim,225,GANGTOK DISTRICT,Namchi,-,-,Brahmaputra,Brahmaputra,-,-,-,Brahmaputra,27.18166667,88.50472222,14-02-2026 21:00,289
3573,3573,Majhitar Area Rangpo,Sikkim,11,Sikkim,225,GANGTOK DISTRICT,Namchi,-,-,Brahmaputra,Brahmaputra,-,-,-,Brahmaputra,27.18166667,88.50472222,15-02-2026 00:00,278.5
3574,3574,Majhitar Area Rangpo,Sikkim,11,Sikkim,225,GANGTOK DISTRICT,Namchi,-,-,Brahmaputra,Brahmaputra,-,-,-,Brahmaputra,27.18166667,88.50472222,15-02-2026 05:00,267.5
3575,3575,Majhitar Area Rangpo,Sikkim,11,Sikkim,225,GANGTOK DISTRICT,Namchi,-,-,Brahmaputra,Brahmaputra,-,-,-,Brahmaputra,27.18166667,88.50472222,15-02-2026 11:00,325.5
3576,3576,Majhitar Area Rangpo,Sikkim,11,Sikkim,225,GANGTOK DISTRICT,Namchi,-,-,Brahmaputra,Brahmaputra,-,-,-,Brahmaputra,27.18166667,88.50472222,15-02-2026 12:00,338
3577,3577,Majhitar Area Rangpo,Sikkim,11,Sikkim,225,GANGTOK DISTRICT,Namchi,-,-,Brahmaputra,Brahmaputra,-,-,-,Brahmaputra,27.18166667,88.50472222,15-02-2026 14:00,334
3578,3578,Majhitar Area Rangpo,Sikkim,11,Sikkim,225,GANGTOK DISTRICT,Namchi,-,-,Brahmaputra,Brahmaputra,-,-,-,Brahmaputra,27.18166667,88.50472222,15-02-2026 16:00,64
3579,3579,Majhitar Area Rangpo,Sikkim,11,Sikkim,225,GANGTOK DISTRICT,Namchi,-,-,Brahmaputra,Brahmaputra,-,-,-,Brahmaputra,27.18166667,88.50472222,15-02-2026 18:00,304.5
3580,3580,Majhitar Area Rangpo,Sikkim,11,Sikkim,225,GANGTOK DISTRICT,Namchi,-,-,Brahmaputra,Brahmaputra,-,-,-,Brahmaputra,27.18166667,88.50472222,15-02-2026 22:00,287
3581,3581,Majhitar Area Rangpo,Sikkim,11,Sikkim,225,GANGTOK DISTRICT,Namchi,-,-,Brahmaputra,Brahmaputra,-,-,-,Brahmaputra,27.18166667,88.50472222,16-02-2026 04:00,267.5
3582,3582,Majhitar Area Rangpo,Sikkim,11,Sikkim,225,GANGTOK DISTRICT,Namchi,-,-,Brahmaputra,Brahmaputra,-,-,-,Brahmaputra,27.18166667,88.50472222,16-02-2026 05:00,266
3583,3583,Majhitar Area Rangpo,Sikkim,11,Sikkim,225,GANGTOK DISTRICT,Namchi,-,-,Brahmaputra,Brahmaputra,-,-,-,Brahmaputra,27.18166667,88.50472222,16-02-2026 06:00,266
3584,3584,Majhitar Area Rangpo,Sikkim,11,Sikkim,225,GANGTOK DISTRICT,Namchi,-,-,Brahmaputra,Brahmaputra,-,-,-,Brahmaputra,27.18166667,88.50472222,16-02-2026 07:00,277
3585,3585,Majhitar Area Rangpo,Sikkim,11,Sikkim,225,GANGTOK DISTRICT,Namchi,-,-,Brahmaputra,Brahmaputra,-,-,-,Brahmaputra,27.18166667,88.50472222,16-02-2026 11:00,328
3586,3586,Majhitar Area Rangpo,Sikkim,11,Sikkim,225,GANGTOK DISTRICT,Namchi,-,-,Brahmaputra,Brahmaputra,-,-,-,Brahmaputra,27.18166667,88.50472222,16-02-2026 15:00,327
3587,3587,Majhitar Area Rangpo,Sikkim,11,Sikkim,225,GANGTOK DISTRICT,Namchi,-,-,Brahmaputra,Brahmaputra,-,-,-,Brahmaputra,27.18166667,88.50472222,16-02-2026 21:00,282
3588,3588,Majhitar Area Rangpo,Sikkim,11,Sikkim,225,GANGTOK DISTRICT,Namchi,-,-,Brahmaputra,Brahmaputra,-,-,-,Brahmaputra,27.18166667,88.50472222,16-02-2026 22:00,283
3589,3589,Majhitar Area Rangpo,Sikkim,11,Sikkim,225,GANGTOK DISTRICT,Namchi,-,-,Brahmaputra,Brahmaputra,-,-,-,Brahmaputra,27.18166667,88.50472222,17-02-2026 00:00,282
3590,3590,Majhitar Area Rangpo,Sikkim,11,Sikkim,225,GANGTOK DISTRICT,Namchi,-,-,Brahmaputra,Brahmaputra,-,-,-,Brahmaputra,27.18166667,88.50472222,17-02-2026 01:00,277
3591,3591,Majhitar Area Rangpo,Sikkim,11,Sikkim,225,GANGTOK DISTRICT,Namchi,-,-,Brahmaputra,Brahmaputra,-,-,-,Brahmaputra,27.18166667,88.50472222,17-02-2026 02:00,272.5
3592,3592,Majhitar Area Rangpo,Sikkim,11,Sikkim,225,GANGTOK DISTRICT,Namchi,-,-,Brahmaputra,Brahmaputra,-,-,-,Brahmaputra,27.18166667,88.50472222,17-02-2026 03:00,270.5
3593,3593,Majhitar Area Rangpo,Sikkim,11,Sikkim,225,GANGTOK DISTRICT,Namchi,-,-,Brahmaputra,Brahmaputra,-,-,-,Brahmaputra,27.18166667,88.50472222,17-02-2026 09:00,305.5
3594,3594,Majhitar Area Rangpo,Sikkim,11,Sikkim,225,GANGTOK DISTRICT,Namchi,-,-,Brahmaputra,Brahmaputra,-,-,-,Brahmaputra,27.18166667,88.50472222,17-02-2026 11:00,335
3595,3595,Majhitar Area Rangpo,Sikkim,11,Sikkim,225,GANGTOK DISTRICT,Namchi,-,-,Brahmaputra,Brahmaputra,-,-,-,Brahmaputra,27.18166667,88.50472222,17-02-2026 16:00,332.5
3596,3596,Majhitar Area Rangpo,Sikkim,11,Sikkim,225,GANGTOK DISTRICT,Namchi,-,-,Brahmaputra,Brahmaputra,-,-,-,Brahmaputra,27.18166667,88.50472222,17-02-2026 17:00,317.5
3597,3597,Majhitar Area Rangpo,Sikkim,11,Sikkim,225,GANGTOK DISTRICT,Namchi,-,-,Brahmaputra,Brahmaputra,-,-,-,Brahmaputra,27.18166667,88.50472222,17-02-2026 19:00,295.5
3598,3598,Majhitar Area Rangpo,Sikkim,11,Sikkim,225,GANGTOK DISTRICT,Namchi,-,-,Brahmaputra,Brahmaputra,-,-,-,Brahmaputra,27.18166667,88.50472222,17-02-2026 22:00,281.5
3599,3599,Majhitar Area Rangpo,Sikkim,11,Sikkim,225,GANGTOK DISTRICT,Namchi,-,-,Brahmaputra,Brahmaputra,-,-,-,Brahmaputra,27.18166667,88.50472222,18-02-2026 01:00,273
3600,3600,Majhitar Area Rangpo,Sikkim,11,Sikkim,225,GANGTOK DISTRICT,Namchi,-,-,Brahmaputra,Brahmaputra,-,-,-,Brahmaputra,27.18166667,88.50472222,18-02-2026 06:00,265.5
3601,3601,Majhitar Area Rangpo,Sikkim,11,Sikkim,225,GANGTOK DISTRICT,Namchi,-,-,Brahmaputra,Brahmaputra,-,-,-,Brahmaputra,27.18166667,88.50472222,18-02-2026 11:00,335.5
3602,3602,Majhitar Area Rangpo,Sikkim,11,Sikkim,225,GANGTOK DISTRICT,Namchi,-,-,Brahmaputra,Brahmaputra,-,-,-,Brahmaputra,27.18166667,88.50472222,18-02-2026 12:00,345
3603,3603,Majhitar Area Rangpo,Sikkim,11,Sikkim,225,GANGTOK DISTRICT,Namchi,-,-,Brahmaputra,Brahmaputra,-,-,-,Brahmaputra,27.18166667,88.50472222,18-02-2026 14:00,350.5
3604,3604,Majhitar Area Rangpo,Sikkim,11,Sikkim,225,GANGTOK DISTRICT,Namchi,-,-,Brahmaputra,Brahmaputra,-,-,-,Brahmaputra,27.18166667,88.50472222,18-02-2026 17:00,314
3605,3605,Majhitar Area Rangpo,Sikkim,11,Sikkim,225,GANGTOK DISTRICT,Namchi,-,-,Brahmaputra,Brahmaputra,-,-,-,Brahmaputra,27.18166667,88.50472222,18-02-2026 23:00,275
3606,3606,Majhitar Area Rangpo,Sikkim,11,Sikkim,225,GANGTOK DISTRICT,Namchi,-,-,Brahmaputra,Brahmaputra,-,-,-,Brahmaputra,27.18166667,88.50472222,19-02-2026 02:00,267.5
3607,3607,Majhitar Area Rangpo,Sikkim,11,Sikkim,225,GANGTOK DISTRICT,Namchi,-,-,Brahmaputra,Brahmaputra,-,-,-,Brahmaputra,27.18166667,88.50472222,19-02-2026 03:00,265.5
3608,3608,Majhitar Area Rangpo,Sikkim,11,Sikkim,225,GANGTOK DISTRICT,Namchi,-,-,Brahmaputra,Brahmaputra,-,-,-,Brahmaputra,27.18166667,88.50472222,19-02-2026 04:00,264
3609,3609,Majhitar Area Rangpo,Sikkim,11,Sikkim,225,GANGTOK DISTRICT,Namchi,-,-,Brahmaputra,Brahmaputra,-,-,-,Brahmaputra,27.18166667,88.50472222,19-02-2026 07:00,276.5
3610,3610,Majhitar Area Rangpo,Sikkim,11,Sikkim,225,GANGTOK DISTRICT,Namchi,-,-,Brahmaputra,Brahmaputra,-,-,-,Brahmaputra,27.18166667,88.50472222,19-02-2026 11:00,338.5
3611,3611,Majhitar Area Rangpo,Sikkim,11,Sikkim,225,GANGTOK DISTRICT,Namchi,-,-,Brahmaputra,Brahmaputra,-,-,-,Brahmaputra,27.18166667,88.50472222,19-02-2026 13:00,352
3612,3612,Majhitar Area Rangpo,Sikkim,11,Sikkim,225,GANGTOK DISTRICT,Namchi,-,-,Brahmaputra,Brahmaputra,-,-,-,Brahmaputra,27.18166667,88.50472222,19-02-2026 19:00,293.5
3613,3613,Majhitar Area Rangpo,Sikkim,11,Sikkim,225,GANGTOK DISTRICT,Namchi,-,-,Brahmaputra,Brahmaputra,-,-,-,Brahmaputra,27.18166667,88.50472222,19-02-2026 20:00,290
3614,3614,Majhitar Area Rangpo,Sikkim,11,Sikkim,225,GANGTOK DISTRICT,Namchi,-,-,Brahmaputra,Brahmaputra,-,-,-,Brahmaputra,27.18166667,88.50472222,19-02-2026 22:00,279
3615,3615,Majhitar Area Rangpo,Sikkim,11,Sikkim,225,GANGTOK DISTRICT,Namchi,-,-,Brahmaputra,Brahmaputra,-,-,-,Brahmaputra,27.18166667,88.50472222,19-02-2026 23:00,276.5
3616,3616,Majhitar Area Rangpo,Sikkim,11,Sikkim,225,GANGTOK DISTRICT,Namchi,-,-,Brahmaputra,Brahmaputra,-,-,-,Brahmaputra,27.18166667,88.50472222,20-02-2026 00:00,272.5
3617,3617,Majhitar Area Rangpo,Sikkim,11,Sikkim,225,GANGTOK DISTRICT,Namchi,-,-,Brahmaputra,Brahmaputra,-,-,-,Brahmaputra,27.18166667,88.50472222,20-02-2026 05:00,263
3618,3618,Majhitar Area Rangpo,Sikkim,11,Sikkim,225,GANGTOK DISTRICT,Namchi,-,-,Brahmaputra,Brahmaputra,-,-,-,Brahmaputra,27.18166667,88.50472222,20-02-2026 07:00,276
3619,3619,Majhitar Area Rangpo,Sikkim,11,Sikkim,225,GANGTOK DISTRICT,Namchi,-,-,Brahmaputra,Brahmaputra,-,-,-,Brahmaputra,27.18166667,88.50472222,20-02-2026 10:00,320.5
3620,3620,Majhitar Area Rangpo,Sikkim,11,Sikkim,225,GANGTOK DISTRICT,Namchi,-,-,Brahmaputra,Brahmaputra,-,-,-,Brahmaputra,27.18166667,88.50472222,20-02-2026 15:00,341
3621,3621,Majhitar Area Rangpo,Sikkim,11,Sikkim,225,GANGTOK DISTRICT,Namchi,-,-,Brahmaputra,Brahmaputra,-,-,-,Brahmaputra,27.18166667,88.50472222,20-02-2026 17:00,307
3622,3622,Majhitar Area Rangpo,Sikkim,11,Sikkim,225,GANGTOK DISTRICT,Namchi,-,-,Brahmaputra,Brahmaputra,-,-,-,Brahmaputra,27.18166667,88.50472222,20-02-2026 21:00,291
3623,3623,Majhitar Area Rangpo,Sikkim,11,Sikkim,225,GANGTOK DISTRICT,Namchi,-,-,Brahmaputra,Brahmaputra,-,-,-,Brahmaputra,27.18166667,88.50472222,20-02-2026 22:00,287
3624,3624,Majhitar Area Rangpo,Sikkim,11,Sikkim,225,GANGTOK DISTRICT,Namchi,-,-,Brahmaputra,Brahmaputra,-,-,-,Brahmaputra,27.18166667,88.50472222,21-02-2026 03:00,268
3625,3625,Majhitar Area Rangpo,Sikkim,11,Sikkim,225,GANGTOK DISTRICT,Namchi,-,-,Brahmaputra,Brahmaputra,-,-,-,Brahmaputra,27.18166667,88.50472222,21-02-2026 07:00,276.5
3626,3626,Majhitar Area Rangpo,Sikkim,11,Sikkim,225,GANGTOK DISTRICT,Namchi,-,-,Brahmaputra,Brahmaputra,-,-,-,Brahmaputra,27.18166667,88.50472222,21-02-2026 15:00,341.5
3627,3627,Majhitar Area Rangpo,Sikkim,11,Sikkim,225,GANGTOK DISTRICT,Namchi,-,-,Brahmaputra,Brahmaputra,-,-,-,Brahmaputra,27.18166667,88.50472222,21-02-2026 16:00,331
3628,3628,Majhitar Area Rangpo,Sikkim,11,Sikkim,225,GANGTOK DISTRICT,Namchi,-,-,Brahmaputra,Brahmaputra,-,-,-,Brahmaputra,27.18166667,88.50472222,21-02-2026 17:00,313
3629,3629,Majhitar Area Rangpo,Sikkim,11,Sikkim,225,GANGTOK DISTRICT,Namchi,-,-,Brahmaputra,Brahmaputra,-,-,-,Brahmaputra,27.18166667,88.50472222,21-02-2026 18:00,309
3630,3630,Majhitar Area Rangpo,Sikkim,11,Sikkim,225,GANGTOK DISTRICT,Namchi,-,-,Brahmaputra,Brahmaputra,-,-,-,Brahmaputra,27.18166667,88.50472222,21-02-2026 19:00,298
3631,3631,Majhitar Area Rangpo,Sikkim,11,Sikkim,225,GANGTOK DISTRICT,Namchi,-,-,Brahmaputra,Brahmaputra,-,-,-,Brahmaputra,27.18166667,88.50472222,21-02-2026 23:00,280.5
3632,3632,Majhitar Area Rangpo,Sikkim,11,Sikkim,225,GANGTOK DISTRICT,Namchi,-,-,Brahmaputra,Brahmaputra,-,-,-,Brahmaputra,27.18166667,88.50472222,22-02-2026 02:00,273
3633,3633,Majhitar Area Rangpo,Sikkim,11,Sikkim,225,GANGTOK DISTRICT,Namchi,-,-,Brahmaputra,Brahmaputra,-,-,-,Brahmaputra,27.18166667,88.50472222,22-02-2026 06:00,268.5
3634,3634,Majhitar Area Rangpo,Sikkim,11,Sikkim,225,GANGTOK DISTRICT,Namchi,-,-,Brahmaputra,Brahmaputra,-,-,-,Brahmaputra,27.18166667,88.50472222,22-02-2026 18:00,305
3635,3635,Majhitar Area Rangpo,Sikkim,11,Sikkim,225,GANGTOK DISTRICT,Namchi,-,-,Brahmaputra,Brahmaputra,-,-,-,Brahmaputra,27.18166667,88.50472222,22-02-2026 19:00,302
3636,3636,Majhitar Area Rangpo,Sikkim,11,Sikkim,225,GANGTOK DISTRICT,Namchi,-,-,Brahmaputra,Brahmaputra,-,-,-,Brahmaputra,27.18166667,88.50472222,23-02-2026 02:00,282.5
3637,3637,Majhitar Area Rangpo,Sikkim,11,Sikkim,225,GANGTOK DISTRICT,Namchi,-,-,Brahmaputra,Brahmaputra,-,-,-,Brahmaputra,27.18166667,88.50472222,23-02-2026 03:00,279.5
3638,3638,Majhitar Area Rangpo,Sikkim,11,Sikkim,225,GANGTOK DISTRICT,Namchi,-,-,Brahmaputra,Brahmaputra,-,-,-,Brahmaputra,27.18166667,88.50472222,24-02-2026 16:00,298.5
3639,3639,Majhitar Area Rangpo,Sikkim,11,Sikkim,225,GANGTOK DISTRICT,Namchi,-,-,Brahmaputra,Brahmaputra,-,-,-,Brahmaputra,27.18166667,88.50472222,25-02-2026 14:00,327
3640,3640,Majhitar Area Rangpo,Sikkim,11,Sikkim,225,GANGTOK DISTRICT,Namchi,-,-,Brahmaputra,Brahmaputra,-,-,-,Brahmaputra,27.18166667,88.50472222,19-03-2026 09:00,325.5
3641,3641,Majhitar Area Rangpo,Sikkim,11,Sikkim,225,GANGTOK DISTRICT,Namchi,-,-,Brahmaputra,Brahmaputra,-,-,-,Brahmaputra,27.18166667,88.50472222,19-03-2026 11:00,346.5
3642,3642,Majhitar Area Rangpo,Sikkim,11,Sikkim,225,GANGTOK DISTRICT,Namchi,-,-,Brahmaputra,Brahmaputra,-,-,-,Brahmaputra,27.18166667,88.50472222,19-03-2026 16:00,330
3643,3643,Majhitar Area Rangpo,Sikkim,11,Sikkim,225,GANGTOK DISTRICT,Namchi,-,-,Brahmaputra,Brahmaputra,-,-,-,Brahmaputra,27.18166667,88.50472222,19-03-2026 20:00,310
3644,3644,Majhitar Area Rangpo,Sikkim,11,Sikkim,225,GANGTOK DISTRICT,Namchi,-,-,Brahmaputra,Brahmaputra,-,-,-,Brahmaputra,27.18166667,88.50472222,20-03-2026 04:00,0.5
3645,3645,Majhitar Area Rangpo,Sikkim,11,Sikkim,225,GANGTOK DISTRICT,Namchi,-,-,Brahmaputra,Brahmaputra,-,-,-,Brahmaputra,27.18166667,88.50472222,20-03-2026 05:00,0.5
3646,3646,Majhitar Area Rangpo,Sikkim,11,Sikkim,225,GANGTOK DISTRICT,Namchi,-,-,Brahmaputra,Brahmaputra,-,-,-,Brahmaputra,27.18166667,88.50472222,23-03-2026 14:00,200
3647,3647,Majhitar Area Rangpo,Sikkim,11,Sikkim,225,GANGTOK DISTRICT,Namchi,-,-,Brahmaputra,Brahmaputra,-,-,-,Brahmaputra,27.18166667,88.50472222,23-03-2026 15:00,325.5
3648,3648,Majhitar Area Rangpo,Sikkim,11,Sikkim,225,GANGTOK DISTRICT,Namchi,-,-,Brahmaputra,Brahmaputra,-,-,-,Brahmaputra,27.18166667,88.50472222,24-03-2026 02:00,0.5
3649,3649,Majhitar Area Rangpo,Sikkim,11,Sikkim,225,GANGTOK DISTRICT,Namchi,-,-,Brahmaputra,Brahmaputra,-,-,-,Brahmaputra,27.18166667,88.50472222,24-03-2026 03:00,295
3650,3650,Majhitar Area Rangpo,Sikkim,11,Sikkim,225,GANGTOK DISTRICT,Namchi,-,-,Brahmaputra,Brahmaputra,-,-,-,Brahmaputra,27.18166667,88.50472222,24-03-2026 07:00,298.5
3651,3651,Majhitar Area Rangpo,Sikkim,11,Sikkim,225,GANGTOK DISTRICT,Namchi,-,-,Brahmaputra,Brahmaputra,-,-,-,Brahmaputra,27.18166667,88.50472222,24-03-2026 11:00,312.5
3652,3652,Majhitar Area Rangpo,Sikkim,11,Sikkim,225,GANGTOK DISTRICT,Namchi,-,-,Brahmaputra,Brahmaputra,-,-,-,Brahmaputra,27.18166667,88.50472222,24-03-2026 12:00,309.5
3653,3653,Majhitar Area Rangpo,Sikkim,11,Sikkim,225,GANGTOK DISTRICT,Namchi,-,-,Brahmaputra,Brahmaputra,-,-,-,Brahmaputra,27.18166667,88.50472222,24-03-2026 18:00,287.5
3654,3654,Majhitar Area Rangpo,Sikkim,11,Sikkim,225,GANGTOK DISTRICT,Namchi,-,-,Brahmaputra,Brahmaputra,-,-,-,Brahmaputra,27.18166667,88.50472222,24-03-2026 19:00,282
3655,3655,Majhitar Area Rangpo,Sikkim,11,Sikkim,225,GANGTOK DISTRICT,Namchi,-,-,Brahmaputra,Brahmaputra,-,-,-,Brahmaputra,27.18166667,88.50472222,16-04-2026 12:00,200
3656,3656,Majhitar Area Rangpo,Sikkim,11,Sikkim,225,GANGTOK DISTRICT,Namchi,-,-,Brahmaputra,Brahmaputra,-,-,-,Brahmaputra,27.18166667,88.50472222,16-04-2026 14:00,2
3657,3657,Majhitar Area Rangpo,Sikkim,11,Sikkim,225,GANGTOK DISTRICT,Namchi,-,-,Brahmaputra,Brahmaputra,-,-,-,Brahmaputra,27.18166667,88.50472222,16-04-2026 20:00,1.5
3658,3658,Majhitar Area Rangpo,Sikkim,11,Sikkim,225,GANGTOK DISTRICT,Namchi,-,-,Brahmaputra,Brahmaputra,-,-,-,Brahmaputra,27.18166667,88.50472222,16-04-2026 21:00,16.5
3659,3659,Majhitar Area Rangpo,Sikkim,11,Sikkim,225,GANGTOK DISTRICT,Namchi,-,-,Brahmaputra,Brahmaputra,-,-,-,Brahmaputra,27.18166667,88.50472222,16-04-2026 22:00,13
3660,3660,Majhitar Area Rangpo,Sikkim,11,Sikkim,225,GANGTOK DISTRICT,Namchi,-,-,Brahmaputra,Brahmaputra,-,-,-,Brahmaputra,27.18166667,88.50472222,16-04-2026 23:00,12.5
3661,3661,Majhitar Area Rangpo,Sikkim,11,Sikkim,225,GANGTOK DISTRICT,Namchi,-,-,Brahmaputra,Brahmaputra,-,-,-,Brahmaputra,27.18166667,88.50472222,17-04-2026 00:00,3.5
3662,3662,Majhitar Area Rangpo,Sikkim,11,Sikkim,225,GANGTOK DISTRICT,Namchi,-,-,Brahmaputra,Brahmaputra,-,-,-,Brahmaputra,27.18166667,88.50472222,17-04-2026 01:00,3
3663,3663,Majhitar Area Rangpo,Sikkim,11,Sikkim,225,GANGTOK DISTRICT,Namchi,-,-,Brahmaputra,Brahmaputra,-,-,-,Brahmaputra,27.18166667,88.50472222,17-04-2026 02:00,1
3664,3664,Majhitar Area Rangpo,Sikkim,11,Sikkim,225,GANGTOK DISTRICT,Namchi,-,-,Brahmaputra,Brahmaputra,-,-,-,Brahmaputra,27.18166667,88.50472222,17-04-2026 04:00,1.5
3665,3665,Majhitar Area Rangpo,Sikkim,11,Sikkim,225,GANGTOK DISTRICT,Namchi,-,-,Brahmaputra,Brahmaputra,-,-,-,Brahmaputra,27.18166667,88.50472222,17-04-2026 05:00,0.5
3666,3666,Majhitar Area Rangpo,Sikkim,11,Sikkim,225,GANGTOK DISTRICT,Namchi,-,-,Brahmaputra,Brahmaputra,-,-,-,Brahmaputra,27.18166667,88.50472222,18-04-2026 03:00,0.5
3667,3667,Majhitar Area Rangpo,Sikkim,11,Sikkim,225,GANGTOK DISTRICT,Namchi,-,-,Brahmaputra,Brahmaputra,-,-,-,Brahmaputra,27.18166667,88.50472222,18-04-2026 04:00,1
3668,3668,Majhitar Area Rangpo,Sikkim,11,Sikkim,225,GANGTOK DISTRICT,Namchi,-,-,Brahmaputra,Brahmaputra,-,-,-,Brahmaputra,27.18166667,88.50472222,18-04-2026 05:00,2
3669,3669,Majhitar Area Rangpo,Sikkim,11,Sikkim,225,GANGTOK DISTRICT,Namchi,-,-,Brahmaputra,Brahmaputra,-,-,-,Brahmaputra,27.18166667,88.50472222,18-04-2026 06:00,9
3670,3670,Majhitar Area Rangpo,Sikkim,11,Sikkim,225,GANGTOK DISTRICT,Namchi,-,-,Brahmaputra,Brahmaputra,-,-,-,Brahmaputra,27.18166667,88.50472222,18-04-2026 07:00,1
3671,3671,Majhitar Area Rangpo,Sikkim,11,Sikkim,225,GANGTOK DISTRICT,Namchi,-,-,Brahmaputra,Brahmaputra,-,-,-,Brahmaputra,27.18166667,88.50472222,18-04-2026 14:00,1
3672,3672,Majhitar Area Rangpo,Sikkim,11,Sikkim,225,GANGTOK DISTRICT,Namchi,-,-,Brahmaputra,Brahmaputra,-,-,-,Brahmaputra,27.18166667,88.50472222,18-04-2026 15:00,0.5
3673,3673,Majhitar Area Rangpo,Sikkim,11,Sikkim,225,GANGTOK DISTRICT,Namchi,-,-,Brahmaputra,Brahmaputra,-,-,-,Brahmaputra,27.18166667,88.50472222,18-04-2026 16:00,18
3674,3674,Majhitar Area Rangpo,Sikkim,11,Sikkim,225,GANGTOK DISTRICT,Namchi,-,-,Brahmaputra,Brahmaputra,-,-,-,Brahmaputra,27.18166667,88.50472222,18-04-2026 17:00,4.5
3675,3675,Majhitar Area Rangpo,Sikkim,11,Sikkim,225,GANGTOK DISTRICT,Namchi,-,-,Brahmaputra,Brahmaputra,-,-,-,Brahmaputra,27.18166667,88.50472222,18-04-2026 19:00,0.5
3676,3676,Majhitar Area Rangpo,Sikkim,11,Sikkim,225,GANGTOK DISTRICT,Namchi,-,-,Brahmaputra,Brahmaputra,-,-,-,Brahmaputra,27.18166667,88.50472222,19-04-2026 15:00,344
3677,3677,Majhitar Area Rangpo,Sikkim,11,Sikkim,225,GANGTOK DISTRICT,Namchi,-,-,Brahmaputra,Brahmaputra,-,-,-,Brahmaputra,27.18166667,88.50472222,20-04-2026 12:00,368.5
3678,3678,Majhitar Area Rangpo,Sikkim,11,Sikkim,225,GANGTOK DISTRICT,Namchi,-,-,Brahmaputra,Brahmaputra,-,-,-,Brahmaputra,27.18166667,88.50472222,20-04-2026 21:00,319.5
3679,3679,Majhitar Area Rangpo,Sikkim,11,Sikkim,225,GANGTOK DISTRICT,Namchi,-,-,Brahmaputra,Brahmaputra,-,-,-,Brahmaputra,27.18166667,88.50472222,21-04-2026 02:00,308.5
3680,3680,Majhitar Area Rangpo,Sikkim,11,Sikkim,225,GANGTOK DISTRICT,Namchi,-,-,Brahmaputra,Brahmaputra,-,-,-,Brahmaputra,27.18166667,88.50472222,21-04-2026 16:00,347.5
3681,3681,Majhitar Area Rangpo,Sikkim,11,Sikkim,225,GANGTOK DISTRICT,Namchi,-,-,Brahmaputra,Brahmaputra,-,-,-,Brahmaputra,27.18166667,88.50472222,22-04-2026 14:00,2
3682,3682,Majhitar Area Rangpo,Sikkim,11,Sikkim,225,GANGTOK DISTRICT,Namchi,-,-,Brahmaputra,Brahmaputra,-,-,-,Brahmaputra,27.18166667,88.50472222,22-04-2026 15:00,1.5
3683,3683,Majhitar Area Rangpo,Sikkim,11,Sikkim,225,GANGTOK DISTRICT,Namchi,-,-,Brahmaputra,Brahmaputra,-,-,-,Brahmaputra,27.18166667,88.50472222,23-04-2026 17:00,0.5
3684,3684,Majhitar Area Rangpo,Sikkim,11,Sikkim,225,GANGTOK DISTRICT,Namchi,-,-,Brahmaputra,Brahmaputra,-,-,-,Brahmaputra,27.18166667,88.50472222,23-04-2026 20:00,322.5
3685,3685,Majhitar Area Rangpo,Sikkim,11,Sikkim,225,GANGTOK DISTRICT,Namchi,-,-,Brahmaputra,Brahmaputra,-,-,-,Brahmaputra,27.18166667,88.50472222,24-04-2026 21:00,330.5
3686,3686,Majhitar Area Rangpo,Sikkim,11,Sikkim,225,GANGTOK DISTRICT,Namchi,-,-,Brahmaputra,Brahmaputra,-,-,-,Brahmaputra,27.18166667,88.50472222,26-04-2026 02:00,0.5
3687,3687,Majhitar Area Rangpo,Sikkim,11,Sikkim,225,GANGTOK DISTRICT,Namchi,-,-,Brahmaputra,Brahmaputra,-,-,-,Brahmaputra,27.18166667,88.50472222,26-04-2026 21:00,304
3688,3688,Majhitar Area Rangpo,Sikkim,11,Sikkim,225,GANGTOK DISTRICT,Namchi,-,-,Brahmaputra,Brahmaputra,-,-,-,Brahmaputra,27.18166667,88.50472222,26-04-2026 22:00,3
3689,3689,Majhitar Area Rangpo,Sikkim,11,Sikkim,225,GANGTOK DISTRICT,Namchi,-,-,Brahmaputra,Brahmaputra,-,-,-,Brahmaputra,27.18166667,88.50472222,26-04-2026 23:00,301
3690,3690,Majhitar Area Rangpo,Sikkim,11,Sikkim,225,GANGTOK DISTRICT,Namchi,-,-,Brahmaputra,Brahmaputra,-,-,-,Brahmaputra,27.18166667,88.50472222,27-04-2026 15:00,344
3691,3691,Majhitar Area Rangpo,Sikkim,11,Sikkim,225,GANGTOK DISTRICT,Namchi,-,-,Brahmaputra,Brahmaputra,-,-,-,Brahmaputra,27.18166667,88.50472222,28-04-2026 05:00,302
3692,3692,Majhitar Area Rangpo,Sikkim,11,Sikkim,225,GANGTOK DISTRICT,Namchi,-,-,Brahmaputra,Brahmaputra,-,-,-,Brahmaputra,27.18166667,88.50472222,28-04-2026 07:00,324.5
3693,3693,Majhitar Area Rangpo,Sikkim,11,Sikkim,225,GANGTOK DISTRICT,Namchi,-,-,Brahmaputra,Brahmaputra,-,-,-,Brahmaputra,27.18166667,88.50472222,28-04-2026 22:00,9
3694,3694,Majhitar Area Rangpo,Sikkim,11,Sikkim,225,GANGTOK DISTRICT,Namchi,-,-,Brahmaputra,Brahmaputra,-,-,-,Brahmaputra,27.18166667,88.50472222,28-04-2026 23:00,300.5
3695,3695,Majhitar Area Rangpo,Sikkim,11,Sikkim,225,GANGTOK DISTRICT,Namchi,-,-,Brahmaputra,Brahmaputra,-,-,-,Brahmaputra,27.18166667,88.50472222,29-04-2026 00:00,28
3696,3696,Majhitar Area Rangpo,Sikkim,11,Sikkim,225,GANGTOK DISTRICT,Namchi,-,-,Brahmaputra,Brahmaputra,-,-,-,Brahmaputra,27.18166667,88.50472222,29-04-2026 01:00,5.5
3697,3697,Majhitar Area Rangpo,Sikkim,11,Sikkim,225,GANGTOK DISTRICT,Namchi,-,-,Brahmaputra,Brahmaputra,-,-,-,Brahmaputra,27.18166667,88.50472222,29-04-2026 02:00,8
3698,3698,Majhitar Area Rangpo,Sikkim,11,Sikkim,225,GANGTOK DISTRICT,Namchi,-,-,Brahmaputra,Brahmaputra,-,-,-,Brahmaputra,27.18166667,88.50472222,29-04-2026 03:00,3.5
3699,3699,Majhitar Area Rangpo,Sikkim,11,Sikkim,225,GANGTOK DISTRICT,Namchi,-,-,Brahmaputra,Brahmaputra,-,-,-,Brahmaputra,27.18166667,88.50472222,29-04-2026 04:00,2.5
3700,3700,Majhitar Area Rangpo,Sikkim,11,Sikkim,225,GANGTOK DISTRICT,Namchi,-,-,Brahmaputra,Brahmaputra,-,-,-,Brahmaputra,27.18166667,88.50472222,29-04-2026 11:00,0.5
3701,3701,Majhitar Area Rangpo,Sikkim,11,Sikkim,225,GANGTOK DISTRICT,Namchi,-,-,Brahmaputra,Brahmaputra,-,-,-,Brahmaputra,27.18166667,88.50472222,29-04-2026 12:00,1.5
3702,3702,Majhitar Area Rangpo,Sikkim,11,Sikkim,225,GANGTOK DISTRICT,Namchi,-,-,Brahmaputra,Brahmaputra,-,-,-,Brahmaputra,27.18166667,88.50472222,29-04-2026 13:00,0.5
3703,3703,Majhitar Area Rangpo,Sikkim,11,Sikkim,225,GANGTOK DISTRICT,Namchi,-,-,Brahmaputra,Brahmaputra,-,-,-,Brahmaputra,27.18166667,88.50472222,29-04-2026 16:00,0.5
3704,3704,Majhitar Area Rangpo,Sikkim,11,Sikkim,225,GANGTOK DISTRICT,Namchi,-,-,Brahmaputra,Brahmaputra,-,-,-,Brahmaputra,27.18166667,88.50472222,29-04-2026 17:00,1
3705,3705,Majhitar Area Rangpo,Sikkim,11,Sikkim,225,GANGTOK DISTRICT,Namchi,-,-,Brahmaputra,Brahmaputra,-,-,-,Brahmaputra,27.18166667,88.50472222,29-04-2026 18:00,3.5
3706,3706,Majhitar Area Rangpo,Sikkim,11,Sikkim,225,GANGTOK DISTRICT,Namchi,-,-,Brahmaputra,Brahmaputra,-,-,-,Brahmaputra,27.18166667,88.50472222,29-04-2026 19:00,15.5
3707,3707,Majhitar Area Rangpo,Sikkim,11,Sikkim,225,GANGTOK DISTRICT,Namchi,-,-,Brahmaputra,Brahmaputra,-,-,-,Brahmaputra,27.18166667,88.50472222,29-04-2026 20:00,1
3708,3708,Majhitar Area Rangpo,Sikkim,11,Sikkim,225,GANGTOK DISTRICT,Namchi,-,-,Brahmaputra,Brahmaputra,-,-,-,Brahmaputra,27.18166667,88.50472222,29-04-2026 22:00,0.5
3709,3709,Majhitar Area Rangpo,Sikkim,11,Sikkim,225,GANGTOK DISTRICT,Namchi,-,-,Brahmaputra,Brahmaputra,-,-,-,Brahmaputra,27.18166667,88.50472222,29-04-2026 23:00,2
3710,3710,Majhitar Area Rangpo,Sikkim,11,Sikkim,225,GANGTOK DISTRICT,Namchi,-,-,Brahmaputra,Brahmaputra,-,-,-,Brahmaputra,27.18166667,88.50472222,30-04-2026 00:00,1.5
3711,3711,Majhitar Area Rangpo,Sikkim,11,Sikkim,225,GANGTOK DISTRICT,Namchi,-,-,Brahmaputra,Brahmaputra,-,-,-,Brahmaputra,27.18166667,88.50472222,30-04-2026 03:00,289.5
3712,3712,Majhitar Area Rangpo,Sikkim,11,Sikkim,225,GANGTOK DISTRICT,Namchi,-,-,Brahmaputra,Brahmaputra,-,-,-,Brahmaputra,27.18166667,88.50472222,30-04-2026 05:00,0.5
3713,3713,Majhitar Area Rangpo,Sikkim,11,Sikkim,225,GANGTOK DISTRICT,Namchi,-,-,Brahmaputra,Brahmaputra,-,-,-,Brahmaputra,27.18166667,88.50472222,30-04-2026 06:00,291
3714,3714,Majhitar Area Rangpo,Sikkim,11,Sikkim,225,GANGTOK DISTRICT,Namchi,-,-,Brahmaputra,Brahmaputra,-,-,-,Brahmaputra,27.18166667,88.50472222,30-04-2026 07:00,293.5
3715,3715,Majhitar Area Rangpo,Sikkim,11,Sikkim,225,GANGTOK DISTRICT,Namchi,-,-,Brahmaputra,Brahmaputra,-,-,-,Brahmaputra,27.18166667,88.50472222,30-04-2026 08:00,296
3716,3716,Majhitar Area Rangpo,Sikkim,11,Sikkim,225,GANGTOK DISTRICT,Namchi,-,-,Brahmaputra,Brahmaputra,-,-,-,Brahmaputra,27.18166667,88.50472222,30-04-2026 09:00,298.5
3717,3717,Majhitar Area Rangpo,Sikkim,11,Sikkim,225,GANGTOK DISTRICT,Namchi,-,-,Brahmaputra,Brahmaputra,-,-,-,Brahmaputra,27.18166667,88.50472222,30-04-2026 10:00,301
3718,3718,Majhitar Area Rangpo,Sikkim,11,Sikkim,225,GANGTOK DISTRICT,Namchi,-,-,Brahmaputra,Brahmaputra,-,-,-,Brahmaputra,27.18166667,88.50472222,30-04-2026 11:00,312
3719,3719,Majhitar Area Rangpo,Sikkim,11,Sikkim,225,GANGTOK DISTRICT,Namchi,-,-,Brahmaputra,Brahmaputra,-,-,-,Brahmaputra,27.18166667,88.50472222,30-04-2026 12:00,316.5
3720,3720,Majhitar Area Rangpo,Sikkim,11,Sikkim,225,GANGTOK DISTRICT,Namchi,-,-,Brahmaputra,Brahmaputra,-,-,-,Brahmaputra,27.18166667,88.50472222,30-04-2026 13:00,325.5
3721,3721,Majhitar Area Rangpo,Sikkim,11,Sikkim,225,GANGTOK DISTRICT,Namchi,-,-,Brahmaputra,Brahmaputra,-,-,-,Brahmaputra,27.18166667,88.50472222,30-04-2026 14:00,327
3722,3722,Majhitar Area Rangpo,Sikkim,11,Sikkim,225,GANGTOK DISTRICT,Namchi,-,-,Brahmaputra,Brahmaputra,-,-,-,Brahmaputra,27.18166667,88.50472222,30-04-2026 15:00,322.5
3723,3723,Majhitar Area Rangpo,Sikkim,11,Sikkim,225,GANGTOK DISTRICT,Namchi,-,-,Brahmaputra,Brahmaputra,-,-,-,Brahmaputra,27.18166667,88.50472222,30-04-2026 16:00,316.5
3724,3724,Majhitar Area Rangpo,Sikkim,11,Sikkim,225,GANGTOK DISTRICT,Namchi,-,-,Brahmaputra,Brahmaputra,-,-,-,Brahmaputra,27.18166667,88.50472222,30-04-2026 17:00,312
3725,3725,Majhitar Area Rangpo,Sikkim,11,Sikkim,225,GANGTOK DISTRICT,Namchi,-,-,Brahmaputra,Brahmaputra,-,-,-,Brahmaputra,27.18166667,88.50472222,30-04-2026 18:00,305
3726,3726,Majhitar Area Rangpo,Sikkim,11,Sikkim,225,GANGTOK DISTRICT,Namchi,-,-,Brahmaputra,Brahmaputra,-,-,-,Brahmaputra,27.18166667,88.50472222,30-04-2026 19:00,307.5
3727,3727,Majhitar Area Rangpo,Sikkim,11,Sikkim,225,GANGTOK DISTRICT,Namchi,-,-,Brahmaputra,Brahmaputra,-,-,-,Brahmaputra,27.18166667,88.50472222,30-04-2026 20:00,302.5
3728,3728,Majhitar Area Rangpo,Sikkim,11,Sikkim,225,GANGTOK DISTRICT,Namchi,-,-,Brahmaputra,Brahmaputra,-,-,-,Brahmaputra,27.18166667,88.50472222,30-04-2026 21:00,298.5
3729,3729,Majhitar Area Rangpo,Sikkim,11,Sikkim,225,GANGTOK DISTRICT,Namchi,-,-,Brahmaputra,Brahmaputra,-,-,-,Brahmaputra,27.18166667,88.50472222,30-04-2026 22:00,295.5
3730,3730,Majhitar Area Rangpo,Sikkim,11,Sikkim,225,GANGTOK DISTRICT,Namchi,-,-,Brahmaputra,Brahmaputra,-,-,-,Brahmaputra,27.18166667,88.50472222,30-04-2026 23:00,296.5
3731,3731,Majhitar Area Rangpo,Sikkim,11,Sikkim,225,GANGTOK DISTRICT,Namchi,-,-,Brahmaputra,Brahmaputra,-,-,-,Brahmaputra,27.18166667,88.50472222,01-05-2026 00:00,296
3732,3732,Majhitar Area Rangpo,Sikkim,11,Sikkim,225,GANGTOK DISTRICT,Namchi,-,-,Brahmaputra,Brahmaputra,-,-,-,Brahmaputra,27.18166667,88.50472222,01-05-2026 01:00,1
3733,3733,Majhitar Area Rangpo,Sikkim,11,Sikkim,225,GANGTOK DISTRICT,Namchi,-,-,Brahmaputra,Brahmaputra,-,-,-,Brahmaputra,27.18166667,88.50472222,01-05-2026 02:00,293
3734,3734,Majhitar Area Rangpo,Sikkim,11,Sikkim,225,GANGTOK DISTRICT,Namchi,-,-,Brahmaputra,Brahmaputra,-,-,-,Brahmaputra,27.18166667,88.50472222,01-05-2026 03:00,292.5
3735,3735,Majhitar Area Rangpo,Sikkim,11,Sikkim,225,GANGTOK DISTRICT,Namchi,-,-,Brahmaputra,Brahmaputra,-,-,-,Brahmaputra,27.18166667,88.50472222,01-05-2026 04:00,291
3736,3736,Majhitar Area Rangpo,Sikkim,11,Sikkim,225,GANGTOK DISTRICT,Namchi,-,-,Brahmaputra,Brahmaputra,-,-,-,Brahmaputra,27.18166667,88.50472222,01-05-2026 05:00,292
3737,3737,Majhitar Area Rangpo,Sikkim,11,Sikkim,225,GANGTOK DISTRICT,Namchi,-,-,Brahmaputra,Brahmaputra,-,-,-,Brahmaputra,27.18166667,88.50472222,01-05-2026 06:00,296
3738,3738,Majhitar Area Rangpo,Sikkim,11,Sikkim,225,GANGTOK DISTRICT,Namchi,-,-,Brahmaputra,Brahmaputra,-,-,-,Brahmaputra,27.18166667,88.50472222,01-05-2026 07:00,312.5
3739,3739,Majhitar Area Rangpo,Sikkim,11,Sikkim,225,GANGTOK DISTRICT,Namchi,-,-,Brahmaputra,Brahmaputra,-,-,-,Brahmaputra,27.18166667,88.50472222,01-05-2026 08:00,319
3740,3740,Majhitar Area Rangpo,Sikkim,11,Sikkim,225,GANGTOK DISTRICT,Namchi,-,-,Brahmaputra,Brahmaputra,-,-,-,Brahmaputra,27.18166667,88.50472222,01-05-2026 15:00,320.5
3741,3741,Majhitar Area Rangpo,Sikkim,11,Sikkim,225,GANGTOK DISTRICT,Namchi,-,-,Brahmaputra,Brahmaputra,-,-,-,Brahmaputra,27.18166667,88.50472222,01-05-2026 17:00,0.5
3742,3742,Majhitar Area Rangpo,Sikkim,11,Sikkim,225,GANGTOK DISTRICT,Namchi,-,-,Brahmaputra,Brahmaputra,-,-,-,Brahmaputra,27.18166667,88.50472222,01-05-2026 20:00,1.5
3743,3743,Majhitar Area Rangpo,Sikkim,11,Sikkim,225,GANGTOK DISTRICT,Namchi,-,-,Brahmaputra,Brahmaputra,-,-,-,Brahmaputra,27.18166667,88.50472222,01-05-2026 21:00,300
3744,3744,Majhitar Area Rangpo,Sikkim,11,Sikkim,225,GANGTOK DISTRICT,Namchi,-,-,Brahmaputra,Brahmaputra,-,-,-,Brahmaputra,27.18166667,88.50472222,02-05-2026 01:00,298
3745,3745,Majhitar Area Rangpo,Sikkim,11,Sikkim,225,GANGTOK DISTRICT,Namchi,-,-,Brahmaputra,Brahmaputra,-,-,-,Brahmaputra,27.18166667,88.50472222,02-05-2026 04:00,0.5
3746,3746,Majhitar Area Rangpo,Sikkim,11,Sikkim,225,GANGTOK DISTRICT,Namchi,-,-,Brahmaputra,Brahmaputra,-,-,-,Brahmaputra,27.18166667,88.50472222,02-05-2026 05:00,1.5
3747,3747,Majhitar Area Rangpo,Sikkim,11,Sikkim,225,GANGTOK DISTRICT,Namchi,-,-,Brahmaputra,Brahmaputra,-,-,-,Brahmaputra,27.18166667,88.50472222,24-08-2026 05:00,321
3748,3748,Majhitar Area Rangpo,Sikkim,11,Sikkim,225,GANGTOK DISTRICT,Namchi,-,-,Brahmaputra,Brahmaputra,-,-,-,Brahmaputra,27.18166667,88.50472222,24-08-2026 06:00,327
3749,3749,Majhitar Area Rangpo,Sikkim,11,Sikkim,225,GANGTOK DISTRICT,Namchi,-,-,Brahmaputra,Brahmaputra,-,-,-,Brahmaputra,27.18166667,88.50472222,24-08-2026 07:00,351
3750,3750,Majhitar Area Rangpo,Sikkim,11,Sikkim,225,GANGTOK DISTRICT,Namchi,-,-,Brahmaputra,Brahmaputra,-,-,-,Brahmaputra,27.18166667,88.50472222,24-08-2026 08:00,350
3751,3751,Majhitar Area Rangpo,Sikkim,11,Sikkim,225,GANGTOK DISTRICT,Namchi,-,-,Brahmaputra,Brahmaputra,-,-,-,Brahmaputra,27.18166667,88.50472222,24-08-2026 09:00,351
3752,3752,Majhitar Area Rangpo,Sikkim,11,Sikkim,225,GANGTOK DISTRICT,Namchi,-,-,Brahmaputra,Brahmaputra,-,-,-,Brahmaputra,27.18166667,88.50472222,24-08-2026 10:00,362
3753,3753,Majhitar Area Rangpo,Sikkim,11,Sikkim,225,GANGTOK DISTRICT,Namchi,-,-,Brahmaputra,Brahmaputra,-,-,-,Brahmaputra,27.18166667,88.50472222,24-08-2026 11:00,353.5
3754,3754,Majhitar Area Rangpo,Sikkim,11,Sikkim,225,GANGTOK DISTRICT,Namchi,-,-,Brahmaputra,Brahmaputra,-,-,-,Brahmaputra,27.18166667,88.50472222,24-08-2026 12:00,368.5
3755,3755,Majhitar Area Rangpo,Sikkim,11,Sikkim,225,GANGTOK DISTRICT,Namchi,-,-,Brahmaputra,Brahmaputra,-,-,-,Brahmaputra,27.18166667,88.50472222,24-08-2026 13:00,364.5
3756,3756,Majhitar Area Rangpo,Sikkim,11,Sikkim,225,GANGTOK DISTRICT,Namchi,-,-,Brahmaputra,Brahmaputra,-,-,-,Brahmaputra,27.18166667,88.50472222,24-08-2026 14:00,357.5
3757,3757,Majhitar Area Rangpo,Sikkim,11,Sikkim,225,GANGTOK DISTRICT,Namchi,-,-,Brahmaputra,Brahmaputra,-,-,-,Brahmaputra,27.18166667,88.50472222,24-08-2026 15:00,352
3758,3758,Majhitar Area Rangpo,Sikkim,11,Sikkim,225,GANGTOK DISTRICT,Namchi,-,-,Brahmaputra,Brahmaputra,-,-,-,Brahmaputra,27.18166667,88.50472222,24-08-2026 16:00,349
3759,3759,Majhitar Area Rangpo,Sikkim,11,Sikkim,225,GANGTOK DISTRICT,Namchi,-,-,Brahmaputra,Brahmaputra,-,-,-,Brahmaputra,27.18166667,88.50472222,24-08-2026 17:00,341.5
3760,3760,Majhitar Area Rangpo,Sikkim,11,Sikkim,225,GANGTOK DISTRICT,Namchi,-,-,Brahmaputra,Brahmaputra,-,-,-,Brahmaputra,27.18166667,88.50472222,24-08-2026 18:00,337.5
3761,3761,Majhitar Area Rangpo,Sikkim,11,Sikkim,225,GANGTOK DISTRICT,Namchi,-,-,Brahmaputra,Brahmaputra,-,-,-,Brahmaputra,27.18166667,88.50472222,24-08-2026 19:00,334
3762,3762,Majhitar Area Rangpo,Sikkim,11,Sikkim,225,GANGTOK DISTRICT,Namchi,-,-,Brahmaputra,Brahmaputra,-,-,-,Brahmaputra,27.18166667,88.50472222,24-08-2026 20:00,331.5
3763,3763,Majhitar Area Rangpo,Sikkim,11,Sikkim,225,GANGTOK DISTRICT,Namchi,-,-,Brahmaputra,Brahmaputra,-,-,-,Brahmaputra,27.18166667,88.50472222,24-08-2026 21:00,329
3764,3764,Majhitar Area Rangpo,Sikkim,11,Sikkim,225,GANGTOK DISTRICT,Namchi,-,-,Brahmaputra,Brahmaputra,-,-,-,Brahmaputra,27.18166667,88.50472222,24-08-2026 22:00,328
3765,3765,Majhitar Area Rangpo,Sikkim,11,Sikkim,225,GANGTOK DISTRICT,Namchi,-,-,Brahmaputra,Brahmaputra,-,-,-,Brahmaputra,27.18166667,88.50472222,24-08-2026 23:00,327
3766,3766,Majhitar Area Rangpo,Sikkim,11,Sikkim,225,GANGTOK DISTRICT,Namchi,-,-,Brahmaputra,Brahmaputra,-,-,-,Brahmaputra,27.18166667,88.50472222,25-08-2026 00:00,326.5
3767,3767,Majhitar Area Rangpo,Sikkim,11,Sikkim,225,GANGTOK DISTRICT,Namchi,-,-,Brahmaputra,Brahmaputra,-,-,-,Brahmaputra,27.18166667,88.50472222,25-08-2026 01:00,324
3768,3768,Majhitar Area Rangpo,Sikkim,11,Sikkim,225,GANGTOK DISTRICT,Namchi,-,-,Brahmaputra,Brahmaputra,-,-,-,Brahmaputra,27.18166667,88.50472222,25-08-2026 02:00,325
3769,3769,Majhitar Area Rangpo,Sikkim,11,Sikkim,225,GANGTOK DISTRICT,Namchi,-,-,Brahmaputra,Brahmaputra,-,-,-,Brahmaputra,27.18166667,88.50472222,25-08-2026 03:00,322.5
3770,3770,Majhitar Area Rangpo,Sikkim,11,Sikkim,225,GANGTOK DISTRICT,Namchi,-,-,Brahmaputra,Brahmaputra,-,-,-,Brahmaputra,27.18166667,88.50472222,25-08-2026 04:00,321.5
3771,3771,Majhitar Area Rangpo,Sikkim,11,Sikkim,225,GANGTOK DISTRICT,Namchi,-,-,Brahmaputra,Brahmaputra,-,-,-,Brahmaputra,27.18166667,88.50472222,25-08-2026 05:00,320
3772,3772,Majhitar Area Rangpo,Sikkim,11,Sikkim,225,GANGTOK DISTRICT,Namchi,-,-,Brahmaputra,Brahmaputra,-,-,-,Brahmaputra,27.18166667,88.50472222,25-08-2026 06:00,327.5
3773,3773,Majhitar Area Rangpo,Sikkim,11,Sikkim,225,GANGTOK DISTRICT,Namchi,-,-,Brahmaputra,Brahmaputra,-,-,-,Brahmaputra,27.18166667,88.50472222,25-08-2026 07:00,350
3774,3774,Majhitar Area Rangpo,Sikkim,11,Sikkim,225,GANGTOK DISTRICT,Namchi,-,-,Brahmaputra,Brahmaputra,-,-,-,Brahmaputra,27.18166667,88.50472222,25-08-2026 08:00,347.5
3775,3775,Majhitar Area Rangpo,Sikkim,11,Sikkim,225,GANGTOK DISTRICT,Namchi,-,-,Brahmaputra,Brahmaputra,-,-,-,Brahmaputra,27.18166667,88.50472222,25-08-2026 09:00,357
3776,3776,Majhitar Area Rangpo,Sikkim,11,Sikkim,225,GANGTOK DISTRICT,Namchi,-,-,Brahmaputra,Brahmaputra,-,-,-,Brahmaputra,27.18166667,88.50472222,25-08-2026 10:00,361
3777,3777,Majhitar Area Rangpo,Sikkim,11,Sikkim,225,GANGTOK DISTRICT,Namchi,-,-,Brahmaputra,Brahmaputra,-,-,-,Brahmaputra,27.18166667,88.50472222,25-08-2026 11:00,367.5
3778,3778,Majhitar Area Rangpo,Sikkim,11,Sikkim,225,GANGTOK DISTRICT,Namchi,-,-,Brahmaputra,Brahmaputra,-,-,-,Brahmaputra,27.18166667,88.50472222,25-08-2026 12:00,370.5
3779,3779,Majhitar Area Rangpo,Sikkim,11,Sikkim,225,GANGTOK DISTRICT,Namchi,-,-,Brahmaputra,Brahmaputra,-,-,-,Brahmaputra,27.18166667,88.50472222,25-08-2026 14:00,370
3780,3780,Majhitar Area Rangpo,Sikkim,11,Sikkim,225,GANGTOK DISTRICT,Namchi,-,-,Brahmaputra,Brahmaputra,-,-,-,Brahmaputra,27.18166667,88.50472222,25-08-2026 15:00,359.5
3781,3781,Majhitar Area Rangpo,Sikkim,11,Sikkim,225,GANGTOK DISTRICT,Namchi,-,-,Brahmaputra,Brahmaputra,-,-,-,Brahmaputra,27.18166667,88.50472222,25-08-2026 17:00,345
3782,3782,Majhitar Area Rangpo,Sikkim,11,Sikkim,225,GANGTOK DISTRICT,Namchi,-,-,Brahmaputra,Brahmaputra,-,-,-,Brahmaputra,27.18166667,88.50472222,25-08-2026 18:00,342.5
3783,3783,Majhitar Area Rangpo,Sikkim,11,Sikkim,225,GANGTOK DISTRICT,Namchi,-,-,Brahmaputra,Brahmaputra,-,-,-,Brahmaputra,27.18166667,88.50472222,25-08-2026 19:00,340
3784,3784,Majhitar Area Rangpo,Sikkim,11,Sikkim,225,GANGTOK DISTRICT,Namchi,-,-,Brahmaputra,Brahmaputra,-,-,-,Brahmaputra,27.18166667,88.50472222,25-08-2026 20:00,337.5
3785,3785,Majhitar Area Rangpo,Sikkim,11,Sikkim,225,GANGTOK DISTRICT,Namchi,-,-,Brahmaputra,Brahmaputra,-,-,-,Brahmaputra,27.18166667,88.50472222,25-08-2026 21:00,332
3786,3786,Majhitar Area Rangpo,Sikkim,11,Sikkim,225,GANGTOK DISTRICT,Namchi,-,-,Brahmaputra,Brahmaputra,-,-,-,Brahmaputra,27.18166667,88.50472222,25-08-2026 22:00,331.5
3787,3787,Majhitar Area Rangpo,Sikkim,11,Sikkim,225,GANGTOK DISTRICT,Namchi,-,-,Brahmaputra,Brahmaputra,-,-,-,Brahmaputra,27.18166667,88.50472222,25-08-2026 23:00,331
3788,3788,Majhitar Area Rangpo,Sikkim,11,Sikkim,225,GANGTOK DISTRICT,Namchi,-,-,Brahmaputra,Brahmaputra,-,-,-,Brahmaputra,27.18166667,88.50472222,26-08-2026 00:00,329.5
3789,3789,Majhitar Area Rangpo,Sikkim,11,Sikkim,225,GANGTOK DISTRICT,Namchi,-,-,Brahmaputra,Brahmaputra,-,-,-,Brahmaputra,27.18166667,88.50472222,26-08-2026 01:00,327.5
3790,3790,Majhitar Area Rangpo,Sikkim,11,Sikkim,225,GANGTOK DISTRICT,Namchi,-,-,Brahmaputra,Brahmaputra,-,-,-,Brahmaputra,27.18166667,88.50472222,26-08-2026 02:00,324.5
3791,3791,Majhitar Area Rangpo,Sikkim,11,Sikkim,225,GANGTOK DISTRICT,Namchi,-,-,Brahmaputra,Brahmaputra,-,-,-,Brahmaputra,27.18166667,88.50472222,26-08-2026 03:00,326
3792,3792,Majhitar Area Rangpo,Sikkim,11,Sikkim,225,GANGTOK DISTRICT,Namchi,-,-,Brahmaputra,Brahmaputra,-,-,-,Brahmaputra,27.18166667,88.50472222,26-08-2026 04:00,325.5
3793,3793,Majhitar Area Rangpo,Sikkim,11,Sikkim,225,GANGTOK DISTRICT,Namchi,-,-,Brahmaputra,Brahmaputra,-,-,-,Brahmaputra,27.18166667,88.50472222,26-08-2026 05:00,324.5
3794,3794,Majhitar Area Rangpo,Sikkim,11,Sikkim,225,GANGTOK DISTRICT,Namchi,-,-,Brahmaputra,Brahmaputra,-,-,-,Brahmaputra,27.18166667,88.50472222,26-08-2026 06:00,324
3795,3795,Majhitar Area Rangpo,Sikkim,11,Sikkim,225,GANGTOK DISTRICT,Namchi,-,-,Brahmaputra,Brahmaputra,-,-,-,Brahmaputra,27.18166667,88.50472222,26-08-2026 07:00,324
3796,3796,Majhitar Area Rangpo,Sikkim,11,Sikkim,225,GANGTOK DISTRICT,Namchi,-,-,Brahmaputra,Brahmaputra,-,-,-,Brahmaputra,27.18166667,88.50472222,26-08-2026 08:00,327.5
3797,3797,Majhitar Area Rangpo,Sikkim,11,Sikkim,225,GANGTOK DISTRICT,Namchi,-,-,Brahmaputra,Brahmaputra,-,-,-,Brahmaputra,27.18166667,88.50472222,26-08-2026 09:00,326.5
3798,3798,Majhitar Area Rangpo,Sikkim,11,Sikkim,225,GANGTOK DISTRICT,Namchi,-,-,Brahmaputra,Brahmaputra,-,-,-,Brahmaputra,27.18166667,88.50472222,26-08-2026 10:00,331
3799,3799,Majhitar Area Rangpo,Sikkim,11,Sikkim,225,GANGTOK DISTRICT,Namchi,-,-,Brahmaputra,Brahmaputra,-,-,-,Brahmaputra,27.18166667,88.50472222,26-08-2026 11:00,338.5
3800,3800,Majhitar Area Rangpo,Sikkim,11,Sikkim,225,GANGTOK DISTRICT,Namchi,-,-,Brahmaputra,Brahmaputra,-,-,-,Brahmaputra,27.18166667,88.50472222,26-08-2026 12:00,349.5
3801,3801,Majhitar Area Rangpo,Sikkim,11,Sikkim,225,GANGTOK DISTRICT,Namchi,-,-,Brahmaputra,Brahmaputra,-,-,-,Brahmaputra,27.18166667,88.50472222,26-08-2026 13:00,348
3802,3802,Majhitar Area Rangpo,Sikkim,11,Sikkim,225,GANGTOK DISTRICT,Namchi,-,-,Brahmaputra,Brahmaputra,-,-,-,Brahmaputra,27.18166667,88.50472222,26-08-2026 14:00,350
3803,3803,Majhitar Area Rangpo,Sikkim,11,Sikkim,225,GANGTOK DISTRICT,Namchi,-,-,Brahmaputra,Brahmaputra,-,-,-,Brahmaputra,27.18166667,88.50472222,26-08-2026 15:00,345
3804,3804,Majhitar Area Rangpo,Sikkim,11,Sikkim,225,GANGTOK DISTRICT,Namchi,-,-,Brahmaputra,Brahmaputra,-,-,-,Brahmaputra,27.18166667,88.50472222,26-08-2026 16:00,339.5
3805,3805,Majhitar Area Rangpo,Sikkim,11,Sikkim,225,GANGTOK DISTRICT,Namchi,-,-,Brahmaputra,Brahmaputra,-,-,-,Brahmaputra,27.18166667,88.50472222,26-08-2026 17:00,337.5
3806,3806,Majhitar Area Rangpo,Sikkim,11,Sikkim,225,GANGTOK DISTRICT,Namchi,-,-,Brahmaputra,Brahmaputra,-,-,-,Brahmaputra,27.18166667,88.50472222,26-08-2026 19:00,326
3807,3807,Majhitar Area Rangpo,Sikkim,11,Sikkim,225,GANGTOK DISTRICT,Namchi,-,-,Brahmaputra,Brahmaputra,-,-,-,Brahmaputra,27.18166667,88.50472222,26-08-2026 20:00,327.5
3808,3808,Majhitar Area Rangpo,Sikkim,11,Sikkim,225,GANGTOK DISTRICT,Namchi,-,-,Brahmaputra,Brahmaputra,-,-,-,Brahmaputra,27.18166667,88.50472222,26-08-2026 21:00,323.5
3809,3809,Majhitar Area Rangpo,Sikkim,11,Sikkim,225,GANGTOK DISTRICT,Namchi,-,-,Brahmaputra,Brahmaputra,-,-,-,Brahmaputra,27.18166667,88.50472222,26-08-2026 22:00,324.5
3810,3810,Majhitar Area Rangpo,Sikkim,11,Sikkim,225,GANGTOK DISTRICT,Namchi,-,-,Brahmaputra,Brahmaputra,-,-,-,Brahmaputra,27.18166667,88.50472222,26-08-2026 23:00,325
3811,3811,Majhitar Area Rangpo,Sikkim,11,Sikkim,225,GANGTOK DISTRICT,Namchi,-,-,Brahmaputra,Brahmaputra,-,-,-,Brahmaputra,27.18166667,88.50472222,27-08-2026 00:00,324.5
3812,3812,Majhitar Area Rangpo,Sikkim,11,Sikkim,225,GANGTOK DISTRICT,Namchi,-,-,Brahmaputra,Brahmaputra,-,-,-,Brahmaputra,27.18166667,88.50472222,27-08-2026 01:00,321
3813,3813,Majhitar Area Rangpo,Sikkim,11,Sikkim,225,GANGTOK DISTRICT,Namchi,-,-,Brahmaputra,Brahmaputra,-,-,-,Brahmaputra,27.18166667,88.50472222,27-08-2026 02:00,320.5
3814,3814,Majhitar Area Rangpo,Sikkim,11,Sikkim,225,GANGTOK DISTRICT,Namchi,-,-,Brahmaputra,Brahmaputra,-,-,-,Brahmaputra,27.18166667,88.50472222,27-08-2026 03:00,322
3815,3815,Majhitar Area Rangpo,Sikkim,11,Sikkim,225,GANGTOK DISTRICT,Namchi,-,-,Brahmaputra,Brahmaputra,-,-,-,Brahmaputra,27.18166667,88.50472222,27-08-2026 04:00,320.5
3816,3816,Majhitar Area Rangpo,Sikkim,11,Sikkim,225,GANGTOK DISTRICT,Namchi,-,-,Brahmaputra,Brahmaputra,-,-,-,Brahmaputra,27.18166667,88.50472222,27-08-2026 05:00,322.5
3817,3817,Majhitar Area Rangpo,Sikkim,11,Sikkim,225,GANGTOK DISTRICT,Namchi,-,-,Brahmaputra,Brahmaputra,-,-,-,Brahmaputra,27.18166667,88.50472222,27-08-2026 06:00,327.5
3818,3818,Majhitar Area Rangpo,Sikkim,11,Sikkim,225,GANGTOK DISTRICT,Namchi,-,-,Brahmaputra,Brahmaputra,-,-,-,Brahmaputra,27.18166667,88.50472222,27-08-2026 07:00,345
3819,3819,Majhitar Area Rangpo,Sikkim,11,Sikkim,225,GANGTOK DISTRICT,Namchi,-,-,Brahmaputra,Brahmaputra,-,-,-,Brahmaputra,27.18166667,88.50472222,27-08-2026 08:00,352
3820,3820,Majhitar Area Rangpo,Sikkim,11,Sikkim,225,GANGTOK DISTRICT,Namchi,-,-,Brahmaputra,Brahmaputra,-,-,-,Brahmaputra,27.18166667,88.50472222,27-08-2026 09:00,359
3821,3821,Majhitar Area Rangpo,Sikkim,11,Sikkim,225,GANGTOK DISTRICT,Namchi,-,-,Brahmaputra,Brahmaputra,-,-,-,Brahmaputra,27.18166667,88.50472222,27-08-2026 10:00,366.5
3822,3822,Majhitar Area Rangpo,Sikkim,11,Sikkim,225,GANGTOK DISTRICT,Namchi,-,-,Brahmaputra,Brahmaputra,-,-,-,Brahmaputra,27.18166667,88.50472222,27-08-2026 11:00,376
3823,3823,Majhitar Area Rangpo,Sikkim,11,Sikkim,225,GANGTOK DISTRICT,Namchi,-,-,Brahmaputra,Brahmaputra,-,-,-,Brahmaputra,27.18166667,88.50472222,27-08-2026 12:00,371
3824,3824,Majhitar Area Rangpo,Sikkim,11,Sikkim,225,GANGTOK DISTRICT,Namchi,-,-,Brahmaputra,Brahmaputra,-,-,-,Brahmaputra,27.18166667,88.50472222,27-08-2026 13:00,373.5
3825,3825,Majhitar Area Rangpo,Sikkim,11,Sikkim,225,GANGTOK DISTRICT,Namchi,-,-,Brahmaputra,Brahmaputra,-,-,-,Brahmaputra,27.18166667,88.50472222,27-08-2026 14:00,375
3826,3826,Majhitar Area Rangpo,Sikkim,11,Sikkim,225,GANGTOK DISTRICT,Namchi,-,-,Brahmaputra,Brahmaputra,-,-,-,Brahmaputra,27.18166667,88.50472222,27-08-2026 15:00,358
3827,3827,Majhitar Area Rangpo,Sikkim,11,Sikkim,225,GANGTOK DISTRICT,Namchi,-,-,Brahmaputra,Brahmaputra,-,-,-,Brahmaputra,27.18166667,88.50472222,27-08-2026 16:00,355
3828,3828,Majhitar Area Rangpo,Sikkim,11,Sikkim,225,GANGTOK DISTRICT,Namchi,-,-,Brahmaputra,Brahmaputra,-,-,-,Brahmaputra,27.18166667,88.50472222,27-08-2026 17:00,345.5
3829,3829,Majhitar Area Rangpo,Sikkim,11,Sikkim,225,GANGTOK DISTRICT,Namchi,-,-,Brahmaputra,Brahmaputra,-,-,-,Brahmaputra,27.18166667,88.50472222,27-08-2026 18:00,339
3830,3830,Majhitar Area Rangpo,Sikkim,11,Sikkim,225,GANGTOK DISTRICT,Namchi,-,-,Brahmaputra,Brahmaputra,-,-,-,Brahmaputra,27.18166667,88.50472222,27-08-2026 19:00,334.5
3831,3831,Majhitar Area Rangpo,Sikkim,11,Sikkim,225,GANGTOK DISTRICT,Namchi,-,-,Brahmaputra,Brahmaputra,-,-,-,Brahmaputra,27.18166667,88.50472222,27-08-2026 20:00,333
3832,3832,Majhitar Area Rangpo,Sikkim,11,Sikkim,225,GANGTOK DISTRICT,Namchi,-,-,Brahmaputra,Brahmaputra,-,-,-,Brahmaputra,27.18166667,88.50472222,27-08-2026 21:00,332
3833,3833,Majhitar Area Rangpo,Sikkim,11,Sikkim,225,GANGTOK DISTRICT,Namchi,-,-,Brahmaputra,Brahmaputra,-,-,-,Brahmaputra,27.18166667,88.50472222,27-08-2026 22:00,331
3834,3834,Majhitar Area Rangpo,Sikkim,11,Sikkim,225,GANGTOK DISTRICT,Namchi,-,-,Brahmaputra,Brahmaputra,-,-,-,Brahmaputra,27.18166667,88.50472222,27-08-2026 23:00,330
3835,3835,Majhitar Area Rangpo,Sikkim,11,Sikkim,225,GANGTOK DISTRICT,Namchi,-,-,Brahmaputra,Brahmaputra,-,-,-,Brahmaputra,27.18166667,88.50472222,28-08-2026 00:00,330.5
3836,3836,Majhitar Area Rangpo,Sikkim,11,Sikkim,225,GANGTOK DISTRICT,Namchi,-,-,Brahmaputra,Brahmaputra,-,-,-,Brahmaputra,27.18166667,88.50472222,28-08-2026 01:00,326
3837,3837,Majhitar Area Rangpo,Sikkim,11,Sikkim,225,GANGTOK DISTRICT,Namchi,-,-,Brahmaputra,Brahmaputra,-,-,-,Brahmaputra,27.18166667,88.50472222,28-08-2026 02:00,323.5
3838,3838,Majhitar Area Rangpo,Sikkim,11,Sikkim,225,GANGTOK DISTRICT,Namchi,-,-,Brahmaputra,Brahmaputra,-,-,-,Brahmaputra,27.18166667,88.50472222,28-08-2026 03:00,324.5
3839,3839,Majhitar Area Rangpo,Sikkim,11,Sikkim,225,GANGTOK DISTRICT,Namchi,-,-,Brahmaputra,Brahmaputra,-,-,-,Brahmaputra,27.18166667,88.50472222,28-08-2026 04:00,325.5
3840,3840,Majhitar Area Rangpo,Sikkim,11,Sikkim,225,GANGTOK DISTRICT,Namchi,-,-,Brahmaputra,Brahmaputra,-,-,-,Brahmaputra,27.18166667,88.50472222,28-08-2026 05:00,322
3841,3841,Majhitar Area Rangpo,Sikkim,11,Sikkim,225,GANGTOK DISTRICT,Namchi,-,-,Brahmaputra,Brahmaputra,-,-,-,Brahmaputra,27.18166667,88.50472222,28-08-2026 06:00,328
3842,3842,Majhitar Area Rangpo,Sikkim,11,Sikkim,225,GANGTOK DISTRICT,Namchi,-,-,Brahmaputra,Brahmaputra,-,-,-,Brahmaputra,27.18166667,88.50472222,28-08-2026 07:00,349
3843,3843,Majhitar Area Rangpo,Sikkim,11,Sikkim,225,GANGTOK DISTRICT,Namchi,-,-,Brahmaputra,Brahmaputra,-,-,-,Brahmaputra,27.18166667,88.50472222,28-08-2026 08:00,355.5
3844,3844,Majhitar Area Rangpo,Sikkim,11,Sikkim,225,GANGTOK DISTRICT,Namchi,-,-,Brahmaputra,Brahmaputra,-,-,-,Brahmaputra,27.18166667,88.50472222,28-08-2026 09:00,361
3845,3845,Majhitar Area Rangpo,Sikkim,11,Sikkim,225,GANGTOK DISTRICT,Namchi,-,-,Brahmaputra,Brahmaputra,-,-,-,Brahmaputra,27.18166667,88.50472222,28-08-2026 10:00,373
3846,3846,Majhitar Area Rangpo,Sikkim,11,Sikkim,225,GANGTOK DISTRICT,Namchi,-,-,Brahmaputra,Brahmaputra,-,-,-,Brahmaputra,27.18166667,88.50472222,28-08-2026 11:00,377
3847,3847,Majhitar Area Rangpo,Sikkim,11,Sikkim,225,GANGTOK DISTRICT,Namchi,-,-,Brahmaputra,Brahmaputra,-,-,-,Brahmaputra,27.18166667,88.50472222,28-08-2026 12:00,361
3848,3848,Majhitar Area Rangpo,Sikkim,11,Sikkim,225,GANGTOK DISTRICT,Namchi,-,-,Brahmaputra,Brahmaputra,-,-,-,Brahmaputra,27.18166667,88.50472222,28-08-2026 13:00,355
3849,3849,Majhitar Area Rangpo,Sikkim,11,Sikkim,225,GANGTOK DISTRICT,Namchi,-,-,Brahmaputra,Brahmaputra,-,-,-,Brahmaputra,27.18166667,88.50472222,28-08-2026 14:00,359
3850,3850,Majhitar Area Rangpo,Sikkim,11,Sikkim,225,GANGTOK DISTRICT,Namchi,-,-,Brahmaputra,Brahmaputra,-,-,-,Brahmaputra,27.18166667,88.50472222,28-08-2026 15:00,358.5
3851,3851,Majhitar Area Rangpo,Sikkim,11,Sikkim,225,GANGTOK DISTRICT,Namchi,-,-,Brahmaputra,Brahmaputra,-,-,-,Brahmaputra,27.18166667,88.50472222,28-08-2026 16:00,333.5
3852,3852,Majhitar Area Rangpo,Sikkim,11,Sikkim,225,GANGTOK DISTRICT,Namchi,-,-,Brahmaputra,Brahmaputra,-,-,-,Brahmaputra,27.18166667,88.50472222,28-08-2026 18:00,330.5
3853,3853,Majhitar Area Rangpo,Sikkim,11,Sikkim,225,GANGTOK DISTRICT,Namchi,-,-,Brahmaputra,Brahmaputra,-,-,-,Brahmaputra,27.18166667,88.50472222,28-08-2026 19:00,329
3854,3854,Majhitar Area Rangpo,Sikkim,11,Sikkim,225,GANGTOK DISTRICT,Namchi,-,-,Brahmaputra,Brahmaputra,-,-,-,Brahmaputra,27.18166667,88.50472222,28-08-2026 20:00,328.5
3855,3855,Majhitar Area Rangpo,Sikkim,11,Sikkim,225,GANGTOK DISTRICT,Namchi,-,-,Brahmaputra,Brahmaputra,-,-,-,Brahmaputra,27.18166667,88.50472222,28-08-2026 21:00,328
3856,3856,Majhitar Area Rangpo,Sikkim,11,Sikkim,225,GANGTOK DISTRICT,Namchi,-,-,Brahmaputra,Brahmaputra,-,-,-,Brahmaputra,27.18166667,88.50472222,28-08-2026 22:00,327
3857,3857,Majhitar Area Rangpo,Sikkim,11,Sikkim,225,GANGTOK DISTRICT,Namchi,-,-,Brahmaputra,Brahmaputra,-,-,-,Brahmaputra,27.18166667,88.50472222,28-08-2026 23:00,327.5
3858,3858,Majhitar Area Rangpo,Sikkim,11,Sikkim,225,GANGTOK DISTRICT,Namchi,-,-,Brahmaputra,Brahmaputra,-,-,-,Brahmaputra,27.18166667,88.50472222,29-08-2026 00:00,325.5
3859,3859,Majhitar Area Rangpo,Sikkim,11,Sikkim,225,GANGTOK DISTRICT,Namchi,-,-,Brahmaputra,Brahmaputra,-,-,-,Brahmaputra,27.18166667,88.50472222,29-08-2026 01:00,325.5
3860,3860,Majhitar Area Rangpo,Sikkim,11,Sikkim,225,GANGTOK DISTRICT,Namchi,-,-,Brahmaputra,Brahmaputra,-,-,-,Brahmaputra,27.18166667,88.50472222,29-08-2026 02:00,325.5
3861,3861,Majhitar Area Rangpo,Sikkim,11,Sikkim,225,GANGTOK DISTRICT,Namchi,-,-,Brahmaputra,Brahmaputra,-,-,-,Brahmaputra,27.18166667,88.50472222,29-08-2026 03:00,320.5
3862,3862,Majhitar Area Rangpo,Sikkim,11,Sikkim,225,GANGTOK DISTRICT,Namchi,-,-,Brahmaputra,Brahmaputra,-,-,-,Brahmaputra,27.18166667,88.50472222,29-08-2026 04:00,323
3863,3863,Majhitar Area Rangpo,Sikkim,11,Sikkim,225,GANGTOK DISTRICT,Namchi,-,-,Brahmaputra,Brahmaputra,-,-,-,Brahmaputra,27.18166667,88.50472222,29-08-2026 05:00,325.5
3864,3864,Majhitar Area Rangpo,Sikkim,11,Sikkim,225,GANGTOK DISTRICT,Namchi,-,-,Brahmaputra,Brahmaputra,-,-,-,Brahmaputra,27.18166667,88.50472222,29-08-2026 06:00,326.5
3865,3865,Majhitar Area Rangpo,Sikkim,11,Sikkim,225,GANGTOK DISTRICT,Namchi,-,-,Brahmaputra,Brahmaputra,-,-,-,Brahmaputra,27.18166667,88.50472222,29-08-2026 07:00,348.5
3866,3866,Majhitar Area Rangpo,Sikkim,11,Sikkim,225,GANGTOK DISTRICT,Namchi,-,-,Brahmaputra,Brahmaputra,-,-,-,Brahmaputra,27.18166667,88.50472222,29-08-2026 08:00,354.5
3867,3867,Majhitar Area Rangpo,Sikkim,11,Sikkim,225,GANGTOK DISTRICT,Namchi,-,-,Brahmaputra,Brahmaputra,-,-,-,Brahmaputra,27.18166667,88.50472222,29-08-2026 09:00,360.5
3868,3868,Majhitar Area Rangpo,Sikkim,11,Sikkim,225,GANGTOK DISTRICT,Namchi,-,-,Brahmaputra,Brahmaputra,-,-,-,Brahmaputra,27.18166667,88.50472222,29-08-2026 10:00,368.5
3869,3869,Majhitar Area Rangpo,Sikkim,11,Sikkim,225,GANGTOK DISTRICT,Namchi,-,-,Brahmaputra,Brahmaputra,-,-,-,Brahmaputra,27.18166667,88.50472222,29-08-2026 11:00,370.5
3870,3870,Majhitar Area Rangpo,Sikkim,11,Sikkim,225,GANGTOK DISTRICT,Namchi,-,-,Brahmaputra,Brahmaputra,-,-,-,Brahmaputra,27.18166667,88.50472222,29-08-2026 12:00,353.5
3871,3871,Majhitar Area Rangpo,Sikkim,11,Sikkim,225,GANGTOK DISTRICT,Namchi,-,-,Brahmaputra,Brahmaputra,-,-,-,Brahmaputra,27.18166667,88.50472222,29-08-2026 13:00,346
3872,3872,Majhitar Area Rangpo,Sikkim,11,Sikkim,225,GANGTOK DISTRICT,Namchi,-,-,Brahmaputra,Brahmaputra,-,-,-,Brahmaputra,27.18166667,88.50472222,29-08-2026 14:00,341
3873,3873,Majhitar Area Rangpo,Sikkim,11,Sikkim,225,GANGTOK DISTRICT,Namchi,-,-,Brahmaputra,Brahmaputra,-,-,-,Brahmaputra,27.18166667,88.50472222,29-08-2026 15:00,339.5
3874,3874,Majhitar Area Rangpo,Sikkim,11,Sikkim,225,GANGTOK DISTRICT,Namchi,-,-,Brahmaputra,Brahmaputra,-,-,-,Brahmaputra,27.18166667,88.50472222,29-08-2026 16:00,330.5
3875,3875,Majhitar Area Rangpo,Sikkim,11,Sikkim,225,GANGTOK DISTRICT,Namchi,-,-,Brahmaputra,Brahmaputra,-,-,-,Brahmaputra,27.18166667,88.50472222,29-08-2026 17:00,329.5
3876,3876,Majhitar Area Rangpo,Sikkim,11,Sikkim,225,GANGTOK DISTRICT,Namchi,-,-,Brahmaputra,Brahmaputra,-,-,-,Brahmaputra,27.18166667,88.50472222,29-08-2026 18:00,328
3877,3877,Majhitar Area Rangpo,Sikkim,11,Sikkim,225,GANGTOK DISTRICT,Namchi,-,-,Brahmaputra,Brahmaputra,-,-,-,Brahmaputra,27.18166667,88.50472222,29-08-2026 19:00,327
3878,3878,Majhitar Area Rangpo,Sikkim,11,Sikkim,225,GANGTOK DISTRICT,Namchi,-,-,Brahmaputra,Brahmaputra,-,-,-,Brahmaputra,27.18166667,88.50472222,29-08-2026 20:00,327
3879,3879,Majhitar Area Rangpo,Sikkim,11,Sikkim,225,GANGTOK DISTRICT,Namchi,-,-,Brahmaputra,Brahmaputra,-,-,-,Brahmaputra,27.18166667,88.50472222,29-08-2026 21:00,327
3880,3880,Majhitar Area Rangpo,Sikkim,11,Sikkim,225,GANGTOK DISTRICT,Namchi,-,-,Brahmaputra,Brahmaputra,-,-,-,Brahmaputra,27.18166667,88.50472222,29-08-2026 22:00,327
3881,3881,Majhitar Area Rangpo,Sikkim,11,Sikkim,225,GANGTOK DISTRICT,Namchi,-,-,Brahmaputra,Brahmaputra,-,-,-,Brahmaputra,27.18166667,88.50472222,29-08-2026 23:00,325.5
3882,3882,Majhitar Area Rangpo,Sikkim,11,Sikkim,225,GANGTOK DISTRICT,Namchi,-,-,Brahmaputra,Brahmaputra,-,-,-,Brahmaputra,27.18166667,88.50472222,30-08-2026 01:00,323
3883,3883,Majhitar Area Rangpo,Sikkim,11,Sikkim,225,GANGTOK DISTRICT,Namchi,-,-,Brahmaputra,Brahmaputra,-,-,-,Brahmaputra,27.18166667,88.50472222,30-08-2026 02:00,323.5
3884,3884,Majhitar Area Rangpo,Sikkim,11,Sikkim,225,GANGTOK DISTRICT,Namchi,-,-,Brahmaputra,Brahmaputra,-,-,-,Brahmaputra,27.18166667,88.50472222,30-08-2026 03:00,319
3885,3885,Majhitar Area Rangpo,Sikkim,11,Sikkim,225,GANGTOK DISTRICT,Namchi,-,-,Brahmaputra,Brahmaputra,-,-,-,Brahmaputra,27.18166667,88.50472222,30-08-2026 04:00,319
3886,3886,Majhitar Area Rangpo,Sikkim,11,Sikkim,225,GANGTOK DISTRICT,Namchi,-,-,Brahmaputra,Brahmaputra,-,-,-,Brahmaputra,27.18166667,88.50472222,30-08-2026 05:00,318.5
3887,3887,Majhitar Area Rangpo,Sikkim,11,Sikkim,225,GANGTOK DISTRICT,Namchi,-,-,Brahmaputra,Brahmaputra,-,-,-,Brahmaputra,27.18166667,88.50472222,30-08-2026 06:00,331
3888,3888,Majhitar Area Rangpo,Sikkim,11,Sikkim,225,GANGTOK DISTRICT,Namchi,-,-,Brahmaputra,Brahmaputra,-,-,-,Brahmaputra,27.18166667,88.50472222,30-08-2026 07:00,360
3889,3889,Majhitar Area Rangpo,Sikkim,11,Sikkim,225,GANGTOK DISTRICT,Namchi,-,-,Brahmaputra,Brahmaputra,-,-,-,Brahmaputra,27.18166667,88.50472222,30-08-2026 08:00,356
3890,3890,Majhitar Area Rangpo,Sikkim,11,Sikkim,225,GANGTOK DISTRICT,Namchi,-,-,Brahmaputra,Brahmaputra,-,-,-,Brahmaputra,27.18166667,88.50472222,30-08-2026 09:00,360
3891,3891,Majhitar Area Rangpo,Sikkim,11,Sikkim,225,GANGTOK DISTRICT,Namchi,-,-,Brahmaputra,Brahmaputra,-,-,-,Brahmaputra,27.18166667,88.50472222,30-08-2026 10:00,359.5
3892,3892,Majhitar Area Rangpo,Sikkim,11,Sikkim,225,GANGTOK DISTRICT,Namchi,-,-,Brahmaputra,Brahmaputra,-,-,-,Brahmaputra,27.18166667,88.50472222,30-08-2026 11:00,376
3893,3893,Majhitar Area Rangpo,Sikkim,11,Sikkim,225,GANGTOK DISTRICT,Namchi,-,-,Brahmaputra,Brahmaputra,-,-,-,Brahmaputra,27.18166667,88.50472222,30-08-2026 12:00,373
3894,3894,Majhitar Area Rangpo,Sikkim,11,Sikkim,225,GANGTOK DISTRICT,Namchi,-,-,Brahmaputra,Brahmaputra,-,-,-,Brahmaputra,27.18166667,88.50472222,30-08-2026 13:00,353
3895,3895,Majhitar Area Rangpo,Sikkim,11,Sikkim,225,GANGTOK DISTRICT,Namchi,-,-,Brahmaputra,Brahmaputra,-,-,-,Brahmaputra,27.18166667,88.50472222,30-08-2026 14:00,345.5
3896,3896,Majhitar Area Rangpo,Sikkim,11,Sikkim,225,GANGTOK DISTRICT,Namchi,-,-,Brahmaputra,Brahmaputra,-,-,-,Brahmaputra,27.18166667,88.50472222,30-08-2026 15:00,333
3897,3897,Majhitar Area Rangpo,Sikkim,11,Sikkim,225,GANGTOK DISTRICT,Namchi,-,-,Brahmaputra,Brahmaputra,-,-,-,Brahmaputra,27.18166667,88.50472222,30-08-2026 16:00,328.5
3898,3898,Majhitar Area Rangpo,Sikkim,11,Sikkim,225,GANGTOK DISTRICT,Namchi,-,-,Brahmaputra,Brahmaputra,-,-,-,Brahmaputra,27.18166667,88.50472222,30-08-2026 17:00,330
3899,3899,Majhitar Area Rangpo,Sikkim,11,Sikkim,225,GANGTOK DISTRICT,Namchi,-,-,Brahmaputra,Brahmaputra,-,-,-,Brahmaputra,27.18166667,88.50472222,30-08-2026 18:00,328
3900,3900,Majhitar Area Rangpo,Sikkim,11,Sikkim,225,GANGTOK DISTRICT,Namchi,-,-,Brahmaputra,Brahmaputra,-,-,-,Brahmaputra,27.18166667,88.50472222,30-08-2026 19:00,324
3901,3901,Majhitar Area Rangpo,Sikkim,11,Sikkim,225,GANGTOK DISTRICT,Namchi,-,-,Brahmaputra,Brahmaputra,-,-,-,Brahmaputra,27.18166667,88.50472222,30-08-2026 20:00,326
3902,3902,Majhitar Area Rangpo,Sikkim,11,Sikkim,225,GANGTOK DISTRICT,Namchi,-,-,Brahmaputra,Brahmaputra,-,-,-,Brahmaputra,27.18166667,88.50472222,30-08-2026 21:00,324
3903,3903,Majhitar Area Rangpo,Sikkim,11,Sikkim,225,GANGTOK DISTRICT,Namchi,-,-,Brahmaputra,Brahmaputra,-,-,-,Brahmaputra,27.18166667,88.50472222,30-08-2026 22:00,323.5
3904,3904,Majhitar Area Rangpo,Sikkim,11,Sikkim,225,GANGTOK DISTRICT,Namchi,-,-,Brahmaputra,Brahmaputra,-,-,-,Brahmaputra,27.18166667,88.50472222,30-08-2026 23:00,321
3905,3905,Namchi Water Resources Sub-division office,Sikkim,11,Sikkim,227,NAMCHI,Namchi,-,-,Brahmaputra,Brahmaputra,-,-,-,Brahmaputra,27.16722222,88.36638889,20-01-2026 05:00,245.5
3906,3906,Namchi Water Resources Sub-division office,Sikkim,11,Sikkim,227,NAMCHI,Namchi,-,-,Brahmaputra,Brahmaputra,-,-,-,Brahmaputra,27.16722222,88.36638889,20-01-2026 09:00,272
3907,3907,Namchi Water Resources Sub-division office,Sikkim,11,Sikkim,227,NAMCHI,Namchi,-,-,Brahmaputra,Brahmaputra,-,-,-,Brahmaputra,27.16722222,88.36638889,20-01-2026 10:00,278
3908,3908,Namchi Water Resources Sub-division office,Sikkim,11,Sikkim,227,NAMCHI,Namchi,-,-,Brahmaputra,Brahmaputra,-,-,-,Brahmaputra,27.16722222,88.36638889,20-01-2026 12:00,282.5
3909,3909,Namchi Water Resources Sub-division office,Sikkim,11,Sikkim,227,NAMCHI,Namchi,-,-,Brahmaputra,Brahmaputra,-,-,-,Brahmaputra,27.16722222,88.36638889,20-01-2026 13:00,3.5
3910,3910,Namchi Water Resources Sub-division office,Sikkim,11,Sikkim,227,NAMCHI,Namchi,-,-,Brahmaputra,Brahmaputra,-,-,-,Brahmaputra,27.16722222,88.36638889,20-01-2026 13:00,276
3911,3911,Namchi Water Resources Sub-division office,Sikkim,11,Sikkim,227,NAMCHI,Namchi,-,-,Brahmaputra,Brahmaputra,-,-,-,Brahmaputra,27.16722222,88.36638889,20-01-2026 14:00,272.5
3912,3912,Namchi Water Resources Sub-division office,Sikkim,11,Sikkim,227,NAMCHI,Namchi,-,-,Brahmaputra,Brahmaputra,-,-,-,Brahmaputra,27.16722222,88.36638889,20-01-2026 16:00,261.5
3913,3913,Namchi Water Resources Sub-division office,Sikkim,11,Sikkim,227,NAMCHI,Namchi,-,-,Brahmaputra,Brahmaputra,-,-,-,Brahmaputra,27.16722222,88.36638889,20-01-2026 17:00,256.5
3914,3914,Namchi Water Resources Sub-division office,Sikkim,11,Sikkim,227,NAMCHI,Namchi,-,-,Brahmaputra,Brahmaputra,-,-,-,Brahmaputra,27.16722222,88.36638889,20-01-2026 21:00,254
3915,3915,Namchi Water Resources Sub-division office,Sikkim,11,Sikkim,227,NAMCHI,Namchi,-,-,Brahmaputra,Brahmaputra,-,-,-,Brahmaputra,27.16722222,88.36638889,20-01-2026 23:00,249.5
3916,3916,Namchi Water Resources Sub-division office,Sikkim,11,Sikkim,227,NAMCHI,Namchi,-,-,Brahmaputra,Brahmaputra,-,-,-,Brahmaputra,27.16722222,88.36638889,21-01-2026 00:00,246
3917,3917,Namchi Water Resources Sub-division office,Sikkim,11,Sikkim,227,NAMCHI,Namchi,-,-,Brahmaputra,Brahmaputra,-,-,-,Brahmaputra,27.16722222,88.36638889,21-01-2026 01:00,246
3918,3918,Namchi Water Resources Sub-division office,Sikkim,11,Sikkim,227,NAMCHI,Namchi,-,-,Brahmaputra,Brahmaputra,-,-,-,Brahmaputra,27.16722222,88.36638889,21-01-2026 03:00,244.5
3919,3919,Namchi Water Resources Sub-division office,Sikkim,11,Sikkim,227,NAMCHI,Namchi,-,-,Brahmaputra,Brahmaputra,-,-,-,Brahmaputra,27.16722222,88.36638889,21-01-2026 04:00,245.5
3920,3920,Namchi Water Resources Sub-division office,Sikkim,11,Sikkim,227,NAMCHI,Namchi,-,-,Brahmaputra,Brahmaputra,-,-,-,Brahmaputra,27.16722222,88.36638889,21-01-2026 05:00,243
3921,3921,Namchi Water Resources Sub-division office,Sikkim,11,Sikkim,227,NAMCHI,Namchi,-,-,Brahmaputra,Brahmaputra,-,-,-,Brahmaputra,27.16722222,88.36638889,21-01-2026 06:00,244
3922,3922,Namchi Water Resources Sub-division office,Sikkim,11,Sikkim,227,NAMCHI,Namchi,-,-,Brahmaputra,Brahmaputra,-,-,-,Brahmaputra,27.16722222,88.36638889,21-01-2026 08:00,266.5
3923,3923,Namchi Water Resources Sub-division office,Sikkim,11,Sikkim,227,NAMCHI,Namchi,-,-,Brahmaputra,Brahmaputra,-,-,-,Brahmaputra,27.16722222,88.36638889,21-01-2026 10:00,283.5
3924,3924,Namchi Water Resources Sub-division office,Sikkim,11,Sikkim,227,NAMCHI,Namchi,-,-,Brahmaputra,Brahmaputra,-,-,-,Brahmaputra,27.16722222,88.36638889,28-01-2026 15:00,200
3925,3925,Namchi Water Resources Sub-division office,Sikkim,11,Sikkim,227,NAMCHI,Namchi,-,-,Brahmaputra,Brahmaputra,-,-,-,Brahmaputra,27.16722222,88.36638889,28-01-2026 16:00,265
3926,3926,Namchi Water Resources Sub-division office,Sikkim,11,Sikkim,227,NAMCHI,Namchi,-,-,Brahmaputra,Brahmaputra,-,-,-,Brahmaputra,27.16722222,88.36638889,29-01-2026 00:00,248.5
3927,3927,Namchi Water Resources Sub-division office,Sikkim,11,Sikkim,227,NAMCHI,Namchi,-,-,Brahmaputra,Brahmaputra,-,-,-,Brahmaputra,27.16722222,88.36638889,29-01-2026 02:00,246.5
3928,3928,Namchi Water Resources Sub-division office,Sikkim,11,Sikkim,227,NAMCHI,Namchi,-,-,Brahmaputra,Brahmaputra,-,-,-,Brahmaputra,27.16722222,88.36638889,29-01-2026 03:00,245.5
3929,3929,Namchi Water Resources Sub-division office,Sikkim,11,Sikkim,227,NAMCHI,Namchi,-,-,Brahmaputra,Brahmaputra,-,-,-,Brahmaputra,27.16722222,88.36638889,29-01-2026 04:00,245.5
3930,3930,Namchi Water Resources Sub-division office,Sikkim,11,Sikkim,227,NAMCHI,Namchi,-,-,Brahmaputra,Brahmaputra,-,-,-,Brahmaputra,27.16722222,88.36638889,30-01-2026 12:00,288.5
3931,3931,Namchi Water Resources Sub-division office,Sikkim,11,Sikkim,227,NAMCHI,Namchi,-,-,Brahmaputra,Brahmaputra,-,-,-,Brahmaputra,27.16722222,88.36638889,30-01-2026 18:00,259.5
3932,3932,Namchi Water Resources Sub-division office,Sikkim,11,Sikkim,227,NAMCHI,Namchi,-,-,Brahmaputra,Brahmaputra,-,-,-,Brahmaputra,27.16722222,88.36638889,31-01-2026 01:00,253
3933,3933,Namchi Water Resources Sub-division office,Sikkim,11,Sikkim,227,NAMCHI,Namchi,-,-,Brahmaputra,Brahmaputra,-,-,-,Brahmaputra,27.16722222,88.36638889,31-01-2026 05:00,246.5
3934,3934,Namchi Water Resources Sub-division office,Sikkim,11,Sikkim,227,NAMCHI,Namchi,-,-,Brahmaputra,Brahmaputra,-,-,-,Brahmaputra,27.16722222,88.36638889,31-01-2026 06:00,249
3935,3935,Namchi Water Resources Sub-division office,Sikkim,11,Sikkim,227,NAMCHI,Namchi,-,-,Brahmaputra,Brahmaputra,-,-,-,Brahmaputra,27.16722222,88.36638889,31-01-2026 07:00,257.5
3936,3936,Namchi Water Resources Sub-division office,Sikkim,11,Sikkim,227,NAMCHI,Namchi,-,-,Brahmaputra,Brahmaputra,-,-,-,Brahmaputra,27.16722222,88.36638889,31-01-2026 08:00,273
3937,3937,Namchi Water Resources Sub-division office,Sikkim,11,Sikkim,227,NAMCHI,Namchi,-,-,Brahmaputra,Brahmaputra,-,-,-,Brahmaputra,27.16722222,88.36638889,31-01-2026 11:00,284.5
3938,3938,Namchi Water Resources Sub-division office,Sikkim,11,Sikkim,227,NAMCHI,Namchi,-,-,Brahmaputra,Brahmaputra,-,-,-,Brahmaputra,27.16722222,88.36638889,31-01-2026 12:00,285.5
3939,3939,Namchi Water Resources Sub-division office,Sikkim,11,Sikkim,227,NAMCHI,Namchi,-,-,Brahmaputra,Brahmaputra,-,-,-,Brahmaputra,27.16722222,88.36638889,31-01-2026 16:00,261
3940,3940,Namchi Water Resources Sub-division office,Sikkim,11,Sikkim,227,NAMCHI,Namchi,-,-,Brahmaputra,Brahmaputra,-,-,-,Brahmaputra,27.16722222,88.36638889,31-01-2026 20:00,252
3941,3941,Namchi Water Resources Sub-division office,Sikkim,11,Sikkim,227,NAMCHI,Namchi,-,-,Brahmaputra,Brahmaputra,-,-,-,Brahmaputra,27.16722222,88.36638889,01-02-2026 00:00,249.5
3942,3942,Namchi Water Resources Sub-division office,Sikkim,11,Sikkim,227,NAMCHI,Namchi,-,-,Brahmaputra,Brahmaputra,-,-,-,Brahmaputra,27.16722222,88.36638889,01-02-2026 09:00,282
3943,3943,Namchi Water Resources Sub-division office,Sikkim,11,Sikkim,227,NAMCHI,Namchi,-,-,Brahmaputra,Brahmaputra,-,-,-,Brahmaputra,27.16722222,88.36638889,01-02-2026 11:00,291
3944,3944,Namchi Water Resources Sub-division office,Sikkim,11,Sikkim,227,NAMCHI,Namchi,-,-,Brahmaputra,Brahmaputra,-,-,-,Brahmaputra,27.16722222,88.36638889,01-02-2026 12:00,286
3945,3945,Namchi Water Resources Sub-division office,Sikkim,11,Sikkim,227,NAMCHI,Namchi,-,-,Brahmaputra,Brahmaputra,-,-,-,Brahmaputra,27.16722222,88.36638889,01-02-2026 15:00,274
3946,3946,Namchi Water Resources Sub-division office,Sikkim,11,Sikkim,227,NAMCHI,Namchi,-,-,Brahmaputra,Brahmaputra,-,-,-,Brahmaputra,27.16722222,88.36638889,01-02-2026 18:00,261
3947,3947,Namchi Water Resources Sub-division office,Sikkim,11,Sikkim,227,NAMCHI,Namchi,-,-,Brahmaputra,Brahmaputra,-,-,-,Brahmaputra,27.16722222,88.36638889,01-02-2026 21:00,260.5
3948,3948,Namchi Water Resources Sub-division office,Sikkim,11,Sikkim,227,NAMCHI,Namchi,-,-,Brahmaputra,Brahmaputra,-,-,-,Brahmaputra,27.16722222,88.36638889,02-02-2026 01:00,251
3949,3949,Namchi Water Resources Sub-division office,Sikkim,11,Sikkim,227,NAMCHI,Namchi,-,-,Brahmaputra,Brahmaputra,-,-,-,Brahmaputra,27.16722222,88.36638889,02-02-2026 08:00,281.5
3950,3950,Namchi Water Resources Sub-division office,Sikkim,11,Sikkim,227,NAMCHI,Namchi,-,-,Brahmaputra,Brahmaputra,-,-,-,Brahmaputra,27.16722222,88.36638889,02-02-2026 09:00,282.5
3951,3951,Namchi Water Resources Sub-division office,Sikkim,11,Sikkim,227,NAMCHI,Namchi,-,-,Brahmaputra,Brahmaputra,-,-,-,Brahmaputra,27.16722222,88.36638889,02-02-2026 11:00,291
3952,3952,Namchi Water Resources Sub-division office,Sikkim,11,Sikkim,227,NAMCHI,Namchi,-,-,Brahmaputra,Brahmaputra,-,-,-,Brahmaputra,27.16722222,88.36638889,02-02-2026 12:00,298.5
3953,3953,Namchi Water Resources Sub-division office,Sikkim,11,Sikkim,227,NAMCHI,Namchi,-,-,Brahmaputra,Brahmaputra,-,-,-,Brahmaputra,27.16722222,88.36638889,02-02-2026 19:00,258
3954,3954,Namchi Water Resources Sub-division office,Sikkim,11,Sikkim,227,NAMCHI,Namchi,-,-,Brahmaputra,Brahmaputra,-,-,-,Brahmaputra,27.16722222,88.36638889,03-02-2026 02:00,251.5
3955,3955,Namchi Water Resources Sub-division office,Sikkim,11,Sikkim,227,NAMCHI,Namchi,-,-,Brahmaputra,Brahmaputra,-,-,-,Brahmaputra,27.16722222,88.36638889,03-02-2026 08:00,279
3956,3956,Namchi Water Resources Sub-division office,Sikkim,11,Sikkim,227,NAMCHI,Namchi,-,-,Brahmaputra,Brahmaputra,-,-,-,Brahmaputra,27.16722222,88.36638889,03-02-2026 09:00,284
3957,3957,Namchi Water Resources Sub-division office,Sikkim,11,Sikkim,227,NAMCHI,Namchi,-,-,Brahmaputra,Brahmaputra,-,-,-,Brahmaputra,27.16722222,88.36638889,03-02-2026 17:00,267
3958,3958,Namchi Water Resources Sub-division office,Sikkim,11,Sikkim,227,NAMCHI,Namchi,-,-,Brahmaputra,Brahmaputra,-,-,-,Brahmaputra,27.16722222,88.36638889,03-02-2026 21:00,257
3959,3959,Namchi Water Resources Sub-division office,Sikkim,11,Sikkim,227,NAMCHI,Namchi,-,-,Brahmaputra,Brahmaputra,-,-,-,Brahmaputra,27.16722222,88.36638889,03-02-2026 23:00,252.5
3960,3960,Namchi Water Resources Sub-division office,Sikkim,11,Sikkim,227,NAMCHI,Namchi,-,-,Brahmaputra,Brahmaputra,-,-,-,Brahmaputra,27.16722222,88.36638889,04-02-2026 01:00,252
3961,3961,Namchi Water Resources Sub-division office,Sikkim,11,Sikkim,227,NAMCHI,Namchi,-,-,Brahmaputra,Brahmaputra,-,-,-,Brahmaputra,27.16722222,88.36638889,04-02-2026 07:00,269.5
3962,3962,Namchi Water Resources Sub-division office,Sikkim,11,Sikkim,227,NAMCHI,Namchi,-,-,Brahmaputra,Brahmaputra,-,-,-,Brahmaputra,27.16722222,88.36638889,04-02-2026 08:00,277
3963,3963,Namchi Water Resources Sub-division office,Sikkim,11,Sikkim,227,NAMCHI,Namchi,-,-,Brahmaputra,Brahmaputra,-,-,-,Brahmaputra,27.16722222,88.36638889,04-02-2026 11:00,292
3964,3964,Namchi Water Resources Sub-division office,Sikkim,11,Sikkim,227,NAMCHI,Namchi,-,-,Brahmaputra,Brahmaputra,-,-,-,Brahmaputra,27.16722222,88.36638889,04-02-2026 13:00,291
3965,3965,Namchi Water Resources Sub-division office,Sikkim,11,Sikkim,227,NAMCHI,Namchi,-,-,Brahmaputra,Brahmaputra,-,-,-,Brahmaputra,27.16722222,88.36638889,04-02-2026 17:00,265.5
3966,3966,Namchi Water Resources Sub-division office,Sikkim,11,Sikkim,227,NAMCHI,Namchi,-,-,Brahmaputra,Brahmaputra,-,-,-,Brahmaputra,27.16722222,88.36638889,04-02-2026 19:00,264.5
3967,3967,Namchi Water Resources Sub-division office,Sikkim,11,Sikkim,227,NAMCHI,Namchi,-,-,Brahmaputra,Brahmaputra,-,-,-,Brahmaputra,27.16722222,88.36638889,05-02-2026 02:00,248
3968,3968,Namchi Water Resources Sub-division office,Sikkim,11,Sikkim,227,NAMCHI,Namchi,-,-,Brahmaputra,Brahmaputra,-,-,-,Brahmaputra,27.16722222,88.36638889,05-02-2026 04:00,245
3969,3969,Namchi Water Resources Sub-division office,Sikkim,11,Sikkim,227,NAMCHI,Namchi,-,-,Brahmaputra,Brahmaputra,-,-,-,Brahmaputra,27.16722222,88.36638889,05-02-2026 06:00,249
3970,3970,Namchi Water Resources Sub-division office,Sikkim,11,Sikkim,227,NAMCHI,Namchi,-,-,Brahmaputra,Brahmaputra,-,-,-,Brahmaputra,27.16722222,88.36638889,05-02-2026 19:00,254
3971,3971,Namchi Water Resources Sub-division office,Sikkim,11,Sikkim,227,NAMCHI,Namchi,-,-,Brahmaputra,Brahmaputra,-,-,-,Brahmaputra,27.16722222,88.36638889,05-02-2026 21:00,255.5
3972,3972,Namchi Water Resources Sub-division office,Sikkim,11,Sikkim,227,NAMCHI,Namchi,-,-,Brahmaputra,Brahmaputra,-,-,-,Brahmaputra,27.16722222,88.36638889,05-02-2026 23:00,255.5
3973,3973,Namchi Water Resources Sub-division office,Sikkim,11,Sikkim,227,NAMCHI,Namchi,-,-,Brahmaputra,Brahmaputra,-,-,-,Brahmaputra,27.16722222,88.36638889,06-02-2026 07:00,262
3974,3974,Namchi Water Resources Sub-division office,Sikkim,11,Sikkim,227,NAMCHI,Namchi,-,-,Brahmaputra,Brahmaputra,-,-,-,Brahmaputra,27.16722222,88.36638889,06-02-2026 08:00,265
3975,3975,Namchi Water Resources Sub-division office,Sikkim,11,Sikkim,227,NAMCHI,Namchi,-,-,Brahmaputra,Brahmaputra,-,-,-,Brahmaputra,27.16722222,88.36638889,06-02-2026 09:00,276
3976,3976,Namchi Water Resources Sub-division office,Sikkim,11,Sikkim,227,NAMCHI,Namchi,-,-,Brahmaputra,Brahmaputra,-,-,-,Brahmaputra,27.16722222,88.36638889,06-02-2026 11:00,290.5
3977,3977,Namchi Water Resources Sub-division office,Sikkim,11,Sikkim,227,NAMCHI,Namchi,-,-,Brahmaputra,Brahmaputra,-,-,-,Brahmaputra,27.16722222,88.36638889,06-02-2026 16:00,263.5
3978,3978,Namchi Water Resources Sub-division office,Sikkim,11,Sikkim,227,NAMCHI,Namchi,-,-,Brahmaputra,Brahmaputra,-,-,-,Brahmaputra,27.16722222,88.36638889,06-02-2026 17:00,258.5
3979,3979,Namchi Water Resources Sub-division office,Sikkim,11,Sikkim,227,NAMCHI,Namchi,-,-,Brahmaputra,Brahmaputra,-,-,-,Brahmaputra,27.16722222,88.36638889,06-02-2026 18:00,255
3980,3980,Namchi Water Resources Sub-division office,Sikkim,11,Sikkim,227,NAMCHI,Namchi,-,-,Brahmaputra,Brahmaputra,-,-,-,Brahmaputra,27.16722222,88.36638889,06-02-2026 20:00,255.5
3981,3981,Namchi Water Resources Sub-division office,Sikkim,11,Sikkim,227,NAMCHI,Namchi,-,-,Brahmaputra,Brahmaputra,-,-,-,Brahmaputra,27.16722222,88.36638889,06-02-2026 21:00,255
3982,3982,Namchi Water Resources Sub-division office,Sikkim,11,Sikkim,227,NAMCHI,Namchi,-,-,Brahmaputra,Brahmaputra,-,-,-,Brahmaputra,27.16722222,88.36638889,06-02-2026 23:00,250.5
3983,3983,Namchi Water Resources Sub-division office,Sikkim,11,Sikkim,227,NAMCHI,Namchi,-,-,Brahmaputra,Brahmaputra,-,-,-,Brahmaputra,27.16722222,88.36638889,07-02-2026 02:00,248.5
3984,3984,Namchi Water Resources Sub-division office,Sikkim,11,Sikkim,227,NAMCHI,Namchi,-,-,Brahmaputra,Brahmaputra,-,-,-,Brahmaputra,27.16722222,88.36638889,07-02-2026 04:00,248.5
3985,3985,Namchi Water Resources Sub-division office,Sikkim,11,Sikkim,227,NAMCHI,Namchi,-,-,Brahmaputra,Brahmaputra,-,-,-,Brahmaputra,27.16722222,88.36638889,13-02-2026 12:00,200
3986,3986,Namchi Water Resources Sub-division office,Sikkim,11,Sikkim,227,NAMCHI,Namchi,-,-,Brahmaputra,Brahmaputra,-,-,-,Brahmaputra,27.16722222,88.36638889,13-02-2026 13:00,300
3987,3987,Namchi Water Resources Sub-division office,Sikkim,11,Sikkim,227,NAMCHI,Namchi,-,-,Brahmaputra,Brahmaputra,-,-,-,Brahmaputra,27.16722222,88.36638889,13-02-2026 15:00,2.5
3988,3988,Namchi Water Resources Sub-division office,Sikkim,11,Sikkim,227,NAMCHI,Namchi,-,-,Brahmaputra,Brahmaputra,-,-,-,Brahmaputra,27.16722222,88.36638889,13-02-2026 15:00,2.5
3989,3989,Namchi Water Resources Sub-division office,Sikkim,11,Sikkim,227,NAMCHI,Namchi,-,-,Brahmaputra,Brahmaputra,-,-,-,Brahmaputra,27.16722222,88.36638889,13-02-2026 17:00,271.5
3990,3990,Namchi Water Resources Sub-division office,Sikkim,11,Sikkim,227,NAMCHI,Namchi,-,-,Brahmaputra,Brahmaputra,-,-,-,Brahmaputra,27.16722222,88.36638889,13-02-2026 19:00,265
3991,3991,Namchi Water Resources Sub-division office,Sikkim,11,Sikkim,227,NAMCHI,Namchi,-,-,Brahmaputra,Brahmaputra,-,-,-,Brahmaputra,27.16722222,88.36638889,13-02-2026 21:00,263
3992,3992,Namchi Water Resources Sub-division office,Sikkim,11,Sikkim,227,NAMCHI,Namchi,-,-,Brahmaputra,Brahmaputra,-,-,-,Brahmaputra,27.16722222,88.36638889,13-02-2026 22:00,260
3993,3993,Namchi Water Resources Sub-division office,Sikkim,11,Sikkim,227,NAMCHI,Namchi,-,-,Brahmaputra,Brahmaputra,-,-,-,Brahmaputra,27.16722222,88.36638889,14-02-2026 01:00,256.5
3994,3994,Namchi Water Resources Sub-division office,Sikkim,11,Sikkim,227,NAMCHI,Namchi,-,-,Brahmaputra,Brahmaputra,-,-,-,Brahmaputra,27.16722222,88.36638889,14-02-2026 02:00,256.5
3995,3995,Namchi Water Resources Sub-division office,Sikkim,11,Sikkim,227,NAMCHI,Namchi,-,-,Brahmaputra,Brahmaputra,-,-,-,Brahmaputra,27.16722222,88.36638889,14-02-2026 03:00,256
3996,3996,Namchi Water Resources Sub-division office,Sikkim,11,Sikkim,227,NAMCHI,Namchi,-,-,Brahmaputra,Brahmaputra,-,-,-,Brahmaputra,27.16722222,88.36638889,14-02-2026 05:00,254.5
3997,3997,Namchi Water Resources Sub-division office,Sikkim,11,Sikkim,227,NAMCHI,Namchi,-,-,Brahmaputra,Brahmaputra,-,-,-,Brahmaputra,27.16722222,88.36638889,14-02-2026 07:00,277
3998,3998,Namchi Water Resources Sub-division office,Sikkim,11,Sikkim,227,NAMCHI,Namchi,-,-,Brahmaputra,Brahmaputra,-,-,-,Brahmaputra,27.16722222,88.36638889,14-02-2026 12:00,299.5
3999,3999,Namchi Water Resources Sub-division office,Sikkim,11,Sikkim,227,NAMCHI,Namchi,-,-,Brahmaputra,Brahmaputra,-,-,-,Brahmaputra,27.16722222,88.36638889,15-02-2026 04:00,253.5
4000,4000,Namchi Water Resources Sub-division office,Sikkim,11,Sikkim,227,NAMCHI,Namchi,-,-,Brahmaputra,Brahmaputra,-,-,-,Brahmaputra,27.16722222,88.36638889,15-02-2026 12:00,297.5
4001,4001,Namchi Water Resources Sub-division office,Sikkim,11,Sikkim,227,NAMCHI,Namchi,-,-,Brahmaputra,Brahmaputra,-,-,-,Brahmaputra,27.16722222,88.36638889,15-02-2026 14:00,285.5
4002,4002,Namchi Water Resources Sub-division office,Sikkim,11,Sikkim,227,NAMCHI,Namchi,-,-,Brahmaputra,Brahmaputra,-,-,-,Brahmaputra,27.16722222,88.36638889,15-02-2026 22:00,262.5
4003,4003,Namchi Water Resources Sub-division office,Sikkim,11,Sikkim,227,NAMCHI,Namchi,-,-,Brahmaputra,Brahmaputra,-,-,-,Brahmaputra,27.16722222,88.36638889,16-02-2026 04:00,249.5
4004,4004,Namchi Water Resources Sub-division office,Sikkim,11,Sikkim,227,NAMCHI,Namchi,-,-,Brahmaputra,Brahmaputra,-,-,-,Brahmaputra,27.16722222,88.36638889,16-02-2026 09:00,200
4005,4005,Namchi Water Resources Sub-division office,Sikkim,11,Sikkim,227,NAMCHI,Namchi,-,-,Brahmaputra,Brahmaputra,-,-,-,Brahmaputra,27.16722222,88.36638889,16-02-2026 11:00,293.5
4006,4006,Namchi Water Resources Sub-division office,Sikkim,11,Sikkim,227,NAMCHI,Namchi,-,-,Brahmaputra,Brahmaputra,-,-,-,Brahmaputra,27.16722222,88.36638889,16-02-2026 12:00,295.5
4007,4007,Namchi Water Resources Sub-division office,Sikkim,11,Sikkim,227,NAMCHI,Namchi,-,-,Brahmaputra,Brahmaputra,-,-,-,Brahmaputra,27.16722222,88.36638889,16-02-2026 15:00,281.5
4008,4008,Namchi Water Resources Sub-division office,Sikkim,11,Sikkim,227,NAMCHI,Namchi,-,-,Brahmaputra,Brahmaputra,-,-,-,Brahmaputra,27.16722222,88.36638889,16-02-2026 20:00,261.5
4009,4009,Namchi Water Resources Sub-division office,Sikkim,11,Sikkim,227,NAMCHI,Namchi,-,-,Brahmaputra,Brahmaputra,-,-,-,Brahmaputra,27.16722222,88.36638889,16-02-2026 21:00,260
4010,4010,Namchi Water Resources Sub-division office,Sikkim,11,Sikkim,227,NAMCHI,Namchi,-,-,Brahmaputra,Brahmaputra,-,-,-,Brahmaputra,27.16722222,88.36638889,16-02-2026 22:00,263.5
4011,4011,Namchi Water Resources Sub-division office,Sikkim,11,Sikkim,227,NAMCHI,Namchi,-,-,Brahmaputra,Brahmaputra,-,-,-,Brahmaputra,27.16722222,88.36638889,17-02-2026 00:00,264.5
4012,4012,Namchi Water Resources Sub-division office,Sikkim,11,Sikkim,227,NAMCHI,Namchi,-,-,Brahmaputra,Brahmaputra,-,-,-,Brahmaputra,27.16722222,88.36638889,17-02-2026 01:00,261
4013,4013,Namchi Water Resources Sub-division office,Sikkim,11,Sikkim,227,NAMCHI,Namchi,-,-,Brahmaputra,Brahmaputra,-,-,-,Brahmaputra,27.16722222,88.36638889,17-02-2026 03:00,255.5
4014,4014,Namchi Water Resources Sub-division office,Sikkim,11,Sikkim,227,NAMCHI,Namchi,-,-,Brahmaputra,Brahmaputra,-,-,-,Brahmaputra,27.16722222,88.36638889,17-02-2026 11:00,306.5
4015,4015,Namchi Water Resources Sub-division office,Sikkim,11,Sikkim,227,NAMCHI,Namchi,-,-,Brahmaputra,Brahmaputra,-,-,-,Brahmaputra,27.16722222,88.36638889,17-02-2026 17:00,279.5
4016,4016,Namchi Water Resources Sub-division office,Sikkim,11,Sikkim,227,NAMCHI,Namchi,-,-,Brahmaputra,Brahmaputra,-,-,-,Brahmaputra,27.16722222,88.36638889,17-02-2026 18:00,276.5
4017,4017,Namchi Water Resources Sub-division office,Sikkim,11,Sikkim,227,NAMCHI,Namchi,-,-,Brahmaputra,Brahmaputra,-,-,-,Brahmaputra,27.16722222,88.36638889,17-02-2026 21:00,267
4018,4018,Namchi Water Resources Sub-division office,Sikkim,11,Sikkim,227,NAMCHI,Namchi,-,-,Brahmaputra,Brahmaputra,-,-,-,Brahmaputra,27.16722222,88.36638889,17-02-2026 22:00,266.5
4019,4019,Namchi Water Resources Sub-division office,Sikkim,11,Sikkim,227,NAMCHI,Namchi,-,-,Brahmaputra,Brahmaputra,-,-,-,Brahmaputra,27.16722222,88.36638889,18-02-2026 01:00,262
4020,4020,Namchi Water Resources Sub-division office,Sikkim,11,Sikkim,227,NAMCHI,Namchi,-,-,Brahmaputra,Brahmaputra,-,-,-,Brahmaputra,27.16722222,88.36638889,18-02-2026 05:00,257.5
4021,4021,Namchi Water Resources Sub-division office,Sikkim,11,Sikkim,227,NAMCHI,Namchi,-,-,Brahmaputra,Brahmaputra,-,-,-,Brahmaputra,27.16722222,88.36638889,18-02-2026 06:00,265.5
4022,4022,Namchi Water Resources Sub-division office,Sikkim,11,Sikkim,227,NAMCHI,Namchi,-,-,Brahmaputra,Brahmaputra,-,-,-,Brahmaputra,27.16722222,88.36638889,18-02-2026 11:00,306.5
4023,4023,Namchi Water Resources Sub-division office,Sikkim,11,Sikkim,227,NAMCHI,Namchi,-,-,Brahmaputra,Brahmaputra,-,-,-,Brahmaputra,27.16722222,88.36638889,18-02-2026 13:00,311
4024,4024,Namchi Water Resources Sub-division office,Sikkim,11,Sikkim,227,NAMCHI,Namchi,-,-,Brahmaputra,Brahmaputra,-,-,-,Brahmaputra,27.16722222,88.36638889,18-02-2026 14:00,305
4025,4025,Namchi Water Resources Sub-division office,Sikkim,11,Sikkim,227,NAMCHI,Namchi,-,-,Brahmaputra,Brahmaputra,-,-,-,Brahmaputra,27.16722222,88.36638889,18-02-2026 17:00,280.5
4026,4026,Namchi Water Resources Sub-division office,Sikkim,11,Sikkim,227,NAMCHI,Namchi,-,-,Brahmaputra,Brahmaputra,-,-,-,Brahmaputra,27.16722222,88.36638889,18-02-2026 23:00,266
4027,4027,Namchi Water Resources Sub-division office,Sikkim,11,Sikkim,227,NAMCHI,Namchi,-,-,Brahmaputra,Brahmaputra,-,-,-,Brahmaputra,27.16722222,88.36638889,19-02-2026 02:00,260.5
4028,4028,Namchi Water Resources Sub-division office,Sikkim,11,Sikkim,227,NAMCHI,Namchi,-,-,Brahmaputra,Brahmaputra,-,-,-,Brahmaputra,27.16722222,88.36638889,19-02-2026 03:00,259.5
4029,4029,Namchi Water Resources Sub-division office,Sikkim,11,Sikkim,227,NAMCHI,Namchi,-,-,Brahmaputra,Brahmaputra,-,-,-,Brahmaputra,27.16722222,88.36638889,19-02-2026 04:00,258.5
4030,4030,Namchi Water Resources Sub-division office,Sikkim,11,Sikkim,227,NAMCHI,Namchi,-,-,Brahmaputra,Brahmaputra,-,-,-,Brahmaputra,27.16722222,88.36638889,19-02-2026 05:00,258
4031,4031,Namchi Water Resources Sub-division office,Sikkim,11,Sikkim,227,NAMCHI,Namchi,-,-,Brahmaputra,Brahmaputra,-,-,-,Brahmaputra,27.16722222,88.36638889,19-02-2026 06:00,267.5
4032,4032,Namchi Water Resources Sub-division office,Sikkim,11,Sikkim,227,NAMCHI,Namchi,-,-,Brahmaputra,Brahmaputra,-,-,-,Brahmaputra,27.16722222,88.36638889,19-02-2026 11:00,306.5
4033,4033,Namchi Water Resources Sub-division office,Sikkim,11,Sikkim,227,NAMCHI,Namchi,-,-,Brahmaputra,Brahmaputra,-,-,-,Brahmaputra,27.16722222,88.36638889,19-02-2026 17:00,281.5
4034,4034,Namchi Water Resources Sub-division office,Sikkim,11,Sikkim,227,NAMCHI,Namchi,-,-,Brahmaputra,Brahmaputra,-,-,-,Brahmaputra,27.16722222,88.36638889,19-02-2026 18:00,279.5
4035,4035,Namchi Water Resources Sub-division office,Sikkim,11,Sikkim,227,NAMCHI,Namchi,-,-,Brahmaputra,Brahmaputra,-,-,-,Brahmaputra,27.16722222,88.36638889,19-02-2026 19:00,278.5
4036,4036,Namchi Water Resources Sub-division office,Sikkim,11,Sikkim,227,NAMCHI,Namchi,-,-,Brahmaputra,Brahmaputra,-,-,-,Brahmaputra,27.16722222,88.36638889,19-02-2026 23:00,267.5
4037,4037,Namchi Water Resources Sub-division office,Sikkim,11,Sikkim,227,NAMCHI,Namchi,-,-,Brahmaputra,Brahmaputra,-,-,-,Brahmaputra,27.16722222,88.36638889,20-02-2026 00:00,265
4038,4038,Namchi Water Resources Sub-division office,Sikkim,11,Sikkim,227,NAMCHI,Namchi,-,-,Brahmaputra,Brahmaputra,-,-,-,Brahmaputra,27.16722222,88.36638889,20-02-2026 04:00,261.5
4039,4039,Namchi Water Resources Sub-division office,Sikkim,11,Sikkim,227,NAMCHI,Namchi,-,-,Brahmaputra,Brahmaputra,-,-,-,Brahmaputra,27.16722222,88.36638889,20-02-2026 05:00,262
4040,4040,Namchi Water Resources Sub-division office,Sikkim,11,Sikkim,227,NAMCHI,Namchi,-,-,Brahmaputra,Brahmaputra,-,-,-,Brahmaputra,27.16722222,88.36638889,20-02-2026 06:00,268.5
4041,4041,Namchi Water Resources Sub-division office,Sikkim,11,Sikkim,227,NAMCHI,Namchi,-,-,Brahmaputra,Brahmaputra,-,-,-,Brahmaputra,27.16722222,88.36638889,20-02-2026 10:00,304
4042,4042,Namchi Water Resources Sub-division office,Sikkim,11,Sikkim,227,NAMCHI,Namchi,-,-,Brahmaputra,Brahmaputra,-,-,-,Brahmaputra,27.16722222,88.36638889,20-02-2026 22:00,269
4043,4043,Namchi Water Resources Sub-division office,Sikkim,11,Sikkim,227,NAMCHI,Namchi,-,-,Brahmaputra,Brahmaputra,-,-,-,Brahmaputra,27.16722222,88.36638889,21-02-2026 03:00,260
4044,4044,Namchi Water Resources Sub-division office,Sikkim,11,Sikkim,227,NAMCHI,Namchi,-,-,Brahmaputra,Brahmaputra,-,-,-,Brahmaputra,27.16722222,88.36638889,21-02-2026 07:00,289.5
4045,4045,Namchi Water Resources Sub-division office,Sikkim,11,Sikkim,227,NAMCHI,Namchi,-,-,Brahmaputra,Brahmaputra,-,-,-,Brahmaputra,27.16722222,88.36638889,21-02-2026 10:00,308.5
4046,4046,Namchi Water Resources Sub-division office,Sikkim,11,Sikkim,227,NAMCHI,Namchi,-,-,Brahmaputra,Brahmaputra,-,-,-,Brahmaputra,27.16722222,88.36638889,21-02-2026 11:00,311
4047,4047,Namchi Water Resources Sub-division office,Sikkim,11,Sikkim,227,NAMCHI,Namchi,-,-,Brahmaputra,Brahmaputra,-,-,-,Brahmaputra,27.16722222,88.36638889,21-02-2026 15:00,288.5
4048,4048,Namchi Water Resources Sub-division office,Sikkim,11,Sikkim,227,NAMCHI,Namchi,-,-,Brahmaputra,Brahmaputra,-,-,-,Brahmaputra,27.16722222,88.36638889,21-02-2026 16:00,283.5
4049,4049,Namchi Water Resources Sub-division office,Sikkim,11,Sikkim,227,NAMCHI,Namchi,-,-,Brahmaputra,Brahmaputra,-,-,-,Brahmaputra,27.16722222,88.36638889,21-02-2026 23:00,268
4050,4050,Namchi Water Resources Sub-division office,Sikkim,11,Sikkim,227,NAMCHI,Namchi,-,-,Brahmaputra,Brahmaputra,-,-,-,Brahmaputra,27.16722222,88.36638889,22-02-2026 00:00,266
4051,4051,Namchi Water Resources Sub-division office,Sikkim,11,Sikkim,227,NAMCHI,Namchi,-,-,Brahmaputra,Brahmaputra,-,-,-,Brahmaputra,27.16722222,88.36638889,22-02-2026 02:00,261.5
4052,4052,Namchi Water Resources Sub-division office,Sikkim,11,Sikkim,227,NAMCHI,Namchi,-,-,Brahmaputra,Brahmaputra,-,-,-,Brahmaputra,27.16722222,88.36638889,22-02-2026 06:00,263
4053,4053,Namchi Water Resources Sub-division office,Sikkim,11,Sikkim,227,NAMCHI,Namchi,-,-,Brahmaputra,Brahmaputra,-,-,-,Brahmaputra,27.16722222,88.36638889,22-02-2026 11:00,296.5
4054,4054,Namchi Water Resources Sub-division office,Sikkim,11,Sikkim,227,NAMCHI,Namchi,-,-,Brahmaputra,Brahmaputra,-,-,-,Brahmaputra,27.16722222,88.36638889,22-02-2026 19:00,271
4055,4055,Namchi Water Resources Sub-division office,Sikkim,11,Sikkim,227,NAMCHI,Namchi,-,-,Brahmaputra,Brahmaputra,-,-,-,Brahmaputra,27.16722222,88.36638889,23-02-2026 00:00,264.5
4056,4056,Namchi Water Resources Sub-division office,Sikkim,11,Sikkim,227,NAMCHI,Namchi,-,-,Brahmaputra,Brahmaputra,-,-,-,Brahmaputra,27.16722222,88.36638889,23-02-2026 10:00,292
4057,4057,Namchi Water Resources Sub-division office,Sikkim,11,Sikkim,227,NAMCHI,Namchi,-,-,Brahmaputra,Brahmaputra,-,-,-,Brahmaputra,27.16722222,88.36638889,23-02-2026 13:00,294.5
4058,4058,Namchi Water Resources Sub-division office,Sikkim,11,Sikkim,227,NAMCHI,Namchi,-,-,Brahmaputra,Brahmaputra,-,-,-,Brahmaputra,27.16722222,88.36638889,23-02-2026 15:00,277.5
4059,4059,Namchi Water Resources Sub-division office,Sikkim,11,Sikkim,227,NAMCHI,Namchi,-,-,Brahmaputra,Brahmaputra,-,-,-,Brahmaputra,27.16722222,88.36638889,23-02-2026 23:00,268
4060,4060,Namchi Water Resources Sub-division office,Sikkim,11,Sikkim,227,NAMCHI,Namchi,-,-,Brahmaputra,Brahmaputra,-,-,-,Brahmaputra,27.16722222,88.36638889,24-02-2026 00:00,268
4061,4061,Namchi Water Resources Sub-division office,Sikkim,11,Sikkim,227,NAMCHI,Namchi,-,-,Brahmaputra,Brahmaputra,-,-,-,Brahmaputra,27.16722222,88.36638889,24-02-2026 03:00,262
4062,4062,Namchi Water Resources Sub-division office,Sikkim,11,Sikkim,227,NAMCHI,Namchi,-,-,Brahmaputra,Brahmaputra,-,-,-,Brahmaputra,27.16722222,88.36638889,24-02-2026 04:00,260.5
4063,4063,Namchi Water Resources Sub-division office,Sikkim,11,Sikkim,227,NAMCHI,Namchi,-,-,Brahmaputra,Brahmaputra,-,-,-,Brahmaputra,27.16722222,88.36638889,24-02-2026 07:00,268
4064,4064,Namchi Water Resources Sub-division office,Sikkim,11,Sikkim,227,NAMCHI,Namchi,-,-,Brahmaputra,Brahmaputra,-,-,-,Brahmaputra,27.16722222,88.36638889,24-02-2026 11:00,297
4065,4065,Namchi Water Resources Sub-division office,Sikkim,11,Sikkim,227,NAMCHI,Namchi,-,-,Brahmaputra,Brahmaputra,-,-,-,Brahmaputra,27.16722222,88.36638889,24-02-2026 13:00,281
4066,4066,Namchi Water Resources Sub-division office,Sikkim,11,Sikkim,227,NAMCHI,Namchi,-,-,Brahmaputra,Brahmaputra,-,-,-,Brahmaputra,27.16722222,88.36638889,24-02-2026 16:00,269
4067,4067,Namchi Water Resources Sub-division office,Sikkim,11,Sikkim,227,NAMCHI,Namchi,-,-,Brahmaputra,Brahmaputra,-,-,-,Brahmaputra,27.16722222,88.36638889,01-03-2026 21:00,1.5
4068,4068,Namchi Water Resources Sub-division office,Sikkim,11,Sikkim,227,NAMCHI,Namchi,-,-,Brahmaputra,Brahmaputra,-,-,-,Brahmaputra,27.16722222,88.36638889,01-03-2026 22:00,5
4069,4069,Namchi Water Resources Sub-division office,Sikkim,11,Sikkim,227,NAMCHI,Namchi,-,-,Brahmaputra,Brahmaputra,-,-,-,Brahmaputra,27.16722222,88.36638889,01-03-2026 23:00,0.5
4070,4070,Namchi Water Resources Sub-division office,Sikkim,11,Sikkim,227,NAMCHI,Namchi,-,-,Brahmaputra,Brahmaputra,-,-,-,Brahmaputra,27.16722222,88.36638889,02-03-2026 00:00,0.5
4071,4071,Namchi Water Resources Sub-division office,Sikkim,11,Sikkim,227,NAMCHI,Namchi,-,-,Brahmaputra,Brahmaputra,-,-,-,Brahmaputra,27.16722222,88.36638889,02-03-2026 01:00,0.5
4072,4072,Namchi Water Resources Sub-division office,Sikkim,11,Sikkim,227,NAMCHI,Namchi,-,-,Brahmaputra,Brahmaputra,-,-,-,Brahmaputra,27.16722222,88.36638889,03-03-2026 09:00,0.5
4073,4073,Namchi Water Resources Sub-division office,Sikkim,11,Sikkim,227,NAMCHI,Namchi,-,-,Brahmaputra,Brahmaputra,-,-,-,Brahmaputra,27.16722222,88.36638889,03-03-2026 10:00,3
4074,4074,Namchi Water Resources Sub-division office,Sikkim,11,Sikkim,227,NAMCHI,Namchi,-,-,Brahmaputra,Brahmaputra,-,-,-,Brahmaputra,27.16722222,88.36638889,11-03-2026 18:00,5
4075,4075,Namchi Water Resources Sub-division office,Sikkim,11,Sikkim,227,NAMCHI,Namchi,-,-,Brahmaputra,Brahmaputra,-,-,-,Brahmaputra,27.16722222,88.36638889,11-03-2026 21:00,1
4076,4076,Namchi Water Resources Sub-division office,Sikkim,11,Sikkim,227,NAMCHI,Namchi,-,-,Brahmaputra,Brahmaputra,-,-,-,Brahmaputra,27.16722222,88.36638889,11-03-2026 22:00,36
4077,4077,Namchi Water Resources Sub-division office,Sikkim,11,Sikkim,227,NAMCHI,Namchi,-,-,Brahmaputra,Brahmaputra,-,-,-,Brahmaputra,27.16722222,88.36638889,11-03-2026 23:00,6
4078,4078,Namchi Water Resources Sub-division office,Sikkim,11,Sikkim,227,NAMCHI,Namchi,-,-,Brahmaputra,Brahmaputra,-,-,-,Brahmaputra,27.16722222,88.36638889,12-03-2026 01:00,0.5
4079,4079,Namchi Water Resources Sub-division office,Sikkim,11,Sikkim,227,NAMCHI,Namchi,-,-,Brahmaputra,Brahmaputra,-,-,-,Brahmaputra,27.16722222,88.36638889,12-03-2026 02:00,0.5
4080,4080,Namchi Water Resources Sub-division office,Sikkim,11,Sikkim,227,NAMCHI,Namchi,-,-,Brahmaputra,Brahmaputra,-,-,-,Brahmaputra,27.16722222,88.36638889,12-03-2026 07:00,0.5
4081,4081,Namchi Water Resources Sub-division office,Sikkim,11,Sikkim,227,NAMCHI,Namchi,-,-,Brahmaputra,Brahmaputra,-,-,-,Brahmaputra,27.16722222,88.36638889,13-03-2026 05:00,0.5
4082,4082,Namchi Water Resources Sub-division office,Sikkim,11,Sikkim,227,NAMCHI,Namchi,-,-,Brahmaputra,Brahmaputra,-,-,-,Brahmaputra,27.16722222,88.36638889,16-03-2026 22:00,0.5
4083,4083,Namchi Water Resources Sub-division office,Sikkim,11,Sikkim,227,NAMCHI,Namchi,-,-,Brahmaputra,Brahmaputra,-,-,-,Brahmaputra,27.16722222,88.36638889,19-03-2026 09:00,301
4084,4084,Namchi Water Resources Sub-division office,Sikkim,11,Sikkim,227,NAMCHI,Namchi,-,-,Brahmaputra,Brahmaputra,-,-,-,Brahmaputra,27.16722222,88.36638889,19-03-2026 10:00,301
4085,4085,Namchi Water Resources Sub-division office,Sikkim,11,Sikkim,227,NAMCHI,Namchi,-,-,Brahmaputra,Brahmaputra,-,-,-,Brahmaputra,27.16722222,88.36638889,19-03-2026 11:00,307
4086,4086,Namchi Water Resources Sub-division office,Sikkim,11,Sikkim,227,NAMCHI,Namchi,-,-,Brahmaputra,Brahmaputra,-,-,-,Brahmaputra,27.16722222,88.36638889,19-03-2026 16:00,281.5
4087,4087,Namchi Water Resources Sub-division office,Sikkim,11,Sikkim,227,NAMCHI,Namchi,-,-,Brahmaputra,Brahmaputra,-,-,-,Brahmaputra,27.16722222,88.36638889,19-03-2026 17:00,278
4088,4088,Namchi Water Resources Sub-division office,Sikkim,11,Sikkim,227,NAMCHI,Namchi,-,-,Brahmaputra,Brahmaputra,-,-,-,Brahmaputra,27.16722222,88.36638889,19-03-2026 20:00,274
4089,4089,Namchi Water Resources Sub-division office,Sikkim,11,Sikkim,227,NAMCHI,Namchi,-,-,Brahmaputra,Brahmaputra,-,-,-,Brahmaputra,27.16722222,88.36638889,20-03-2026 00:00,273
4090,4090,Namchi Water Resources Sub-division office,Sikkim,11,Sikkim,227,NAMCHI,Namchi,-,-,Brahmaputra,Brahmaputra,-,-,-,Brahmaputra,27.16722222,88.36638889,20-03-2026 07:00,268.5
4091,4091,Namchi Water Resources Sub-division office,Sikkim,11,Sikkim,227,NAMCHI,Namchi,-,-,Brahmaputra,Brahmaputra,-,-,-,Brahmaputra,27.16722222,88.36638889,20-03-2026 09:00,288.5
4092,4092,Namchi Water Resources Sub-division office,Sikkim,11,Sikkim,227,NAMCHI,Namchi,-,-,Brahmaputra,Brahmaputra,-,-,-,Brahmaputra,27.16722222,88.36638889,20-03-2026 10:00,297.5
4093,4093,Namchi Water Resources Sub-division office,Sikkim,11,Sikkim,227,NAMCHI,Namchi,-,-,Brahmaputra,Brahmaputra,-,-,-,Brahmaputra,27.16722222,88.36638889,20-03-2026 13:00,290.5
4094,4094,Namchi Water Resources Sub-division office,Sikkim,11,Sikkim,227,NAMCHI,Namchi,-,-,Brahmaputra,Brahmaputra,-,-,-,Brahmaputra,27.16722222,88.36638889,20-03-2026 16:00,278.5
4095,4095,Namchi Water Resources Sub-division office,Sikkim,11,Sikkim,227,NAMCHI,Namchi,-,-,Brahmaputra,Brahmaputra,-,-,-,Brahmaputra,27.16722222,88.36638889,20-03-2026 17:00,276
4096,4096,Namchi Water Resources Sub-division office,Sikkim,11,Sikkim,227,NAMCHI,Namchi,-,-,Brahmaputra,Brahmaputra,-,-,-,Brahmaputra,27.16722222,88.36638889,20-03-2026 19:00,0.5
4097,4097,Namchi Water Resources Sub-division office,Sikkim,11,Sikkim,227,NAMCHI,Namchi,-,-,Brahmaputra,Brahmaputra,-,-,-,Brahmaputra,27.16722222,88.36638889,20-03-2026 19:00,0.5
4098,4098,Namchi Water Resources Sub-division office,Sikkim,11,Sikkim,227,NAMCHI,Namchi,-,-,Brahmaputra,Brahmaputra,-,-,-,Brahmaputra,27.16722222,88.36638889,20-03-2026 22:00,0.5
4099,4099,Namchi Water Resources Sub-division office,Sikkim,11,Sikkim,227,NAMCHI,Namchi,-,-,Brahmaputra,Brahmaputra,-,-,-,Brahmaputra,27.16722222,88.36638889,20-03-2026 22:00,265
4100,4100,Namchi Water Resources Sub-division office,Sikkim,11,Sikkim,227,NAMCHI,Namchi,-,-,Brahmaputra,Brahmaputra,-,-,-,Brahmaputra,27.16722222,88.36638889,20-03-2026 23:00,3
4101,4101,Namchi Water Resources Sub-division office,Sikkim,11,Sikkim,227,NAMCHI,Namchi,-,-,Brahmaputra,Brahmaputra,-,-,-,Brahmaputra,27.16722222,88.36638889,20-03-2026 23:00,264
4102,4102,Namchi Water Resources Sub-division office,Sikkim,11,Sikkim,227,NAMCHI,Namchi,-,-,Brahmaputra,Brahmaputra,-,-,-,Brahmaputra,27.16722222,88.36638889,21-03-2026 00:00,261
4103,4103,Namchi Water Resources Sub-division office,Sikkim,11,Sikkim,227,NAMCHI,Namchi,-,-,Brahmaputra,Brahmaputra,-,-,-,Brahmaputra,27.16722222,88.36638889,21-03-2026 01:00,1.5
4104,4104,Namchi Water Resources Sub-division office,Sikkim,11,Sikkim,227,NAMCHI,Namchi,-,-,Brahmaputra,Brahmaputra,-,-,-,Brahmaputra,27.16722222,88.36638889,21-03-2026 01:00,257
4105,4105,Namchi Water Resources Sub-division office,Sikkim,11,Sikkim,227,NAMCHI,Namchi,-,-,Brahmaputra,Brahmaputra,-,-,-,Brahmaputra,27.16722222,88.36638889,21-03-2026 02:00,7.5
4106,4106,Namchi Water Resources Sub-division office,Sikkim,11,Sikkim,227,NAMCHI,Namchi,-,-,Brahmaputra,Brahmaputra,-,-,-,Brahmaputra,27.16722222,88.36638889,21-03-2026 03:00,5.5
4107,4107,Namchi Water Resources Sub-division office,Sikkim,11,Sikkim,227,NAMCHI,Namchi,-,-,Brahmaputra,Brahmaputra,-,-,-,Brahmaputra,27.16722222,88.36638889,21-03-2026 03:00,5.5
4108,4108,Namchi Water Resources Sub-division office,Sikkim,11,Sikkim,227,NAMCHI,Namchi,-,-,Brahmaputra,Brahmaputra,-,-,-,Brahmaputra,27.16722222,88.36638889,21-03-2026 04:00,5.5
4109,4109,Namchi Water Resources Sub-division office,Sikkim,11,Sikkim,227,NAMCHI,Namchi,-,-,Brahmaputra,Brahmaputra,-,-,-,Brahmaputra,27.16722222,88.36638889,21-03-2026 04:00,5.5
4110,4110,Namchi Water Resources Sub-division office,Sikkim,11,Sikkim,227,NAMCHI,Namchi,-,-,Brahmaputra,Brahmaputra,-,-,-,Brahmaputra,27.16722222,88.36638889,21-03-2026 05:00,1.5
4111,4111,Namchi Water Resources Sub-division office,Sikkim,11,Sikkim,227,NAMCHI,Namchi,-,-,Brahmaputra,Brahmaputra,-,-,-,Brahmaputra,27.16722222,88.36638889,21-03-2026 06:00,0.5
4112,4112,Namchi Water Resources Sub-division office,Sikkim,11,Sikkim,227,NAMCHI,Namchi,-,-,Brahmaputra,Brahmaputra,-,-,-,Brahmaputra,27.16722222,88.36638889,21-03-2026 06:00,250
4113,4113,Namchi Water Resources Sub-division office,Sikkim,11,Sikkim,227,NAMCHI,Namchi,-,-,Brahmaputra,Brahmaputra,-,-,-,Brahmaputra,27.16722222,88.36638889,21-03-2026 07:00,0.5
4114,4114,Namchi Water Resources Sub-division office,Sikkim,11,Sikkim,227,NAMCHI,Namchi,-,-,Brahmaputra,Brahmaputra,-,-,-,Brahmaputra,27.16722222,88.36638889,21-03-2026 07:00,0.5
4115,4115,Namchi Water Resources Sub-division office,Sikkim,11,Sikkim,227,NAMCHI,Namchi,-,-,Brahmaputra,Brahmaputra,-,-,-,Brahmaputra,27.16722222,88.36638889,21-03-2026 09:00,0.5
4116,4116,Namchi Water Resources Sub-division office,Sikkim,11,Sikkim,227,NAMCHI,Namchi,-,-,Brahmaputra,Brahmaputra,-,-,-,Brahmaputra,27.16722222,88.36638889,21-03-2026 09:00,0.5
4117,4117,Namchi Water Resources Sub-division office,Sikkim,11,Sikkim,227,NAMCHI,Namchi,-,-,Brahmaputra,Brahmaputra,-,-,-,Brahmaputra,27.16722222,88.36638889,21-03-2026 10:00,0.5
4118,4118,Namchi Water Resources Sub-division office,Sikkim,11,Sikkim,227,NAMCHI,Namchi,-,-,Brahmaputra,Brahmaputra,-,-,-,Brahmaputra,27.16722222,88.36638889,21-03-2026 10:00,0.5
4119,4119,Namchi Water Resources Sub-division office,Sikkim,11,Sikkim,227,NAMCHI,Namchi,-,-,Brahmaputra,Brahmaputra,-,-,-,Brahmaputra,27.16722222,88.36638889,21-03-2026 11:00,0.5
4120,4120,Namchi Water Resources Sub-division office,Sikkim,11,Sikkim,227,NAMCHI,Namchi,-,-,Brahmaputra,Brahmaputra,-,-,-,Brahmaputra,27.16722222,88.36638889,21-03-2026 11:00,255.5
4121,4121,Namchi Water Resources Sub-division office,Sikkim,11,Sikkim,227,NAMCHI,Namchi,-,-,Brahmaputra,Brahmaputra,-,-,-,Brahmaputra,27.16722222,88.36638889,21-03-2026 12:00,0.5
4122,4122,Namchi Water Resources Sub-division office,Sikkim,11,Sikkim,227,NAMCHI,Namchi,-,-,Brahmaputra,Brahmaputra,-,-,-,Brahmaputra,27.16722222,88.36638889,21-03-2026 12:00,0.5
4123,4123,Namchi Water Resources Sub-division office,Sikkim,11,Sikkim,227,NAMCHI,Namchi,-,-,Brahmaputra,Brahmaputra,-,-,-,Brahmaputra,27.16722222,88.36638889,21-03-2026 13:00,1
4124,4124,Namchi Water Resources Sub-division office,Sikkim,11,Sikkim,227,NAMCHI,Namchi,-,-,Brahmaputra,Brahmaputra,-,-,-,Brahmaputra,27.16722222,88.36638889,21-03-2026 13:00,1
4125,4125,Namchi Water Resources Sub-division office,Sikkim,11,Sikkim,227,NAMCHI,Namchi,-,-,Brahmaputra,Brahmaputra,-,-,-,Brahmaputra,27.16722222,88.36638889,21-03-2026 14:00,2
4126,4126,Namchi Water Resources Sub-division office,Sikkim,11,Sikkim,227,NAMCHI,Namchi,-,-,Brahmaputra,Brahmaputra,-,-,-,Brahmaputra,27.16722222,88.36638889,21-03-2026 14:00,2
4127,4127,Namchi Water Resources Sub-division office,Sikkim,11,Sikkim,227,NAMCHI,Namchi,-,-,Brahmaputra,Brahmaputra,-,-,-,Brahmaputra,27.16722222,88.36638889,21-03-2026 15:00,3
4128,4128,Namchi Water Resources Sub-division office,Sikkim,11,Sikkim,227,NAMCHI,Namchi,-,-,Brahmaputra,Brahmaputra,-,-,-,Brahmaputra,27.16722222,88.36638889,21-03-2026 15:00,3
4129,4129,Namchi Water Resources Sub-division office,Sikkim,11,Sikkim,227,NAMCHI,Namchi,-,-,Brahmaputra,Brahmaputra,-,-,-,Brahmaputra,27.16722222,88.36638889,21-03-2026 16:00,3
4130,4130,Namchi Water Resources Sub-division office,Sikkim,11,Sikkim,227,NAMCHI,Namchi,-,-,Brahmaputra,Brahmaputra,-,-,-,Brahmaputra,27.16722222,88.36638889,21-03-2026 16:00,253.5
4131,4131,Namchi Water Resources Sub-division office,Sikkim,11,Sikkim,227,NAMCHI,Namchi,-,-,Brahmaputra,Brahmaputra,-,-,-,Brahmaputra,27.16722222,88.36638889,21-03-2026 17:00,3
4132,4132,Namchi Water Resources Sub-division office,Sikkim,11,Sikkim,227,NAMCHI,Namchi,-,-,Brahmaputra,Brahmaputra,-,-,-,Brahmaputra,27.16722222,88.36638889,21-03-2026 17:00,3
4133,4133,Namchi Water Resources Sub-division office,Sikkim,11,Sikkim,227,NAMCHI,Namchi,-,-,Brahmaputra,Brahmaputra,-,-,-,Brahmaputra,27.16722222,88.36638889,21-03-2026 18:00,1
4134,4134,Namchi Water Resources Sub-division office,Sikkim,11,Sikkim,227,NAMCHI,Namchi,-,-,Brahmaputra,Brahmaputra,-,-,-,Brahmaputra,27.16722222,88.36638889,21-03-2026 18:00,1
4135,4135,Namchi Water Resources Sub-division office,Sikkim,11,Sikkim,227,NAMCHI,Namchi,-,-,Brahmaputra,Brahmaputra,-,-,-,Brahmaputra,27.16722222,88.36638889,21-03-2026 19:00,0.5
4136,4136,Namchi Water Resources Sub-division office,Sikkim,11,Sikkim,227,NAMCHI,Namchi,-,-,Brahmaputra,Brahmaputra,-,-,-,Brahmaputra,27.16722222,88.36638889,21-03-2026 19:00,253
4137,4137,Namchi Water Resources Sub-division office,Sikkim,11,Sikkim,227,NAMCHI,Namchi,-,-,Brahmaputra,Brahmaputra,-,-,-,Brahmaputra,27.16722222,88.36638889,21-03-2026 20:00,0.5
4138,4138,Namchi Water Resources Sub-division office,Sikkim,11,Sikkim,227,NAMCHI,Namchi,-,-,Brahmaputra,Brahmaputra,-,-,-,Brahmaputra,27.16722222,88.36638889,21-03-2026 20:00,0.5
4139,4139,Namchi Water Resources Sub-division office,Sikkim,11,Sikkim,227,NAMCHI,Namchi,-,-,Brahmaputra,Brahmaputra,-,-,-,Brahmaputra,27.16722222,88.36638889,21-03-2026 21:00,0.5
4140,4140,Namchi Water Resources Sub-division office,Sikkim,11,Sikkim,227,NAMCHI,Namchi,-,-,Brahmaputra,Brahmaputra,-,-,-,Brahmaputra,27.16722222,88.36638889,21-03-2026 21:00,249.5
4141,4141,Namchi Water Resources Sub-division office,Sikkim,11,Sikkim,227,NAMCHI,Namchi,-,-,Brahmaputra,Brahmaputra,-,-,-,Brahmaputra,27.16722222,88.36638889,21-03-2026 22:00,248.5
4142,4142,Namchi Water Resources Sub-division office,Sikkim,11,Sikkim,227,NAMCHI,Namchi,-,-,Brahmaputra,Brahmaputra,-,-,-,Brahmaputra,27.16722222,88.36638889,22-03-2026 01:00,247.5
4143,4143,Namchi Water Resources Sub-division office,Sikkim,11,Sikkim,227,NAMCHI,Namchi,-,-,Brahmaputra,Brahmaputra,-,-,-,Brahmaputra,27.16722222,88.36638889,22-03-2026 03:00,248.5
4144,4144,Namchi Water Resources Sub-division office,Sikkim,11,Sikkim,227,NAMCHI,Namchi,-,-,Brahmaputra,Brahmaputra,-,-,-,Brahmaputra,27.16722222,88.36638889,22-03-2026 13:00,284
4145,4145,Namchi Water Resources Sub-division office,Sikkim,11,Sikkim,227,NAMCHI,Namchi,-,-,Brahmaputra,Brahmaputra,-,-,-,Brahmaputra,27.16722222,88.36638889,22-03-2026 23:00,262
4146,4146,Namchi Water Resources Sub-division office,Sikkim,11,Sikkim,227,NAMCHI,Namchi,-,-,Brahmaputra,Brahmaputra,-,-,-,Brahmaputra,27.16722222,88.36638889,23-03-2026 00:00,261
4147,4147,Namchi Water Resources Sub-division office,Sikkim,11,Sikkim,227,NAMCHI,Namchi,-,-,Brahmaputra,Brahmaputra,-,-,-,Brahmaputra,27.16722222,88.36638889,24-03-2026 11:00,200
4148,4148,Namchi Water Resources Sub-division office,Sikkim,11,Sikkim,227,NAMCHI,Namchi,-,-,Brahmaputra,Brahmaputra,-,-,-,Brahmaputra,27.16722222,88.36638889,24-03-2026 12:00,281.5
4149,4149,Namchi Water Resources Sub-division office,Sikkim,11,Sikkim,227,NAMCHI,Namchi,-,-,Brahmaputra,Brahmaputra,-,-,-,Brahmaputra,27.16722222,88.36638889,24-03-2026 18:00,264.5
4150,4150,Namchi Water Resources Sub-division office,Sikkim,11,Sikkim,227,NAMCHI,Namchi,-,-,Brahmaputra,Brahmaputra,-,-,-,Brahmaputra,27.16722222,88.36638889,24-03-2026 19:00,262
4151,4151,Namchi Water Resources Sub-division office,Sikkim,11,Sikkim,227,NAMCHI,Namchi,-,-,Brahmaputra,Brahmaputra,-,-,-,Brahmaputra,27.16722222,88.36638889,24-03-2026 20:00,0.5
4152,4152,Namchi Water Resources Sub-division office,Sikkim,11,Sikkim,227,NAMCHI,Namchi,-,-,Brahmaputra,Brahmaputra,-,-,-,Brahmaputra,27.16722222,88.36638889,24-03-2026 20:00,0.5
4153,4153,Namchi Water Resources Sub-division office,Sikkim,11,Sikkim,227,NAMCHI,Namchi,-,-,Brahmaputra,Brahmaputra,-,-,-,Brahmaputra,27.16722222,88.36638889,24-03-2026 21:00,4
4154,4154,Namchi Water Resources Sub-division office,Sikkim,11,Sikkim,227,NAMCHI,Namchi,-,-,Brahmaputra,Brahmaputra,-,-,-,Brahmaputra,27.16722222,88.36638889,24-03-2026 21:00,4
4155,4155,Namchi Water Resources Sub-division office,Sikkim,11,Sikkim,227,NAMCHI,Namchi,-,-,Brahmaputra,Brahmaputra,-,-,-,Brahmaputra,27.16722222,88.36638889,24-03-2026 22:00,1
4156,4156,Namchi Water Resources Sub-division office,Sikkim,11,Sikkim,227,NAMCHI,Namchi,-,-,Brahmaputra,Brahmaputra,-,-,-,Brahmaputra,27.16722222,88.36638889,25-03-2026 05:00,254
4157,4157,Namchi Water Resources Sub-division office,Sikkim,11,Sikkim,227,NAMCHI,Namchi,-,-,Brahmaputra,Brahmaputra,-,-,-,Brahmaputra,27.16722222,88.36638889,25-03-2026 07:00,0.5
4158,4158,Namchi Water Resources Sub-division office,Sikkim,11,Sikkim,227,NAMCHI,Namchi,-,-,Brahmaputra,Brahmaputra,-,-,-,Brahmaputra,27.16722222,88.36638889,26-03-2026 00:00,1.5
4159,4159,Namchi Water Resources Sub-division office,Sikkim,11,Sikkim,227,NAMCHI,Namchi,-,-,Brahmaputra,Brahmaputra,-,-,-,Brahmaputra,27.16722222,88.36638889,26-03-2026 01:00,2
4160,4160,Namchi Water Resources Sub-division office,Sikkim,11,Sikkim,227,NAMCHI,Namchi,-,-,Brahmaputra,Brahmaputra,-,-,-,Brahmaputra,27.16722222,88.36638889,26-03-2026 06:00,0.5
4161,4161,Namchi Water Resources Sub-division office,Sikkim,11,Sikkim,227,NAMCHI,Namchi,-,-,Brahmaputra,Brahmaputra,-,-,-,Brahmaputra,27.16722222,88.36638889,26-03-2026 21:00,0.5
4162,4162,Namchi Water Resources Sub-division office,Sikkim,11,Sikkim,227,NAMCHI,Namchi,-,-,Brahmaputra,Brahmaputra,-,-,-,Brahmaputra,27.16722222,88.36638889,26-03-2026 22:00,1
4163,4163,Namchi Water Resources Sub-division office,Sikkim,11,Sikkim,227,NAMCHI,Namchi,-,-,Brahmaputra,Brahmaputra,-,-,-,Brahmaputra,27.16722222,88.36638889,27-03-2026 02:00,0.5
4164,4164,Namchi Water Resources Sub-division office,Sikkim,11,Sikkim,227,NAMCHI,Namchi,-,-,Brahmaputra,Brahmaputra,-,-,-,Brahmaputra,27.16722222,88.36638889,27-03-2026 03:00,1
4165,4165,Namchi Water Resources Sub-division office,Sikkim,11,Sikkim,227,NAMCHI,Namchi,-,-,Brahmaputra,Brahmaputra,-,-,-,Brahmaputra,27.16722222,88.36638889,27-03-2026 07:00,0.5
4166,4166,Namchi Water Resources Sub-division office,Sikkim,11,Sikkim,227,NAMCHI,Namchi,-,-,Brahmaputra,Brahmaputra,-,-,-,Brahmaputra,27.16722222,88.36638889,27-03-2026 20:00,3.5
4167,4167,Namchi Water Resources Sub-division office,Sikkim,11,Sikkim,227,NAMCHI,Namchi,-,-,Brahmaputra,Brahmaputra,-,-,-,Brahmaputra,27.16722222,88.36638889,27-03-2026 21:00,1.5
4168,4168,Namchi Water Resources Sub-division office,Sikkim,11,Sikkim,227,NAMCHI,Namchi,-,-,Brahmaputra,Brahmaputra,-,-,-,Brahmaputra,27.16722222,88.36638889,27-03-2026 23:00,5.5
4169,4169,Namchi Water Resources Sub-division office,Sikkim,11,Sikkim,227,NAMCHI,Namchi,-,-,Brahmaputra,Brahmaputra,-,-,-,Brahmaputra,27.16722222,88.36638889,28-03-2026 00:00,1.5
4170,4170,Namchi Water Resources Sub-division office,Sikkim,11,Sikkim,227,NAMCHI,Namchi,-,-,Brahmaputra,Brahmaputra,-,-,-,Brahmaputra,27.16722222,88.36638889,28-03-2026 01:00,0.5
4171,4171,Namchi Water Resources Sub-division office,Sikkim,11,Sikkim,227,NAMCHI,Namchi,-,-,Brahmaputra,Brahmaputra,-,-,-,Brahmaputra,27.16722222,88.36638889,28-03-2026 10:00,0.5
4172,4172,Namchi Water Resources Sub-division office,Sikkim,11,Sikkim,227,NAMCHI,Namchi,-,-,Brahmaputra,Brahmaputra,-,-,-,Brahmaputra,27.16722222,88.36638889,29-03-2026 00:00,0.5
4173,4173,Namchi Water Resources Sub-division office,Sikkim,11,Sikkim,227,NAMCHI,Namchi,-,-,Brahmaputra,Brahmaputra,-,-,-,Brahmaputra,27.16722222,88.36638889,29-03-2026 01:00,0.5
4174,4174,Namchi Water Resources Sub-division office,Sikkim,11,Sikkim,227,NAMCHI,Namchi,-,-,Brahmaputra,Brahmaputra,-,-,-,Brahmaputra,27.16722222,88.36638889,29-03-2026 02:00,0.5
4175,4175,Namchi Water Resources Sub-division office,Sikkim,11,Sikkim,227,NAMCHI,Namchi,-,-,Brahmaputra,Brahmaputra,-,-,-,Brahmaputra,27.16722222,88.36638889,29-03-2026 03:00,0.5
4176,4176,Namchi Water Resources Sub-division office,Sikkim,11,Sikkim,227,NAMCHI,Namchi,-,-,Brahmaputra,Brahmaputra,-,-,-,Brahmaputra,27.16722222,88.36638889,29-03-2026 05:00,0.5
4177,4177,Namchi Water Resources Sub-division office,Sikkim,11,Sikkim,227,NAMCHI,Namchi,-,-,Brahmaputra,Brahmaputra,-,-,-,Brahmaputra,27.16722222,88.36638889,30-03-2026 04:00,0.5
4178,4178,Namchi Water Resources Sub-division office,Sikkim,11,Sikkim,227,NAMCHI,Namchi,-,-,Brahmaputra,Brahmaputra,-,-,-,Brahmaputra,27.16722222,88.36638889,30-03-2026 06:00,0.5
4179,4179,Namchi Water Resources Sub-division office,Sikkim,11,Sikkim,227,NAMCHI,Namchi,-,-,Brahmaputra,Brahmaputra,-,-,-,Brahmaputra,27.16722222,88.36638889,01-04-2026 15:00,1
4180,4180,Namchi Water Resources Sub-division office,Sikkim,11,Sikkim,227,NAMCHI,Namchi,-,-,Brahmaputra,Brahmaputra,-,-,-,Brahmaputra,27.16722222,88.36638889,02-04-2026 06:00,0.5
4181,4181,Namchi Water Resources Sub-division office,Sikkim,11,Sikkim,227,NAMCHI,Namchi,-,-,Brahmaputra,Brahmaputra,-,-,-,Brahmaputra,27.16722222,88.36638889,08-04-2026 14:00,0.5
4182,4182,Namchi Water Resources Sub-division office,Sikkim,11,Sikkim,227,NAMCHI,Namchi,-,-,Brahmaputra,Brahmaputra,-,-,-,Brahmaputra,27.16722222,88.36638889,08-04-2026 17:00,0.5
4183,4183,Namchi Water Resources Sub-division office,Sikkim,11,Sikkim,227,NAMCHI,Namchi,-,-,Brahmaputra,Brahmaputra,-,-,-,Brahmaputra,27.16722222,88.36638889,08-04-2026 20:00,1.5
4184,4184,Namchi Water Resources Sub-division office,Sikkim,11,Sikkim,227,NAMCHI,Namchi,-,-,Brahmaputra,Brahmaputra,-,-,-,Brahmaputra,27.16722222,88.36638889,08-04-2026 21:00,4
4185,4185,Namchi Water Resources Sub-division office,Sikkim,11,Sikkim,227,NAMCHI,Namchi,-,-,Brahmaputra,Brahmaputra,-,-,-,Brahmaputra,27.16722222,88.36638889,08-04-2026 22:00,5.5
4186,4186,Namchi Water Resources Sub-division office,Sikkim,11,Sikkim,227,NAMCHI,Namchi,-,-,Brahmaputra,Brahmaputra,-,-,-,Brahmaputra,27.16722222,88.36638889,08-04-2026 23:00,0.5
4187,4187,Namchi Water Resources Sub-division office,Sikkim,11,Sikkim,227,NAMCHI,Namchi,-,-,Brahmaputra,Brahmaputra,-,-,-,Brahmaputra,27.16722222,88.36638889,09-04-2026 03:00,0.5
4188,4188,Namchi Water Resources Sub-division office,Sikkim,11,Sikkim,227,NAMCHI,Namchi,-,-,Brahmaputra,Brahmaputra,-,-,-,Brahmaputra,27.16722222,88.36638889,09-04-2026 09:00,0.5
4189,4189,Namchi Water Resources Sub-division office,Sikkim,11,Sikkim,227,NAMCHI,Namchi,-,-,Brahmaputra,Brahmaputra,-,-,-,Brahmaputra,27.16722222,88.36638889,09-04-2026 10:00,0.5
4190,4190,Namchi Water Resources Sub-division office,Sikkim,11,Sikkim,227,NAMCHI,Namchi,-,-,Brahmaputra,Brahmaputra,-,-,-,Brahmaputra,27.16722222,88.36638889,09-04-2026 11:00,0.5
4191,4191,Namchi Water Resources Sub-division office,Sikkim,11,Sikkim,227,NAMCHI,Namchi,-,-,Brahmaputra,Brahmaputra,-,-,-,Brahmaputra,27.16722222,88.36638889,09-04-2026 19:00,0.5
4192,4192,Namchi Water Resources Sub-division office,Sikkim,11,Sikkim,227,NAMCHI,Namchi,-,-,Brahmaputra,Brahmaputra,-,-,-,Brahmaputra,27.16722222,88.36638889,10-04-2026 13:00,1.5
4193,4193,Namchi Water Resources Sub-division office,Sikkim,11,Sikkim,227,NAMCHI,Namchi,-,-,Brahmaputra,Brahmaputra,-,-,-,Brahmaputra,27.16722222,88.36638889,11-04-2026 03:00,0.5
4194,4194,Namchi Water Resources Sub-division office,Sikkim,11,Sikkim,227,NAMCHI,Namchi,-,-,Brahmaputra,Brahmaputra,-,-,-,Brahmaputra,27.16722222,88.36638889,12-04-2026 14:00,3.5
4195,4195,Namchi Water Resources Sub-division office,Sikkim,11,Sikkim,227,NAMCHI,Namchi,-,-,Brahmaputra,Brahmaputra,-,-,-,Brahmaputra,27.16722222,88.36638889,12-04-2026 15:00,10
4196,4196,Namchi Water Resources Sub-division office,Sikkim,11,Sikkim,227,NAMCHI,Namchi,-,-,Brahmaputra,Brahmaputra,-,-,-,Brahmaputra,27.16722222,88.36638889,12-04-2026 16:00,3.5
4197,4197,Namchi Water Resources Sub-division office,Sikkim,11,Sikkim,227,NAMCHI,Namchi,-,-,Brahmaputra,Brahmaputra,-,-,-,Brahmaputra,27.16722222,88.36638889,12-04-2026 17:00,0.5
4198,4198,Namchi Water Resources Sub-division office,Sikkim,11,Sikkim,227,NAMCHI,Namchi,-,-,Brahmaputra,Brahmaputra,-,-,-,Brahmaputra,27.16722222,88.36638889,12-04-2026 19:00,0.5
4199,4199,Namchi Water Resources Sub-division office,Sikkim,11,Sikkim,227,NAMCHI,Namchi,-,-,Brahmaputra,Brahmaputra,-,-,-,Brahmaputra,27.16722222,88.36638889,12-04-2026 20:00,1.5
4200,4200,Namchi Water Resources Sub-division office,Sikkim,11,Sikkim,227,NAMCHI,Namchi,-,-,Brahmaputra,Brahmaputra,-,-,-,Brahmaputra,27.16722222,88.36638889,12-04-2026 23:00,0.5
4201,4201,Namchi Water Resources Sub-division office,Sikkim,11,Sikkim,227,NAMCHI,Namchi,-,-,Brahmaputra,Brahmaputra,-,-,-,Brahmaputra,27.16722222,88.36638889,14-04-2026 22:00,2
4202,4202,Namchi Water Resources Sub-division office,Sikkim,11,Sikkim,227,NAMCHI,Namchi,-,-,Brahmaputra,Brahmaputra,-,-,-,Brahmaputra,27.16722222,88.36638889,14-04-2026 23:00,7
4203,4203,Namchi Water Resources Sub-division office,Sikkim,11,Sikkim,227,NAMCHI,Namchi,-,-,Brahmaputra,Brahmaputra,-,-,-,Brahmaputra,27.16722222,88.36638889,15-04-2026 05:00,274
4204,4204,Namchi Water Resources Sub-division office,Sikkim,11,Sikkim,227,NAMCHI,Namchi,-,-,Brahmaputra,Brahmaputra,-,-,-,Brahmaputra,27.16722222,88.36638889,15-04-2026 22:00,0.5
4205,4205,Namchi Water Resources Sub-division office,Sikkim,11,Sikkim,227,NAMCHI,Namchi,-,-,Brahmaputra,Brahmaputra,-,-,-,Brahmaputra,27.16722222,88.36638889,15-04-2026 22:00,0.5
4206,4206,Namchi Water Resources Sub-division office,Sikkim,11,Sikkim,227,NAMCHI,Namchi,-,-,Brahmaputra,Brahmaputra,-,-,-,Brahmaputra,27.16722222,88.36638889,15-04-2026 23:00,0.5
4207,4207,Namchi Water Resources Sub-division office,Sikkim,11,Sikkim,227,NAMCHI,Namchi,-,-,Brahmaputra,Brahmaputra,-,-,-,Brahmaputra,27.16722222,88.36638889,15-04-2026 23:00,0.5
4208,4208,Namchi Water Resources Sub-division office,Sikkim,11,Sikkim,227,NAMCHI,Namchi,-,-,Brahmaputra,Brahmaputra,-,-,-,Brahmaputra,27.16722222,88.36638889,16-04-2026 23:00,3.5
4209,4209,Namchi Water Resources Sub-division office,Sikkim,11,Sikkim,227,NAMCHI,Namchi,-,-,Brahmaputra,Brahmaputra,-,-,-,Brahmaputra,27.16722222,88.36638889,16-04-2026 23:00,3.5
4210,4210,Namchi Water Resources Sub-division office,Sikkim,11,Sikkim,227,NAMCHI,Namchi,-,-,Brahmaputra,Brahmaputra,-,-,-,Brahmaputra,27.16722222,88.36638889,17-04-2026 00:00,17
4211,4211,Namchi Water Resources Sub-division office,Sikkim,11,Sikkim,227,NAMCHI,Namchi,-,-,Brahmaputra,Brahmaputra,-,-,-,Brahmaputra,27.16722222,88.36638889,17-04-2026 00:00,17
4212,4212,Namchi Water Resources Sub-division office,Sikkim,11,Sikkim,227,NAMCHI,Namchi,-,-,Brahmaputra,Brahmaputra,-,-,-,Brahmaputra,27.16722222,88.36638889,17-04-2026 01:00,4
4213,4213,Namchi Water Resources Sub-division office,Sikkim,11,Sikkim,227,NAMCHI,Namchi,-,-,Brahmaputra,Brahmaputra,-,-,-,Brahmaputra,27.16722222,88.36638889,17-04-2026 01:00,4
4214,4214,Namchi Water Resources Sub-division office,Sikkim,11,Sikkim,227,NAMCHI,Namchi,-,-,Brahmaputra,Brahmaputra,-,-,-,Brahmaputra,27.16722222,88.36638889,17-04-2026 03:00,1
4215,4215,Namchi Water Resources Sub-division office,Sikkim,11,Sikkim,227,NAMCHI,Namchi,-,-,Brahmaputra,Brahmaputra,-,-,-,Brahmaputra,27.16722222,88.36638889,17-04-2026 03:00,1
4216,4216,Namchi Water Resources Sub-division office,Sikkim,11,Sikkim,227,NAMCHI,Namchi,-,-,Brahmaputra,Brahmaputra,-,-,-,Brahmaputra,27.16722222,88.36638889,17-04-2026 08:00,292
4217,4217,Namchi Water Resources Sub-division office,Sikkim,11,Sikkim,227,NAMCHI,Namchi,-,-,Brahmaputra,Brahmaputra,-,-,-,Brahmaputra,27.16722222,88.36638889,18-04-2026 09:00,0.5
4218,4218,Namchi Water Resources Sub-division office,Sikkim,11,Sikkim,227,NAMCHI,Namchi,-,-,Brahmaputra,Brahmaputra,-,-,-,Brahmaputra,27.16722222,88.36638889,18-04-2026 09:00,0.5
4219,4219,Namchi Water Resources Sub-division office,Sikkim,11,Sikkim,227,NAMCHI,Namchi,-,-,Brahmaputra,Brahmaputra,-,-,-,Brahmaputra,27.16722222,88.36638889,18-04-2026 15:00,3.5
4220,4220,Namchi Water Resources Sub-division office,Sikkim,11,Sikkim,227,NAMCHI,Namchi,-,-,Brahmaputra,Brahmaputra,-,-,-,Brahmaputra,27.16722222,88.36638889,18-04-2026 15:00,3.5
4221,4221,Namchi Water Resources Sub-division office,Sikkim,11,Sikkim,227,NAMCHI,Namchi,-,-,Brahmaputra,Brahmaputra,-,-,-,Brahmaputra,27.16722222,88.36638889,18-04-2026 16:00,1
4222,4222,Namchi Water Resources Sub-division office,Sikkim,11,Sikkim,227,NAMCHI,Namchi,-,-,Brahmaputra,Brahmaputra,-,-,-,Brahmaputra,27.16722222,88.36638889,18-04-2026 16:00,1
4223,4223,Namchi Water Resources Sub-division office,Sikkim,11,Sikkim,227,NAMCHI,Namchi,-,-,Brahmaputra,Brahmaputra,-,-,-,Brahmaputra,27.16722222,88.36638889,18-04-2026 21:00,0.5
4224,4224,Namchi Water Resources Sub-division office,Sikkim,11,Sikkim,227,NAMCHI,Namchi,-,-,Brahmaputra,Brahmaputra,-,-,-,Brahmaputra,27.16722222,88.36638889,18-04-2026 21:00,0.5
4225,4225,Namchi Water Resources Sub-division office,Sikkim,11,Sikkim,227,NAMCHI,Namchi,-,-,Brahmaputra,Brahmaputra,-,-,-,Brahmaputra,27.16722222,88.36638889,21-04-2026 17:00,304.5
4226,4226,Namchi Water Resources Sub-division office,Sikkim,11,Sikkim,227,NAMCHI,Namchi,-,-,Brahmaputra,Brahmaputra,-,-,-,Brahmaputra,27.16722222,88.36638889,21-04-2026 21:00,294.5
4227,4227,Namchi Water Resources Sub-division office,Sikkim,11,Sikkim,227,NAMCHI,Namchi,-,-,Brahmaputra,Brahmaputra,-,-,-,Brahmaputra,27.16722222,88.36638889,22-04-2026 02:00,285
4228,4228,Namchi Water Resources Sub-division office,Sikkim,11,Sikkim,227,NAMCHI,Namchi,-,-,Brahmaputra,Brahmaputra,-,-,-,Brahmaputra,27.16722222,88.36638889,22-04-2026 16:00,0.5
4229,4229,Namchi Water Resources Sub-division office,Sikkim,11,Sikkim,227,NAMCHI,Namchi,-,-,Brahmaputra,Brahmaputra,-,-,-,Brahmaputra,27.16722222,88.36638889,22-04-2026 16:00,0.5
4230,4230,Namchi Water Resources Sub-division office,Sikkim,11,Sikkim,227,NAMCHI,Namchi,-,-,Brahmaputra,Brahmaputra,-,-,-,Brahmaputra,27.16722222,88.36638889,23-04-2026 07:00,309.5
4231,4231,Namchi Water Resources Sub-division office,Sikkim,11,Sikkim,227,NAMCHI,Namchi,-,-,Brahmaputra,Brahmaputra,-,-,-,Brahmaputra,27.16722222,88.36638889,24-04-2026 11:00,324
4232,4232,Namchi Water Resources Sub-division office,Sikkim,11,Sikkim,227,NAMCHI,Namchi,-,-,Brahmaputra,Brahmaputra,-,-,-,Brahmaputra,27.16722222,88.36638889,25-04-2026 12:00,299.5
4233,4233,Namchi Water Resources Sub-division office,Sikkim,11,Sikkim,227,NAMCHI,Namchi,-,-,Brahmaputra,Brahmaputra,-,-,-,Brahmaputra,27.16722222,88.36638889,25-04-2026 14:00,1
4234,4234,Namchi Water Resources Sub-division office,Sikkim,11,Sikkim,227,NAMCHI,Namchi,-,-,Brahmaputra,Brahmaputra,-,-,-,Brahmaputra,27.16722222,88.36638889,25-04-2026 14:00,1
4235,4235,Namchi Water Resources Sub-division office,Sikkim,11,Sikkim,227,NAMCHI,Namchi,-,-,Brahmaputra,Brahmaputra,-,-,-,Brahmaputra,27.16722222,88.36638889,25-04-2026 17:00,1
4236,4236,Namchi Water Resources Sub-division office,Sikkim,11,Sikkim,227,NAMCHI,Namchi,-,-,Brahmaputra,Brahmaputra,-,-,-,Brahmaputra,27.16722222,88.36638889,25-04-2026 17:00,1
4237,4237,Namchi Water Resources Sub-division office,Sikkim,11,Sikkim,227,NAMCHI,Namchi,-,-,Brahmaputra,Brahmaputra,-,-,-,Brahmaputra,27.16722222,88.36638889,25-04-2026 18:00,1.5
4238,4238,Namchi Water Resources Sub-division office,Sikkim,11,Sikkim,227,NAMCHI,Namchi,-,-,Brahmaputra,Brahmaputra,-,-,-,Brahmaputra,27.16722222,88.36638889,25-04-2026 18:00,1.5
4239,4239,Namchi Water Resources Sub-division office,Sikkim,11,Sikkim,227,NAMCHI,Namchi,-,-,Brahmaputra,Brahmaputra,-,-,-,Brahmaputra,27.16722222,88.36638889,25-04-2026 19:00,0.5
4240,4240,Namchi Water Resources Sub-division office,Sikkim,11,Sikkim,227,NAMCHI,Namchi,-,-,Brahmaputra,Brahmaputra,-,-,-,Brahmaputra,27.16722222,88.36638889,25-04-2026 19:00,0.5
4241,4241,Namchi Water Resources Sub-division office,Sikkim,11,Sikkim,227,NAMCHI,Namchi,-,-,Brahmaputra,Brahmaputra,-,-,-,Brahmaputra,27.16722222,88.36638889,26-04-2026 21:00,0.5
4242,4242,Namchi Water Resources Sub-division office,Sikkim,11,Sikkim,227,NAMCHI,Namchi,-,-,Brahmaputra,Brahmaputra,-,-,-,Brahmaputra,27.16722222,88.36638889,26-04-2026 21:00,0.5
4243,4243,Namchi Water Resources Sub-division office,Sikkim,11,Sikkim,227,NAMCHI,Namchi,-,-,Brahmaputra,Brahmaputra,-,-,-,Brahmaputra,27.16722222,88.36638889,26-04-2026 22:00,2.5
4244,4244,Namchi Water Resources Sub-division office,Sikkim,11,Sikkim,227,NAMCHI,Namchi,-,-,Brahmaputra,Brahmaputra,-,-,-,Brahmaputra,27.16722222,88.36638889,26-04-2026 22:00,2.5
4245,4245,Namchi Water Resources Sub-division office,Sikkim,11,Sikkim,227,NAMCHI,Namchi,-,-,Brahmaputra,Brahmaputra,-,-,-,Brahmaputra,27.16722222,88.36638889,27-04-2026 05:00,0.5
4246,4246,Namchi Water Resources Sub-division office,Sikkim,11,Sikkim,227,NAMCHI,Namchi,-,-,Brahmaputra,Brahmaputra,-,-,-,Brahmaputra,27.16722222,88.36638889,27-04-2026 05:00,0.5
4247,4247,Namchi Water Resources Sub-division office,Sikkim,11,Sikkim,227,NAMCHI,Namchi,-,-,Brahmaputra,Brahmaputra,-,-,-,Brahmaputra,27.16722222,88.36638889,28-04-2026 05:00,282
4248,4248,Namchi Water Resources Sub-division office,Sikkim,11,Sikkim,227,NAMCHI,Namchi,-,-,Brahmaputra,Brahmaputra,-,-,-,Brahmaputra,27.16722222,88.36638889,28-04-2026 20:00,281
4249,4249,Namchi Water Resources Sub-division office,Sikkim,11,Sikkim,227,NAMCHI,Namchi,-,-,Brahmaputra,Brahmaputra,-,-,-,Brahmaputra,27.16722222,88.36638889,28-04-2026 22:00,2
4250,4250,Namchi Water Resources Sub-division office,Sikkim,11,Sikkim,227,NAMCHI,Namchi,-,-,Brahmaputra,Brahmaputra,-,-,-,Brahmaputra,27.16722222,88.36638889,28-04-2026 22:00,2
4251,4251,Namchi Water Resources Sub-division office,Sikkim,11,Sikkim,227,NAMCHI,Namchi,-,-,Brahmaputra,Brahmaputra,-,-,-,Brahmaputra,27.16722222,88.36638889,28-04-2026 23:00,7.5
4252,4252,Namchi Water Resources Sub-division office,Sikkim,11,Sikkim,227,NAMCHI,Namchi,-,-,Brahmaputra,Brahmaputra,-,-,-,Brahmaputra,27.16722222,88.36638889,28-04-2026 23:00,7.5
4253,4253,Namchi Water Resources Sub-division office,Sikkim,11,Sikkim,227,NAMCHI,Namchi,-,-,Brahmaputra,Brahmaputra,-,-,-,Brahmaputra,27.16722222,88.36638889,29-04-2026 00:00,2.5
4254,4254,Namchi Water Resources Sub-division office,Sikkim,11,Sikkim,227,NAMCHI,Namchi,-,-,Brahmaputra,Brahmaputra,-,-,-,Brahmaputra,27.16722222,88.36638889,29-04-2026 00:00,2.5
4255,4255,Namchi Water Resources Sub-division office,Sikkim,11,Sikkim,227,NAMCHI,Namchi,-,-,Brahmaputra,Brahmaputra,-,-,-,Brahmaputra,27.16722222,88.36638889,29-04-2026 01:00,5
4256,4256,Namchi Water Resources Sub-division office,Sikkim,11,Sikkim,227,NAMCHI,Namchi,-,-,Brahmaputra,Brahmaputra,-,-,-,Brahmaputra,27.16722222,88.36638889,29-04-2026 01:00,5
4257,4257,Namchi Water Resources Sub-division office,Sikkim,11,Sikkim,227,NAMCHI,Namchi,-,-,Brahmaputra,Brahmaputra,-,-,-,Brahmaputra,27.16722222,88.36638889,29-04-2026 02:00,6
4258,4258,Namchi Water Resources Sub-division office,Sikkim,11,Sikkim,227,NAMCHI,Namchi,-,-,Brahmaputra,Brahmaputra,-,-,-,Brahmaputra,27.16722222,88.36638889,29-04-2026 02:00,6
4259,4259,Namchi Water Resources Sub-division office,Sikkim,11,Sikkim,227,NAMCHI,Namchi,-,-,Brahmaputra,Brahmaputra,-,-,-,Brahmaputra,27.16722222,88.36638889,29-04-2026 03:00,11.5
4260,4260,Namchi Water Resources Sub-division office,Sikkim,11,Sikkim,227,NAMCHI,Namchi,-,-,Brahmaputra,Brahmaputra,-,-,-,Brahmaputra,27.16722222,88.36638889,29-04-2026 03:00,11.5
4261,4261,Namchi Water Resources Sub-division office,Sikkim,11,Sikkim,227,NAMCHI,Namchi,-,-,Brahmaputra,Brahmaputra,-,-,-,Brahmaputra,27.16722222,88.36638889,29-04-2026 04:00,1
4262,4262,Namchi Water Resources Sub-division office,Sikkim,11,Sikkim,227,NAMCHI,Namchi,-,-,Brahmaputra,Brahmaputra,-,-,-,Brahmaputra,27.16722222,88.36638889,29-04-2026 04:00,1
4263,4263,Namchi Water Resources Sub-division office,Sikkim,11,Sikkim,227,NAMCHI,Namchi,-,-,Brahmaputra,Brahmaputra,-,-,-,Brahmaputra,27.16722222,88.36638889,29-04-2026 05:00,0.5
4264,4264,Namchi Water Resources Sub-division office,Sikkim,11,Sikkim,227,NAMCHI,Namchi,-,-,Brahmaputra,Brahmaputra,-,-,-,Brahmaputra,27.16722222,88.36638889,29-04-2026 05:00,0.5
4265,4265,Namchi Water Resources Sub-division office,Sikkim,11,Sikkim,227,NAMCHI,Namchi,-,-,Brahmaputra,Brahmaputra,-,-,-,Brahmaputra,27.16722222,88.36638889,29-04-2026 13:00,2
4266,4266,Namchi Water Resources Sub-division office,Sikkim,11,Sikkim,227,NAMCHI,Namchi,-,-,Brahmaputra,Brahmaputra,-,-,-,Brahmaputra,27.16722222,88.36638889,29-04-2026 13:00,285
4267,4267,Namchi Water Resources Sub-division office,Sikkim,11,Sikkim,227,NAMCHI,Namchi,-,-,Brahmaputra,Brahmaputra,-,-,-,Brahmaputra,27.16722222,88.36638889,29-04-2026 14:00,0.5
4268,4268,Namchi Water Resources Sub-division office,Sikkim,11,Sikkim,227,NAMCHI,Namchi,-,-,Brahmaputra,Brahmaputra,-,-,-,Brahmaputra,27.16722222,88.36638889,29-04-2026 14:00,0.5
4269,4269,Namchi Water Resources Sub-division office,Sikkim,11,Sikkim,227,NAMCHI,Namchi,-,-,Brahmaputra,Brahmaputra,-,-,-,Brahmaputra,27.16722222,88.36638889,29-04-2026 15:00,0.5
4270,4270,Namchi Water Resources Sub-division office,Sikkim,11,Sikkim,227,NAMCHI,Namchi,-,-,Brahmaputra,Brahmaputra,-,-,-,Brahmaputra,27.16722222,88.36638889,29-04-2026 15:00,0.5
4271,4271,Namchi Water Resources Sub-division office,Sikkim,11,Sikkim,227,NAMCHI,Namchi,-,-,Brahmaputra,Brahmaputra,-,-,-,Brahmaputra,27.16722222,88.36638889,29-04-2026 19:00,16.5
4272,4272,Namchi Water Resources Sub-division office,Sikkim,11,Sikkim,227,NAMCHI,Namchi,-,-,Brahmaputra,Brahmaputra,-,-,-,Brahmaputra,27.16722222,88.36638889,29-04-2026 19:00,16.5
4273,4273,Namchi Water Resources Sub-division office,Sikkim,11,Sikkim,227,NAMCHI,Namchi,-,-,Brahmaputra,Brahmaputra,-,-,-,Brahmaputra,27.16722222,88.36638889,29-04-2026 20:00,1.5
4274,4274,Namchi Water Resources Sub-division office,Sikkim,11,Sikkim,227,NAMCHI,Namchi,-,-,Brahmaputra,Brahmaputra,-,-,-,Brahmaputra,27.16722222,88.36638889,29-04-2026 20:00,1.5
4275,4275,Namchi Water Resources Sub-division office,Sikkim,11,Sikkim,227,NAMCHI,Namchi,-,-,Brahmaputra,Brahmaputra,-,-,-,Brahmaputra,27.16722222,88.36638889,29-04-2026 22:00,0.5
4276,4276,Namchi Water Resources Sub-division office,Sikkim,11,Sikkim,227,NAMCHI,Namchi,-,-,Brahmaputra,Brahmaputra,-,-,-,Brahmaputra,27.16722222,88.36638889,29-04-2026 22:00,0.5
4277,4277,Namchi Water Resources Sub-division office,Sikkim,11,Sikkim,227,NAMCHI,Namchi,-,-,Brahmaputra,Brahmaputra,-,-,-,Brahmaputra,27.16722222,88.36638889,29-04-2026 23:00,3
4278,4278,Namchi Water Resources Sub-division office,Sikkim,11,Sikkim,227,NAMCHI,Namchi,-,-,Brahmaputra,Brahmaputra,-,-,-,Brahmaputra,27.16722222,88.36638889,29-04-2026 23:00,3
4279,4279,Namchi Water Resources Sub-division office,Sikkim,11,Sikkim,227,NAMCHI,Namchi,-,-,Brahmaputra,Brahmaputra,-,-,-,Brahmaputra,27.16722222,88.36638889,30-04-2026 00:00,1
4280,4280,Namchi Water Resources Sub-division office,Sikkim,11,Sikkim,227,NAMCHI,Namchi,-,-,Brahmaputra,Brahmaputra,-,-,-,Brahmaputra,27.16722222,88.36638889,30-04-2026 00:00,1
4281,4281,Namchi Water Resources Sub-division office,Sikkim,11,Sikkim,227,NAMCHI,Namchi,-,-,Brahmaputra,Brahmaputra,-,-,-,Brahmaputra,27.16722222,88.36638889,30-04-2026 06:00,1
4282,4282,Namchi Water Resources Sub-division office,Sikkim,11,Sikkim,227,NAMCHI,Namchi,-,-,Brahmaputra,Brahmaputra,-,-,-,Brahmaputra,27.16722222,88.36638889,30-04-2026 06:00,267.5
4283,4283,Namchi Water Resources Sub-division office,Sikkim,11,Sikkim,227,NAMCHI,Namchi,-,-,Brahmaputra,Brahmaputra,-,-,-,Brahmaputra,27.16722222,88.36638889,30-04-2026 07:00,2.5
4284,4284,Namchi Water Resources Sub-division office,Sikkim,11,Sikkim,227,NAMCHI,Namchi,-,-,Brahmaputra,Brahmaputra,-,-,-,Brahmaputra,27.16722222,88.36638889,30-04-2026 07:00,269.5
4285,4285,Namchi Water Resources Sub-division office,Sikkim,11,Sikkim,227,NAMCHI,Namchi,-,-,Brahmaputra,Brahmaputra,-,-,-,Brahmaputra,27.16722222,88.36638889,30-04-2026 08:00,0.5
4286,4286,Namchi Water Resources Sub-division office,Sikkim,11,Sikkim,227,NAMCHI,Namchi,-,-,Brahmaputra,Brahmaputra,-,-,-,Brahmaputra,27.16722222,88.36638889,30-04-2026 08:00,272.5
4287,4287,Namchi Water Resources Sub-division office,Sikkim,11,Sikkim,227,NAMCHI,Namchi,-,-,Brahmaputra,Brahmaputra,-,-,-,Brahmaputra,27.16722222,88.36638889,30-04-2026 09:00,0.5
4288,4288,Namchi Water Resources Sub-division office,Sikkim,11,Sikkim,227,NAMCHI,Namchi,-,-,Brahmaputra,Brahmaputra,-,-,-,Brahmaputra,27.16722222,88.36638889,30-04-2026 09:00,276
4289,4289,Namchi Water Resources Sub-division office,Sikkim,11,Sikkim,227,NAMCHI,Namchi,-,-,Brahmaputra,Brahmaputra,-,-,-,Brahmaputra,27.16722222,88.36638889,30-04-2026 10:00,275
4290,4290,Namchi Water Resources Sub-division office,Sikkim,11,Sikkim,227,NAMCHI,Namchi,-,-,Brahmaputra,Brahmaputra,-,-,-,Brahmaputra,27.16722222,88.36638889,30-04-2026 11:00,283.5
4291,4291,Namchi Water Resources Sub-division office,Sikkim,11,Sikkim,227,NAMCHI,Namchi,-,-,Brahmaputra,Brahmaputra,-,-,-,Brahmaputra,27.16722222,88.36638889,30-04-2026 12:00,282
4292,4292,Namchi Water Resources Sub-division office,Sikkim,11,Sikkim,227,NAMCHI,Namchi,-,-,Brahmaputra,Brahmaputra,-,-,-,Brahmaputra,27.16722222,88.36638889,30-04-2026 13:00,290
4293,4293,Namchi Water Resources Sub-division office,Sikkim,11,Sikkim,227,NAMCHI,Namchi,-,-,Brahmaputra,Brahmaputra,-,-,-,Brahmaputra,27.16722222,88.36638889,30-04-2026 14:00,284.5
4294,4294,Namchi Water Resources Sub-division office,Sikkim,11,Sikkim,227,NAMCHI,Namchi,-,-,Brahmaputra,Brahmaputra,-,-,-,Brahmaputra,27.16722222,88.36638889,30-04-2026 15:00,287.5
4295,4295,Namchi Water Resources Sub-division office,Sikkim,11,Sikkim,227,NAMCHI,Namchi,-,-,Brahmaputra,Brahmaputra,-,-,-,Brahmaputra,27.16722222,88.36638889,30-04-2026 16:00,284
4296,4296,Namchi Water Resources Sub-division office,Sikkim,11,Sikkim,227,NAMCHI,Namchi,-,-,Brahmaputra,Brahmaputra,-,-,-,Brahmaputra,27.16722222,88.36638889,30-04-2026 17:00,280.5
4297,4297,Namchi Water Resources Sub-division office,Sikkim,11,Sikkim,227,NAMCHI,Namchi,-,-,Brahmaputra,Brahmaputra,-,-,-,Brahmaputra,27.16722222,88.36638889,30-04-2026 18:00,276.5
4298,4298,Namchi Water Resources Sub-division office,Sikkim,11,Sikkim,227,NAMCHI,Namchi,-,-,Brahmaputra,Brahmaputra,-,-,-,Brahmaputra,27.16722222,88.36638889,30-04-2026 19:00,277.5
4299,4299,Namchi Water Resources Sub-division office,Sikkim,11,Sikkim,227,NAMCHI,Namchi,-,-,Brahmaputra,Brahmaputra,-,-,-,Brahmaputra,27.16722222,88.36638889,30-04-2026 20:00,276.5
4300,4300,Namchi Water Resources Sub-division office,Sikkim,11,Sikkim,227,NAMCHI,Namchi,-,-,Brahmaputra,Brahmaputra,-,-,-,Brahmaputra,27.16722222,88.36638889,30-04-2026 21:00,275
4301,4301,Namchi Water Resources Sub-division office,Sikkim,11,Sikkim,227,NAMCHI,Namchi,-,-,Brahmaputra,Brahmaputra,-,-,-,Brahmaputra,27.16722222,88.36638889,30-04-2026 22:00,273.5
4302,4302,Namchi Water Resources Sub-division office,Sikkim,11,Sikkim,227,NAMCHI,Namchi,-,-,Brahmaputra,Brahmaputra,-,-,-,Brahmaputra,27.16722222,88.36638889,30-04-2026 23:00,274
4303,4303,Namchi Water Resources Sub-division office,Sikkim,11,Sikkim,227,NAMCHI,Namchi,-,-,Brahmaputra,Brahmaputra,-,-,-,Brahmaputra,27.16722222,88.36638889,01-05-2026 00:00,274
4304,4304,Namchi Water Resources Sub-division office,Sikkim,11,Sikkim,227,NAMCHI,Namchi,-,-,Brahmaputra,Brahmaputra,-,-,-,Brahmaputra,27.16722222,88.36638889,01-05-2026 01:00,0.5
4305,4305,Namchi Water Resources Sub-division office,Sikkim,11,Sikkim,227,NAMCHI,Namchi,-,-,Brahmaputra,Brahmaputra,-,-,-,Brahmaputra,27.16722222,88.36638889,01-05-2026 01:00,272
4306,4306,Namchi Water Resources Sub-division office,Sikkim,11,Sikkim,227,NAMCHI,Namchi,-,-,Brahmaputra,Brahmaputra,-,-,-,Brahmaputra,27.16722222,88.36638889,01-05-2026 02:00,270
4307,4307,Namchi Water Resources Sub-division office,Sikkim,11,Sikkim,227,NAMCHI,Namchi,-,-,Brahmaputra,Brahmaputra,-,-,-,Brahmaputra,27.16722222,88.36638889,01-05-2026 03:00,268
4308,4308,Namchi Water Resources Sub-division office,Sikkim,11,Sikkim,227,NAMCHI,Namchi,-,-,Brahmaputra,Brahmaputra,-,-,-,Brahmaputra,27.16722222,88.36638889,01-05-2026 04:00,267.5
4309,4309,Namchi Water Resources Sub-division office,Sikkim,11,Sikkim,227,NAMCHI,Namchi,-,-,Brahmaputra,Brahmaputra,-,-,-,Brahmaputra,27.16722222,88.36638889,01-05-2026 05:00,272.5
4310,4310,Namchi Water Resources Sub-division office,Sikkim,11,Sikkim,227,NAMCHI,Namchi,-,-,Brahmaputra,Brahmaputra,-,-,-,Brahmaputra,27.16722222,88.36638889,01-05-2026 06:00,285.5
4311,4311,Namchi Water Resources Sub-division office,Sikkim,11,Sikkim,227,NAMCHI,Namchi,-,-,Brahmaputra,Brahmaputra,-,-,-,Brahmaputra,27.16722222,88.36638889,01-05-2026 07:00,288
4312,4312,Namchi Water Resources Sub-division office,Sikkim,11,Sikkim,227,NAMCHI,Namchi,-,-,Brahmaputra,Brahmaputra,-,-,-,Brahmaputra,27.16722222,88.36638889,01-05-2026 08:00,285.5
4313,4313,Namchi Water Resources Sub-division office,Sikkim,11,Sikkim,227,NAMCHI,Namchi,-,-,Brahmaputra,Brahmaputra,-,-,-,Brahmaputra,27.16722222,88.36638889,01-05-2026 18:00,0.5
4314,4314,Namchi Water Resources Sub-division office,Sikkim,11,Sikkim,227,NAMCHI,Namchi,-,-,Brahmaputra,Brahmaputra,-,-,-,Brahmaputra,27.16722222,88.36638889,01-05-2026 18:00,0.5
4315,4315,Namchi Water Resources Sub-division office,Sikkim,11,Sikkim,227,NAMCHI,Namchi,-,-,Brahmaputra,Brahmaputra,-,-,-,Brahmaputra,27.16722222,88.36638889,01-05-2026 20:00,1.5
4316,4316,Namchi Water Resources Sub-division office,Sikkim,11,Sikkim,227,NAMCHI,Namchi,-,-,Brahmaputra,Brahmaputra,-,-,-,Brahmaputra,27.16722222,88.36638889,01-05-2026 20:00,1.5
4317,4317,Namchi Water Resources Sub-division office,Sikkim,11,Sikkim,227,NAMCHI,Namchi,-,-,Brahmaputra,Brahmaputra,-,-,-,Brahmaputra,27.16722222,88.36638889,01-05-2026 21:00,2
4318,4318,Namchi Water Resources Sub-division office,Sikkim,11,Sikkim,227,NAMCHI,Namchi,-,-,Brahmaputra,Brahmaputra,-,-,-,Brahmaputra,27.16722222,88.36638889,01-05-2026 21:00,274
4319,4319,Namchi Water Resources Sub-division office,Sikkim,11,Sikkim,227,NAMCHI,Namchi,-,-,Brahmaputra,Brahmaputra,-,-,-,Brahmaputra,27.16722222,88.36638889,02-05-2026 00:00,271.5
4320,4320,Namchi Water Resources Sub-division office,Sikkim,11,Sikkim,227,NAMCHI,Namchi,-,-,Brahmaputra,Brahmaputra,-,-,-,Brahmaputra,27.16722222,88.36638889,02-05-2026 01:00,271
4321,4321,Namchi Water Resources Sub-division office,Sikkim,11,Sikkim,227,NAMCHI,Namchi,-,-,Brahmaputra,Brahmaputra,-,-,-,Brahmaputra,27.16722222,88.36638889,02-05-2026 02:00,0.5
4322,4322,Namchi Water Resources Sub-division office,Sikkim,11,Sikkim,227,NAMCHI,Namchi,-,-,Brahmaputra,Brahmaputra,-,-,-,Brahmaputra,27.16722222,88.36638889,02-05-2026 02:00,0.5
4323,4323,Namchi Water Resources Sub-division office,Sikkim,11,Sikkim,227,NAMCHI,Namchi,-,-,Brahmaputra,Brahmaputra,-,-,-,Brahmaputra,27.16722222,88.36638889,02-05-2026 05:00,1.5
4324,4324,Namchi Water Resources Sub-division office,Sikkim,11,Sikkim,227,NAMCHI,Namchi,-,-,Brahmaputra,Brahmaputra,-,-,-,Brahmaputra,27.16722222,88.36638889,02-05-2026 06:00,1
4325,4325,Namchi Water Resources Sub-division office,Sikkim,11,Sikkim,227,NAMCHI,Namchi,-,-,Brahmaputra,Brahmaputra,-,-,-,Brahmaputra,27.16722222,88.36638889,02-05-2026 07:00,1.5
4326,4326,Namchi Water Resources Sub-division office,Sikkim,11,Sikkim,227,NAMCHI,Namchi,-,-,Brahmaputra,Brahmaputra,-,-,-,Brahmaputra,27.16722222,88.36638889,02-05-2026 09:00,1
4327,4327,Namchi Water Resources Sub-division office,Sikkim,11,Sikkim,227,NAMCHI,Namchi,-,-,Brahmaputra,Brahmaputra,-,-,-,Brahmaputra,27.16722222,88.36638889,02-05-2026 10:00,0.5
4328,4328,Namchi Water Resources Sub-division office,Sikkim,11,Sikkim,227,NAMCHI,Namchi,-,-,Brahmaputra,Brahmaputra,-,-,-,Brahmaputra,27.16722222,88.36638889,02-05-2026 11:00,1.5
4329,4329,Namchi Water Resources Sub-division office,Sikkim,11,Sikkim,227,NAMCHI,Namchi,-,-,Brahmaputra,Brahmaputra,-,-,-,Brahmaputra,27.16722222,88.36638889,02-05-2026 12:00,0.5
4330,4330,Namchi Water Resources Sub-division office,Sikkim,11,Sikkim,227,NAMCHI,Namchi,-,-,Brahmaputra,Brahmaputra,-,-,-,Brahmaputra,27.16722222,88.36638889,03-05-2026 07:00,0.5
4331,4331,Namchi Water Resources Sub-division office,Sikkim,11,Sikkim,227,NAMCHI,Namchi,-,-,Brahmaputra,Brahmaputra,-,-,-,Brahmaputra,27.16722222,88.36638889,03-05-2026 22:00,1
4332,4332,Namchi Water Resources Sub-division office,Sikkim,11,Sikkim,227,NAMCHI,Namchi,-,-,Brahmaputra,Brahmaputra,-,-,-,Brahmaputra,27.16722222,88.36638889,03-05-2026 23:00,3
4333,4333,Namchi Water Resources Sub-division office,Sikkim,11,Sikkim,227,NAMCHI,Namchi,-,-,Brahmaputra,Brahmaputra,-,-,-,Brahmaputra,27.16722222,88.36638889,04-05-2026 00:00,1.5
4334,4334,Namchi Water Resources Sub-division office,Sikkim,11,Sikkim,227,NAMCHI,Namchi,-,-,Brahmaputra,Brahmaputra,-,-,-,Brahmaputra,27.16722222,88.36638889,04-05-2026 01:00,0.5
4335,4335,Namchi Water Resources Sub-division office,Sikkim,11,Sikkim,227,NAMCHI,Namchi,-,-,Brahmaputra,Brahmaputra,-,-,-,Brahmaputra,27.16722222,88.36638889,04-05-2026 03:00,0.5
4336,4336,Namchi Water Resources Sub-division office,Sikkim,11,Sikkim,227,NAMCHI,Namchi,-,-,Brahmaputra,Brahmaputra,-,-,-,Brahmaputra,27.16722222,88.36638889,04-05-2026 04:00,0.5
4337,4337,Namchi Water Resources Sub-division office,Sikkim,11,Sikkim,227,NAMCHI,Namchi,-,-,Brahmaputra,Brahmaputra,-,-,-,Brahmaputra,27.16722222,88.36638889,04-05-2026 06:00,1.5
4338,4338,Namchi Water Resources Sub-division office,Sikkim,11,Sikkim,227,NAMCHI,Namchi,-,-,Brahmaputra,Brahmaputra,-,-,-,Brahmaputra,27.16722222,88.36638889,04-05-2026 07:00,0.5
4339,4339,Namchi Water Resources Sub-division office,Sikkim,11,Sikkim,227,NAMCHI,Namchi,-,-,Brahmaputra,Brahmaputra,-,-,-,Brahmaputra,27.16722222,88.36638889,13-05-2026 00:00,4
4340,4340,Namchi Water Resources Sub-division office,Sikkim,11,Sikkim,227,NAMCHI,Namchi,-,-,Brahmaputra,Brahmaputra,-,-,-,Brahmaputra,27.16722222,88.36638889,13-05-2026 01:00,1
4341,4341,Namchi Water Resources Sub-division office,Sikkim,11,Sikkim,227,NAMCHI,Namchi,-,-,Brahmaputra,Brahmaputra,-,-,-,Brahmaputra,27.16722222,88.36638889,13-05-2026 02:00,0.5
4342,4342,Namchi Water Resources Sub-division office,Sikkim,11,Sikkim,227,NAMCHI,Namchi,-,-,Brahmaputra,Brahmaputra,-,-,-,Brahmaputra,27.16722222,88.36638889,13-05-2026 03:00,0.5
4343,4343,Namchi Water Resources Sub-division office,Sikkim,11,Sikkim,227,NAMCHI,Namchi,-,-,Brahmaputra,Brahmaputra,-,-,-,Brahmaputra,27.16722222,88.36638889,13-05-2026 19:00,0.5
4344,4344,Namchi Water Resources Sub-division office,Sikkim,11,Sikkim,227,NAMCHI,Namchi,-,-,Brahmaputra,Brahmaputra,-,-,-,Brahmaputra,27.16722222,88.36638889,13-05-2026 22:00,2
4345,4345,Namchi Water Resources Sub-division office,Sikkim,11,Sikkim,227,NAMCHI,Namchi,-,-,Brahmaputra,Brahmaputra,-,-,-,Brahmaputra,27.16722222,88.36638889,13-05-2026 23:00,3
4346,4346,Namchi Water Resources Sub-division office,Sikkim,11,Sikkim,227,NAMCHI,Namchi,-,-,Brahmaputra,Brahmaputra,-,-,-,Brahmaputra,27.16722222,88.36638889,14-05-2026 00:00,1.5
4347,4347,Namchi Water Resources Sub-division office,Sikkim,11,Sikkim,227,NAMCHI,Namchi,-,-,Brahmaputra,Brahmaputra,-,-,-,Brahmaputra,27.16722222,88.36638889,14-05-2026 01:00,0.5
4348,4348,Namchi Water Resources Sub-division office,Sikkim,11,Sikkim,227,NAMCHI,Namchi,-,-,Brahmaputra,Brahmaputra,-,-,-,Brahmaputra,27.16722222,88.36638889,14-05-2026 02:00,0.5
4349,4349,Namchi Water Resources Sub-division office,Sikkim,11,Sikkim,227,NAMCHI,Namchi,-,-,Brahmaputra,Brahmaputra,-,-,-,Brahmaputra,27.16722222,88.36638889,14-05-2026 03:00,0.5
4350,4350,Namchi Water Resources Sub-division office,Sikkim,11,Sikkim,227,NAMCHI,Namchi,-,-,Brahmaputra,Brahmaputra,-,-,-,Brahmaputra,27.16722222,88.36638889,14-05-2026 04:00,0.5
4351,4351,Namchi Water Resources Sub-division office,Sikkim,11,Sikkim,227,NAMCHI,Namchi,-,-,Brahmaputra,Brahmaputra,-,-,-,Brahmaputra,27.16722222,88.36638889,14-05-2026 05:00,0.5
4352,4352,Namchi Water Resources Sub-division office,Sikkim,11,Sikkim,227,NAMCHI,Namchi,-,-,Brahmaputra,Brahmaputra,-,-,-,Brahmaputra,27.16722222,88.36638889,16-05-2026 05:00,0.5
4353,4353,Namchi Water Resources Sub-division office,Sikkim,11,Sikkim,227,NAMCHI,Namchi,-,-,Brahmaputra,Brahmaputra,-,-,-,Brahmaputra,27.16722222,88.36638889,16-05-2026 06:00,2
4354,4354,Namchi Water Resources Sub-division office,Sikkim,11,Sikkim,227,NAMCHI,Namchi,-,-,Brahmaputra,Brahmaputra,-,-,-,Brahmaputra,27.16722222,88.36638889,16-05-2026 07:00,0.5
4355,4355,Namchi Water Resources Sub-division office,Sikkim,11,Sikkim,227,NAMCHI,Namchi,-,-,Brahmaputra,Brahmaputra,-,-,-,Brahmaputra,27.16722222,88.36638889,16-05-2026 16:00,2.5
4356,4356,Namchi Water Resources Sub-division office,Sikkim,11,Sikkim,227,NAMCHI,Namchi,-,-,Brahmaputra,Brahmaputra,-,-,-,Brahmaputra,27.16722222,88.36638889,16-05-2026 18:00,0.5
4357,4357,Namchi Water Resources Sub-division office,Sikkim,11,Sikkim,227,NAMCHI,Namchi,-,-,Brahmaputra,Brahmaputra,-,-,-,Brahmaputra,27.16722222,88.36638889,17-05-2026 22:00,2.5
4358,4358,Namchi Water Resources Sub-division office,Sikkim,11,Sikkim,227,NAMCHI,Namchi,-,-,Brahmaputra,Brahmaputra,-,-,-,Brahmaputra,27.16722222,88.36638889,17-05-2026 23:00,11.5
4359,4359,Namchi Water Resources Sub-division office,Sikkim,11,Sikkim,227,NAMCHI,Namchi,-,-,Brahmaputra,Brahmaputra,-,-,-,Brahmaputra,27.16722222,88.36638889,18-05-2026 01:00,0.5
4360,4360,Namchi Water Resources Sub-division office,Sikkim,11,Sikkim,227,NAMCHI,Namchi,-,-,Brahmaputra,Brahmaputra,-,-,-,Brahmaputra,27.16722222,88.36638889,18-05-2026 07:00,4
4361,4361,Namchi Water Resources Sub-division office,Sikkim,11,Sikkim,227,NAMCHI,Namchi,-,-,Brahmaputra,Brahmaputra,-,-,-,Brahmaputra,27.16722222,88.36638889,18-05-2026 08:00,5
4362,4362,Namchi Water Resources Sub-division office,Sikkim,11,Sikkim,227,NAMCHI,Namchi,-,-,Brahmaputra,Brahmaputra,-,-,-,Brahmaputra,27.16722222,88.36638889,18-05-2026 18:00,0.5
4363,4363,Namchi Water Resources Sub-division office,Sikkim,11,Sikkim,227,NAMCHI,Namchi,-,-,Brahmaputra,Brahmaputra,-,-,-,Brahmaputra,27.16722222,88.36638889,19-05-2026 05:00,0.5
4364,4364,Namchi Water Resources Sub-division office,Sikkim,11,Sikkim,227,NAMCHI,Namchi,-,-,Brahmaputra,Brahmaputra,-,-,-,Brahmaputra,27.16722222,88.36638889,20-05-2026 13:00,0.5
4365,4365,Namchi Water Resources Sub-division office,Sikkim,11,Sikkim,227,NAMCHI,Namchi,-,-,Brahmaputra,Brahmaputra,-,-,-,Brahmaputra,27.16722222,88.36638889,20-05-2026 14:00,0.5
4366,4366,Namchi Water Resources Sub-division office,Sikkim,11,Sikkim,227,NAMCHI,Namchi,-,-,Brahmaputra,Brahmaputra,-,-,-,Brahmaputra,27.16722222,88.36638889,21-05-2026 02:00,0.5
4367,4367,Namchi Water Resources Sub-division office,Sikkim,11,Sikkim,227,NAMCHI,Namchi,-,-,Brahmaputra,Brahmaputra,-,-,-,Brahmaputra,27.16722222,88.36638889,23-05-2026 02:00,0.5
4368,4368,Namchi Water Resources Sub-division office,Sikkim,11,Sikkim,227,NAMCHI,Namchi,-,-,Brahmaputra,Brahmaputra,-,-,-,Brahmaputra,27.16722222,88.36638889,23-05-2026 03:00,1.5
4369,4369,Namchi Water Resources Sub-division office,Sikkim,11,Sikkim,227,NAMCHI,Namchi,-,-,Brahmaputra,Brahmaputra,-,-,-,Brahmaputra,27.16722222,88.36638889,23-05-2026 04:00,1.5
4370,4370,Namchi Water Resources Sub-division office,Sikkim,11,Sikkim,227,NAMCHI,Namchi,-,-,Brahmaputra,Brahmaputra,-,-,-,Brahmaputra,27.16722222,88.36638889,01-06-2026 18:00,7.5
4371,4371,Namchi Water Resources Sub-division office,Sikkim,11,Sikkim,227,NAMCHI,Namchi,-,-,Brahmaputra,Brahmaputra,-,-,-,Brahmaputra,27.16722222,88.36638889,04-06-2026 18:00,2.5
4372,4372,Namchi Water Resources Sub-division office,Sikkim,11,Sikkim,227,NAMCHI,Namchi,-,-,Brahmaputra,Brahmaputra,-,-,-,Brahmaputra,27.16722222,88.36638889,04-06-2026 22:00,0.5
4373,4373,Namchi Water Resources Sub-division office,Sikkim,11,Sikkim,227,NAMCHI,Namchi,-,-,Brahmaputra,Brahmaputra,-,-,-,Brahmaputra,27.16722222,88.36638889,04-06-2026 23:00,3
4374,4374,Namchi Water Resources Sub-division office,Sikkim,11,Sikkim,227,NAMCHI,Namchi,-,-,Brahmaputra,Brahmaputra,-,-,-,Brahmaputra,27.16722222,88.36638889,05-06-2026 03:00,1
4375,4375,Namchi Water Resources Sub-division office,Sikkim,11,Sikkim,227,NAMCHI,Namchi,-,-,Brahmaputra,Brahmaputra,-,-,-,Brahmaputra,27.16722222,88.36638889,05-06-2026 21:00,2
4376,4376,Namchi Water Resources Sub-division office,Sikkim,11,Sikkim,227,NAMCHI,Namchi,-,-,Brahmaputra,Brahmaputra,-,-,-,Brahmaputra,27.16722222,88.36638889,05-06-2026 22:00,1
4377,4377,Namchi Water Resources Sub-division office,Sikkim,11,Sikkim,227,NAMCHI,Namchi,-,-,Brahmaputra,Brahmaputra,-,-,-,Brahmaputra,27.16722222,88.36638889,06-06-2026 14:00,0.5
4378,4378,Namchi Water Resources Sub-division office,Sikkim,11,Sikkim,227,NAMCHI,Namchi,-,-,Brahmaputra,Brahmaputra,-,-,-,Brahmaputra,27.16722222,88.36638889,06-06-2026 15:00,3
4379,4379,Namchi Water Resources Sub-division office,Sikkim,11,Sikkim,227,NAMCHI,Namchi,-,-,Brahmaputra,Brahmaputra,-,-,-,Brahmaputra,27.16722222,88.36638889,08-06-2026 01:00,0.5
4380,4380,Namchi Water Resources Sub-division office,Sikkim,11,Sikkim,227,NAMCHI,Namchi,-,-,Brahmaputra,Brahmaputra,-,-,-,Brahmaputra,27.16722222,88.36638889,08-06-2026 02:00,10
4381,4381,Namchi Water Resources Sub-division office,Sikkim,11,Sikkim,227,NAMCHI,Namchi,-,-,Brahmaputra,Brahmaputra,-,-,-,Brahmaputra,27.16722222,88.36638889,08-06-2026 03:00,2.5
4382,4382,Namchi Water Resources Sub-division office,Sikkim,11,Sikkim,227,NAMCHI,Namchi,-,-,Brahmaputra,Brahmaputra,-,-,-,Brahmaputra,27.16722222,88.36638889,08-06-2026 04:00,1
4383,4383,Namchi Water Resources Sub-division office,Sikkim,11,Sikkim,227,NAMCHI,Namchi,-,-,Brahmaputra,Brahmaputra,-,-,-,Brahmaputra,27.16722222,88.36638889,08-06-2026 19:00,1.5
4384,4384,Namchi Water Resources Sub-division office,Sikkim,11,Sikkim,227,NAMCHI,Namchi,-,-,Brahmaputra,Brahmaputra,-,-,-,Brahmaputra,27.16722222,88.36638889,10-06-2026 23:00,0.5
4385,4385,Namchi Water Resources Sub-division office,Sikkim,11,Sikkim,227,NAMCHI,Namchi,-,-,Brahmaputra,Brahmaputra,-,-,-,Brahmaputra,27.16722222,88.36638889,12-06-2026 00:00,14.5
4386,4386,Namchi Water Resources Sub-division office,Sikkim,11,Sikkim,227,NAMCHI,Namchi,-,-,Brahmaputra,Brahmaputra,-,-,-,Brahmaputra,27.16722222,88.36638889,12-06-2026 01:00,4.5
4387,4387,Namchi Water Resources Sub-division office,Sikkim,11,Sikkim,227,NAMCHI,Namchi,-,-,Brahmaputra,Brahmaputra,-,-,-,Brahmaputra,27.16722222,88.36638889,16-06-2026 23:00,0.5
4388,4388,Namchi Water Resources Sub-division office,Sikkim,11,Sikkim,227,NAMCHI,Namchi,-,-,Brahmaputra,Brahmaputra,-,-,-,Brahmaputra,27.16722222,88.36638889,17-06-2026 19:00,0.5
4389,4389,Namchi Water Resources Sub-division office,Sikkim,11,Sikkim,227,NAMCHI,Namchi,-,-,Brahmaputra,Brahmaputra,-,-,-,Brahmaputra,27.16722222,88.36638889,17-06-2026 20:00,1.5
4390,4390,Namchi Water Resources Sub-division office,Sikkim,11,Sikkim,227,NAMCHI,Namchi,-,-,Brahmaputra,Brahmaputra,-,-,-,Brahmaputra,27.16722222,88.36638889,17-06-2026 21:00,21.5
4391,4391,Namchi Water Resources Sub-division office,Sikkim,11,Sikkim,227,NAMCHI,Namchi,-,-,Brahmaputra,Brahmaputra,-,-,-,Brahmaputra,27.16722222,88.36638889,18-06-2026 03:00,0.5
4392,4392,Namchi Water Resources Sub-division office,Sikkim,11,Sikkim,227,NAMCHI,Namchi,-,-,Brahmaputra,Brahmaputra,-,-,-,Brahmaputra,27.16722222,88.36638889,18-06-2026 05:00,0.5
4393,4393,Namchi Water Resources Sub-division office,Sikkim,11,Sikkim,227,NAMCHI,Namchi,-,-,Brahmaputra,Brahmaputra,-,-,-,Brahmaputra,27.16722222,88.36638889,18-06-2026 06:00,0.5
4394,4394,Namchi Water Resources Sub-division office,Sikkim,11,Sikkim,227,NAMCHI,Namchi,-,-,Brahmaputra,Brahmaputra,-,-,-,Brahmaputra,27.16722222,88.36638889,18-06-2026 12:00,0.5
4395,4395,Namchi Water Resources Sub-division office,Sikkim,11,Sikkim,227,NAMCHI,Namchi,-,-,Brahmaputra,Brahmaputra,-,-,-,Brahmaputra,27.16722222,88.36638889,18-06-2026 14:00,3
4396,4396,Namchi Water Resources Sub-division office,Sikkim,11,Sikkim,227,NAMCHI,Namchi,-,-,Brahmaputra,Brahmaputra,-,-,-,Brahmaputra,27.16722222,88.36638889,18-06-2026 23:00,0.5
4397,4397,Namchi Water Resources Sub-division office,Sikkim,11,Sikkim,227,NAMCHI,Namchi,-,-,Brahmaputra,Brahmaputra,-,-,-,Brahmaputra,27.16722222,88.36638889,19-06-2026 00:00,11.5
4398,4398,Namchi Water Resources Sub-division office,Sikkim,11,Sikkim,227,NAMCHI,Namchi,-,-,Brahmaputra,Brahmaputra,-,-,-,Brahmaputra,27.16722222,88.36638889,19-06-2026 01:00,5.5
4399,4399,Namchi Water Resources Sub-division office,Sikkim,11,Sikkim,227,NAMCHI,Namchi,-,-,Brahmaputra,Brahmaputra,-,-,-,Brahmaputra,27.16722222,88.36638889,19-06-2026 02:00,8
4400,4400,Namchi Water Resources Sub-division office,Sikkim,11,Sikkim,227,NAMCHI,Namchi,-,-,Brahmaputra,Brahmaputra,-,-,-,Brahmaputra,27.16722222,88.36638889,19-06-2026 03:00,5.5
4401,4401,Namchi Water Resources Sub-division office,Sikkim,11,Sikkim,227,NAMCHI,Namchi,-,-,Brahmaputra,Brahmaputra,-,-,-,Brahmaputra,27.16722222,88.36638889,19-06-2026 04:00,4.5
4402,4402,Namchi Water Resources Sub-division office,Sikkim,11,Sikkim,227,NAMCHI,Namchi,-,-,Brahmaputra,Brahmaputra,-,-,-,Brahmaputra,27.16722222,88.36638889,19-06-2026 05:00,3
4403,4403,Namchi Water Resources Sub-division office,Sikkim,11,Sikkim,227,NAMCHI,Namchi,-,-,Brahmaputra,Brahmaputra,-,-,-,Brahmaputra,27.16722222,88.36638889,19-06-2026 06:00,1
4404,4404,Namchi Water Resources Sub-division office,Sikkim,11,Sikkim,227,NAMCHI,Namchi,-,-,Brahmaputra,Brahmaputra,-,-,-,Brahmaputra,27.16722222,88.36638889,19-06-2026 07:00,1
4405,4405,Namchi Water Resources Sub-division office,Sikkim,11,Sikkim,227,NAMCHI,Namchi,-,-,Brahmaputra,Brahmaputra,-,-,-,Brahmaputra,27.16722222,88.36638889,19-06-2026 18:00,2
4406,4406,Namchi Water Resources Sub-division office,Sikkim,11,Sikkim,227,NAMCHI,Namchi,-,-,Brahmaputra,Brahmaputra,-,-,-,Brahmaputra,27.16722222,88.36638889,19-06-2026 19:00,1.5
4407,4407,Namchi Water Resources Sub-division office,Sikkim,11,Sikkim,227,NAMCHI,Namchi,-,-,Brahmaputra,Brahmaputra,-,-,-,Brahmaputra,27.16722222,88.36638889,19-06-2026 20:00,1.5
4408,4408,Namchi Water Resources Sub-division office,Sikkim,11,Sikkim,227,NAMCHI,Namchi,-,-,Brahmaputra,Brahmaputra,-,-,-,Brahmaputra,27.16722222,88.36638889,19-06-2026 21:00,0.5
4409,4409,Namchi Water Resources Sub-division office,Sikkim,11,Sikkim,227,NAMCHI,Namchi,-,-,Brahmaputra,Brahmaputra,-,-,-,Brahmaputra,27.16722222,88.36638889,19-06-2026 22:00,1
4410,4410,Namchi Water Resources Sub-division office,Sikkim,11,Sikkim,227,NAMCHI,Namchi,-,-,Brahmaputra,Brahmaputra,-,-,-,Brahmaputra,27.16722222,88.36638889,20-06-2026 12:00,0.5
4411,4411,Namchi Water Resources Sub-division office,Sikkim,11,Sikkim,227,NAMCHI,Namchi,-,-,Brahmaputra,Brahmaputra,-,-,-,Brahmaputra,27.16722222,88.36638889,20-06-2026 22:00,1.5
4412,4412,Namchi Water Resources Sub-division office,Sikkim,11,Sikkim,227,NAMCHI,Namchi,-,-,Brahmaputra,Brahmaputra,-,-,-,Brahmaputra,27.16722222,88.36638889,20-06-2026 23:00,3.5
4413,4413,Namchi Water Resources Sub-division office,Sikkim,11,Sikkim,227,NAMCHI,Namchi,-,-,Brahmaputra,Brahmaputra,-,-,-,Brahmaputra,27.16722222,88.36638889,21-06-2026 08:00,2.5
4414,4414,Namchi Water Resources Sub-division office,Sikkim,11,Sikkim,227,NAMCHI,Namchi,-,-,Brahmaputra,Brahmaputra,-,-,-,Brahmaputra,27.16722222,88.36638889,21-06-2026 09:00,1.5
4415,4415,Namchi Water Resources Sub-division office,Sikkim,11,Sikkim,227,NAMCHI,Namchi,-,-,Brahmaputra,Brahmaputra,-,-,-,Brahmaputra,27.16722222,88.36638889,21-06-2026 10:00,0.5
4416,4416,Namchi Water Resources Sub-division office,Sikkim,11,Sikkim,227,NAMCHI,Namchi,-,-,Brahmaputra,Brahmaputra,-,-,-,Brahmaputra,27.16722222,88.36638889,21-06-2026 21:00,1.5
4417,4417,Namchi Water Resources Sub-division office,Sikkim,11,Sikkim,227,NAMCHI,Namchi,-,-,Brahmaputra,Brahmaputra,-,-,-,Brahmaputra,27.16722222,88.36638889,21-06-2026 22:00,0.5
4418,4418,Namchi Water Resources Sub-division office,Sikkim,11,Sikkim,227,NAMCHI,Namchi,-,-,Brahmaputra,Brahmaputra,-,-,-,Brahmaputra,27.16722222,88.36638889,21-06-2026 23:00,0.5
4419,4419,Namchi Water Resources Sub-division office,Sikkim,11,Sikkim,227,NAMCHI,Namchi,-,-,Brahmaputra,Brahmaputra,-,-,-,Brahmaputra,27.16722222,88.36638889,24-06-2026 06:00,1.5
4420,4420,Namchi Water Resources Sub-division office,Sikkim,11,Sikkim,227,NAMCHI,Namchi,-,-,Brahmaputra,Brahmaputra,-,-,-,Brahmaputra,27.16722222,88.36638889,25-06-2026 07:00,1
4421,4421,Namchi Water Resources Sub-division office,Sikkim,11,Sikkim,227,NAMCHI,Namchi,-,-,Brahmaputra,Brahmaputra,-,-,-,Brahmaputra,27.16722222,88.36638889,25-06-2026 10:00,0.5
4422,4422,Namchi Water Resources Sub-division office,Sikkim,11,Sikkim,227,NAMCHI,Namchi,-,-,Brahmaputra,Brahmaputra,-,-,-,Brahmaputra,27.16722222,88.36638889,26-06-2026 03:00,3
4423,4423,Namchi Water Resources Sub-division office,Sikkim,11,Sikkim,227,NAMCHI,Namchi,-,-,Brahmaputra,Brahmaputra,-,-,-,Brahmaputra,27.16722222,88.36638889,26-06-2026 04:00,0.5
4424,4424,Namchi Water Resources Sub-division office,Sikkim,11,Sikkim,227,NAMCHI,Namchi,-,-,Brahmaputra,Brahmaputra,-,-,-,Brahmaputra,27.16722222,88.36638889,26-06-2026 05:00,1.5
4425,4425,Namchi Water Resources Sub-division office,Sikkim,11,Sikkim,227,NAMCHI,Namchi,-,-,Brahmaputra,Brahmaputra,-,-,-,Brahmaputra,27.16722222,88.36638889,26-06-2026 09:00,0.5
4426,4426,Namchi Water Resources Sub-division office,Sikkim,11,Sikkim,227,NAMCHI,Namchi,-,-,Brahmaputra,Brahmaputra,-,-,-,Brahmaputra,27.16722222,88.36638889,28-06-2026 21:00,1
4427,4427,Namchi Water Resources Sub-division office,Sikkim,11,Sikkim,227,NAMCHI,Namchi,-,-,Brahmaputra,Brahmaputra,-,-,-,Brahmaputra,27.16722222,88.36638889,29-06-2026 03:00,0.5
4428,4428,Namchi Water Resources Sub-division office,Sikkim,11,Sikkim,227,NAMCHI,Namchi,-,-,Brahmaputra,Brahmaputra,-,-,-,Brahmaputra,27.16722222,88.36638889,29-06-2026 16:00,0.5
4429,4429,Namchi Water Resources Sub-division office,Sikkim,11,Sikkim,227,NAMCHI,Namchi,-,-,Brahmaputra,Brahmaputra,-,-,-,Brahmaputra,27.16722222,88.36638889,29-06-2026 23:00,2
4430,4430,Namchi Water Resources Sub-division office,Sikkim,11,Sikkim,227,NAMCHI,Namchi,-,-,Brahmaputra,Brahmaputra,-,-,-,Brahmaputra,27.16722222,88.36638889,30-06-2026 00:00,4
4431,4431,Namchi Water Resources Sub-division office,Sikkim,11,Sikkim,227,NAMCHI,Namchi,-,-,Brahmaputra,Brahmaputra,-,-,-,Brahmaputra,27.16722222,88.36638889,30-06-2026 01:00,0.5
4432,4432,Namchi Water Resources Sub-division office,Sikkim,11,Sikkim,227,NAMCHI,Namchi,-,-,Brahmaputra,Brahmaputra,-,-,-,Brahmaputra,27.16722222,88.36638889,30-06-2026 02:00,3
4433,4433,Namchi Water Resources Sub-division office,Sikkim,11,Sikkim,227,NAMCHI,Namchi,-,-,Brahmaputra,Brahmaputra,-,-,-,Brahmaputra,27.16722222,88.36638889,30-06-2026 03:00,4.5
4434,4434,Namchi Water Resources Sub-division office,Sikkim,11,Sikkim,227,NAMCHI,Namchi,-,-,Brahmaputra,Brahmaputra,-,-,-,Brahmaputra,27.16722222,88.36638889,30-06-2026 04:00,3
4435,4435,Namchi Water Resources Sub-division office,Sikkim,11,Sikkim,227,NAMCHI,Namchi,-,-,Brahmaputra,Brahmaputra,-,-,-,Brahmaputra,27.16722222,88.36638889,30-06-2026 05:00,6
4436,4436,Namchi Water Resources Sub-division office,Sikkim,11,Sikkim,227,NAMCHI,Namchi,-,-,Brahmaputra,Brahmaputra,-,-,-,Brahmaputra,27.16722222,88.36638889,30-06-2026 06:00,2
4437,4437,Namchi Water Resources Sub-division office,Sikkim,11,Sikkim,227,NAMCHI,Namchi,-,-,Brahmaputra,Brahmaputra,-,-,-,Brahmaputra,27.16722222,88.36638889,30-06-2026 07:00,1.5
4438,4438,Namchi Water Resources Sub-division office,Sikkim,11,Sikkim,227,NAMCHI,Namchi,-,-,Brahmaputra,Brahmaputra,-,-,-,Brahmaputra,27.16722222,88.36638889,30-06-2026 08:00,1
4439,4439,Namchi Water Resources Sub-division office,Sikkim,11,Sikkim,227,NAMCHI,Namchi,-,-,Brahmaputra,Brahmaputra,-,-,-,Brahmaputra,27.16722222,88.36638889,30-06-2026 17:00,1.5
4440,4440,Namchi Water Resources Sub-division office,Sikkim,11,Sikkim,227,NAMCHI,Namchi,-,-,Brahmaputra,Brahmaputra,-,-,-,Brahmaputra,27.16722222,88.36638889,04-07-2026 21:00,3
4441,4441,Namchi Water Resources Sub-division office,Sikkim,11,Sikkim,227,NAMCHI,Namchi,-,-,Brahmaputra,Brahmaputra,-,-,-,Brahmaputra,27.16722222,88.36638889,04-07-2026 22:00,1
4442,4442,Namchi Water Resources Sub-division office,Sikkim,11,Sikkim,227,NAMCHI,Namchi,-,-,Brahmaputra,Brahmaputra,-,-,-,Brahmaputra,27.16722222,88.36638889,05-07-2026 09:00,3
4443,4443,Namchi Water Resources Sub-division office,Sikkim,11,Sikkim,227,NAMCHI,Namchi,-,-,Brahmaputra,Brahmaputra,-,-,-,Brahmaputra,27.16722222,88.36638889,05-07-2026 10:00,2
4444,4444,Namchi Water Resources Sub-division office,Sikkim,11,Sikkim,227,NAMCHI,Namchi,-,-,Brahmaputra,Brahmaputra,-,-,-,Brahmaputra,27.16722222,88.36638889,05-07-2026 11:00,0.5
4445,4445,Namchi Water Resources Sub-division office,Sikkim,11,Sikkim,227,NAMCHI,Namchi,-,-,Brahmaputra,Brahmaputra,-,-,-,Brahmaputra,27.16722222,88.36638889,05-07-2026 19:00,0.5
4446,4446,Namchi Water Resources Sub-division office,Sikkim,11,Sikkim,227,NAMCHI,Namchi,-,-,Brahmaputra,Brahmaputra,-,-,-,Brahmaputra,27.16722222,88.36638889,05-07-2026 21:00,5.5
4447,4447,Namchi Water Resources Sub-division office,Sikkim,11,Sikkim,227,NAMCHI,Namchi,-,-,Brahmaputra,Brahmaputra,-,-,-,Brahmaputra,27.16722222,88.36638889,05-07-2026 22:00,3.5
4448,4448,Namchi Water Resources Sub-division office,Sikkim,11,Sikkim,227,NAMCHI,Namchi,-,-,Brahmaputra,Brahmaputra,-,-,-,Brahmaputra,27.16722222,88.36638889,05-07-2026 23:00,1
4449,4449,Namchi Water Resources Sub-division office,Sikkim,11,Sikkim,227,NAMCHI,Namchi,-,-,Brahmaputra,Brahmaputra,-,-,-,Brahmaputra,27.16722222,88.36638889,06-07-2026 01:00,2
4450,4450,Namchi Water Resources Sub-division office,Sikkim,11,Sikkim,227,NAMCHI,Namchi,-,-,Brahmaputra,Brahmaputra,-,-,-,Brahmaputra,27.16722222,88.36638889,06-07-2026 02:00,14
4451,4451,Namchi Water Resources Sub-division office,Sikkim,11,Sikkim,227,NAMCHI,Namchi,-,-,Brahmaputra,Brahmaputra,-,-,-,Brahmaputra,27.16722222,88.36638889,06-07-2026 03:00,1
4452,4452,Namchi Water Resources Sub-division office,Sikkim,11,Sikkim,227,NAMCHI,Namchi,-,-,Brahmaputra,Brahmaputra,-,-,-,Brahmaputra,27.16722222,88.36638889,06-07-2026 04:00,4.5
4453,4453,Namchi Water Resources Sub-division office,Sikkim,11,Sikkim,227,NAMCHI,Namchi,-,-,Brahmaputra,Brahmaputra,-,-,-,Brahmaputra,27.16722222,88.36638889,06-07-2026 05:00,4
4454,4454,Namchi Water Resources Sub-division office,Sikkim,11,Sikkim,227,NAMCHI,Namchi,-,-,Brahmaputra,Brahmaputra,-,-,-,Brahmaputra,27.16722222,88.36638889,06-07-2026 06:00,3.5
4455,4455,Namchi Water Resources Sub-division office,Sikkim,11,Sikkim,227,NAMCHI,Namchi,-,-,Brahmaputra,Brahmaputra,-,-,-,Brahmaputra,27.16722222,88.36638889,07-07-2026 07:00,0.5
4456,4456,Namchi Water Resources Sub-division office,Sikkim,11,Sikkim,227,NAMCHI,Namchi,-,-,Brahmaputra,Brahmaputra,-,-,-,Brahmaputra,27.16722222,88.36638889,07-07-2026 09:00,0.5
4457,4457,Namchi Water Resources Sub-division office,Sikkim,11,Sikkim,227,NAMCHI,Namchi,-,-,Brahmaputra,Brahmaputra,-,-,-,Brahmaputra,27.16722222,88.36638889,07-07-2026 10:00,0.5
4458,4458,Namchi Water Resources Sub-division office,Sikkim,11,Sikkim,227,NAMCHI,Namchi,-,-,Brahmaputra,Brahmaputra,-,-,-,Brahmaputra,27.16722222,88.36638889,07-07-2026 11:00,1.5
4459,4459,Namchi Water Resources Sub-division office,Sikkim,11,Sikkim,227,NAMCHI,Namchi,-,-,Brahmaputra,Brahmaputra,-,-,-,Brahmaputra,27.16722222,88.36638889,08-07-2026 22:00,0.5
4460,4460,Namchi Water Resources Sub-division office,Sikkim,11,Sikkim,227,NAMCHI,Namchi,-,-,Brahmaputra,Brahmaputra,-,-,-,Brahmaputra,27.16722222,88.36638889,08-07-2026 23:00,0.5
4461,4461,Namchi Water Resources Sub-division office,Sikkim,11,Sikkim,227,NAMCHI,Namchi,-,-,Brahmaputra,Brahmaputra,-,-,-,Brahmaputra,27.16722222,88.36638889,09-07-2026 01:00,3
4462,4462,Namchi Water Resources Sub-division office,Sikkim,11,Sikkim,227,NAMCHI,Namchi,-,-,Brahmaputra,Brahmaputra,-,-,-,Brahmaputra,27.16722222,88.36638889,09-07-2026 02:00,5
4463,4463,Namchi Water Resources Sub-division office,Sikkim,11,Sikkim,227,NAMCHI,Namchi,-,-,Brahmaputra,Brahmaputra,-,-,-,Brahmaputra,27.16722222,88.36638889,09-07-2026 03:00,5.5
4464,4464,Namchi Water Resources Sub-division office,Sikkim,11,Sikkim,227,NAMCHI,Namchi,-,-,Brahmaputra,Brahmaputra,-,-,-,Brahmaputra,27.16722222,88.36638889,09-07-2026 04:00,7
4465,4465,Namchi Water Resources Sub-division office,Sikkim,11,Sikkim,227,NAMCHI,Namchi,-,-,Brahmaputra,Brahmaputra,-,-,-,Brahmaputra,27.16722222,88.36638889,09-07-2026 05:00,2.5
4466,4466,Namchi Water Resources Sub-division office,Sikkim,11,Sikkim,227,NAMCHI,Namchi,-,-,Brahmaputra,Brahmaputra,-,-,-,Brahmaputra,27.16722222,88.36638889,09-07-2026 06:00,5
4467,4467,Namchi Water Resources Sub-division office,Sikkim,11,Sikkim,227,NAMCHI,Namchi,-,-,Brahmaputra,Brahmaputra,-,-,-,Brahmaputra,27.16722222,88.36638889,09-07-2026 07:00,7
4468,4468,Namchi Water Resources Sub-division office,Sikkim,11,Sikkim,227,NAMCHI,Namchi,-,-,Brahmaputra,Brahmaputra,-,-,-,Brahmaputra,27.16722222,88.36638889,09-07-2026 08:00,1
4469,4469,Namchi Water Resources Sub-division office,Sikkim,11,Sikkim,227,NAMCHI,Namchi,-,-,Brahmaputra,Brahmaputra,-,-,-,Brahmaputra,27.16722222,88.36638889,09-07-2026 23:00,0.5
4470,4470,Namchi Water Resources Sub-division office,Sikkim,11,Sikkim,227,NAMCHI,Namchi,-,-,Brahmaputra,Brahmaputra,-,-,-,Brahmaputra,27.16722222,88.36638889,10-07-2026 00:00,2
4471,4471,Namchi Water Resources Sub-division office,Sikkim,11,Sikkim,227,NAMCHI,Namchi,-,-,Brahmaputra,Brahmaputra,-,-,-,Brahmaputra,27.16722222,88.36638889,10-07-2026 01:00,1.5
4472,4472,Namchi Water Resources Sub-division office,Sikkim,11,Sikkim,227,NAMCHI,Namchi,-,-,Brahmaputra,Brahmaputra,-,-,-,Brahmaputra,27.16722222,88.36638889,10-07-2026 02:00,1
4473,4473,Namchi Water Resources Sub-division office,Sikkim,11,Sikkim,227,NAMCHI,Namchi,-,-,Brahmaputra,Brahmaputra,-,-,-,Brahmaputra,27.16722222,88.36638889,10-07-2026 04:00,0.5
4474,4474,Namchi Water Resources Sub-division office,Sikkim,11,Sikkim,227,NAMCHI,Namchi,-,-,Brahmaputra,Brahmaputra,-,-,-,Brahmaputra,27.16722222,88.36638889,11-07-2026 19:00,1.5
4475,4475,Namchi Water Resources Sub-division office,Sikkim,11,Sikkim,227,NAMCHI,Namchi,-,-,Brahmaputra,Brahmaputra,-,-,-,Brahmaputra,27.16722222,88.36638889,11-07-2026 20:00,2
4476,4476,Namchi Water Resources Sub-division office,Sikkim,11,Sikkim,227,NAMCHI,Namchi,-,-,Brahmaputra,Brahmaputra,-,-,-,Brahmaputra,27.16722222,88.36638889,11-07-2026 21:00,0.5
4477,4477,Namchi Water Resources Sub-division office,Sikkim,11,Sikkim,227,NAMCHI,Namchi,-,-,Brahmaputra,Brahmaputra,-,-,-,Brahmaputra,27.16722222,88.36638889,12-07-2026 01:00,0.5
4478,4478,Namchi Water Resources Sub-division office,Sikkim,11,Sikkim,227,NAMCHI,Namchi,-,-,Brahmaputra,Brahmaputra,-,-,-,Brahmaputra,27.16722222,88.36638889,12-07-2026 02:00,0.5
4479,4479,Namchi Water Resources Sub-division office,Sikkim,11,Sikkim,227,NAMCHI,Namchi,-,-,Brahmaputra,Brahmaputra,-,-,-,Brahmaputra,27.16722222,88.36638889,12-07-2026 03:00,6.5
4480,4480,Namchi Water Resources Sub-division office,Sikkim,11,Sikkim,227,NAMCHI,Namchi,-,-,Brahmaputra,Brahmaputra,-,-,-,Brahmaputra,27.16722222,88.36638889,12-07-2026 04:00,5.5
4481,4481,Namchi Water Resources Sub-division office,Sikkim,11,Sikkim,227,NAMCHI,Namchi,-,-,Brahmaputra,Brahmaputra,-,-,-,Brahmaputra,27.16722222,88.36638889,12-07-2026 05:00,4
4482,4482,Namchi Water Resources Sub-division office,Sikkim,11,Sikkim,227,NAMCHI,Namchi,-,-,Brahmaputra,Brahmaputra,-,-,-,Brahmaputra,27.16722222,88.36638889,12-07-2026 06:00,4.5
4483,4483,Namchi Water Resources Sub-division office,Sikkim,11,Sikkim,227,NAMCHI,Namchi,-,-,Brahmaputra,Brahmaputra,-,-,-,Brahmaputra,27.16722222,88.36638889,13-07-2026 07:00,4.5
4484,4484,Namchi Water Resources Sub-division office,Sikkim,11,Sikkim,227,NAMCHI,Namchi,-,-,Brahmaputra,Brahmaputra,-,-,-,Brahmaputra,27.16722222,88.36638889,13-07-2026 08:00,0.5
4485,4485,Namchi Water Resources Sub-division office,Sikkim,11,Sikkim,227,NAMCHI,Namchi,-,-,Brahmaputra,Brahmaputra,-,-,-,Brahmaputra,27.16722222,88.36638889,13-07-2026 20:00,1.5
4486,4486,Namchi Water Resources Sub-division office,Sikkim,11,Sikkim,227,NAMCHI,Namchi,-,-,Brahmaputra,Brahmaputra,-,-,-,Brahmaputra,27.16722222,88.36638889,14-07-2026 00:00,2
4487,4487,Namchi Water Resources Sub-division office,Sikkim,11,Sikkim,227,NAMCHI,Namchi,-,-,Brahmaputra,Brahmaputra,-,-,-,Brahmaputra,27.16722222,88.36638889,18-07-2026 13:00,0.5
4488,4488,Namchi Water Resources Sub-division office,Sikkim,11,Sikkim,227,NAMCHI,Namchi,-,-,Brahmaputra,Brahmaputra,-,-,-,Brahmaputra,27.16722222,88.36638889,18-07-2026 14:00,0.5
4489,4489,Namchi Water Resources Sub-division office,Sikkim,11,Sikkim,227,NAMCHI,Namchi,-,-,Brahmaputra,Brahmaputra,-,-,-,Brahmaputra,27.16722222,88.36638889,19-07-2026 01:00,0.5
4490,4490,Namchi Water Resources Sub-division office,Sikkim,11,Sikkim,227,NAMCHI,Namchi,-,-,Brahmaputra,Brahmaputra,-,-,-,Brahmaputra,27.16722222,88.36638889,19-07-2026 06:00,0.5
4491,4491,Namchi Water Resources Sub-division office,Sikkim,11,Sikkim,227,NAMCHI,Namchi,-,-,Brahmaputra,Brahmaputra,-,-,-,Brahmaputra,27.16722222,88.36638889,19-07-2026 08:00,0.5
4492,4492,Namchi Water Resources Sub-division office,Sikkim,11,Sikkim,227,NAMCHI,Namchi,-,-,Brahmaputra,Brahmaputra,-,-,-,Brahmaputra,27.16722222,88.36638889,19-07-2026 09:00,1
4493,4493,Namchi Water Resources Sub-division office,Sikkim,11,Sikkim,227,NAMCHI,Namchi,-,-,Brahmaputra,Brahmaputra,-,-,-,Brahmaputra,27.16722222,88.36638889,19-07-2026 10:00,0.5
4494,4494,Namchi Water Resources Sub-division office,Sikkim,11,Sikkim,227,NAMCHI,Namchi,-,-,Brahmaputra,Brahmaputra,-,-,-,Brahmaputra,27.16722222,88.36638889,19-07-2026 23:00,0.5
4495,4495,Namchi Water Resources Sub-division office,Sikkim,11,Sikkim,227,NAMCHI,Namchi,-,-,Brahmaputra,Brahmaputra,-,-,-,Brahmaputra,27.16722222,88.36638889,20-07-2026 01:00,0.5
4496,4496,Namchi Water Resources Sub-division office,Sikkim,11,Sikkim,227,NAMCHI,Namchi,-,-,Brahmaputra,Brahmaputra,-,-,-,Brahmaputra,27.16722222,88.36638889,20-07-2026 15:00,0.5
4497,4497,Namchi Water Resources Sub-division office,Sikkim,11,Sikkim,227,NAMCHI,Namchi,-,-,Brahmaputra,Brahmaputra,-,-,-,Brahmaputra,27.16722222,88.36638889,21-07-2026 00:00,0.5
4498,4498,Namchi Water Resources Sub-division office,Sikkim,11,Sikkim,227,NAMCHI,Namchi,-,-,Brahmaputra,Brahmaputra,-,-,-,Brahmaputra,27.16722222,88.36638889,21-07-2026 01:00,2.5
4499,4499,Namchi Water Resources Sub-division office,Sikkim,11,Sikkim,227,NAMCHI,Namchi,-,-,Brahmaputra,Brahmaputra,-,-,-,Brahmaputra,27.16722222,88.36638889,21-07-2026 02:00,3.5
4500,4500,Namchi Water Resources Sub-division office,Sikkim,11,Sikkim,227,NAMCHI,Namchi,-,-,Brahmaputra,Brahmaputra,-,-,-,Brahmaputra,27.16722222,88.36638889,21-07-2026 03:00,1.5
4501,4501,Namchi Water Resources Sub-division office,Sikkim,11,Sikkim,227,NAMCHI,Namchi,-,-,Brahmaputra,Brahmaputra,-,-,-,Brahmaputra,27.16722222,88.36638889,21-07-2026 04:00,2.5
4502,4502,Namchi Water Resources Sub-division office,Sikkim,11,Sikkim,227,NAMCHI,Namchi,-,-,Brahmaputra,Brahmaputra,-,-,-,Brahmaputra,27.16722222,88.36638889,21-07-2026 05:00,5
4503,4503,Namchi Water Resources Sub-division office,Sikkim,11,Sikkim,227,NAMCHI,Namchi,-,-,Brahmaputra,Brahmaputra,-,-,-,Brahmaputra,27.16722222,88.36638889,21-07-2026 06:00,5
4504,4504,Namchi Water Resources Sub-division office,Sikkim,11,Sikkim,227,NAMCHI,Namchi,-,-,Brahmaputra,Brahmaputra,-,-,-,Brahmaputra,27.16722222,88.36638889,21-07-2026 07:00,1.5
4505,4505,Namchi Water Resources Sub-division office,Sikkim,11,Sikkim,227,NAMCHI,Namchi,-,-,Brahmaputra,Brahmaputra,-,-,-,Brahmaputra,27.16722222,88.36638889,21-07-2026 08:00,1.5
4506,4506,Namchi Water Resources Sub-division office,Sikkim,11,Sikkim,227,NAMCHI,Namchi,-,-,Brahmaputra,Brahmaputra,-,-,-,Brahmaputra,27.16722222,88.36638889,21-07-2026 09:00,4.5
4507,4507,Namchi Water Resources Sub-division office,Sikkim,11,Sikkim,227,NAMCHI,Namchi,-,-,Brahmaputra,Brahmaputra,-,-,-,Brahmaputra,27.16722222,88.36638889,21-07-2026 10:00,6
4508,4508,Namchi Water Resources Sub-division office,Sikkim,11,Sikkim,227,NAMCHI,Namchi,-,-,Brahmaputra,Brahmaputra,-,-,-,Brahmaputra,27.16722222,88.36638889,21-07-2026 11:00,3.5
4509,4509,Namchi Water Resources Sub-division office,Sikkim,11,Sikkim,227,NAMCHI,Namchi,-,-,Brahmaputra,Brahmaputra,-,-,-,Brahmaputra,27.16722222,88.36638889,21-07-2026 12:00,1.5
4510,4510,Namchi Water Resources Sub-division office,Sikkim,11,Sikkim,227,NAMCHI,Namchi,-,-,Brahmaputra,Brahmaputra,-,-,-,Brahmaputra,27.16722222,88.36638889,23-07-2026 14:00,15.5
4511,4511,Namchi Water Resources Sub-division office,Sikkim,11,Sikkim,227,NAMCHI,Namchi,-,-,Brahmaputra,Brahmaputra,-,-,-,Brahmaputra,27.16722222,88.36638889,24-07-2026 00:00,3.5
4512,4512,Namchi Water Resources Sub-division office,Sikkim,11,Sikkim,227,NAMCHI,Namchi,-,-,Brahmaputra,Brahmaputra,-,-,-,Brahmaputra,27.16722222,88.36638889,24-07-2026 03:00,0.5
4513,4513,Namchi Water Resources Sub-division office,Sikkim,11,Sikkim,227,NAMCHI,Namchi,-,-,Brahmaputra,Brahmaputra,-,-,-,Brahmaputra,27.16722222,88.36638889,24-07-2026 04:00,0.5
4514,4514,Namchi Water Resources Sub-division office,Sikkim,11,Sikkim,227,NAMCHI,Namchi,-,-,Brahmaputra,Brahmaputra,-,-,-,Brahmaputra,27.16722222,88.36638889,24-07-2026 05:00,0.5
4515,4515,Namchi Water Resources Sub-division office,Sikkim,11,Sikkim,227,NAMCHI,Namchi,-,-,Brahmaputra,Brahmaputra,-,-,-,Brahmaputra,27.16722222,88.36638889,24-07-2026 19:00,0.5
4516,4516,Namchi Water Resources Sub-division office,Sikkim,11,Sikkim,227,NAMCHI,Namchi,-,-,Brahmaputra,Brahmaputra,-,-,-,Brahmaputra,27.16722222,88.36638889,26-07-2026 16:00,0.5
4517,4517,Namchi Water Resources Sub-division office,Sikkim,11,Sikkim,227,NAMCHI,Namchi,-,-,Brahmaputra,Brahmaputra,-,-,-,Brahmaputra,27.16722222,88.36638889,28-07-2026 00:00,0.5
4518,4518,Namchi Water Resources Sub-division office,Sikkim,11,Sikkim,227,NAMCHI,Namchi,-,-,Brahmaputra,Brahmaputra,-,-,-,Brahmaputra,27.16722222,88.36638889,29-07-2026 06:00,1.5
4519,4519,Namchi Water Resources Sub-division office,Sikkim,11,Sikkim,227,NAMCHI,Namchi,-,-,Brahmaputra,Brahmaputra,-,-,-,Brahmaputra,27.16722222,88.36638889,29-07-2026 14:00,1.5
4520,4520,Namchi Water Resources Sub-division office,Sikkim,11,Sikkim,227,NAMCHI,Namchi,-,-,Brahmaputra,Brahmaputra,-,-,-,Brahmaputra,27.16722222,88.36638889,29-07-2026 15:00,0.5
4521,4521,Namchi Water Resources Sub-division office,Sikkim,11,Sikkim,227,NAMCHI,Namchi,-,-,Brahmaputra,Brahmaputra,-,-,-,Brahmaputra,27.16722222,88.36638889,29-07-2026 16:00,0.5
4522,4522,Namchi Water Resources Sub-division office,Sikkim,11,Sikkim,227,NAMCHI,Namchi,-,-,Brahmaputra,Brahmaputra,-,-,-,Brahmaputra,27.16722222,88.36638889,30-07-2026 07:00,0.5
4523,4523,Namchi Water Resources Sub-division office,Sikkim,11,Sikkim,227,NAMCHI,Namchi,-,-,Brahmaputra,Brahmaputra,-,-,-,Brahmaputra,27.16722222,88.36638889,30-07-2026 08:00,5.5
4524,4524,Namchi Water Resources Sub-division office,Sikkim,11,Sikkim,227,NAMCHI,Namchi,-,-,Brahmaputra,Brahmaputra,-,-,-,Brahmaputra,27.16722222,88.36638889,30-07-2026 09:00,4
4525,4525,Namchi Water Resources Sub-division office,Sikkim,11,Sikkim,227,NAMCHI,Namchi,-,-,Brahmaputra,Brahmaputra,-,-,-,Brahmaputra,27.16722222,88.36638889,30-07-2026 10:00,1
4526,4526,Namchi Water Resources Sub-division office,Sikkim,11,Sikkim,227,NAMCHI,Namchi,-,-,Brahmaputra,Brahmaputra,-,-,-,Brahmaputra,27.16722222,88.36638889,30-07-2026 22:00,9.5
4527,4527,Namchi Water Resources Sub-division office,Sikkim,11,Sikkim,227,NAMCHI,Namchi,-,-,Brahmaputra,Brahmaputra,-,-,-,Brahmaputra,27.16722222,88.36638889,31-07-2026 03:00,1
4528,4528,Namchi Water Resources Sub-division office,Sikkim,11,Sikkim,227,NAMCHI,Namchi,-,-,Brahmaputra,Brahmaputra,-,-,-,Brahmaputra,27.16722222,88.36638889,31-07-2026 04:00,4
4529,4529,Namchi Water Resources Sub-division office,Sikkim,11,Sikkim,227,NAMCHI,Namchi,-,-,Brahmaputra,Brahmaputra,-,-,-,Brahmaputra,27.16722222,88.36638889,31-07-2026 05:00,1
4530,4530,Namchi Water Resources Sub-division office,Sikkim,11,Sikkim,227,NAMCHI,Namchi,-,-,Brahmaputra,Brahmaputra,-,-,-,Brahmaputra,27.16722222,88.36638889,01-08-2026 04:00,0.5
4531,4531,Namchi Water Resources Sub-division office,Sikkim,11,Sikkim,227,NAMCHI,Namchi,-,-,Brahmaputra,Brahmaputra,-,-,-,Brahmaputra,27.16722222,88.36638889,01-08-2026 05:00,0.5
4532,4532,Namchi Water Resources Sub-division office,Sikkim,11,Sikkim,227,NAMCHI,Namchi,-,-,Brahmaputra,Brahmaputra,-,-,-,Brahmaputra,27.16722222,88.36638889,01-08-2026 21:00,4
4533,4533,Namchi Water Resources Sub-division office,Sikkim,11,Sikkim,227,NAMCHI,Namchi,-,-,Brahmaputra,Brahmaputra,-,-,-,Brahmaputra,27.16722222,88.36638889,01-08-2026 22:00,9
4534,4534,Namchi Water Resources Sub-division office,Sikkim,11,Sikkim,227,NAMCHI,Namchi,-,-,Brahmaputra,Brahmaputra,-,-,-,Brahmaputra,27.16722222,88.36638889,01-08-2026 23:00,3.5
4535,4535,Namchi Water Resources Sub-division office,Sikkim,11,Sikkim,227,NAMCHI,Namchi,-,-,Brahmaputra,Brahmaputra,-,-,-,Brahmaputra,27.16722222,88.36638889,02-08-2026 00:00,5
4536,4536,Namchi Water Resources Sub-division office,Sikkim,11,Sikkim,227,NAMCHI,Namchi,-,-,Brahmaputra,Brahmaputra,-,-,-,Brahmaputra,27.16722222,88.36638889,02-08-2026 01:00,2.5
4537,4537,Namchi Water Resources Sub-division office,Sikkim,11,Sikkim,227,NAMCHI,Namchi,-,-,Brahmaputra,Brahmaputra,-,-,-,Brahmaputra,27.16722222,88.36638889,02-08-2026 02:00,2
4538,4538,Namchi Water Resources Sub-division office,Sikkim,11,Sikkim,227,NAMCHI,Namchi,-,-,Brahmaputra,Brahmaputra,-,-,-,Brahmaputra,27.16722222,88.36638889,02-08-2026 21:00,8
4539,4539,Namchi Water Resources Sub-division office,Sikkim,11,Sikkim,227,NAMCHI,Namchi,-,-,Brahmaputra,Brahmaputra,-,-,-,Brahmaputra,27.16722222,88.36638889,02-08-2026 22:00,10
4540,4540,Namchi Water Resources Sub-division office,Sikkim,11,Sikkim,227,NAMCHI,Namchi,-,-,Brahmaputra,Brahmaputra,-,-,-,Brahmaputra,27.16722222,88.36638889,02-08-2026 23:00,7.5
4541,4541,Namchi Water Resources Sub-division office,Sikkim,11,Sikkim,227,NAMCHI,Namchi,-,-,Brahmaputra,Brahmaputra,-,-,-,Brahmaputra,27.16722222,88.36638889,03-08-2026 00:00,0.5
4542,4542,Namchi Water Resources Sub-division office,Sikkim,11,Sikkim,227,NAMCHI,Namchi,-,-,Brahmaputra,Brahmaputra,-,-,-,Brahmaputra,27.16722222,88.36638889,03-08-2026 01:00,2
4543,4543,Namchi Water Resources Sub-division office,Sikkim,11,Sikkim,227,NAMCHI,Namchi,-,-,Brahmaputra,Brahmaputra,-,-,-,Brahmaputra,27.16722222,88.36638889,03-08-2026 02:00,2.5
4544,4544,Namchi Water Resources Sub-division office,Sikkim,11,Sikkim,227,NAMCHI,Namchi,-,-,Brahmaputra,Brahmaputra,-,-,-,Brahmaputra,27.16722222,88.36638889,03-08-2026 03:00,0.5
4545,4545,Namchi Water Resources Sub-division office,Sikkim,11,Sikkim,227,NAMCHI,Namchi,-,-,Brahmaputra,Brahmaputra,-,-,-,Brahmaputra,27.16722222,88.36638889,03-08-2026 04:00,1
4546,4546,Namchi Water Resources Sub-division office,Sikkim,11,Sikkim,227,NAMCHI,Namchi,-,-,Brahmaputra,Brahmaputra,-,-,-,Brahmaputra,27.16722222,88.36638889,05-08-2026 03:00,0.5
4547,4547,Namchi Water Resources Sub-division office,Sikkim,11,Sikkim,227,NAMCHI,Namchi,-,-,Brahmaputra,Brahmaputra,-,-,-,Brahmaputra,27.16722222,88.36638889,05-08-2026 04:00,1.5
4548,4548,Namchi Water Resources Sub-division office,Sikkim,11,Sikkim,227,NAMCHI,Namchi,-,-,Brahmaputra,Brahmaputra,-,-,-,Brahmaputra,27.16722222,88.36638889,05-08-2026 05:00,1
4549,4549,Namchi Water Resources Sub-division office,Sikkim,11,Sikkim,227,NAMCHI,Namchi,-,-,Brahmaputra,Brahmaputra,-,-,-,Brahmaputra,27.16722222,88.36638889,05-08-2026 06:00,0.5
4550,4550,Namchi Water Resources Sub-division office,Sikkim,11,Sikkim,227,NAMCHI,Namchi,-,-,Brahmaputra,Brahmaputra,-,-,-,Brahmaputra,27.16722222,88.36638889,05-08-2026 07:00,4
4551,4551,Namchi Water Resources Sub-division office,Sikkim,11,Sikkim,227,NAMCHI,Namchi,-,-,Brahmaputra,Brahmaputra,-,-,-,Brahmaputra,27.16722222,88.36638889,05-08-2026 08:00,1
4552,4552,Namchi Water Resources Sub-division office,Sikkim,11,Sikkim,227,NAMCHI,Namchi,-,-,Brahmaputra,Brahmaputra,-,-,-,Brahmaputra,27.16722222,88.36638889,05-08-2026 09:00,0.5
4553,4553,Namchi Water Resources Sub-division office,Sikkim,11,Sikkim,227,NAMCHI,Namchi,-,-,Brahmaputra,Brahmaputra,-,-,-,Brahmaputra,27.16722222,88.36638889,05-08-2026 10:00,0.5
4554,4554,Namchi Water Resources Sub-division office,Sikkim,11,Sikkim,227,NAMCHI,Namchi,-,-,Brahmaputra,Brahmaputra,-,-,-,Brahmaputra,27.16722222,88.36638889,05-08-2026 13:00,0.5
4555,4555,Namchi Water Resources Sub-division office,Sikkim,11,Sikkim,227,NAMCHI,Namchi,-,-,Brahmaputra,Brahmaputra,-,-,-,Brahmaputra,27.16722222,88.36638889,05-08-2026 21:00,0.5
4556,4556,Namchi Water Resources Sub-division office,Sikkim,11,Sikkim,227,NAMCHI,Namchi,-,-,Brahmaputra,Brahmaputra,-,-,-,Brahmaputra,27.16722222,88.36638889,05-08-2026 22:00,0.5
4557,4557,Namchi Water Resources Sub-division office,Sikkim,11,Sikkim,227,NAMCHI,Namchi,-,-,Brahmaputra,Brahmaputra,-,-,-,Brahmaputra,27.16722222,88.36638889,06-08-2026 00:00,0.5
4558,4558,Namchi Water Resources Sub-division office,Sikkim,11,Sikkim,227,NAMCHI,Namchi,-,-,Brahmaputra,Brahmaputra,-,-,-,Brahmaputra,27.16722222,88.36638889,14-08-2026 01:00,1.5
4559,4559,Namchi Water Resources Sub-division office,Sikkim,11,Sikkim,227,NAMCHI,Namchi,-,-,Brahmaputra,Brahmaputra,-,-,-,Brahmaputra,27.16722222,88.36638889,14-08-2026 02:00,0.5
4560,4560,Namchi Water Resources Sub-division office,Sikkim,11,Sikkim,227,NAMCHI,Namchi,-,-,Brahmaputra,Brahmaputra,-,-,-,Brahmaputra,27.16722222,88.36638889,14-08-2026 03:00,1
4561,4561,Namchi Water Resources Sub-division office,Sikkim,11,Sikkim,227,NAMCHI,Namchi,-,-,Brahmaputra,Brahmaputra,-,-,-,Brahmaputra,27.16722222,88.36638889,14-08-2026 04:00,2
4562,4562,Namchi Water Resources Sub-division office,Sikkim,11,Sikkim,227,NAMCHI,Namchi,-,-,Brahmaputra,Brahmaputra,-,-,-,Brahmaputra,27.16722222,88.36638889,19-08-2026 16:00,0.5
4563,4563,Namchi Water Resources Sub-division office,Sikkim,11,Sikkim,227,NAMCHI,Namchi,-,-,Brahmaputra,Brahmaputra,-,-,-,Brahmaputra,27.16722222,88.36638889,24-08-2026 05:00,302.5
4564,4564,Namchi Water Resources Sub-division office,Sikkim,11,Sikkim,227,NAMCHI,Namchi,-,-,Brahmaputra,Brahmaputra,-,-,-,Brahmaputra,27.16722222,88.36638889,24-08-2026 06:00,322.5
4565,4565,Namchi Water Resources Sub-division office,Sikkim,11,Sikkim,227,NAMCHI,Namchi,-,-,Brahmaputra,Brahmaputra,-,-,-,Brahmaputra,27.16722222,88.36638889,24-08-2026 07:00,328
4566,4566,Namchi Water Resources Sub-division office,Sikkim,11,Sikkim,227,NAMCHI,Namchi,-,-,Brahmaputra,Brahmaputra,-,-,-,Brahmaputra,27.16722222,88.36638889,24-08-2026 08:00,322.5
4567,4567,Namchi Water Resources Sub-division office,Sikkim,11,Sikkim,227,NAMCHI,Namchi,-,-,Brahmaputra,Brahmaputra,-,-,-,Brahmaputra,27.16722222,88.36638889,24-08-2026 09:00,317
4568,4568,Namchi Water Resources Sub-division office,Sikkim,11,Sikkim,227,NAMCHI,Namchi,-,-,Brahmaputra,Brahmaputra,-,-,-,Brahmaputra,27.16722222,88.36638889,24-08-2026 10:00,317.5
4569,4569,Namchi Water Resources Sub-division office,Sikkim,11,Sikkim,227,NAMCHI,Namchi,-,-,Brahmaputra,Brahmaputra,-,-,-,Brahmaputra,27.16722222,88.36638889,24-08-2026 11:00,318.5
4570,4570,Namchi Water Resources Sub-division office,Sikkim,11,Sikkim,227,NAMCHI,Namchi,-,-,Brahmaputra,Brahmaputra,-,-,-,Brahmaputra,27.16722222,88.36638889,24-08-2026 13:00,318.5
4571,4571,Namchi Water Resources Sub-division office,Sikkim,11,Sikkim,227,NAMCHI,Namchi,-,-,Brahmaputra,Brahmaputra,-,-,-,Brahmaputra,27.16722222,88.36638889,24-08-2026 14:00,322
4572,4572,Namchi Water Resources Sub-division office,Sikkim,11,Sikkim,227,NAMCHI,Namchi,-,-,Brahmaputra,Brahmaputra,-,-,-,Brahmaputra,27.16722222,88.36638889,24-08-2026 15:00,310.5
4573,4573,Namchi Water Resources Sub-division office,Sikkim,11,Sikkim,227,NAMCHI,Namchi,-,-,Brahmaputra,Brahmaputra,-,-,-,Brahmaputra,27.16722222,88.36638889,24-08-2026 16:00,314.5
4574,4574,Namchi Water Resources Sub-division office,Sikkim,11,Sikkim,227,NAMCHI,Namchi,-,-,Brahmaputra,Brahmaputra,-,-,-,Brahmaputra,27.16722222,88.36638889,24-08-2026 17:00,308.5
4575,4575,Namchi Water Resources Sub-division office,Sikkim,11,Sikkim,227,NAMCHI,Namchi,-,-,Brahmaputra,Brahmaputra,-,-,-,Brahmaputra,27.16722222,88.36638889,24-08-2026 18:00,306
4576,4576,Namchi Water Resources Sub-division office,Sikkim,11,Sikkim,227,NAMCHI,Namchi,-,-,Brahmaputra,Brahmaputra,-,-,-,Brahmaputra,27.16722222,88.36638889,24-08-2026 19:00,305
4577,4577,Namchi Water Resources Sub-division office,Sikkim,11,Sikkim,227,NAMCHI,Namchi,-,-,Brahmaputra,Brahmaputra,-,-,-,Brahmaputra,27.16722222,88.36638889,24-08-2026 20:00,306.5
4578,4578,Namchi Water Resources Sub-division office,Sikkim,11,Sikkim,227,NAMCHI,Namchi,-,-,Brahmaputra,Brahmaputra,-,-,-,Brahmaputra,27.16722222,88.36638889,24-08-2026 21:00,305
4579,4579,Namchi Water Resources Sub-division office,Sikkim,11,Sikkim,227,NAMCHI,Namchi,-,-,Brahmaputra,Brahmaputra,-,-,-,Brahmaputra,27.16722222,88.36638889,24-08-2026 22:00,305.5
4580,4580,Namchi Water Resources Sub-division office,Sikkim,11,Sikkim,227,NAMCHI,Namchi,-,-,Brahmaputra,Brahmaputra,-,-,-,Brahmaputra,27.16722222,88.36638889,24-08-2026 23:00,304.5
4581,4581,Namchi Water Resources Sub-division office,Sikkim,11,Sikkim,227,NAMCHI,Namchi,-,-,Brahmaputra,Brahmaputra,-,-,-,Brahmaputra,27.16722222,88.36638889,25-08-2026 00:00,305
4582,4582,Namchi Water Resources Sub-division office,Sikkim,11,Sikkim,227,NAMCHI,Namchi,-,-,Brahmaputra,Brahmaputra,-,-,-,Brahmaputra,27.16722222,88.36638889,25-08-2026 01:00,304
4583,4583,Namchi Water Resources Sub-division office,Sikkim,11,Sikkim,227,NAMCHI,Namchi,-,-,Brahmaputra,Brahmaputra,-,-,-,Brahmaputra,27.16722222,88.36638889,25-08-2026 02:00,302.5
4584,4584,Namchi Water Resources Sub-division office,Sikkim,11,Sikkim,227,NAMCHI,Namchi,-,-,Brahmaputra,Brahmaputra,-,-,-,Brahmaputra,27.16722222,88.36638889,25-08-2026 03:00,4
4585,4585,Namchi Water Resources Sub-division office,Sikkim,11,Sikkim,227,NAMCHI,Namchi,-,-,Brahmaputra,Brahmaputra,-,-,-,Brahmaputra,27.16722222,88.36638889,25-08-2026 03:00,301.5
4586,4586,Namchi Water Resources Sub-division office,Sikkim,11,Sikkim,227,NAMCHI,Namchi,-,-,Brahmaputra,Brahmaputra,-,-,-,Brahmaputra,27.16722222,88.36638889,25-08-2026 04:00,299
4587,4587,Namchi Water Resources Sub-division office,Sikkim,11,Sikkim,227,NAMCHI,Namchi,-,-,Brahmaputra,Brahmaputra,-,-,-,Brahmaputra,27.16722222,88.36638889,25-08-2026 05:00,302
4588,4588,Namchi Water Resources Sub-division office,Sikkim,11,Sikkim,227,NAMCHI,Namchi,-,-,Brahmaputra,Brahmaputra,-,-,-,Brahmaputra,27.16722222,88.36638889,25-08-2026 06:00,303.5
4589,4589,Namchi Water Resources Sub-division office,Sikkim,11,Sikkim,227,NAMCHI,Namchi,-,-,Brahmaputra,Brahmaputra,-,-,-,Brahmaputra,27.16722222,88.36638889,25-08-2026 07:00,307.5
4590,4590,Namchi Water Resources Sub-division office,Sikkim,11,Sikkim,227,NAMCHI,Namchi,-,-,Brahmaputra,Brahmaputra,-,-,-,Brahmaputra,27.16722222,88.36638889,25-08-2026 08:00,311.5
4591,4591,Namchi Water Resources Sub-division office,Sikkim,11,Sikkim,227,NAMCHI,Namchi,-,-,Brahmaputra,Brahmaputra,-,-,-,Brahmaputra,27.16722222,88.36638889,25-08-2026 10:00,322
4592,4592,Namchi Water Resources Sub-division office,Sikkim,11,Sikkim,227,NAMCHI,Namchi,-,-,Brahmaputra,Brahmaputra,-,-,-,Brahmaputra,27.16722222,88.36638889,25-08-2026 11:00,327
4593,4593,Namchi Water Resources Sub-division office,Sikkim,11,Sikkim,227,NAMCHI,Namchi,-,-,Brahmaputra,Brahmaputra,-,-,-,Brahmaputra,27.16722222,88.36638889,25-08-2026 12:00,330
4594,4594,Namchi Water Resources Sub-division office,Sikkim,11,Sikkim,227,NAMCHI,Namchi,-,-,Brahmaputra,Brahmaputra,-,-,-,Brahmaputra,27.16722222,88.36638889,25-08-2026 13:00,335
4595,4595,Namchi Water Resources Sub-division office,Sikkim,11,Sikkim,227,NAMCHI,Namchi,-,-,Brahmaputra,Brahmaputra,-,-,-,Brahmaputra,27.16722222,88.36638889,25-08-2026 14:00,320.5
4596,4596,Namchi Water Resources Sub-division office,Sikkim,11,Sikkim,227,NAMCHI,Namchi,-,-,Brahmaputra,Brahmaputra,-,-,-,Brahmaputra,27.16722222,88.36638889,25-08-2026 15:00,318.5
4597,4597,Namchi Water Resources Sub-division office,Sikkim,11,Sikkim,227,NAMCHI,Namchi,-,-,Brahmaputra,Brahmaputra,-,-,-,Brahmaputra,27.16722222,88.36638889,25-08-2026 16:00,312
4598,4598,Namchi Water Resources Sub-division office,Sikkim,11,Sikkim,227,NAMCHI,Namchi,-,-,Brahmaputra,Brahmaputra,-,-,-,Brahmaputra,27.16722222,88.36638889,25-08-2026 18:00,305
4599,4599,Namchi Water Resources Sub-division office,Sikkim,11,Sikkim,227,NAMCHI,Namchi,-,-,Brahmaputra,Brahmaputra,-,-,-,Brahmaputra,27.16722222,88.36638889,25-08-2026 19:00,306
4600,4600,Namchi Water Resources Sub-division office,Sikkim,11,Sikkim,227,NAMCHI,Namchi,-,-,Brahmaputra,Brahmaputra,-,-,-,Brahmaputra,27.16722222,88.36638889,25-08-2026 20:00,305.5
4601,4601,Namchi Water Resources Sub-division office,Sikkim,11,Sikkim,227,NAMCHI,Namchi,-,-,Brahmaputra,Brahmaputra,-,-,-,Brahmaputra,27.16722222,88.36638889,25-08-2026 21:00,303.5
4602,4602,Namchi Water Resources Sub-division office,Sikkim,11,Sikkim,227,NAMCHI,Namchi,-,-,Brahmaputra,Brahmaputra,-,-,-,Brahmaputra,27.16722222,88.36638889,25-08-2026 22:00,303
4603,4603,Namchi Water Resources Sub-division office,Sikkim,11,Sikkim,227,NAMCHI,Namchi,-,-,Brahmaputra,Brahmaputra,-,-,-,Brahmaputra,27.16722222,88.36638889,25-08-2026 23:00,302
4604,4604,Namchi Water Resources Sub-division office,Sikkim,11,Sikkim,227,NAMCHI,Namchi,-,-,Brahmaputra,Brahmaputra,-,-,-,Brahmaputra,27.16722222,88.36638889,26-08-2026 00:00,302
4605,4605,Namchi Water Resources Sub-division office,Sikkim,11,Sikkim,227,NAMCHI,Namchi,-,-,Brahmaputra,Brahmaputra,-,-,-,Brahmaputra,27.16722222,88.36638889,26-08-2026 01:00,302.5
4606,4606,Namchi Water Resources Sub-division office,Sikkim,11,Sikkim,227,NAMCHI,Namchi,-,-,Brahmaputra,Brahmaputra,-,-,-,Brahmaputra,27.16722222,88.36638889,26-08-2026 02:00,302
4607,4607,Namchi Water Resources Sub-division office,Sikkim,11,Sikkim,227,NAMCHI,Namchi,-,-,Brahmaputra,Brahmaputra,-,-,-,Brahmaputra,27.16722222,88.36638889,26-08-2026 03:00,301
4608,4608,Namchi Water Resources Sub-division office,Sikkim,11,Sikkim,227,NAMCHI,Namchi,-,-,Brahmaputra,Brahmaputra,-,-,-,Brahmaputra,27.16722222,88.36638889,26-08-2026 04:00,302.5
4609,4609,Namchi Water Resources Sub-division office,Sikkim,11,Sikkim,227,NAMCHI,Namchi,-,-,Brahmaputra,Brahmaputra,-,-,-,Brahmaputra,27.16722222,88.36638889,26-08-2026 05:00,302.5
4610,4610,Namchi Water Resources Sub-division office,Sikkim,11,Sikkim,227,NAMCHI,Namchi,-,-,Brahmaputra,Brahmaputra,-,-,-,Brahmaputra,27.16722222,88.36638889,26-08-2026 06:00,302
4611,4611,Namchi Water Resources Sub-division office,Sikkim,11,Sikkim,227,NAMCHI,Namchi,-,-,Brahmaputra,Brahmaputra,-,-,-,Brahmaputra,27.16722222,88.36638889,26-08-2026 07:00,0.5
4612,4612,Namchi Water Resources Sub-division office,Sikkim,11,Sikkim,227,NAMCHI,Namchi,-,-,Brahmaputra,Brahmaputra,-,-,-,Brahmaputra,27.16722222,88.36638889,26-08-2026 07:00,302.5
4613,4613,Namchi Water Resources Sub-division office,Sikkim,11,Sikkim,227,NAMCHI,Namchi,-,-,Brahmaputra,Brahmaputra,-,-,-,Brahmaputra,27.16722222,88.36638889,26-08-2026 08:00,305
4614,4614,Namchi Water Resources Sub-division office,Sikkim,11,Sikkim,227,NAMCHI,Namchi,-,-,Brahmaputra,Brahmaputra,-,-,-,Brahmaputra,27.16722222,88.36638889,26-08-2026 09:00,0.5
4615,4615,Namchi Water Resources Sub-division office,Sikkim,11,Sikkim,227,NAMCHI,Namchi,-,-,Brahmaputra,Brahmaputra,-,-,-,Brahmaputra,27.16722222,88.36638889,26-08-2026 09:00,305
4616,4616,Namchi Water Resources Sub-division office,Sikkim,11,Sikkim,227,NAMCHI,Namchi,-,-,Brahmaputra,Brahmaputra,-,-,-,Brahmaputra,27.16722222,88.36638889,26-08-2026 10:00,308
4617,4617,Namchi Water Resources Sub-division office,Sikkim,11,Sikkim,227,NAMCHI,Namchi,-,-,Brahmaputra,Brahmaputra,-,-,-,Brahmaputra,27.16722222,88.36638889,26-08-2026 11:00,0.5
4618,4618,Namchi Water Resources Sub-division office,Sikkim,11,Sikkim,227,NAMCHI,Namchi,-,-,Brahmaputra,Brahmaputra,-,-,-,Brahmaputra,27.16722222,88.36638889,26-08-2026 11:00,314
4619,4619,Namchi Water Resources Sub-division office,Sikkim,11,Sikkim,227,NAMCHI,Namchi,-,-,Brahmaputra,Brahmaputra,-,-,-,Brahmaputra,27.16722222,88.36638889,26-08-2026 12:00,316
4620,4620,Namchi Water Resources Sub-division office,Sikkim,11,Sikkim,227,NAMCHI,Namchi,-,-,Brahmaputra,Brahmaputra,-,-,-,Brahmaputra,27.16722222,88.36638889,26-08-2026 13:00,315
4621,4621,Namchi Water Resources Sub-division office,Sikkim,11,Sikkim,227,NAMCHI,Namchi,-,-,Brahmaputra,Brahmaputra,-,-,-,Brahmaputra,27.16722222,88.36638889,26-08-2026 14:00,321
4622,4622,Namchi Water Resources Sub-division office,Sikkim,11,Sikkim,227,NAMCHI,Namchi,-,-,Brahmaputra,Brahmaputra,-,-,-,Brahmaputra,27.16722222,88.36638889,26-08-2026 15:00,317.5
4623,4623,Namchi Water Resources Sub-division office,Sikkim,11,Sikkim,227,NAMCHI,Namchi,-,-,Brahmaputra,Brahmaputra,-,-,-,Brahmaputra,27.16722222,88.36638889,26-08-2026 16:00,312
4624,4624,Namchi Water Resources Sub-division office,Sikkim,11,Sikkim,227,NAMCHI,Namchi,-,-,Brahmaputra,Brahmaputra,-,-,-,Brahmaputra,27.16722222,88.36638889,26-08-2026 17:00,305.5
4625,4625,Namchi Water Resources Sub-division office,Sikkim,11,Sikkim,227,NAMCHI,Namchi,-,-,Brahmaputra,Brahmaputra,-,-,-,Brahmaputra,27.16722222,88.36638889,26-08-2026 19:00,304.5
4626,4626,Namchi Water Resources Sub-division office,Sikkim,11,Sikkim,227,NAMCHI,Namchi,-,-,Brahmaputra,Brahmaputra,-,-,-,Brahmaputra,27.16722222,88.36638889,26-08-2026 20:00,304
4627,4627,Namchi Water Resources Sub-division office,Sikkim,11,Sikkim,227,NAMCHI,Namchi,-,-,Brahmaputra,Brahmaputra,-,-,-,Brahmaputra,27.16722222,88.36638889,26-08-2026 21:00,304
4628,4628,Namchi Water Resources Sub-division office,Sikkim,11,Sikkim,227,NAMCHI,Namchi,-,-,Brahmaputra,Brahmaputra,-,-,-,Brahmaputra,27.16722222,88.36638889,26-08-2026 22:00,304
4629,4629,Namchi Water Resources Sub-division office,Sikkim,11,Sikkim,227,NAMCHI,Namchi,-,-,Brahmaputra,Brahmaputra,-,-,-,Brahmaputra,27.16722222,88.36638889,26-08-2026 23:00,303
4630,4630,Namchi Water Resources Sub-division office,Sikkim,11,Sikkim,227,NAMCHI,Namchi,-,-,Brahmaputra,Brahmaputra,-,-,-,Brahmaputra,27.16722222,88.36638889,27-08-2026 00:00,301.5
4631,4631,Namchi Water Resources Sub-division office,Sikkim,11,Sikkim,227,NAMCHI,Namchi,-,-,Brahmaputra,Brahmaputra,-,-,-,Brahmaputra,27.16722222,88.36638889,27-08-2026 01:00,300.5
4632,4632,Namchi Water Resources Sub-division office,Sikkim,11,Sikkim,227,NAMCHI,Namchi,-,-,Brahmaputra,Brahmaputra,-,-,-,Brahmaputra,27.16722222,88.36638889,27-08-2026 02:00,300.5
4633,4633,Namchi Water Resources Sub-division office,Sikkim,11,Sikkim,227,NAMCHI,Namchi,-,-,Brahmaputra,Brahmaputra,-,-,-,Brahmaputra,27.16722222,88.36638889,27-08-2026 03:00,299.5
4634,4634,Namchi Water Resources Sub-division office,Sikkim,11,Sikkim,227,NAMCHI,Namchi,-,-,Brahmaputra,Brahmaputra,-,-,-,Brahmaputra,27.16722222,88.36638889,27-08-2026 04:00,298.5
4635,4635,Namchi Water Resources Sub-division office,Sikkim,11,Sikkim,227,NAMCHI,Namchi,-,-,Brahmaputra,Brahmaputra,-,-,-,Brahmaputra,27.16722222,88.36638889,27-08-2026 05:00,302.5
4636,4636,Namchi Water Resources Sub-division office,Sikkim,11,Sikkim,227,NAMCHI,Namchi,-,-,Brahmaputra,Brahmaputra,-,-,-,Brahmaputra,27.16722222,88.36638889,27-08-2026 06:00,310
4637,4637,Namchi Water Resources Sub-division office,Sikkim,11,Sikkim,227,NAMCHI,Namchi,-,-,Brahmaputra,Brahmaputra,-,-,-,Brahmaputra,27.16722222,88.36638889,27-08-2026 07:00,321
4638,4638,Namchi Water Resources Sub-division office,Sikkim,11,Sikkim,227,NAMCHI,Namchi,-,-,Brahmaputra,Brahmaputra,-,-,-,Brahmaputra,27.16722222,88.36638889,27-08-2026 08:00,315.5
4639,4639,Namchi Water Resources Sub-division office,Sikkim,11,Sikkim,227,NAMCHI,Namchi,-,-,Brahmaputra,Brahmaputra,-,-,-,Brahmaputra,27.16722222,88.36638889,27-08-2026 09:00,334
4640,4640,Namchi Water Resources Sub-division office,Sikkim,11,Sikkim,227,NAMCHI,Namchi,-,-,Brahmaputra,Brahmaputra,-,-,-,Brahmaputra,27.16722222,88.36638889,27-08-2026 10:00,330
4641,4641,Namchi Water Resources Sub-division office,Sikkim,11,Sikkim,227,NAMCHI,Namchi,-,-,Brahmaputra,Brahmaputra,-,-,-,Brahmaputra,27.16722222,88.36638889,27-08-2026 11:00,335
4642,4642,Namchi Water Resources Sub-division office,Sikkim,11,Sikkim,227,NAMCHI,Namchi,-,-,Brahmaputra,Brahmaputra,-,-,-,Brahmaputra,27.16722222,88.36638889,27-08-2026 12:00,335.5
4643,4643,Namchi Water Resources Sub-division office,Sikkim,11,Sikkim,227,NAMCHI,Namchi,-,-,Brahmaputra,Brahmaputra,-,-,-,Brahmaputra,27.16722222,88.36638889,27-08-2026 13:00,333
4644,4644,Namchi Water Resources Sub-division office,Sikkim,11,Sikkim,227,NAMCHI,Namchi,-,-,Brahmaputra,Brahmaputra,-,-,-,Brahmaputra,27.16722222,88.36638889,27-08-2026 14:00,325
4645,4645,Namchi Water Resources Sub-division office,Sikkim,11,Sikkim,227,NAMCHI,Namchi,-,-,Brahmaputra,Brahmaputra,-,-,-,Brahmaputra,27.16722222,88.36638889,27-08-2026 15:00,320
4646,4646,Namchi Water Resources Sub-division office,Sikkim,11,Sikkim,227,NAMCHI,Namchi,-,-,Brahmaputra,Brahmaputra,-,-,-,Brahmaputra,27.16722222,88.36638889,27-08-2026 16:00,315.5
4647,4647,Namchi Water Resources Sub-division office,Sikkim,11,Sikkim,227,NAMCHI,Namchi,-,-,Brahmaputra,Brahmaputra,-,-,-,Brahmaputra,27.16722222,88.36638889,27-08-2026 17:00,311
4648,4648,Namchi Water Resources Sub-division office,Sikkim,11,Sikkim,227,NAMCHI,Namchi,-,-,Brahmaputra,Brahmaputra,-,-,-,Brahmaputra,27.16722222,88.36638889,27-08-2026 18:00,309.5
4649,4649,Namchi Water Resources Sub-division office,Sikkim,11,Sikkim,227,NAMCHI,Namchi,-,-,Brahmaputra,Brahmaputra,-,-,-,Brahmaputra,27.16722222,88.36638889,27-08-2026 19:00,309
4650,4650,Namchi Water Resources Sub-division office,Sikkim,11,Sikkim,227,NAMCHI,Namchi,-,-,Brahmaputra,Brahmaputra,-,-,-,Brahmaputra,27.16722222,88.36638889,27-08-2026 20:00,308
4651,4651,Namchi Water Resources Sub-division office,Sikkim,11,Sikkim,227,NAMCHI,Namchi,-,-,Brahmaputra,Brahmaputra,-,-,-,Brahmaputra,27.16722222,88.36638889,27-08-2026 21:00,307.5
4652,4652,Namchi Water Resources Sub-division office,Sikkim,11,Sikkim,227,NAMCHI,Namchi,-,-,Brahmaputra,Brahmaputra,-,-,-,Brahmaputra,27.16722222,88.36638889,27-08-2026 22:00,307
4653,4653,Namchi Water Resources Sub-division office,Sikkim,11,Sikkim,227,NAMCHI,Namchi,-,-,Brahmaputra,Brahmaputra,-,-,-,Brahmaputra,27.16722222,88.36638889,27-08-2026 23:00,307
4654,4654,Namchi Water Resources Sub-division office,Sikkim,11,Sikkim,227,NAMCHI,Namchi,-,-,Brahmaputra,Brahmaputra,-,-,-,Brahmaputra,27.16722222,88.36638889,28-08-2026 00:00,305
4655,4655,Namchi Water Resources Sub-division office,Sikkim,11,Sikkim,227,NAMCHI,Namchi,-,-,Brahmaputra,Brahmaputra,-,-,-,Brahmaputra,27.16722222,88.36638889,28-08-2026 01:00,304.5
4656,4656,Namchi Water Resources Sub-division office,Sikkim,11,Sikkim,227,NAMCHI,Namchi,-,-,Brahmaputra,Brahmaputra,-,-,-,Brahmaputra,27.16722222,88.36638889,28-08-2026 02:00,304.5
4657,4657,Namchi Water Resources Sub-division office,Sikkim,11,Sikkim,227,NAMCHI,Namchi,-,-,Brahmaputra,Brahmaputra,-,-,-,Brahmaputra,27.16722222,88.36638889,28-08-2026 03:00,305
4658,4658,Namchi Water Resources Sub-division office,Sikkim,11,Sikkim,227,NAMCHI,Namchi,-,-,Brahmaputra,Brahmaputra,-,-,-,Brahmaputra,27.16722222,88.36638889,28-08-2026 04:00,305
4659,4659,Namchi Water Resources Sub-division office,Sikkim,11,Sikkim,227,NAMCHI,Namchi,-,-,Brahmaputra,Brahmaputra,-,-,-,Brahmaputra,27.16722222,88.36638889,28-08-2026 05:00,306
4660,4660,Namchi Water Resources Sub-division office,Sikkim,11,Sikkim,227,NAMCHI,Namchi,-,-,Brahmaputra,Brahmaputra,-,-,-,Brahmaputra,27.16722222,88.36638889,28-08-2026 06:00,310.5
4661,4661,Namchi Water Resources Sub-division office,Sikkim,11,Sikkim,227,NAMCHI,Namchi,-,-,Brahmaputra,Brahmaputra,-,-,-,Brahmaputra,27.16722222,88.36638889,28-08-2026 07:00,319
4662,4662,Namchi Water Resources Sub-division office,Sikkim,11,Sikkim,227,NAMCHI,Namchi,-,-,Brahmaputra,Brahmaputra,-,-,-,Brahmaputra,27.16722222,88.36638889,28-08-2026 08:00,330
4663,4663,Namchi Water Resources Sub-division office,Sikkim,11,Sikkim,227,NAMCHI,Namchi,-,-,Brahmaputra,Brahmaputra,-,-,-,Brahmaputra,27.16722222,88.36638889,28-08-2026 09:00,326
4664,4664,Namchi Water Resources Sub-division office,Sikkim,11,Sikkim,227,NAMCHI,Namchi,-,-,Brahmaputra,Brahmaputra,-,-,-,Brahmaputra,27.16722222,88.36638889,28-08-2026 10:00,328.5
4665,4665,Namchi Water Resources Sub-division office,Sikkim,11,Sikkim,227,NAMCHI,Namchi,-,-,Brahmaputra,Brahmaputra,-,-,-,Brahmaputra,27.16722222,88.36638889,28-08-2026 11:00,339.5
4666,4666,Namchi Water Resources Sub-division office,Sikkim,11,Sikkim,227,NAMCHI,Namchi,-,-,Brahmaputra,Brahmaputra,-,-,-,Brahmaputra,27.16722222,88.36638889,28-08-2026 12:00,340
4667,4667,Namchi Water Resources Sub-division office,Sikkim,11,Sikkim,227,NAMCHI,Namchi,-,-,Brahmaputra,Brahmaputra,-,-,-,Brahmaputra,27.16722222,88.36638889,28-08-2026 13:00,333.5
4668,4668,Namchi Water Resources Sub-division office,Sikkim,11,Sikkim,227,NAMCHI,Namchi,-,-,Brahmaputra,Brahmaputra,-,-,-,Brahmaputra,27.16722222,88.36638889,28-08-2026 14:00,334
4669,4669,Namchi Water Resources Sub-division office,Sikkim,11,Sikkim,227,NAMCHI,Namchi,-,-,Brahmaputra,Brahmaputra,-,-,-,Brahmaputra,27.16722222,88.36638889,28-08-2026 15:00,324.5
4670,4670,Namchi Water Resources Sub-division office,Sikkim,11,Sikkim,227,NAMCHI,Namchi,-,-,Brahmaputra,Brahmaputra,-,-,-,Brahmaputra,27.16722222,88.36638889,28-08-2026 16:00,320
4671,4671,Namchi Water Resources Sub-division office,Sikkim,11,Sikkim,227,NAMCHI,Namchi,-,-,Brahmaputra,Brahmaputra,-,-,-,Brahmaputra,27.16722222,88.36638889,28-08-2026 18:00,311.5
4672,4672,Namchi Water Resources Sub-division office,Sikkim,11,Sikkim,227,NAMCHI,Namchi,-,-,Brahmaputra,Brahmaputra,-,-,-,Brahmaputra,27.16722222,88.36638889,28-08-2026 19:00,312
4673,4673,Namchi Water Resources Sub-division office,Sikkim,11,Sikkim,227,NAMCHI,Namchi,-,-,Brahmaputra,Brahmaputra,-,-,-,Brahmaputra,27.16722222,88.36638889,28-08-2026 20:00,309.5
4674,4674,Namchi Water Resources Sub-division office,Sikkim,11,Sikkim,227,NAMCHI,Namchi,-,-,Brahmaputra,Brahmaputra,-,-,-,Brahmaputra,27.16722222,88.36638889,28-08-2026 21:00,307
4675,4675,Namchi Water Resources Sub-division office,Sikkim,11,Sikkim,227,NAMCHI,Namchi,-,-,Brahmaputra,Brahmaputra,-,-,-,Brahmaputra,27.16722222,88.36638889,28-08-2026 22:00,307
4676,4676,Namchi Water Resources Sub-division office,Sikkim,11,Sikkim,227,NAMCHI,Namchi,-,-,Brahmaputra,Brahmaputra,-,-,-,Brahmaputra,27.16722222,88.36638889,28-08-2026 23:00,304
4677,4677,Namchi Water Resources Sub-division office,Sikkim,11,Sikkim,227,NAMCHI,Namchi,-,-,Brahmaputra,Brahmaputra,-,-,-,Brahmaputra,27.16722222,88.36638889,29-08-2026 00:00,304
4678,4678,Namchi Water Resources Sub-division office,Sikkim,11,Sikkim,227,NAMCHI,Namchi,-,-,Brahmaputra,Brahmaputra,-,-,-,Brahmaputra,27.16722222,88.36638889,29-08-2026 01:00,304.5
4679,4679,Namchi Water Resources Sub-division office,Sikkim,11,Sikkim,227,NAMCHI,Namchi,-,-,Brahmaputra,Brahmaputra,-,-,-,Brahmaputra,27.16722222,88.36638889,29-08-2026 02:00,305.5
4680,4680,Namchi Water Resources Sub-division office,Sikkim,11,Sikkim,227,NAMCHI,Namchi,-,-,Brahmaputra,Brahmaputra,-,-,-,Brahmaputra,27.16722222,88.36638889,29-08-2026 03:00,304
4681,4681,Namchi Water Resources Sub-division office,Sikkim,11,Sikkim,227,NAMCHI,Namchi,-,-,Brahmaputra,Brahmaputra,-,-,-,Brahmaputra,27.16722222,88.36638889,29-08-2026 04:00,304.5
4682,4682,Namchi Water Resources Sub-division office,Sikkim,11,Sikkim,227,NAMCHI,Namchi,-,-,Brahmaputra,Brahmaputra,-,-,-,Brahmaputra,27.16722222,88.36638889,29-08-2026 05:00,305
4683,4683,Namchi Water Resources Sub-division office,Sikkim,11,Sikkim,227,NAMCHI,Namchi,-,-,Brahmaputra,Brahmaputra,-,-,-,Brahmaputra,27.16722222,88.36638889,29-08-2026 06:00,309.5
4684,4684,Namchi Water Resources Sub-division office,Sikkim,11,Sikkim,227,NAMCHI,Namchi,-,-,Brahmaputra,Brahmaputra,-,-,-,Brahmaputra,27.16722222,88.36638889,29-08-2026 07:00,320.5
4685,4685,Namchi Water Resources Sub-division office,Sikkim,11,Sikkim,227,NAMCHI,Namchi,-,-,Brahmaputra,Brahmaputra,-,-,-,Brahmaputra,27.16722222,88.36638889,29-08-2026 08:00,326.5
4686,4686,Namchi Water Resources Sub-division office,Sikkim,11,Sikkim,227,NAMCHI,Namchi,-,-,Brahmaputra,Brahmaputra,-,-,-,Brahmaputra,27.16722222,88.36638889,29-08-2026 09:00,324.5
4687,4687,Namchi Water Resources Sub-division office,Sikkim,11,Sikkim,227,NAMCHI,Namchi,-,-,Brahmaputra,Brahmaputra,-,-,-,Brahmaputra,27.16722222,88.36638889,29-08-2026 10:00,325.5
4688,4688,Namchi Water Resources Sub-division office,Sikkim,11,Sikkim,227,NAMCHI,Namchi,-,-,Brahmaputra,Brahmaputra,-,-,-,Brahmaputra,27.16722222,88.36638889,29-08-2026 11:00,342
4689,4689,Namchi Water Resources Sub-division office,Sikkim,11,Sikkim,227,NAMCHI,Namchi,-,-,Brahmaputra,Brahmaputra,-,-,-,Brahmaputra,27.16722222,88.36638889,29-08-2026 12:00,324
4690,4690,Namchi Water Resources Sub-division office,Sikkim,11,Sikkim,227,NAMCHI,Namchi,-,-,Brahmaputra,Brahmaputra,-,-,-,Brahmaputra,27.16722222,88.36638889,29-08-2026 13:00,333
4691,4691,Namchi Water Resources Sub-division office,Sikkim,11,Sikkim,227,NAMCHI,Namchi,-,-,Brahmaputra,Brahmaputra,-,-,-,Brahmaputra,27.16722222,88.36638889,29-08-2026 14:00,325.5
4692,4692,Namchi Water Resources Sub-division office,Sikkim,11,Sikkim,227,NAMCHI,Namchi,-,-,Brahmaputra,Brahmaputra,-,-,-,Brahmaputra,27.16722222,88.36638889,29-08-2026 15:00,319
4693,4693,Namchi Water Resources Sub-division office,Sikkim,11,Sikkim,227,NAMCHI,Namchi,-,-,Brahmaputra,Brahmaputra,-,-,-,Brahmaputra,27.16722222,88.36638889,29-08-2026 16:00,320
4694,4694,Namchi Water Resources Sub-division office,Sikkim,11,Sikkim,227,NAMCHI,Namchi,-,-,Brahmaputra,Brahmaputra,-,-,-,Brahmaputra,27.16722222,88.36638889,29-08-2026 17:00,314.5
4695,4695,Namchi Water Resources Sub-division office,Sikkim,11,Sikkim,227,NAMCHI,Namchi,-,-,Brahmaputra,Brahmaputra,-,-,-,Brahmaputra,27.16722222,88.36638889,29-08-2026 18:00,312
4696,4696,Namchi Water Resources Sub-division office,Sikkim,11,Sikkim,227,NAMCHI,Namchi,-,-,Brahmaputra,Brahmaputra,-,-,-,Brahmaputra,27.16722222,88.36638889,29-08-2026 19:00,307
4697,4697,Namchi Water Resources Sub-division office,Sikkim,11,Sikkim,227,NAMCHI,Namchi,-,-,Brahmaputra,Brahmaputra,-,-,-,Brahmaputra,27.16722222,88.36638889,29-08-2026 20:00,305.5
4698,4698,Namchi Water Resources Sub-division office,Sikkim,11,Sikkim,227,NAMCHI,Namchi,-,-,Brahmaputra,Brahmaputra,-,-,-,Brahmaputra,27.16722222,88.36638889,29-08-2026 21:00,305.5
4699,4699,Namchi Water Resources Sub-division office,Sikkim,11,Sikkim,227,NAMCHI,Namchi,-,-,Brahmaputra,Brahmaputra,-,-,-,Brahmaputra,27.16722222,88.36638889,29-08-2026 22:00,305.5
4700,4700,Namchi Water Resources Sub-division office,Sikkim,11,Sikkim,227,NAMCHI,Namchi,-,-,Brahmaputra,Brahmaputra,-,-,-,Brahmaputra,27.16722222,88.36638889,29-08-2026 23:00,304.5
4701,4701,Namchi Water Resources Sub-division office,Sikkim,11,Sikkim,227,NAMCHI,Namchi,-,-,Brahmaputra,Brahmaputra,-,-,-,Brahmaputra,27.16722222,88.36638889,30-08-2026 00:00,304.5
4702,4702,Namchi Water Resources Sub-division office,Sikkim,11,Sikkim,227,NAMCHI,Namchi,-,-,Brahmaputra,Brahmaputra,-,-,-,Brahmaputra,27.16722222,88.36638889,30-08-2026 01:00,305.5
4703,4703,Namchi Water Resources Sub-division office,Sikkim,11,Sikkim,227,NAMCHI,Namchi,-,-,Brahmaputra,Brahmaputra,-,-,-,Brahmaputra,27.16722222,88.36638889,30-08-2026 02:00,305
4704,4704,Namchi Water Resources Sub-division office,Sikkim,11,Sikkim,227,NAMCHI,Namchi,-,-,Brahmaputra,Brahmaputra,-,-,-,Brahmaputra,27.16722222,88.36638889,30-08-2026 03:00,305
4705,4705,Namchi Water Resources Sub-division office,Sikkim,11,Sikkim,227,NAMCHI,Namchi,-,-,Brahmaputra,Brahmaputra,-,-,-,Brahmaputra,27.16722222,88.36638889,30-08-2026 04:00,303
4706,4706,Namchi Water Resources Sub-division office,Sikkim,11,Sikkim,227,NAMCHI,Namchi,-,-,Brahmaputra,Brahmaputra,-,-,-,Brahmaputra,27.16722222,88.36638889,30-08-2026 05:00,306
4707,4707,Namchi Water Resources Sub-division office,Sikkim,11,Sikkim,227,NAMCHI,Namchi,-,-,Brahmaputra,Brahmaputra,-,-,-,Brahmaputra,27.16722222,88.36638889,30-08-2026 06:00,323.5
4708,4708,Namchi Water Resources Sub-division office,Sikkim,11,Sikkim,227,NAMCHI,Namchi,-,-,Brahmaputra,Brahmaputra,-,-,-,Brahmaputra,27.16722222,88.36638889,30-08-2026 07:00,338
4709,4709,Namchi Water Resources Sub-division office,Sikkim,11,Sikkim,227,NAMCHI,Namchi,-,-,Brahmaputra,Brahmaputra,-,-,-,Brahmaputra,27.16722222,88.36638889,30-08-2026 08:00,338.5
4710,4710,Namchi Water Resources Sub-division office,Sikkim,11,Sikkim,227,NAMCHI,Namchi,-,-,Brahmaputra,Brahmaputra,-,-,-,Brahmaputra,27.16722222,88.36638889,30-08-2026 09:00,334
4711,4711,Namchi Water Resources Sub-division office,Sikkim,11,Sikkim,227,NAMCHI,Namchi,-,-,Brahmaputra,Brahmaputra,-,-,-,Brahmaputra,27.16722222,88.36638889,30-08-2026 10:00,345.5
4712,4712,Namchi Water Resources Sub-division office,Sikkim,11,Sikkim,227,NAMCHI,Namchi,-,-,Brahmaputra,Brahmaputra,-,-,-,Brahmaputra,27.16722222,88.36638889,30-08-2026 11:00,339
4713,4713,Namchi Water Resources Sub-division office,Sikkim,11,Sikkim,227,NAMCHI,Namchi,-,-,Brahmaputra,Brahmaputra,-,-,-,Brahmaputra,27.16722222,88.36638889,30-08-2026 12:00,333
4714,4714,Namchi Water Resources Sub-division office,Sikkim,11,Sikkim,227,NAMCHI,Namchi,-,-,Brahmaputra,Brahmaputra,-,-,-,Brahmaputra,27.16722222,88.36638889,30-08-2026 13:00,323
4715,4715,Namchi Water Resources Sub-division office,Sikkim,11,Sikkim,227,NAMCHI,Namchi,-,-,Brahmaputra,Brahmaputra,-,-,-,Brahmaputra,27.16722222,88.36638889,30-08-2026 14:00,316.5
4716,4716,Namchi Water Resources Sub-division office,Sikkim,11,Sikkim,227,NAMCHI,Namchi,-,-,Brahmaputra,Brahmaputra,-,-,-,Brahmaputra,27.16722222,88.36638889,30-08-2026 15:00,316
4717,4717,Namchi Water Resources Sub-division office,Sikkim,11,Sikkim,227,NAMCHI,Namchi,-,-,Brahmaputra,Brahmaputra,-,-,-,Brahmaputra,27.16722222,88.36638889,30-08-2026 16:00,315.5
4718,4718,Namchi Water Resources Sub-division office,Sikkim,11,Sikkim,227,NAMCHI,Namchi,-,-,Brahmaputra,Brahmaputra,-,-,-,Brahmaputra,27.16722222,88.36638889,30-08-2026 17:00,312.5
4719,4719,Namchi Water Resources Sub-division office,Sikkim,11,Sikkim,227,NAMCHI,Namchi,-,-,Brahmaputra,Brahmaputra,-,-,-,Brahmaputra,27.16722222,88.36638889,30-08-2026 18:00,310.5
4720,4720,Namchi Water Resources Sub-division office,Sikkim,11,Sikkim,227,NAMCHI,Namchi,-,-,Brahmaputra,Brahmaputra,-,-,-,Brahmaputra,27.16722222,88.36638889,30-08-2026 19:00,309.5
4721,4721,Namchi Water Resources Sub-division office,Sikkim,11,Sikkim,227,NAMCHI,Namchi,-,-,Brahmaputra,Brahmaputra,-,-,-,Brahmaputra,27.16722222,88.36638889,30-08-2026 20:00,307
4722,4722,Namchi Water Resources Sub-division office,Sikkim,11,Sikkim,227,NAMCHI,Namchi,-,-,Brahmaputra,Brahmaputra,-,-,-,Brahmaputra,27.16722222,88.36638889,30-08-2026 21:00,307.5
4723,4723,Namchi Water Resources Sub-division office,Sikkim,11,Sikkim,227,NAMCHI,Namchi,-,-,Brahmaputra,Brahmaputra,-,-,-,Brahmaputra,27.16722222,88.36638889,30-08-2026 23:00,308.5
4724,4724,SDC Sokeythang,Sikkim,11,Sikkim,225,GANGTOK DISTRICT,GANGTOK,-,-,Brahmaputra,Brahmaputra,-,-,-,Brahmaputra,27.32444444,88.60250000,14-01-2026 13:00,293
4725,4725,SDC Sokeythang,Sikkim,11,Sikkim,225,GANGTOK DISTRICT,GANGTOK,-,-,Brahmaputra,Brahmaputra,-,-,-,Brahmaputra,27.32444444,88.60250000,14-01-2026 14:00,286.5
4726,4726,SDC Sokeythang,Sikkim,11,Sikkim,225,GANGTOK DISTRICT,GANGTOK,-,-,Brahmaputra,Brahmaputra,-,-,-,Brahmaputra,27.32444444,88.60250000,14-01-2026 17:00,260
4727,4727,SDC Sokeythang,Sikkim,11,Sikkim,225,GANGTOK DISTRICT,GANGTOK,-,-,Brahmaputra,Brahmaputra,-,-,-,Brahmaputra,27.32444444,88.60250000,14-01-2026 19:00,258.5
4728,4728,SDC Sokeythang,Sikkim,11,Sikkim,225,GANGTOK DISTRICT,GANGTOK,-,-,Brahmaputra,Brahmaputra,-,-,-,Brahmaputra,27.32444444,88.60250000,14-01-2026 20:00,257.5
4729,4729,SDC Sokeythang,Sikkim,11,Sikkim,225,GANGTOK DISTRICT,GANGTOK,-,-,Brahmaputra,Brahmaputra,-,-,-,Brahmaputra,27.32444444,88.60250000,15-01-2026 00:00,243.5
4730,4730,SDC Sokeythang,Sikkim,11,Sikkim,225,GANGTOK DISTRICT,GANGTOK,-,-,Brahmaputra,Brahmaputra,-,-,-,Brahmaputra,27.32444444,88.60250000,15-01-2026 01:00,242
4731,4731,SDC Sokeythang,Sikkim,11,Sikkim,225,GANGTOK DISTRICT,GANGTOK,-,-,Brahmaputra,Brahmaputra,-,-,-,Brahmaputra,27.32444444,88.60250000,15-01-2026 03:00,239.5
4732,4732,SDC Sokeythang,Sikkim,11,Sikkim,225,GANGTOK DISTRICT,GANGTOK,-,-,Brahmaputra,Brahmaputra,-,-,-,Brahmaputra,27.32444444,88.60250000,28-01-2026 05:00,250.5
4733,4733,SDC Sokeythang,Sikkim,11,Sikkim,225,GANGTOK DISTRICT,GANGTOK,-,-,Brahmaputra,Brahmaputra,-,-,-,Brahmaputra,27.32444444,88.60250000,28-01-2026 07:00,254.5
4734,4734,SDC Sokeythang,Sikkim,11,Sikkim,225,GANGTOK DISTRICT,GANGTOK,-,-,Brahmaputra,Brahmaputra,-,-,-,Brahmaputra,27.32444444,88.60250000,28-01-2026 09:00,270
4735,4735,SDC Sokeythang,Sikkim,11,Sikkim,225,GANGTOK DISTRICT,GANGTOK,-,-,Brahmaputra,Brahmaputra,-,-,-,Brahmaputra,27.32444444,88.60250000,28-01-2026 10:00,281.5
4736,4736,SDC Sokeythang,Sikkim,11,Sikkim,225,GANGTOK DISTRICT,GANGTOK,-,-,Brahmaputra,Brahmaputra,-,-,-,Brahmaputra,27.32444444,88.60250000,28-01-2026 11:00,291.5
4737,4737,SDC Sokeythang,Sikkim,11,Sikkim,225,GANGTOK DISTRICT,GANGTOK,-,-,Brahmaputra,Brahmaputra,-,-,-,Brahmaputra,27.32444444,88.60250000,28-01-2026 12:00,286.5
4738,4738,SDC Sokeythang,Sikkim,11,Sikkim,225,GANGTOK DISTRICT,GANGTOK,-,-,Brahmaputra,Brahmaputra,-,-,-,Brahmaputra,27.32444444,88.60250000,28-01-2026 16:00,272.5
4739,4739,SDC Sokeythang,Sikkim,11,Sikkim,225,GANGTOK DISTRICT,GANGTOK,-,-,Brahmaputra,Brahmaputra,-,-,-,Brahmaputra,27.32444444,88.60250000,29-01-2026 00:00,250
4740,4740,SDC Sokeythang,Sikkim,11,Sikkim,225,GANGTOK DISTRICT,GANGTOK,-,-,Brahmaputra,Brahmaputra,-,-,-,Brahmaputra,27.32444444,88.60250000,29-01-2026 02:00,247.5
4741,4741,SDC Sokeythang,Sikkim,11,Sikkim,225,GANGTOK DISTRICT,GANGTOK,-,-,Brahmaputra,Brahmaputra,-,-,-,Brahmaputra,27.32444444,88.60250000,29-01-2026 03:00,244.5
4742,4742,SDC Sokeythang,Sikkim,11,Sikkim,225,GANGTOK DISTRICT,GANGTOK,-,-,Brahmaputra,Brahmaputra,-,-,-,Brahmaputra,27.32444444,88.60250000,29-01-2026 04:00,245.5
4743,4743,SDC Sokeythang,Sikkim,11,Sikkim,225,GANGTOK DISTRICT,GANGTOK,-,-,Brahmaputra,Brahmaputra,-,-,-,Brahmaputra,27.32444444,88.60250000,29-01-2026 06:00,243.5
4744,4744,SDC Sokeythang,Sikkim,11,Sikkim,225,GANGTOK DISTRICT,GANGTOK,-,-,Brahmaputra,Brahmaputra,-,-,-,Brahmaputra,27.32444444,88.60250000,29-01-2026 12:00,297
4745,4745,SDC Sokeythang,Sikkim,11,Sikkim,225,GANGTOK DISTRICT,GANGTOK,-,-,Brahmaputra,Brahmaputra,-,-,-,Brahmaputra,27.32444444,88.60250000,29-01-2026 13:00,293.5
4746,4746,SDC Sokeythang,Sikkim,11,Sikkim,225,GANGTOK DISTRICT,GANGTOK,-,-,Brahmaputra,Brahmaputra,-,-,-,Brahmaputra,27.32444444,88.60250000,29-01-2026 14:00,294.5
4747,4747,SDC Sokeythang,Sikkim,11,Sikkim,225,GANGTOK DISTRICT,GANGTOK,-,-,Brahmaputra,Brahmaputra,-,-,-,Brahmaputra,27.32444444,88.60250000,29-01-2026 16:00,279.5
4748,4748,SDC Sokeythang,Sikkim,11,Sikkim,225,GANGTOK DISTRICT,GANGTOK,-,-,Brahmaputra,Brahmaputra,-,-,-,Brahmaputra,27.32444444,88.60250000,29-01-2026 20:00,259.5
4749,4749,SDC Sokeythang,Sikkim,11,Sikkim,225,GANGTOK DISTRICT,GANGTOK,-,-,Brahmaputra,Brahmaputra,-,-,-,Brahmaputra,27.32444444,88.60250000,29-01-2026 22:00,254.5
4750,4750,SDC Sokeythang,Sikkim,11,Sikkim,225,GANGTOK DISTRICT,GANGTOK,-,-,Brahmaputra,Brahmaputra,-,-,-,Brahmaputra,27.32444444,88.60250000,29-01-2026 23:00,255.5
4751,4751,SDC Sokeythang,Sikkim,11,Sikkim,225,GANGTOK DISTRICT,GANGTOK,-,-,Brahmaputra,Brahmaputra,-,-,-,Brahmaputra,27.32444444,88.60250000,30-01-2026 01:00,251.5
4752,4752,SDC Sokeythang,Sikkim,11,Sikkim,225,GANGTOK DISTRICT,GANGTOK,-,-,Brahmaputra,Brahmaputra,-,-,-,Brahmaputra,27.32444444,88.60250000,30-01-2026 04:00,244.5
4753,4753,SDC Sokeythang,Sikkim,11,Sikkim,225,GANGTOK DISTRICT,GANGTOK,-,-,Brahmaputra,Brahmaputra,-,-,-,Brahmaputra,27.32444444,88.60250000,30-01-2026 08:00,267
4754,4754,SDC Sokeythang,Sikkim,11,Sikkim,225,GANGTOK DISTRICT,GANGTOK,-,-,Brahmaputra,Brahmaputra,-,-,-,Brahmaputra,27.32444444,88.60250000,30-01-2026 09:00,280
4755,4755,SDC Sokeythang,Sikkim,11,Sikkim,225,GANGTOK DISTRICT,GANGTOK,-,-,Brahmaputra,Brahmaputra,-,-,-,Brahmaputra,27.32444444,88.60250000,30-01-2026 12:00,294.5
4756,4756,SDC Sokeythang,Sikkim,11,Sikkim,225,GANGTOK DISTRICT,GANGTOK,-,-,Brahmaputra,Brahmaputra,-,-,-,Brahmaputra,27.32444444,88.60250000,30-01-2026 18:00,273
4757,4757,SDC Sokeythang,Sikkim,11,Sikkim,225,GANGTOK DISTRICT,GANGTOK,-,-,Brahmaputra,Brahmaputra,-,-,-,Brahmaputra,27.32444444,88.60250000,30-01-2026 21:00,263.5
4758,4758,SDC Sokeythang,Sikkim,11,Sikkim,225,GANGTOK DISTRICT,GANGTOK,-,-,Brahmaputra,Brahmaputra,-,-,-,Brahmaputra,27.32444444,88.60250000,31-01-2026 01:00,258
4759,4759,SDC Sokeythang,Sikkim,11,Sikkim,225,GANGTOK DISTRICT,GANGTOK,-,-,Brahmaputra,Brahmaputra,-,-,-,Brahmaputra,27.32444444,88.60250000,31-01-2026 05:00,254.5
4760,4760,SDC Sokeythang,Sikkim,11,Sikkim,225,GANGTOK DISTRICT,GANGTOK,-,-,Brahmaputra,Brahmaputra,-,-,-,Brahmaputra,27.32444444,88.60250000,31-01-2026 06:00,254.5
4761,4761,SDC Sokeythang,Sikkim,11,Sikkim,225,GANGTOK DISTRICT,GANGTOK,-,-,Brahmaputra,Brahmaputra,-,-,-,Brahmaputra,27.32444444,88.60250000,31-01-2026 07:00,256
4762,4762,SDC Sokeythang,Sikkim,11,Sikkim,225,GANGTOK DISTRICT,GANGTOK,-,-,Brahmaputra,Brahmaputra,-,-,-,Brahmaputra,27.32444444,88.60250000,31-01-2026 08:00,263.5
4763,4763,SDC Sokeythang,Sikkim,11,Sikkim,225,GANGTOK DISTRICT,GANGTOK,-,-,Brahmaputra,Brahmaputra,-,-,-,Brahmaputra,27.32444444,88.60250000,31-01-2026 11:00,289.5
4764,4764,SDC Sokeythang,Sikkim,11,Sikkim,225,GANGTOK DISTRICT,GANGTOK,-,-,Brahmaputra,Brahmaputra,-,-,-,Brahmaputra,27.32444444,88.60250000,31-01-2026 12:00,293.5
4765,4765,SDC Sokeythang,Sikkim,11,Sikkim,225,GANGTOK DISTRICT,GANGTOK,-,-,Brahmaputra,Brahmaputra,-,-,-,Brahmaputra,27.32444444,88.60250000,31-01-2026 16:00,275.5
4766,4766,SDC Sokeythang,Sikkim,11,Sikkim,225,GANGTOK DISTRICT,GANGTOK,-,-,Brahmaputra,Brahmaputra,-,-,-,Brahmaputra,27.32444444,88.60250000,31-01-2026 20:00,262
4767,4767,SDC Sokeythang,Sikkim,11,Sikkim,225,GANGTOK DISTRICT,GANGTOK,-,-,Brahmaputra,Brahmaputra,-,-,-,Brahmaputra,27.32444444,88.60250000,31-01-2026 23:00,259.5
4768,4768,SDC Sokeythang,Sikkim,11,Sikkim,225,GANGTOK DISTRICT,GANGTOK,-,-,Brahmaputra,Brahmaputra,-,-,-,Brahmaputra,27.32444444,88.60250000,01-02-2026 07:00,259.5
4769,4769,SDC Sokeythang,Sikkim,11,Sikkim,225,GANGTOK DISTRICT,GANGTOK,-,-,Brahmaputra,Brahmaputra,-,-,-,Brahmaputra,27.32444444,88.60250000,01-02-2026 09:00,278.5
4770,4770,SDC Sokeythang,Sikkim,11,Sikkim,225,GANGTOK DISTRICT,GANGTOK,-,-,Brahmaputra,Brahmaputra,-,-,-,Brahmaputra,27.32444444,88.60250000,01-02-2026 11:00,291.5
4771,4771,SDC Sokeythang,Sikkim,11,Sikkim,225,GANGTOK DISTRICT,GANGTOK,-,-,Brahmaputra,Brahmaputra,-,-,-,Brahmaputra,27.32444444,88.60250000,01-02-2026 12:00,291.5
4772,4772,SDC Sokeythang,Sikkim,11,Sikkim,225,GANGTOK DISTRICT,GANGTOK,-,-,Brahmaputra,Brahmaputra,-,-,-,Brahmaputra,27.32444444,88.60250000,01-02-2026 15:00,289
4773,4773,SDC Sokeythang,Sikkim,11,Sikkim,225,GANGTOK DISTRICT,GANGTOK,-,-,Brahmaputra,Brahmaputra,-,-,-,Brahmaputra,27.32444444,88.60250000,01-02-2026 18:00,272
4774,4774,SDC Sokeythang,Sikkim,11,Sikkim,225,GANGTOK DISTRICT,GANGTOK,-,-,Brahmaputra,Brahmaputra,-,-,-,Brahmaputra,27.32444444,88.60250000,02-02-2026 01:00,255
4775,4775,SDC Sokeythang,Sikkim,11,Sikkim,225,GANGTOK DISTRICT,GANGTOK,-,-,Brahmaputra,Brahmaputra,-,-,-,Brahmaputra,27.32444444,88.60250000,02-02-2026 06:00,249.5
4776,4776,SDC Sokeythang,Sikkim,11,Sikkim,225,GANGTOK DISTRICT,GANGTOK,-,-,Brahmaputra,Brahmaputra,-,-,-,Brahmaputra,27.32444444,88.60250000,02-02-2026 08:00,269.5
4777,4777,SDC Sokeythang,Sikkim,11,Sikkim,225,GANGTOK DISTRICT,GANGTOK,-,-,Brahmaputra,Brahmaputra,-,-,-,Brahmaputra,27.32444444,88.60250000,02-02-2026 09:00,276
4778,4778,SDC Sokeythang,Sikkim,11,Sikkim,225,GANGTOK DISTRICT,GANGTOK,-,-,Brahmaputra,Brahmaputra,-,-,-,Brahmaputra,27.32444444,88.60250000,02-02-2026 11:00,295.5
4779,4779,SDC Sokeythang,Sikkim,11,Sikkim,225,GANGTOK DISTRICT,GANGTOK,-,-,Brahmaputra,Brahmaputra,-,-,-,Brahmaputra,27.32444444,88.60250000,02-02-2026 12:00,299
4780,4780,SDC Sokeythang,Sikkim,11,Sikkim,225,GANGTOK DISTRICT,GANGTOK,-,-,Brahmaputra,Brahmaputra,-,-,-,Brahmaputra,27.32444444,88.60250000,02-02-2026 13:00,302.5
4781,4781,SDC Sokeythang,Sikkim,11,Sikkim,225,GANGTOK DISTRICT,GANGTOK,-,-,Brahmaputra,Brahmaputra,-,-,-,Brahmaputra,27.32444444,88.60250000,02-02-2026 19:00,262.5
4782,4782,SDC Sokeythang,Sikkim,11,Sikkim,225,GANGTOK DISTRICT,GANGTOK,-,-,Brahmaputra,Brahmaputra,-,-,-,Brahmaputra,27.32444444,88.60250000,03-02-2026 02:00,259.5
4783,4783,SDC Sokeythang,Sikkim,11,Sikkim,225,GANGTOK DISTRICT,GANGTOK,-,-,Brahmaputra,Brahmaputra,-,-,-,Brahmaputra,27.32444444,88.60250000,03-02-2026 08:00,273
4784,4784,SDC Sokeythang,Sikkim,11,Sikkim,225,GANGTOK DISTRICT,GANGTOK,-,-,Brahmaputra,Brahmaputra,-,-,-,Brahmaputra,27.32444444,88.60250000,03-02-2026 09:00,281.5
4785,4785,SDC Sokeythang,Sikkim,11,Sikkim,225,GANGTOK DISTRICT,GANGTOK,-,-,Brahmaputra,Brahmaputra,-,-,-,Brahmaputra,27.32444444,88.60250000,03-02-2026 21:00,260
4786,4786,SDC Sokeythang,Sikkim,11,Sikkim,225,GANGTOK DISTRICT,GANGTOK,-,-,Brahmaputra,Brahmaputra,-,-,-,Brahmaputra,27.32444444,88.60250000,03-02-2026 23:00,256.5
4787,4787,SDC Sokeythang,Sikkim,11,Sikkim,225,GANGTOK DISTRICT,GANGTOK,-,-,Brahmaputra,Brahmaputra,-,-,-,Brahmaputra,27.32444444,88.60250000,04-02-2026 01:00,253.5
4788,4788,SDC Sokeythang,Sikkim,11,Sikkim,225,GANGTOK DISTRICT,GANGTOK,-,-,Brahmaputra,Brahmaputra,-,-,-,Brahmaputra,27.32444444,88.60250000,06-02-2026 11:00,285.5
4789,4789,SDC Sokeythang,Sikkim,11,Sikkim,225,GANGTOK DISTRICT,GANGTOK,-,-,Brahmaputra,Brahmaputra,-,-,-,Brahmaputra,27.32444444,88.60250000,06-02-2026 16:00,275
4790,4790,SDC Sokeythang,Sikkim,11,Sikkim,225,GANGTOK DISTRICT,GANGTOK,-,-,Brahmaputra,Brahmaputra,-,-,-,Brahmaputra,27.32444444,88.60250000,06-02-2026 17:00,270
4791,4791,SDC Sokeythang,Sikkim,11,Sikkim,225,GANGTOK DISTRICT,GANGTOK,-,-,Brahmaputra,Brahmaputra,-,-,-,Brahmaputra,27.32444444,88.60250000,06-02-2026 20:00,263
4792,4792,SDC Sokeythang,Sikkim,11,Sikkim,225,GANGTOK DISTRICT,GANGTOK,-,-,Brahmaputra,Brahmaputra,-,-,-,Brahmaputra,27.32444444,88.60250000,06-02-2026 21:00,262
4793,4793,SDC Sokeythang,Sikkim,11,Sikkim,225,GANGTOK DISTRICT,GANGTOK,-,-,Brahmaputra,Brahmaputra,-,-,-,Brahmaputra,27.32444444,88.60250000,06-02-2026 23:00,257
4794,4794,SDC Sokeythang,Sikkim,11,Sikkim,225,GANGTOK DISTRICT,GANGTOK,-,-,Brahmaputra,Brahmaputra,-,-,-,Brahmaputra,27.32444444,88.60250000,07-02-2026 02:00,254.5
4795,4795,SDC Sokeythang,Sikkim,11,Sikkim,225,GANGTOK DISTRICT,GANGTOK,-,-,Brahmaputra,Brahmaputra,-,-,-,Brahmaputra,27.32444444,88.60250000,07-02-2026 03:00,252.5
4796,4796,SDC Sokeythang,Sikkim,11,Sikkim,225,GANGTOK DISTRICT,GANGTOK,-,-,Brahmaputra,Brahmaputra,-,-,-,Brahmaputra,27.32444444,88.60250000,07-02-2026 04:00,253.5
4797,4797,SDC Sokeythang,Sikkim,11,Sikkim,225,GANGTOK DISTRICT,GANGTOK,-,-,Brahmaputra,Brahmaputra,-,-,-,Brahmaputra,27.32444444,88.60250000,09-02-2026 11:00,288.5
4798,4798,SDC Sokeythang,Sikkim,11,Sikkim,225,GANGTOK DISTRICT,GANGTOK,-,-,Brahmaputra,Brahmaputra,-,-,-,Brahmaputra,27.32444444,88.60250000,09-02-2026 12:00,293.5
4799,4799,SDC Sokeythang,Sikkim,11,Sikkim,225,GANGTOK DISTRICT,GANGTOK,-,-,Brahmaputra,Brahmaputra,-,-,-,Brahmaputra,27.32444444,88.60250000,09-02-2026 16:00,280
4800,4800,SDC Sokeythang,Sikkim,11,Sikkim,225,GANGTOK DISTRICT,GANGTOK,-,-,Brahmaputra,Brahmaputra,-,-,-,Brahmaputra,27.32444444,88.60250000,09-02-2026 22:00,263
4801,4801,SDC Sokeythang,Sikkim,11,Sikkim,225,GANGTOK DISTRICT,GANGTOK,-,-,Brahmaputra,Brahmaputra,-,-,-,Brahmaputra,27.32444444,88.60250000,09-02-2026 23:00,264
4802,4802,SDC Sokeythang,Sikkim,11,Sikkim,225,GANGTOK DISTRICT,GANGTOK,-,-,Brahmaputra,Brahmaputra,-,-,-,Brahmaputra,27.32444444,88.60250000,10-02-2026 02:00,259.5
4803,4803,SDC Sokeythang,Sikkim,11,Sikkim,225,GANGTOK DISTRICT,GANGTOK,-,-,Brahmaputra,Brahmaputra,-,-,-,Brahmaputra,27.32444444,88.60250000,10-02-2026 03:00,259.5
4804,4804,SDC Sokeythang,Sikkim,11,Sikkim,225,GANGTOK DISTRICT,GANGTOK,-,-,Brahmaputra,Brahmaputra,-,-,-,Brahmaputra,27.32444444,88.60250000,10-02-2026 05:00,254
4805,4805,SDC Sokeythang,Sikkim,11,Sikkim,225,GANGTOK DISTRICT,GANGTOK,-,-,Brahmaputra,Brahmaputra,-,-,-,Brahmaputra,27.32444444,88.60250000,10-02-2026 06:00,255.5
4806,4806,SDC Sokeythang,Sikkim,11,Sikkim,225,GANGTOK DISTRICT,GANGTOK,-,-,Brahmaputra,Brahmaputra,-,-,-,Brahmaputra,27.32444444,88.60250000,10-02-2026 08:00,275
4807,4807,SDC Sokeythang,Sikkim,11,Sikkim,225,GANGTOK DISTRICT,GANGTOK,-,-,Brahmaputra,Brahmaputra,-,-,-,Brahmaputra,27.32444444,88.60250000,10-02-2026 09:00,285
4808,4808,SDC Sokeythang,Sikkim,11,Sikkim,225,GANGTOK DISTRICT,GANGTOK,-,-,Brahmaputra,Brahmaputra,-,-,-,Brahmaputra,27.32444444,88.60250000,11-02-2026 09:00,283
4809,4809,SDC Sokeythang,Sikkim,11,Sikkim,225,GANGTOK DISTRICT,GANGTOK,-,-,Brahmaputra,Brahmaputra,-,-,-,Brahmaputra,27.32444444,88.60250000,11-02-2026 11:00,294.5
4810,4810,SDC Sokeythang,Sikkim,11,Sikkim,225,GANGTOK DISTRICT,GANGTOK,-,-,Brahmaputra,Brahmaputra,-,-,-,Brahmaputra,27.32444444,88.60250000,11-02-2026 15:00,290.5
4811,4811,SDC Sokeythang,Sikkim,11,Sikkim,225,GANGTOK DISTRICT,GANGTOK,-,-,Brahmaputra,Brahmaputra,-,-,-,Brahmaputra,27.32444444,88.60250000,11-02-2026 17:00,280.5
4812,4812,SDC Sokeythang,Sikkim,11,Sikkim,225,GANGTOK DISTRICT,GANGTOK,-,-,Brahmaputra,Brahmaputra,-,-,-,Brahmaputra,27.32444444,88.60250000,11-02-2026 18:00,276
4813,4813,SDC Sokeythang,Sikkim,11,Sikkim,225,GANGTOK DISTRICT,GANGTOK,-,-,Brahmaputra,Brahmaputra,-,-,-,Brahmaputra,27.32444444,88.60250000,11-02-2026 20:00,269
4814,4814,SDC Sokeythang,Sikkim,11,Sikkim,225,GANGTOK DISTRICT,GANGTOK,-,-,Brahmaputra,Brahmaputra,-,-,-,Brahmaputra,27.32444444,88.60250000,11-02-2026 23:00,257
4815,4815,SDC Sokeythang,Sikkim,11,Sikkim,225,GANGTOK DISTRICT,GANGTOK,-,-,Brahmaputra,Brahmaputra,-,-,-,Brahmaputra,27.32444444,88.60250000,12-02-2026 06:00,252.5
4816,4816,SDC Sokeythang,Sikkim,11,Sikkim,225,GANGTOK DISTRICT,GANGTOK,-,-,Brahmaputra,Brahmaputra,-,-,-,Brahmaputra,27.32444444,88.60250000,12-02-2026 07:00,261.5
4817,4817,SDC Sokeythang,Sikkim,11,Sikkim,225,GANGTOK DISTRICT,GANGTOK,-,-,Brahmaputra,Brahmaputra,-,-,-,Brahmaputra,27.32444444,88.60250000,12-02-2026 09:00,279
4818,4818,SDC Sokeythang,Sikkim,11,Sikkim,225,GANGTOK DISTRICT,GANGTOK,-,-,Brahmaputra,Brahmaputra,-,-,-,Brahmaputra,27.32444444,88.60250000,12-02-2026 12:00,299
4819,4819,SDC Sokeythang,Sikkim,11,Sikkim,225,GANGTOK DISTRICT,GANGTOK,-,-,Brahmaputra,Brahmaputra,-,-,-,Brahmaputra,27.32444444,88.60250000,12-02-2026 14:00,296
4820,4820,SDC Sokeythang,Sikkim,11,Sikkim,225,GANGTOK DISTRICT,GANGTOK,-,-,Brahmaputra,Brahmaputra,-,-,-,Brahmaputra,27.32444444,88.60250000,12-02-2026 15:00,294.5
4821,4821,SDC Sokeythang,Sikkim,11,Sikkim,225,GANGTOK DISTRICT,GANGTOK,-,-,Brahmaputra,Brahmaputra,-,-,-,Brahmaputra,27.32444444,88.60250000,12-02-2026 18:00,272
4822,4822,SDC Sokeythang,Sikkim,11,Sikkim,225,GANGTOK DISTRICT,GANGTOK,-,-,Brahmaputra,Brahmaputra,-,-,-,Brahmaputra,27.32444444,88.60250000,13-02-2026 00:00,259
4823,4823,SDC Sokeythang,Sikkim,11,Sikkim,225,GANGTOK DISTRICT,GANGTOK,-,-,Brahmaputra,Brahmaputra,-,-,-,Brahmaputra,27.32444444,88.60250000,13-02-2026 01:00,255.5
4824,4824,SDC Sokeythang,Sikkim,11,Sikkim,225,GANGTOK DISTRICT,GANGTOK,-,-,Brahmaputra,Brahmaputra,-,-,-,Brahmaputra,27.32444444,88.60250000,13-02-2026 02:00,254
4825,4825,SDC Sokeythang,Sikkim,11,Sikkim,225,GANGTOK DISTRICT,GANGTOK,-,-,Brahmaputra,Brahmaputra,-,-,-,Brahmaputra,27.32444444,88.60250000,13-02-2026 09:00,284.5
4826,4826,SDC Sokeythang,Sikkim,11,Sikkim,225,GANGTOK DISTRICT,GANGTOK,-,-,Brahmaputra,Brahmaputra,-,-,-,Brahmaputra,27.32444444,88.60250000,13-02-2026 13:00,303.5
4827,4827,SDC Sokeythang,Sikkim,11,Sikkim,225,GANGTOK DISTRICT,GANGTOK,-,-,Brahmaputra,Brahmaputra,-,-,-,Brahmaputra,27.32444444,88.60250000,13-02-2026 17:00,282.5
4828,4828,SDC Sokeythang,Sikkim,11,Sikkim,225,GANGTOK DISTRICT,GANGTOK,-,-,Brahmaputra,Brahmaputra,-,-,-,Brahmaputra,27.32444444,88.60250000,13-02-2026 21:00,265.5
4829,4829,SDC Sokeythang,Sikkim,11,Sikkim,225,GANGTOK DISTRICT,GANGTOK,-,-,Brahmaputra,Brahmaputra,-,-,-,Brahmaputra,27.32444444,88.60250000,13-02-2026 22:00,265
4830,4830,SDC Sokeythang,Sikkim,11,Sikkim,225,GANGTOK DISTRICT,GANGTOK,-,-,Brahmaputra,Brahmaputra,-,-,-,Brahmaputra,27.32444444,88.60250000,14-02-2026 01:00,259.5
4831,4831,SDC Sokeythang,Sikkim,11,Sikkim,225,GANGTOK DISTRICT,GANGTOK,-,-,Brahmaputra,Brahmaputra,-,-,-,Brahmaputra,27.32444444,88.60250000,14-02-2026 02:00,257.5
4832,4832,SDC Sokeythang,Sikkim,11,Sikkim,225,GANGTOK DISTRICT,GANGTOK,-,-,Brahmaputra,Brahmaputra,-,-,-,Brahmaputra,27.32444444,88.60250000,14-02-2026 03:00,255
4833,4833,SDC Sokeythang,Sikkim,11,Sikkim,225,GANGTOK DISTRICT,GANGTOK,-,-,Brahmaputra,Brahmaputra,-,-,-,Brahmaputra,27.32444444,88.60250000,14-02-2026 05:00,252.5
4834,4834,SDC Sokeythang,Sikkim,11,Sikkim,225,GANGTOK DISTRICT,GANGTOK,-,-,Brahmaputra,Brahmaputra,-,-,-,Brahmaputra,27.32444444,88.60250000,14-02-2026 07:00,260.5
4835,4835,SDC Sokeythang,Sikkim,11,Sikkim,225,GANGTOK DISTRICT,GANGTOK,-,-,Brahmaputra,Brahmaputra,-,-,-,Brahmaputra,27.32444444,88.60250000,14-02-2026 12:00,301
4836,4836,SDC Sokeythang,Sikkim,11,Sikkim,225,GANGTOK DISTRICT,GANGTOK,-,-,Brahmaputra,Brahmaputra,-,-,-,Brahmaputra,27.32444444,88.60250000,14-02-2026 13:00,304
4837,4837,SDC Sokeythang,Sikkim,11,Sikkim,225,GANGTOK DISTRICT,GANGTOK,-,-,Brahmaputra,Brahmaputra,-,-,-,Brahmaputra,27.32444444,88.60250000,14-02-2026 16:00,286.5
4838,4838,SDC Sokeythang,Sikkim,11,Sikkim,225,GANGTOK DISTRICT,GANGTOK,-,-,Brahmaputra,Brahmaputra,-,-,-,Brahmaputra,27.32444444,88.60250000,14-02-2026 21:00,270.5
4839,4839,SDC Sokeythang,Sikkim,11,Sikkim,225,GANGTOK DISTRICT,GANGTOK,-,-,Brahmaputra,Brahmaputra,-,-,-,Brahmaputra,27.32444444,88.60250000,15-02-2026 04:00,262.5
4840,4840,SDC Sokeythang,Sikkim,11,Sikkim,225,GANGTOK DISTRICT,GANGTOK,-,-,Brahmaputra,Brahmaputra,-,-,-,Brahmaputra,27.32444444,88.60250000,15-02-2026 14:00,295.5
4841,4841,SDC Sokeythang,Sikkim,11,Sikkim,225,GANGTOK DISTRICT,GANGTOK,-,-,Brahmaputra,Brahmaputra,-,-,-,Brahmaputra,27.32444444,88.60250000,15-02-2026 22:00,262.5
4842,4842,SDC Sokeythang,Sikkim,11,Sikkim,225,GANGTOK DISTRICT,GANGTOK,-,-,Brahmaputra,Brahmaputra,-,-,-,Brahmaputra,27.32444444,88.60250000,16-02-2026 04:00,250
4843,4843,SDC Sokeythang,Sikkim,11,Sikkim,225,GANGTOK DISTRICT,GANGTOK,-,-,Brahmaputra,Brahmaputra,-,-,-,Brahmaputra,27.32444444,88.60250000,16-02-2026 05:00,247.5
4844,4844,SDC Sokeythang,Sikkim,11,Sikkim,225,GANGTOK DISTRICT,GANGTOK,-,-,Brahmaputra,Brahmaputra,-,-,-,Brahmaputra,27.32444444,88.60250000,16-02-2026 06:00,249.5
4845,4845,SDC Sokeythang,Sikkim,11,Sikkim,225,GANGTOK DISTRICT,GANGTOK,-,-,Brahmaputra,Brahmaputra,-,-,-,Brahmaputra,27.32444444,88.60250000,16-02-2026 07:00,256
4846,4846,SDC Sokeythang,Sikkim,11,Sikkim,225,GANGTOK DISTRICT,GANGTOK,-,-,Brahmaputra,Brahmaputra,-,-,-,Brahmaputra,27.32444444,88.60250000,16-02-2026 09:00,284
4847,4847,SDC Sokeythang,Sikkim,11,Sikkim,225,GANGTOK DISTRICT,GANGTOK,-,-,Brahmaputra,Brahmaputra,-,-,-,Brahmaputra,27.32444444,88.60250000,16-02-2026 11:00,302
4848,4848,SDC Sokeythang,Sikkim,11,Sikkim,225,GANGTOK DISTRICT,GANGTOK,-,-,Brahmaputra,Brahmaputra,-,-,-,Brahmaputra,27.32444444,88.60250000,16-02-2026 12:00,299.5
4849,4849,SDC Sokeythang,Sikkim,11,Sikkim,225,GANGTOK DISTRICT,GANGTOK,-,-,Brahmaputra,Brahmaputra,-,-,-,Brahmaputra,27.32444444,88.60250000,16-02-2026 15:00,295
4850,4850,SDC Sokeythang,Sikkim,11,Sikkim,225,GANGTOK DISTRICT,GANGTOK,-,-,Brahmaputra,Brahmaputra,-,-,-,Brahmaputra,27.32444444,88.60250000,16-02-2026 20:00,266.5
4851,4851,SDC Sokeythang,Sikkim,11,Sikkim,225,GANGTOK DISTRICT,GANGTOK,-,-,Brahmaputra,Brahmaputra,-,-,-,Brahmaputra,27.32444444,88.60250000,16-02-2026 21:00,269.5
4852,4852,SDC Sokeythang,Sikkim,11,Sikkim,225,GANGTOK DISTRICT,GANGTOK,-,-,Brahmaputra,Brahmaputra,-,-,-,Brahmaputra,27.32444444,88.60250000,17-02-2026 00:00,263.5
4853,4853,SDC Sokeythang,Sikkim,11,Sikkim,225,GANGTOK DISTRICT,GANGTOK,-,-,Brahmaputra,Brahmaputra,-,-,-,Brahmaputra,27.32444444,88.60250000,17-02-2026 01:00,260
4854,4854,SDC Sokeythang,Sikkim,11,Sikkim,225,GANGTOK DISTRICT,GANGTOK,-,-,Brahmaputra,Brahmaputra,-,-,-,Brahmaputra,27.32444444,88.60250000,17-02-2026 03:00,254.5
4855,4855,SDC Sokeythang,Sikkim,11,Sikkim,225,GANGTOK DISTRICT,GANGTOK,-,-,Brahmaputra,Brahmaputra,-,-,-,Brahmaputra,27.32444444,88.60250000,17-02-2026 07:00,258.5
4856,4856,SDC Sokeythang,Sikkim,11,Sikkim,225,GANGTOK DISTRICT,GANGTOK,-,-,Brahmaputra,Brahmaputra,-,-,-,Brahmaputra,27.32444444,88.60250000,17-02-2026 10:00,299.5
4857,4857,SDC Sokeythang,Sikkim,11,Sikkim,225,GANGTOK DISTRICT,GANGTOK,-,-,Brahmaputra,Brahmaputra,-,-,-,Brahmaputra,27.32444444,88.60250000,17-02-2026 11:00,308.5
4858,4858,SDC Sokeythang,Sikkim,11,Sikkim,225,GANGTOK DISTRICT,GANGTOK,-,-,Brahmaputra,Brahmaputra,-,-,-,Brahmaputra,27.32444444,88.60250000,17-02-2026 17:00,284
4859,4859,SDC Sokeythang,Sikkim,11,Sikkim,225,GANGTOK DISTRICT,GANGTOK,-,-,Brahmaputra,Brahmaputra,-,-,-,Brahmaputra,27.32444444,88.60250000,17-02-2026 21:00,268.5
4860,4860,SDC Sokeythang,Sikkim,11,Sikkim,225,GANGTOK DISTRICT,GANGTOK,-,-,Brahmaputra,Brahmaputra,-,-,-,Brahmaputra,27.32444444,88.60250000,18-02-2026 01:00,263
4861,4861,SDC Sokeythang,Sikkim,11,Sikkim,225,GANGTOK DISTRICT,GANGTOK,-,-,Brahmaputra,Brahmaputra,-,-,-,Brahmaputra,27.32444444,88.60250000,18-02-2026 02:00,259.5
4862,4862,SDC Sokeythang,Sikkim,11,Sikkim,225,GANGTOK DISTRICT,GANGTOK,-,-,Brahmaputra,Brahmaputra,-,-,-,Brahmaputra,27.32444444,88.60250000,18-02-2026 05:00,256.5
4863,4863,SDC Sokeythang,Sikkim,11,Sikkim,225,GANGTOK DISTRICT,GANGTOK,-,-,Brahmaputra,Brahmaputra,-,-,-,Brahmaputra,27.32444444,88.60250000,18-02-2026 06:00,257.5
4864,4864,SDC Sokeythang,Sikkim,11,Sikkim,225,GANGTOK DISTRICT,GANGTOK,-,-,Brahmaputra,Brahmaputra,-,-,-,Brahmaputra,27.32444444,88.60250000,18-02-2026 11:00,312
4865,4865,SDC Sokeythang,Sikkim,11,Sikkim,225,GANGTOK DISTRICT,GANGTOK,-,-,Brahmaputra,Brahmaputra,-,-,-,Brahmaputra,27.32444444,88.60250000,18-02-2026 13:00,316.5
4866,4866,SDC Sokeythang,Sikkim,11,Sikkim,225,GANGTOK DISTRICT,GANGTOK,-,-,Brahmaputra,Brahmaputra,-,-,-,Brahmaputra,27.32444444,88.60250000,18-02-2026 14:00,314.5
4867,4867,SDC Sokeythang,Sikkim,11,Sikkim,225,GANGTOK DISTRICT,GANGTOK,-,-,Brahmaputra,Brahmaputra,-,-,-,Brahmaputra,27.32444444,88.60250000,18-02-2026 17:00,286
4868,4868,SDC Sokeythang,Sikkim,11,Sikkim,225,GANGTOK DISTRICT,GANGTOK,-,-,Brahmaputra,Brahmaputra,-,-,-,Brahmaputra,27.32444444,88.60250000,18-02-2026 23:00,265
4869,4869,SDC Sokeythang,Sikkim,11,Sikkim,225,GANGTOK DISTRICT,GANGTOK,-,-,Brahmaputra,Brahmaputra,-,-,-,Brahmaputra,27.32444444,88.60250000,19-02-2026 02:00,261.5
4870,4870,SDC Sokeythang,Sikkim,11,Sikkim,225,GANGTOK DISTRICT,GANGTOK,-,-,Brahmaputra,Brahmaputra,-,-,-,Brahmaputra,27.32444444,88.60250000,19-02-2026 03:00,257.5
4871,4871,SDC Sokeythang,Sikkim,11,Sikkim,225,GANGTOK DISTRICT,GANGTOK,-,-,Brahmaputra,Brahmaputra,-,-,-,Brahmaputra,27.32444444,88.60250000,19-02-2026 04:00,257
4872,4872,SDC Sokeythang,Sikkim,11,Sikkim,225,GANGTOK DISTRICT,GANGTOK,-,-,Brahmaputra,Brahmaputra,-,-,-,Brahmaputra,27.32444444,88.60250000,19-02-2026 05:00,256.5
4873,4873,SDC Sokeythang,Sikkim,11,Sikkim,225,GANGTOK DISTRICT,GANGTOK,-,-,Brahmaputra,Brahmaputra,-,-,-,Brahmaputra,27.32444444,88.60250000,19-02-2026 06:00,257
4874,4874,SDC Sokeythang,Sikkim,11,Sikkim,225,GANGTOK DISTRICT,GANGTOK,-,-,Brahmaputra,Brahmaputra,-,-,-,Brahmaputra,27.32444444,88.60250000,19-02-2026 11:00,311
4875,4875,SDC Sokeythang,Sikkim,11,Sikkim,225,GANGTOK DISTRICT,GANGTOK,-,-,Brahmaputra,Brahmaputra,-,-,-,Brahmaputra,27.32444444,88.60250000,19-02-2026 17:00,283
4876,4876,SDC Sokeythang,Sikkim,11,Sikkim,225,GANGTOK DISTRICT,GANGTOK,-,-,Brahmaputra,Brahmaputra,-,-,-,Brahmaputra,27.32444444,88.60250000,19-02-2026 23:00,268.5
4877,4877,SDC Sokeythang,Sikkim,11,Sikkim,225,GANGTOK DISTRICT,GANGTOK,-,-,Brahmaputra,Brahmaputra,-,-,-,Brahmaputra,27.32444444,88.60250000,20-02-2026 04:00,259
4878,4878,SDC Sokeythang,Sikkim,11,Sikkim,225,GANGTOK DISTRICT,GANGTOK,-,-,Brahmaputra,Brahmaputra,-,-,-,Brahmaputra,27.32444444,88.60250000,20-02-2026 05:00,257.5
4879,4879,SDC Sokeythang,Sikkim,11,Sikkim,225,GANGTOK DISTRICT,GANGTOK,-,-,Brahmaputra,Brahmaputra,-,-,-,Brahmaputra,27.32444444,88.60250000,20-02-2026 06:00,259.5
4880,4880,SDC Sokeythang,Sikkim,11,Sikkim,225,GANGTOK DISTRICT,GANGTOK,-,-,Brahmaputra,Brahmaputra,-,-,-,Brahmaputra,27.32444444,88.60250000,20-02-2026 10:00,301.5
4881,4881,SDC Sokeythang,Sikkim,11,Sikkim,225,GANGTOK DISTRICT,GANGTOK,-,-,Brahmaputra,Brahmaputra,-,-,-,Brahmaputra,27.32444444,88.60250000,20-02-2026 22:00,268.5
4882,4882,SDC Sokeythang,Sikkim,11,Sikkim,225,GANGTOK DISTRICT,GANGTOK,-,-,Brahmaputra,Brahmaputra,-,-,-,Brahmaputra,27.32444444,88.60250000,21-02-2026 03:00,260.5
4883,4883,SDC Sokeythang,Sikkim,11,Sikkim,225,GANGTOK DISTRICT,GANGTOK,-,-,Brahmaputra,Brahmaputra,-,-,-,Brahmaputra,27.32444444,88.60250000,21-02-2026 04:00,254.5
4884,4884,SDC Sokeythang,Sikkim,11,Sikkim,225,GANGTOK DISTRICT,GANGTOK,-,-,Brahmaputra,Brahmaputra,-,-,-,Brahmaputra,27.32444444,88.60250000,21-02-2026 07:00,265.5
4885,4885,SDC Sokeythang,Sikkim,11,Sikkim,225,GANGTOK DISTRICT,GANGTOK,-,-,Brahmaputra,Brahmaputra,-,-,-,Brahmaputra,27.32444444,88.60250000,21-02-2026 10:00,308.5
4886,4886,SDC Sokeythang,Sikkim,11,Sikkim,225,GANGTOK DISTRICT,GANGTOK,-,-,Brahmaputra,Brahmaputra,-,-,-,Brahmaputra,27.32444444,88.60250000,21-02-2026 15:00,302.5
4887,4887,SDC Sokeythang,Sikkim,11,Sikkim,225,GANGTOK DISTRICT,GANGTOK,-,-,Brahmaputra,Brahmaputra,-,-,-,Brahmaputra,27.32444444,88.60250000,21-02-2026 16:00,297
4888,4888,SDC Sokeythang,Sikkim,11,Sikkim,225,GANGTOK DISTRICT,GANGTOK,-,-,Brahmaputra,Brahmaputra,-,-,-,Brahmaputra,27.32444444,88.60250000,21-02-2026 23:00,273
4889,4889,SDC Sokeythang,Sikkim,11,Sikkim,225,GANGTOK DISTRICT,GANGTOK,-,-,Brahmaputra,Brahmaputra,-,-,-,Brahmaputra,27.32444444,88.60250000,22-02-2026 00:00,271.5
4890,4890,SDC Sokeythang,Sikkim,11,Sikkim,225,GANGTOK DISTRICT,GANGTOK,-,-,Brahmaputra,Brahmaputra,-,-,-,Brahmaputra,27.32444444,88.60250000,22-02-2026 02:00,268
4891,4891,SDC Sokeythang,Sikkim,11,Sikkim,225,GANGTOK DISTRICT,GANGTOK,-,-,Brahmaputra,Brahmaputra,-,-,-,Brahmaputra,27.32444444,88.60250000,22-02-2026 06:00,262
4892,4892,SDC Sokeythang,Sikkim,11,Sikkim,225,GANGTOK DISTRICT,GANGTOK,-,-,Brahmaputra,Brahmaputra,-,-,-,Brahmaputra,27.32444444,88.60250000,22-02-2026 07:00,269
4893,4893,SDC Sokeythang,Sikkim,11,Sikkim,225,GANGTOK DISTRICT,GANGTOK,-,-,Brahmaputra,Brahmaputra,-,-,-,Brahmaputra,27.32444444,88.60250000,22-02-2026 11:00,304
4894,4894,SDC Sokeythang,Sikkim,11,Sikkim,225,GANGTOK DISTRICT,GANGTOK,-,-,Brahmaputra,Brahmaputra,-,-,-,Brahmaputra,27.32444444,88.60250000,22-02-2026 19:00,261
4895,4895,SDC Sokeythang,Sikkim,11,Sikkim,225,GANGTOK DISTRICT,GANGTOK,-,-,Brahmaputra,Brahmaputra,-,-,-,Brahmaputra,27.32444444,88.60250000,23-02-2026 00:00,262.5
4896,4896,SDC Sokeythang,Sikkim,11,Sikkim,225,GANGTOK DISTRICT,GANGTOK,-,-,Brahmaputra,Brahmaputra,-,-,-,Brahmaputra,27.32444444,88.60250000,23-02-2026 08:00,277
4897,4897,SDC Sokeythang,Sikkim,11,Sikkim,225,GANGTOK DISTRICT,GANGTOK,-,-,Brahmaputra,Brahmaputra,-,-,-,Brahmaputra,27.32444444,88.60250000,23-02-2026 10:00,296.5
4898,4898,SDC Sokeythang,Sikkim,11,Sikkim,225,GANGTOK DISTRICT,GANGTOK,-,-,Brahmaputra,Brahmaputra,-,-,-,Brahmaputra,27.32444444,88.60250000,23-02-2026 13:00,296.5
4899,4899,SDC Sokeythang,Sikkim,11,Sikkim,225,GANGTOK DISTRICT,GANGTOK,-,-,Brahmaputra,Brahmaputra,-,-,-,Brahmaputra,27.32444444,88.60250000,23-02-2026 15:00,292.5
4900,4900,SDC Sokeythang,Sikkim,11,Sikkim,225,GANGTOK DISTRICT,GANGTOK,-,-,Brahmaputra,Brahmaputra,-,-,-,Brahmaputra,27.32444444,88.60250000,23-02-2026 17:00,284
4901,4901,SDC Sokeythang,Sikkim,11,Sikkim,225,GANGTOK DISTRICT,GANGTOK,-,-,Brahmaputra,Brahmaputra,-,-,-,Brahmaputra,27.32444444,88.60250000,23-02-2026 23:00,273.5
4902,4902,SDC Sokeythang,Sikkim,11,Sikkim,225,GANGTOK DISTRICT,GANGTOK,-,-,Brahmaputra,Brahmaputra,-,-,-,Brahmaputra,27.32444444,88.60250000,24-02-2026 00:00,272.5
4903,4903,SDC Sokeythang,Sikkim,11,Sikkim,225,GANGTOK DISTRICT,GANGTOK,-,-,Brahmaputra,Brahmaputra,-,-,-,Brahmaputra,27.32444444,88.60250000,24-02-2026 03:00,269.5
4904,4904,SDC Sokeythang,Sikkim,11,Sikkim,225,GANGTOK DISTRICT,GANGTOK,-,-,Brahmaputra,Brahmaputra,-,-,-,Brahmaputra,27.32444444,88.60250000,24-02-2026 07:00,271
4905,4905,SDC Sokeythang,Sikkim,11,Sikkim,225,GANGTOK DISTRICT,GANGTOK,-,-,Brahmaputra,Brahmaputra,-,-,-,Brahmaputra,27.32444444,88.60250000,24-02-2026 08:00,277
4906,4906,SDC Sokeythang,Sikkim,11,Sikkim,225,GANGTOK DISTRICT,GANGTOK,-,-,Brahmaputra,Brahmaputra,-,-,-,Brahmaputra,27.32444444,88.60250000,24-02-2026 11:00,295
4907,4907,SDC Sokeythang,Sikkim,11,Sikkim,225,GANGTOK DISTRICT,GANGTOK,-,-,Brahmaputra,Brahmaputra,-,-,-,Brahmaputra,27.32444444,88.60250000,24-02-2026 13:00,292.5
4908,4908,SDC Sokeythang,Sikkim,11,Sikkim,225,GANGTOK DISTRICT,GANGTOK,-,-,Brahmaputra,Brahmaputra,-,-,-,Brahmaputra,27.32444444,88.60250000,24-02-2026 15:00,1
4909,4909,SDC Sokeythang,Sikkim,11,Sikkim,225,GANGTOK DISTRICT,GANGTOK,-,-,Brahmaputra,Brahmaputra,-,-,-,Brahmaputra,27.32444444,88.60250000,24-02-2026 16:00,259.5
4910,4910,SDC Sokeythang,Sikkim,11,Sikkim,225,GANGTOK DISTRICT,GANGTOK,-,-,Brahmaputra,Brahmaputra,-,-,-,Brahmaputra,27.32444444,88.60250000,24-02-2026 17:00,3
4911,4911,SDC Sokeythang,Sikkim,11,Sikkim,225,GANGTOK DISTRICT,GANGTOK,-,-,Brahmaputra,Brahmaputra,-,-,-,Brahmaputra,27.32444444,88.60250000,19-03-2026 09:00,289
4912,4912,SDC Sokeythang,Sikkim,11,Sikkim,225,GANGTOK DISTRICT,GANGTOK,-,-,Brahmaputra,Brahmaputra,-,-,-,Brahmaputra,27.32444444,88.60250000,19-03-2026 10:00,298
4913,4913,SDC Sokeythang,Sikkim,11,Sikkim,225,GANGTOK DISTRICT,GANGTOK,-,-,Brahmaputra,Brahmaputra,-,-,-,Brahmaputra,27.32444444,88.60250000,19-03-2026 11:00,309
4914,4914,SDC Sokeythang,Sikkim,11,Sikkim,225,GANGTOK DISTRICT,GANGTOK,-,-,Brahmaputra,Brahmaputra,-,-,-,Brahmaputra,27.32444444,88.60250000,19-03-2026 16:00,293.5
4915,4915,SDC Sokeythang,Sikkim,11,Sikkim,225,GANGTOK DISTRICT,GANGTOK,-,-,Brahmaputra,Brahmaputra,-,-,-,Brahmaputra,27.32444444,88.60250000,19-03-2026 17:00,287.5
4916,4916,SDC Sokeythang,Sikkim,11,Sikkim,225,GANGTOK DISTRICT,GANGTOK,-,-,Brahmaputra,Brahmaputra,-,-,-,Brahmaputra,27.32444444,88.60250000,19-03-2026 20:00,279.5
4917,4917,SDC Sokeythang,Sikkim,11,Sikkim,225,GANGTOK DISTRICT,GANGTOK,-,-,Brahmaputra,Brahmaputra,-,-,-,Brahmaputra,27.32444444,88.60250000,19-03-2026 23:00,1.5
4918,4918,SDC Sokeythang,Sikkim,11,Sikkim,225,GANGTOK DISTRICT,GANGTOK,-,-,Brahmaputra,Brahmaputra,-,-,-,Brahmaputra,27.32444444,88.60250000,20-03-2026 00:00,272.5
4919,4919,SDC Sokeythang,Sikkim,11,Sikkim,225,GANGTOK DISTRICT,GANGTOK,-,-,Brahmaputra,Brahmaputra,-,-,-,Brahmaputra,27.32444444,88.60250000,20-03-2026 01:00,0.5
4920,4920,SDC Sokeythang,Sikkim,11,Sikkim,225,GANGTOK DISTRICT,GANGTOK,-,-,Brahmaputra,Brahmaputra,-,-,-,Brahmaputra,27.32444444,88.60250000,20-03-2026 02:00,0.5
4921,4921,SDC Sokeythang,Sikkim,11,Sikkim,225,GANGTOK DISTRICT,GANGTOK,-,-,Brahmaputra,Brahmaputra,-,-,-,Brahmaputra,27.32444444,88.60250000,20-03-2026 06:00,0.5
4922,4922,SDC Sokeythang,Sikkim,11,Sikkim,225,GANGTOK DISTRICT,GANGTOK,-,-,Brahmaputra,Brahmaputra,-,-,-,Brahmaputra,27.32444444,88.60250000,20-03-2026 07:00,271
4923,4923,SDC Sokeythang,Sikkim,11,Sikkim,225,GANGTOK DISTRICT,GANGTOK,-,-,Brahmaputra,Brahmaputra,-,-,-,Brahmaputra,27.32444444,88.60250000,20-03-2026 09:00,288.5
4924,4924,SDC Sokeythang,Sikkim,11,Sikkim,225,GANGTOK DISTRICT,GANGTOK,-,-,Brahmaputra,Brahmaputra,-,-,-,Brahmaputra,27.32444444,88.60250000,20-03-2026 10:00,300
4925,4925,SDC Sokeythang,Sikkim,11,Sikkim,225,GANGTOK DISTRICT,GANGTOK,-,-,Brahmaputra,Brahmaputra,-,-,-,Brahmaputra,27.32444444,88.60250000,20-03-2026 13:00,299
4926,4926,SDC Sokeythang,Sikkim,11,Sikkim,225,GANGTOK DISTRICT,GANGTOK,-,-,Brahmaputra,Brahmaputra,-,-,-,Brahmaputra,27.32444444,88.60250000,20-03-2026 16:00,291.5
4927,4927,SDC Sokeythang,Sikkim,11,Sikkim,225,GANGTOK DISTRICT,GANGTOK,-,-,Brahmaputra,Brahmaputra,-,-,-,Brahmaputra,27.32444444,88.60250000,20-03-2026 22:00,257.5
4928,4928,SDC Sokeythang,Sikkim,11,Sikkim,225,GANGTOK DISTRICT,GANGTOK,-,-,Brahmaputra,Brahmaputra,-,-,-,Brahmaputra,27.32444444,88.60250000,20-03-2026 23:00,259
4929,4929,SDC Sokeythang,Sikkim,11,Sikkim,225,GANGTOK DISTRICT,GANGTOK,-,-,Brahmaputra,Brahmaputra,-,-,-,Brahmaputra,27.32444444,88.60250000,21-03-2026 00:00,260
4930,4930,SDC Sokeythang,Sikkim,11,Sikkim,225,GANGTOK DISTRICT,GANGTOK,-,-,Brahmaputra,Brahmaputra,-,-,-,Brahmaputra,27.32444444,88.60250000,21-03-2026 01:00,258
4931,4931,SDC Sokeythang,Sikkim,11,Sikkim,225,GANGTOK DISTRICT,GANGTOK,-,-,Brahmaputra,Brahmaputra,-,-,-,Brahmaputra,27.32444444,88.60250000,21-03-2026 03:00,3.5
4932,4932,SDC Sokeythang,Sikkim,11,Sikkim,225,GANGTOK DISTRICT,GANGTOK,-,-,Brahmaputra,Brahmaputra,-,-,-,Brahmaputra,27.32444444,88.60250000,21-03-2026 04:00,2
4933,4933,SDC Sokeythang,Sikkim,11,Sikkim,225,GANGTOK DISTRICT,GANGTOK,-,-,Brahmaputra,Brahmaputra,-,-,-,Brahmaputra,27.32444444,88.60250000,21-03-2026 06:00,257
4934,4934,SDC Sokeythang,Sikkim,11,Sikkim,225,GANGTOK DISTRICT,GANGTOK,-,-,Brahmaputra,Brahmaputra,-,-,-,Brahmaputra,27.32444444,88.60250000,21-03-2026 07:00,0.5
4935,4935,SDC Sokeythang,Sikkim,11,Sikkim,225,GANGTOK DISTRICT,GANGTOK,-,-,Brahmaputra,Brahmaputra,-,-,-,Brahmaputra,27.32444444,88.60250000,21-03-2026 08:00,0.5
4936,4936,SDC Sokeythang,Sikkim,11,Sikkim,225,GANGTOK DISTRICT,GANGTOK,-,-,Brahmaputra,Brahmaputra,-,-,-,Brahmaputra,27.32444444,88.60250000,21-03-2026 11:00,259.5
4937,4937,SDC Sokeythang,Sikkim,11,Sikkim,225,GANGTOK DISTRICT,GANGTOK,-,-,Brahmaputra,Brahmaputra,-,-,-,Brahmaputra,27.32444444,88.60250000,21-03-2026 15:00,2
4938,4938,SDC Sokeythang,Sikkim,11,Sikkim,225,GANGTOK DISTRICT,GANGTOK,-,-,Brahmaputra,Brahmaputra,-,-,-,Brahmaputra,27.32444444,88.60250000,21-03-2026 16:00,258
4939,4939,SDC Sokeythang,Sikkim,11,Sikkim,225,GANGTOK DISTRICT,GANGTOK,-,-,Brahmaputra,Brahmaputra,-,-,-,Brahmaputra,27.32444444,88.60250000,21-03-2026 17:00,2
4940,4940,SDC Sokeythang,Sikkim,11,Sikkim,225,GANGTOK DISTRICT,GANGTOK,-,-,Brahmaputra,Brahmaputra,-,-,-,Brahmaputra,27.32444444,88.60250000,21-03-2026 18:00,0.5
4941,4941,SDC Sokeythang,Sikkim,11,Sikkim,225,GANGTOK DISTRICT,GANGTOK,-,-,Brahmaputra,Brahmaputra,-,-,-,Brahmaputra,27.32444444,88.60250000,21-03-2026 19:00,257
4942,4942,SDC Sokeythang,Sikkim,11,Sikkim,225,GANGTOK DISTRICT,GANGTOK,-,-,Brahmaputra,Brahmaputra,-,-,-,Brahmaputra,27.32444444,88.60250000,21-03-2026 20:00,0.5
4943,4943,SDC Sokeythang,Sikkim,11,Sikkim,225,GANGTOK DISTRICT,GANGTOK,-,-,Brahmaputra,Brahmaputra,-,-,-,Brahmaputra,27.32444444,88.60250000,21-03-2026 21:00,256
4944,4944,SDC Sokeythang,Sikkim,11,Sikkim,225,GANGTOK DISTRICT,GANGTOK,-,-,Brahmaputra,Brahmaputra,-,-,-,Brahmaputra,27.32444444,88.60250000,21-03-2026 22:00,253.5
4945,4945,SDC Sokeythang,Sikkim,11,Sikkim,225,GANGTOK DISTRICT,GANGTOK,-,-,Brahmaputra,Brahmaputra,-,-,-,Brahmaputra,27.32444444,88.60250000,22-03-2026 01:00,249.5
4946,4946,SDC Sokeythang,Sikkim,11,Sikkim,225,GANGTOK DISTRICT,GANGTOK,-,-,Brahmaputra,Brahmaputra,-,-,-,Brahmaputra,27.32444444,88.60250000,23-03-2026 13:00,297.5
4947,4947,SDC Sokeythang,Sikkim,11,Sikkim,225,GANGTOK DISTRICT,GANGTOK,-,-,Brahmaputra,Brahmaputra,-,-,-,Brahmaputra,27.32444444,88.60250000,23-03-2026 14:00,294.5
4948,4948,SDC Sokeythang,Sikkim,11,Sikkim,225,GANGTOK DISTRICT,GANGTOK,-,-,Brahmaputra,Brahmaputra,-,-,-,Brahmaputra,27.32444444,88.60250000,23-03-2026 19:00,277
4949,4949,SDC Sokeythang,Sikkim,11,Sikkim,225,GANGTOK DISTRICT,GANGTOK,-,-,Brahmaputra,Brahmaputra,-,-,-,Brahmaputra,27.32444444,88.60250000,23-03-2026 21:00,270
4950,4950,SDC Sokeythang,Sikkim,11,Sikkim,225,GANGTOK DISTRICT,GANGTOK,-,-,Brahmaputra,Brahmaputra,-,-,-,Brahmaputra,27.32444444,88.60250000,23-03-2026 22:00,5.5
4951,4951,SDC Sokeythang,Sikkim,11,Sikkim,225,GANGTOK DISTRICT,GANGTOK,-,-,Brahmaputra,Brahmaputra,-,-,-,Brahmaputra,27.32444444,88.60250000,24-03-2026 03:00,268
4952,4952,SDC Sokeythang,Sikkim,11,Sikkim,225,GANGTOK DISTRICT,GANGTOK,-,-,Brahmaputra,Brahmaputra,-,-,-,Brahmaputra,27.32444444,88.60250000,24-03-2026 07:00,268.5
4953,4953,SDC Sokeythang,Sikkim,11,Sikkim,225,GANGTOK DISTRICT,GANGTOK,-,-,Brahmaputra,Brahmaputra,-,-,-,Brahmaputra,27.32444444,88.60250000,24-03-2026 12:00,281
4954,4954,SDC Sokeythang,Sikkim,11,Sikkim,225,GANGTOK DISTRICT,GANGTOK,-,-,Brahmaputra,Brahmaputra,-,-,-,Brahmaputra,27.32444444,88.60250000,24-03-2026 17:00,262.5
4955,4955,SDC Sokeythang,Sikkim,11,Sikkim,225,GANGTOK DISTRICT,GANGTOK,-,-,Brahmaputra,Brahmaputra,-,-,-,Brahmaputra,27.32444444,88.60250000,24-03-2026 18:00,262.5
4956,4956,SDC Sokeythang,Sikkim,11,Sikkim,225,GANGTOK DISTRICT,GANGTOK,-,-,Brahmaputra,Brahmaputra,-,-,-,Brahmaputra,27.32444444,88.60250000,24-03-2026 19:00,262
4957,4957,SDC Sokeythang,Sikkim,11,Sikkim,225,GANGTOK DISTRICT,GANGTOK,-,-,Brahmaputra,Brahmaputra,-,-,-,Brahmaputra,27.32444444,88.60250000,24-03-2026 20:00,3
4958,4958,SDC Sokeythang,Sikkim,11,Sikkim,225,GANGTOK DISTRICT,GANGTOK,-,-,Brahmaputra,Brahmaputra,-,-,-,Brahmaputra,27.32444444,88.60250000,24-03-2026 21:00,1
4959,4959,SDC Sokeythang,Sikkim,11,Sikkim,225,GANGTOK DISTRICT,GANGTOK,-,-,Brahmaputra,Brahmaputra,-,-,-,Brahmaputra,27.32444444,88.60250000,25-03-2026 05:00,255
4960,4960,SDC Sokeythang,Sikkim,11,Sikkim,225,GANGTOK DISTRICT,GANGTOK,-,-,Brahmaputra,Brahmaputra,-,-,-,Brahmaputra,27.32444444,88.60250000,25-03-2026 10:00,9
4961,4961,SDC Sokeythang,Sikkim,11,Sikkim,225,GANGTOK DISTRICT,GANGTOK,-,-,Brahmaputra,Brahmaputra,-,-,-,Brahmaputra,27.32444444,88.60250000,17-04-2026 13:00,315
4962,4962,SDC Sokeythang,Sikkim,11,Sikkim,225,GANGTOK DISTRICT,GANGTOK,-,-,Brahmaputra,Brahmaputra,-,-,-,Brahmaputra,27.32444444,88.60250000,17-04-2026 23:00,0.5
4963,4963,SDC Sokeythang,Sikkim,11,Sikkim,225,GANGTOK DISTRICT,GANGTOK,-,-,Brahmaputra,Brahmaputra,-,-,-,Brahmaputra,27.32444444,88.60250000,18-04-2026 00:00,0.5
4964,4964,SDC Sokeythang,Sikkim,11,Sikkim,225,GANGTOK DISTRICT,GANGTOK,-,-,Brahmaputra,Brahmaputra,-,-,-,Brahmaputra,27.32444444,88.60250000,18-04-2026 01:00,1.5
4965,4965,SDC Sokeythang,Sikkim,11,Sikkim,225,GANGTOK DISTRICT,GANGTOK,-,-,Brahmaputra,Brahmaputra,-,-,-,Brahmaputra,27.32444444,88.60250000,18-04-2026 02:00,3.5
4966,4966,SDC Sokeythang,Sikkim,11,Sikkim,225,GANGTOK DISTRICT,GANGTOK,-,-,Brahmaputra,Brahmaputra,-,-,-,Brahmaputra,27.32444444,88.60250000,18-04-2026 03:00,7.5
4967,4967,SDC Sokeythang,Sikkim,11,Sikkim,225,GANGTOK DISTRICT,GANGTOK,-,-,Brahmaputra,Brahmaputra,-,-,-,Brahmaputra,27.32444444,88.60250000,18-04-2026 04:00,6
4968,4968,SDC Sokeythang,Sikkim,11,Sikkim,225,GANGTOK DISTRICT,GANGTOK,-,-,Brahmaputra,Brahmaputra,-,-,-,Brahmaputra,27.32444444,88.60250000,18-04-2026 05:00,4.5
4969,4969,SDC Sokeythang,Sikkim,11,Sikkim,225,GANGTOK DISTRICT,GANGTOK,-,-,Brahmaputra,Brahmaputra,-,-,-,Brahmaputra,27.32444444,88.60250000,18-04-2026 06:00,282.5
4970,4970,SDC Sokeythang,Sikkim,11,Sikkim,225,GANGTOK DISTRICT,GANGTOK,-,-,Brahmaputra,Brahmaputra,-,-,-,Brahmaputra,27.32444444,88.60250000,18-04-2026 07:00,0.5
4971,4971,SDC Sokeythang,Sikkim,11,Sikkim,225,GANGTOK DISTRICT,GANGTOK,-,-,Brahmaputra,Brahmaputra,-,-,-,Brahmaputra,27.32444444,88.60250000,18-04-2026 08:00,3
4972,4972,SDC Sokeythang,Sikkim,11,Sikkim,225,GANGTOK DISTRICT,GANGTOK,-,-,Brahmaputra,Brahmaputra,-,-,-,Brahmaputra,27.32444444,88.60250000,18-04-2026 09:00,3
4973,4973,SDC Sokeythang,Sikkim,11,Sikkim,225,GANGTOK DISTRICT,GANGTOK,-,-,Brahmaputra,Brahmaputra,-,-,-,Brahmaputra,27.32444444,88.60250000,19-04-2026 02:00,1
4974,4974,SDC Sokeythang,Sikkim,11,Sikkim,225,GANGTOK DISTRICT,GANGTOK,-,-,Brahmaputra,Brahmaputra,-,-,-,Brahmaputra,27.32444444,88.60250000,19-04-2026 03:00,7
4975,4975,SDC Sokeythang,Sikkim,11,Sikkim,225,GANGTOK DISTRICT,GANGTOK,-,-,Brahmaputra,Brahmaputra,-,-,-,Brahmaputra,27.32444444,88.60250000,19-04-2026 04:00,2
4976,4976,SDC Sokeythang,Sikkim,11,Sikkim,225,GANGTOK DISTRICT,GANGTOK,-,-,Brahmaputra,Brahmaputra,-,-,-,Brahmaputra,27.32444444,88.60250000,19-04-2026 20:00,296
4977,4977,SDC Sokeythang,Sikkim,11,Sikkim,225,GANGTOK DISTRICT,GANGTOK,-,-,Brahmaputra,Brahmaputra,-,-,-,Brahmaputra,27.32444444,88.60250000,21-04-2026 08:00,310.5
4978,4978,SDC Sokeythang,Sikkim,11,Sikkim,225,GANGTOK DISTRICT,GANGTOK,-,-,Brahmaputra,Brahmaputra,-,-,-,Brahmaputra,27.32444444,88.60250000,21-04-2026 17:00,12
4979,4979,SDC Sokeythang,Sikkim,11,Sikkim,225,GANGTOK DISTRICT,GANGTOK,-,-,Brahmaputra,Brahmaputra,-,-,-,Brahmaputra,27.32444444,88.60250000,21-04-2026 18:00,2.5
4980,4980,SDC Sokeythang,Sikkim,11,Sikkim,225,GANGTOK DISTRICT,GANGTOK,-,-,Brahmaputra,Brahmaputra,-,-,-,Brahmaputra,27.32444444,88.60250000,23-04-2026 09:00,319
4981,4981,SDC Sokeythang,Sikkim,11,Sikkim,225,GANGTOK DISTRICT,GANGTOK,-,-,Brahmaputra,Brahmaputra,-,-,-,Brahmaputra,27.32444444,88.60250000,24-04-2026 21:00,306.5
4982,4982,SDC Sokeythang,Sikkim,11,Sikkim,225,GANGTOK DISTRICT,GANGTOK,-,-,Brahmaputra,Brahmaputra,-,-,-,Brahmaputra,27.32444444,88.60250000,24-04-2026 23:00,6
4983,4983,SDC Sokeythang,Sikkim,11,Sikkim,225,GANGTOK DISTRICT,GANGTOK,-,-,Brahmaputra,Brahmaputra,-,-,-,Brahmaputra,27.32444444,88.60250000,25-04-2026 00:00,20.5
4984,4984,SDC Sokeythang,Sikkim,11,Sikkim,225,GANGTOK DISTRICT,GANGTOK,-,-,Brahmaputra,Brahmaputra,-,-,-,Brahmaputra,27.32444444,88.60250000,25-04-2026 01:00,32
4985,4985,SDC Sokeythang,Sikkim,11,Sikkim,225,GANGTOK DISTRICT,GANGTOK,-,-,Brahmaputra,Brahmaputra,-,-,-,Brahmaputra,27.32444444,88.60250000,25-04-2026 02:00,1
4986,4986,SDC Sokeythang,Sikkim,11,Sikkim,225,GANGTOK DISTRICT,GANGTOK,-,-,Brahmaputra,Brahmaputra,-,-,-,Brahmaputra,27.32444444,88.60250000,25-04-2026 19:00,290.5
4987,4987,SDC Sokeythang,Sikkim,11,Sikkim,225,GANGTOK DISTRICT,GANGTOK,-,-,Brahmaputra,Brahmaputra,-,-,-,Brahmaputra,27.32444444,88.60250000,26-04-2026 17:00,286.5
4988,4988,SDC Sokeythang,Sikkim,11,Sikkim,225,GANGTOK DISTRICT,GANGTOK,-,-,Brahmaputra,Brahmaputra,-,-,-,Brahmaputra,27.32444444,88.60250000,27-04-2026 09:00,304.5
4989,4989,SDC Sokeythang,Sikkim,11,Sikkim,225,GANGTOK DISTRICT,GANGTOK,-,-,Brahmaputra,Brahmaputra,-,-,-,Brahmaputra,27.32444444,88.60250000,28-04-2026 05:00,283
4990,4990,SDC Sokeythang,Sikkim,11,Sikkim,225,GANGTOK DISTRICT,GANGTOK,-,-,Brahmaputra,Brahmaputra,-,-,-,Brahmaputra,27.32444444,88.60250000,28-04-2026 19:00,8
4991,4991,SDC Sokeythang,Sikkim,11,Sikkim,225,GANGTOK DISTRICT,GANGTOK,-,-,Brahmaputra,Brahmaputra,-,-,-,Brahmaputra,27.32444444,88.60250000,28-04-2026 20:00,279.5
4992,4992,SDC Sokeythang,Sikkim,11,Sikkim,225,GANGTOK DISTRICT,GANGTOK,-,-,Brahmaputra,Brahmaputra,-,-,-,Brahmaputra,27.32444444,88.60250000,28-04-2026 21:00,10.5
4993,4993,SDC Sokeythang,Sikkim,11,Sikkim,225,GANGTOK DISTRICT,GANGTOK,-,-,Brahmaputra,Brahmaputra,-,-,-,Brahmaputra,27.32444444,88.60250000,28-04-2026 22:00,11
4994,4994,SDC Sokeythang,Sikkim,11,Sikkim,225,GANGTOK DISTRICT,GANGTOK,-,-,Brahmaputra,Brahmaputra,-,-,-,Brahmaputra,27.32444444,88.60250000,28-04-2026 23:00,3
4995,4995,SDC Sokeythang,Sikkim,11,Sikkim,225,GANGTOK DISTRICT,GANGTOK,-,-,Brahmaputra,Brahmaputra,-,-,-,Brahmaputra,27.32444444,88.60250000,29-04-2026 00:00,2.5
4996,4996,SDC Sokeythang,Sikkim,11,Sikkim,225,GANGTOK DISTRICT,GANGTOK,-,-,Brahmaputra,Brahmaputra,-,-,-,Brahmaputra,27.32444444,88.60250000,29-04-2026 01:00,2.5
4997,4997,SDC Sokeythang,Sikkim,11,Sikkim,225,GANGTOK DISTRICT,GANGTOK,-,-,Brahmaputra,Brahmaputra,-,-,-,Brahmaputra,27.32444444,88.60250000,29-04-2026 03:00,0.5
4998,4998,SDC Sokeythang,Sikkim,11,Sikkim,225,GANGTOK DISTRICT,GANGTOK,-,-,Brahmaputra,Brahmaputra,-,-,-,Brahmaputra,27.32444444,88.60250000,29-04-2026 04:00,5
4999,4999,SDC Sokeythang,Sikkim,11,Sikkim,225,GANGTOK DISTRICT,GANGTOK,-,-,Brahmaputra,Brahmaputra,-,-,-,Brahmaputra,27.32444444,88.60250000,29-04-2026 13:00,287.5
5000,5000,SDC Sokeythang,Sikkim,11,Sikkim,225,GANGTOK DISTRICT,GANGTOK,-,-,Brahmaputra,Brahmaputra,-,-,-,Brahmaputra,27.32444444,88.60250000,29-04-2026 16:00,1
5001,5001,SDC Sokeythang,Sikkim,11,Sikkim,225,GANGTOK DISTRICT,GANGTOK,-,-,Brahmaputra,Brahmaputra,-,-,-,Brahmaputra,27.32444444,88.60250000,29-04-2026 17:00,13
5002,5002,SDC Sokeythang,Sikkim,11,Sikkim,225,GANGTOK DISTRICT,GANGTOK,-,-,Brahmaputra,Brahmaputra,-,-,-,Brahmaputra,27.32444444,88.60250000,29-04-2026 18:00,0.5
5003,5003,SDC Sokeythang,Sikkim,11,Sikkim,225,GANGTOK DISTRICT,GANGTOK,-,-,Brahmaputra,Brahmaputra,-,-,-,Brahmaputra,27.32444444,88.60250000,29-04-2026 19:00,8
5004,5004,SDC Sokeythang,Sikkim,11,Sikkim,225,GANGTOK DISTRICT,GANGTOK,-,-,Brahmaputra,Brahmaputra,-,-,-,Brahmaputra,27.32444444,88.60250000,29-04-2026 20:00,5
5005,5005,SDC Sokeythang,Sikkim,11,Sikkim,225,GANGTOK DISTRICT,GANGTOK,-,-,Brahmaputra,Brahmaputra,-,-,-,Brahmaputra,27.32444444,88.60250000,29-04-2026 21:00,0.5
5006,5006,SDC Sokeythang,Sikkim,11,Sikkim,225,GANGTOK DISTRICT,GANGTOK,-,-,Brahmaputra,Brahmaputra,-,-,-,Brahmaputra,27.32444444,88.60250000,29-04-2026 23:00,0.5
5007,5007,SDC Sokeythang,Sikkim,11,Sikkim,225,GANGTOK DISTRICT,GANGTOK,-,-,Brahmaputra,Brahmaputra,-,-,-,Brahmaputra,27.32444444,88.60250000,30-04-2026 00:00,0.5
5008,5008,SDC Sokeythang,Sikkim,11,Sikkim,225,GANGTOK DISTRICT,GANGTOK,-,-,Brahmaputra,Brahmaputra,-,-,-,Brahmaputra,27.32444444,88.60250000,30-04-2026 06:00,271.5
5009,5009,SDC Sokeythang,Sikkim,11,Sikkim,225,GANGTOK DISTRICT,GANGTOK,-,-,Brahmaputra,Brahmaputra,-,-,-,Brahmaputra,27.32444444,88.60250000,30-04-2026 07:00,272.5
5010,5010,SDC Sokeythang,Sikkim,11,Sikkim,225,GANGTOK DISTRICT,GANGTOK,-,-,Brahmaputra,Brahmaputra,-,-,-,Brahmaputra,27.32444444,88.60250000,30-04-2026 08:00,273
5011,5011,SDC Sokeythang,Sikkim,11,Sikkim,225,GANGTOK DISTRICT,GANGTOK,-,-,Brahmaputra,Brahmaputra,-,-,-,Brahmaputra,27.32444444,88.60250000,30-04-2026 09:00,276
5012,5012,SDC Sokeythang,Sikkim,11,Sikkim,225,GANGTOK DISTRICT,GANGTOK,-,-,Brahmaputra,Brahmaputra,-,-,-,Brahmaputra,27.32444444,88.60250000,30-04-2026 10:00,278
5013,5013,SDC Sokeythang,Sikkim,11,Sikkim,225,GANGTOK DISTRICT,GANGTOK,-,-,Brahmaputra,Brahmaputra,-,-,-,Brahmaputra,27.32444444,88.60250000,30-04-2026 11:00,283.5
5014,5014,SDC Sokeythang,Sikkim,11,Sikkim,225,GANGTOK DISTRICT,GANGTOK,-,-,Brahmaputra,Brahmaputra,-,-,-,Brahmaputra,27.32444444,88.60250000,30-04-2026 12:00,293
5015,5015,SDC Sokeythang,Sikkim,11,Sikkim,225,GANGTOK DISTRICT,GANGTOK,-,-,Brahmaputra,Brahmaputra,-,-,-,Brahmaputra,27.32444444,88.60250000,30-04-2026 13:00,291
5016,5016,SDC Sokeythang,Sikkim,11,Sikkim,225,GANGTOK DISTRICT,GANGTOK,-,-,Brahmaputra,Brahmaputra,-,-,-,Brahmaputra,27.32444444,88.60250000,30-04-2026 14:00,295.5
5017,5017,SDC Sokeythang,Sikkim,11,Sikkim,225,GANGTOK DISTRICT,GANGTOK,-,-,Brahmaputra,Brahmaputra,-,-,-,Brahmaputra,27.32444444,88.60250000,30-04-2026 15:00,288
5018,5018,SDC Sokeythang,Sikkim,11,Sikkim,225,GANGTOK DISTRICT,GANGTOK,-,-,Brahmaputra,Brahmaputra,-,-,-,Brahmaputra,27.32444444,88.60250000,30-04-2026 16:00,284.5
5019,5019,SDC Sokeythang,Sikkim,11,Sikkim,225,GANGTOK DISTRICT,GANGTOK,-,-,Brahmaputra,Brahmaputra,-,-,-,Brahmaputra,27.32444444,88.60250000,30-04-2026 17:00,281
5020,5020,SDC Sokeythang,Sikkim,11,Sikkim,225,GANGTOK DISTRICT,GANGTOK,-,-,Brahmaputra,Brahmaputra,-,-,-,Brahmaputra,27.32444444,88.60250000,30-04-2026 18:00,280
5021,5021,SDC Sokeythang,Sikkim,11,Sikkim,225,GANGTOK DISTRICT,GANGTOK,-,-,Brahmaputra,Brahmaputra,-,-,-,Brahmaputra,27.32444444,88.60250000,30-04-2026 19:00,280.5
5022,5022,SDC Sokeythang,Sikkim,11,Sikkim,225,GANGTOK DISTRICT,GANGTOK,-,-,Brahmaputra,Brahmaputra,-,-,-,Brahmaputra,27.32444444,88.60250000,30-04-2026 20:00,279
5023,5023,SDC Sokeythang,Sikkim,11,Sikkim,225,GANGTOK DISTRICT,GANGTOK,-,-,Brahmaputra,Brahmaputra,-,-,-,Brahmaputra,27.32444444,88.60250000,30-04-2026 21:00,278
5024,5024,SDC Sokeythang,Sikkim,11,Sikkim,225,GANGTOK DISTRICT,GANGTOK,-,-,Brahmaputra,Brahmaputra,-,-,-,Brahmaputra,27.32444444,88.60250000,30-04-2026 22:00,277.5
5025,5025,SDC Sokeythang,Sikkim,11,Sikkim,225,GANGTOK DISTRICT,GANGTOK,-,-,Brahmaputra,Brahmaputra,-,-,-,Brahmaputra,27.32444444,88.60250000,30-04-2026 23:00,276.5
5026,5026,SDC Sokeythang,Sikkim,11,Sikkim,225,GANGTOK DISTRICT,GANGTOK,-,-,Brahmaputra,Brahmaputra,-,-,-,Brahmaputra,27.32444444,88.60250000,01-05-2026 00:00,277
5027,5027,SDC Sokeythang,Sikkim,11,Sikkim,225,GANGTOK DISTRICT,GANGTOK,-,-,Brahmaputra,Brahmaputra,-,-,-,Brahmaputra,27.32444444,88.60250000,01-05-2026 01:00,276
5028,5028,SDC Sokeythang,Sikkim,11,Sikkim,225,GANGTOK DISTRICT,GANGTOK,-,-,Brahmaputra,Brahmaputra,-,-,-,Brahmaputra,27.32444444,88.60250000,01-05-2026 02:00,275.5
5029,5029,SDC Sokeythang,Sikkim,11,Sikkim,225,GANGTOK DISTRICT,GANGTOK,-,-,Brahmaputra,Brahmaputra,-,-,-,Brahmaputra,27.32444444,88.60250000,01-05-2026 03:00,275.5
5030,5030,SDC Sokeythang,Sikkim,11,Sikkim,225,GANGTOK DISTRICT,GANGTOK,-,-,Brahmaputra,Brahmaputra,-,-,-,Brahmaputra,27.32444444,88.60250000,01-05-2026 04:00,274.5
5031,5031,SDC Sokeythang,Sikkim,11,Sikkim,225,GANGTOK DISTRICT,GANGTOK,-,-,Brahmaputra,Brahmaputra,-,-,-,Brahmaputra,27.32444444,88.60250000,01-05-2026 05:00,275
5032,5032,SDC Sokeythang,Sikkim,11,Sikkim,225,GANGTOK DISTRICT,GANGTOK,-,-,Brahmaputra,Brahmaputra,-,-,-,Brahmaputra,27.32444444,88.60250000,01-05-2026 06:00,275.5
5033,5033,SDC Sokeythang,Sikkim,11,Sikkim,225,GANGTOK DISTRICT,GANGTOK,-,-,Brahmaputra,Brahmaputra,-,-,-,Brahmaputra,27.32444444,88.60250000,01-05-2026 07:00,281
5034,5034,SDC Sokeythang,Sikkim,11,Sikkim,225,GANGTOK DISTRICT,GANGTOK,-,-,Brahmaputra,Brahmaputra,-,-,-,Brahmaputra,27.32444444,88.60250000,01-05-2026 08:00,289
5035,5035,SDC Sokeythang,Sikkim,11,Sikkim,225,GANGTOK DISTRICT,GANGTOK,-,-,Brahmaputra,Brahmaputra,-,-,-,Brahmaputra,27.32444444,88.60250000,01-05-2026 09:00,298
5036,5036,SDC Sokeythang,Sikkim,11,Sikkim,225,GANGTOK DISTRICT,GANGTOK,-,-,Brahmaputra,Brahmaputra,-,-,-,Brahmaputra,27.32444444,88.60250000,01-05-2026 11:00,311.5
5037,5037,SDC Sokeythang,Sikkim,11,Sikkim,225,GANGTOK DISTRICT,GANGTOK,-,-,Brahmaputra,Brahmaputra,-,-,-,Brahmaputra,27.32444444,88.60250000,01-05-2026 15:00,1
5038,5038,SDC Sokeythang,Sikkim,11,Sikkim,225,GANGTOK DISTRICT,GANGTOK,-,-,Brahmaputra,Brahmaputra,-,-,-,Brahmaputra,27.32444444,88.60250000,01-05-2026 22:00,277
5039,5039,SDC Sokeythang,Sikkim,11,Sikkim,225,GANGTOK DISTRICT,GANGTOK,-,-,Brahmaputra,Brahmaputra,-,-,-,Brahmaputra,27.32444444,88.60250000,02-05-2026 00:00,275.5
5040,5040,SDC Sokeythang,Sikkim,11,Sikkim,225,GANGTOK DISTRICT,GANGTOK,-,-,Brahmaputra,Brahmaputra,-,-,-,Brahmaputra,27.32444444,88.60250000,02-05-2026 01:00,276
5041,5041,SDC Sokeythang,Sikkim,11,Sikkim,225,GANGTOK DISTRICT,GANGTOK,-,-,Brahmaputra,Brahmaputra,-,-,-,Brahmaputra,27.32444444,88.60250000,02-05-2026 03:00,274
5042,5042,SDC Sokeythang,Sikkim,11,Sikkim,225,GANGTOK DISTRICT,GANGTOK,-,-,Brahmaputra,Brahmaputra,-,-,-,Brahmaputra,27.32444444,88.60250000,22-08-2026 16:00,20.5
5043,5043,SDC Sokeythang,Sikkim,11,Sikkim,225,GANGTOK DISTRICT,GANGTOK,-,-,Brahmaputra,Brahmaputra,-,-,-,Brahmaputra,27.32444444,88.60250000,22-08-2026 17:00,3
5044,5044,SDC Sokeythang,Sikkim,11,Sikkim,225,GANGTOK DISTRICT,GANGTOK,-,-,Brahmaputra,Brahmaputra,-,-,-,Brahmaputra,27.32444444,88.60250000,22-08-2026 18:00,0.5
5045,5045,SDC Sokeythang,Sikkim,11,Sikkim,225,GANGTOK DISTRICT,GANGTOK,-,-,Brahmaputra,Brahmaputra,-,-,-,Brahmaputra,27.32444444,88.60250000,22-08-2026 23:00,6.5
5046,5046,SDC Sokeythang,Sikkim,11,Sikkim,225,GANGTOK DISTRICT,GANGTOK,-,-,Brahmaputra,Brahmaputra,-,-,-,Brahmaputra,27.32444444,88.60250000,23-08-2026 00:00,5.5
5047,5047,SDC Sokeythang,Sikkim,11,Sikkim,225,GANGTOK DISTRICT,GANGTOK,-,-,Brahmaputra,Brahmaputra,-,-,-,Brahmaputra,27.32444444,88.60250000,23-08-2026 01:00,6
5048,5048,SDC Sokeythang,Sikkim,11,Sikkim,225,GANGTOK DISTRICT,GANGTOK,-,-,Brahmaputra,Brahmaputra,-,-,-,Brahmaputra,27.32444444,88.60250000,23-08-2026 02:00,0.5
5049,5049,SDC Sokeythang,Sikkim,11,Sikkim,225,GANGTOK DISTRICT,GANGTOK,-,-,Brahmaputra,Brahmaputra,-,-,-,Brahmaputra,27.32444444,88.60250000,23-08-2026 08:00,0.5
5050,5050,SDC Sokeythang,Sikkim,11,Sikkim,225,GANGTOK DISTRICT,GANGTOK,-,-,Brahmaputra,Brahmaputra,-,-,-,Brahmaputra,27.32444444,88.60250000,23-08-2026 09:00,18
5051,5051,SDC Sokeythang,Sikkim,11,Sikkim,225,GANGTOK DISTRICT,GANGTOK,-,-,Brahmaputra,Brahmaputra,-,-,-,Brahmaputra,27.32444444,88.60250000,23-08-2026 10:00,46.5
5052,5052,SDC Sokeythang,Sikkim,11,Sikkim,225,GANGTOK DISTRICT,GANGTOK,-,-,Brahmaputra,Brahmaputra,-,-,-,Brahmaputra,27.32444444,88.60250000,23-08-2026 11:00,134
5053,5053,SDC Sokeythang,Sikkim,11,Sikkim,225,GANGTOK DISTRICT,GANGTOK,-,-,Brahmaputra,Brahmaputra,-,-,-,Brahmaputra,27.32444444,88.60250000,23-08-2026 12:00,425.5
5054,5054,SDC Sokeythang,Sikkim,11,Sikkim,225,GANGTOK DISTRICT,GANGTOK,-,-,Brahmaputra,Brahmaputra,-,-,-,Brahmaputra,27.32444444,88.60250000,23-08-2026 13:00,154.5
5055,5055,SDC Sokeythang,Sikkim,11,Sikkim,225,GANGTOK DISTRICT,GANGTOK,-,-,Brahmaputra,Brahmaputra,-,-,-,Brahmaputra,27.32444444,88.60250000,23-08-2026 14:00,88
5056,5056,SDC Sokeythang,Sikkim,11,Sikkim,225,GANGTOK DISTRICT,GANGTOK,-,-,Brahmaputra,Brahmaputra,-,-,-,Brahmaputra,27.32444444,88.60250000,23-08-2026 15:00,197
5057,5057,SDC Sokeythang,Sikkim,11,Sikkim,225,GANGTOK DISTRICT,GANGTOK,-,-,Brahmaputra,Brahmaputra,-,-,-,Brahmaputra,27.32444444,88.60250000,23-08-2026 16:00,38
5058,5058,SDC Sokeythang,Sikkim,11,Sikkim,225,GANGTOK DISTRICT,GANGTOK,-,-,Brahmaputra,Brahmaputra,-,-,-,Brahmaputra,27.32444444,88.60250000,23-08-2026 17:00,42.5
5059,5059,SDC Sokeythang,Sikkim,11,Sikkim,225,GANGTOK DISTRICT,GANGTOK,-,-,Brahmaputra,Brahmaputra,-,-,-,Brahmaputra,27.32444444,88.60250000,23-08-2026 19:00,15
5060,5060,SDC Sokeythang,Sikkim,11,Sikkim,225,GANGTOK DISTRICT,GANGTOK,-,-,Brahmaputra,Brahmaputra,-,-,-,Brahmaputra,27.32444444,88.60250000,23-08-2026 21:00,7
5061,5061,SDC Sokeythang,Sikkim,11,Sikkim,225,GANGTOK DISTRICT,GANGTOK,-,-,Brahmaputra,Brahmaputra,-,-,-,Brahmaputra,27.32444444,88.60250000,23-08-2026 22:00,3
5062,5062,SDC Sokeythang,Sikkim,11,Sikkim,225,GANGTOK DISTRICT,GANGTOK,-,-,Brahmaputra,Brahmaputra,-,-,-,Brahmaputra,27.32444444,88.60250000,23-08-2026 23:00,19
5063,5063,SDC Sokeythang,Sikkim,11,Sikkim,225,GANGTOK DISTRICT,GANGTOK,-,-,Brahmaputra,Brahmaputra,-,-,-,Brahmaputra,27.32444444,88.60250000,24-08-2026 05:00,305
5064,5064,SDC Sokeythang,Sikkim,11,Sikkim,225,GANGTOK DISTRICT,GANGTOK,-,-,Brahmaputra,Brahmaputra,-,-,-,Brahmaputra,27.32444444,88.60250000,24-08-2026 06:00,308.5
5065,5065,SDC Sokeythang,Sikkim,11,Sikkim,225,GANGTOK DISTRICT,GANGTOK,-,-,Brahmaputra,Brahmaputra,-,-,-,Brahmaputra,27.32444444,88.60250000,24-08-2026 07:00,313.5
5066,5066,SDC Sokeythang,Sikkim,11,Sikkim,225,GANGTOK DISTRICT,GANGTOK,-,-,Brahmaputra,Brahmaputra,-,-,-,Brahmaputra,27.32444444,88.60250000,24-08-2026 09:00,328.5
5067,5067,SDC Sokeythang,Sikkim,11,Sikkim,225,GANGTOK DISTRICT,GANGTOK,-,-,Brahmaputra,Brahmaputra,-,-,-,Brahmaputra,27.32444444,88.60250000,24-08-2026 10:00,328
5068,5068,SDC Sokeythang,Sikkim,11,Sikkim,225,GANGTOK DISTRICT,GANGTOK,-,-,Brahmaputra,Brahmaputra,-,-,-,Brahmaputra,27.32444444,88.60250000,24-08-2026 11:00,335
5069,5069,SDC Sokeythang,Sikkim,11,Sikkim,225,GANGTOK DISTRICT,GANGTOK,-,-,Brahmaputra,Brahmaputra,-,-,-,Brahmaputra,27.32444444,88.60250000,24-08-2026 15:00,328.5
5070,5070,SDC Sokeythang,Sikkim,11,Sikkim,225,GANGTOK DISTRICT,GANGTOK,-,-,Brahmaputra,Brahmaputra,-,-,-,Brahmaputra,27.32444444,88.60250000,24-08-2026 16:00,316.5
5071,5071,SDC Sokeythang,Sikkim,11,Sikkim,225,GANGTOK DISTRICT,GANGTOK,-,-,Brahmaputra,Brahmaputra,-,-,-,Brahmaputra,27.32444444,88.60250000,24-08-2026 17:00,312
5072,5072,SDC Sokeythang,Sikkim,11,Sikkim,225,GANGTOK DISTRICT,GANGTOK,-,-,Brahmaputra,Brahmaputra,-,-,-,Brahmaputra,27.32444444,88.60250000,24-08-2026 18:00,310.5
5073,5073,SDC Sokeythang,Sikkim,11,Sikkim,225,GANGTOK DISTRICT,GANGTOK,-,-,Brahmaputra,Brahmaputra,-,-,-,Brahmaputra,27.32444444,88.60250000,24-08-2026 19:00,310
5074,5074,SDC Sokeythang,Sikkim,11,Sikkim,225,GANGTOK DISTRICT,GANGTOK,-,-,Brahmaputra,Brahmaputra,-,-,-,Brahmaputra,27.32444444,88.60250000,24-08-2026 20:00,309.5
5075,5075,SDC Sokeythang,Sikkim,11,Sikkim,225,GANGTOK DISTRICT,GANGTOK,-,-,Brahmaputra,Brahmaputra,-,-,-,Brahmaputra,27.32444444,88.60250000,24-08-2026 21:00,309
5076,5076,SDC Sokeythang,Sikkim,11,Sikkim,225,GANGTOK DISTRICT,GANGTOK,-,-,Brahmaputra,Brahmaputra,-,-,-,Brahmaputra,27.32444444,88.60250000,24-08-2026 22:00,306.5
5077,5077,SDC Sokeythang,Sikkim,11,Sikkim,225,GANGTOK DISTRICT,GANGTOK,-,-,Brahmaputra,Brahmaputra,-,-,-,Brahmaputra,27.32444444,88.60250000,24-08-2026 23:00,306.5
5078,5078,SDC Sokeythang,Sikkim,11,Sikkim,225,GANGTOK DISTRICT,GANGTOK,-,-,Brahmaputra,Brahmaputra,-,-,-,Brahmaputra,27.32444444,88.60250000,25-08-2026 00:00,307.5
5079,5079,SDC Sokeythang,Sikkim,11,Sikkim,225,GANGTOK DISTRICT,GANGTOK,-,-,Brahmaputra,Brahmaputra,-,-,-,Brahmaputra,27.32444444,88.60250000,25-08-2026 01:00,306
5080,5080,SDC Sokeythang,Sikkim,11,Sikkim,225,GANGTOK DISTRICT,GANGTOK,-,-,Brahmaputra,Brahmaputra,-,-,-,Brahmaputra,27.32444444,88.60250000,25-08-2026 02:00,306
5081,5081,SDC Sokeythang,Sikkim,11,Sikkim,225,GANGTOK DISTRICT,GANGTOK,-,-,Brahmaputra,Brahmaputra,-,-,-,Brahmaputra,27.32444444,88.60250000,25-08-2026 03:00,305
5082,5082,SDC Sokeythang,Sikkim,11,Sikkim,225,GANGTOK DISTRICT,GANGTOK,-,-,Brahmaputra,Brahmaputra,-,-,-,Brahmaputra,27.32444444,88.60250000,25-08-2026 04:00,305
5083,5083,SDC Sokeythang,Sikkim,11,Sikkim,225,GANGTOK DISTRICT,GANGTOK,-,-,Brahmaputra,Brahmaputra,-,-,-,Brahmaputra,27.32444444,88.60250000,25-08-2026 05:00,306
5084,5084,SDC Sokeythang,Sikkim,11,Sikkim,225,GANGTOK DISTRICT,GANGTOK,-,-,Brahmaputra,Brahmaputra,-,-,-,Brahmaputra,27.32444444,88.60250000,25-08-2026 06:00,306
5085,5085,SDC Sokeythang,Sikkim,11,Sikkim,225,GANGTOK DISTRICT,GANGTOK,-,-,Brahmaputra,Brahmaputra,-,-,-,Brahmaputra,27.32444444,88.60250000,25-08-2026 07:00,307.5
5086,5086,SDC Sokeythang,Sikkim,11,Sikkim,225,GANGTOK DISTRICT,GANGTOK,-,-,Brahmaputra,Brahmaputra,-,-,-,Brahmaputra,27.32444444,88.60250000,25-08-2026 08:00,325
5087,5087,SDC Sokeythang,Sikkim,11,Sikkim,225,GANGTOK DISTRICT,GANGTOK,-,-,Brahmaputra,Brahmaputra,-,-,-,Brahmaputra,27.32444444,88.60250000,25-08-2026 09:00,328
5088,5088,SDC Sokeythang,Sikkim,11,Sikkim,225,GANGTOK DISTRICT,GANGTOK,-,-,Brahmaputra,Brahmaputra,-,-,-,Brahmaputra,27.32444444,88.60250000,25-08-2026 10:00,328.5
5089,5089,SDC Sokeythang,Sikkim,11,Sikkim,225,GANGTOK DISTRICT,GANGTOK,-,-,Brahmaputra,Brahmaputra,-,-,-,Brahmaputra,27.32444444,88.60250000,25-08-2026 11:00,338
5090,5090,SDC Sokeythang,Sikkim,11,Sikkim,225,GANGTOK DISTRICT,GANGTOK,-,-,Brahmaputra,Brahmaputra,-,-,-,Brahmaputra,27.32444444,88.60250000,25-08-2026 12:00,16.5
5091,5091,SDC Sokeythang,Sikkim,11,Sikkim,225,GANGTOK DISTRICT,GANGTOK,-,-,Brahmaputra,Brahmaputra,-,-,-,Brahmaputra,27.32444444,88.60250000,25-08-2026 13:00,341
5092,5092,SDC Sokeythang,Sikkim,11,Sikkim,225,GANGTOK DISTRICT,GANGTOK,-,-,Brahmaputra,Brahmaputra,-,-,-,Brahmaputra,27.32444444,88.60250000,25-08-2026 14:00,334.5
5093,5093,SDC Sokeythang,Sikkim,11,Sikkim,225,GANGTOK DISTRICT,GANGTOK,-,-,Brahmaputra,Brahmaputra,-,-,-,Brahmaputra,27.32444444,88.60250000,25-08-2026 15:00,331
5094,5094,SDC Sokeythang,Sikkim,11,Sikkim,225,GANGTOK DISTRICT,GANGTOK,-,-,Brahmaputra,Brahmaputra,-,-,-,Brahmaputra,27.32444444,88.60250000,25-08-2026 16:00,325.5
5095,5095,SDC Sokeythang,Sikkim,11,Sikkim,225,GANGTOK DISTRICT,GANGTOK,-,-,Brahmaputra,Brahmaputra,-,-,-,Brahmaputra,27.32444444,88.60250000,25-08-2026 18:00,318.5
5096,5096,SDC Sokeythang,Sikkim,11,Sikkim,225,GANGTOK DISTRICT,GANGTOK,-,-,Brahmaputra,Brahmaputra,-,-,-,Brahmaputra,27.32444444,88.60250000,25-08-2026 19:00,315
5097,5097,SDC Sokeythang,Sikkim,11,Sikkim,225,GANGTOK DISTRICT,GANGTOK,-,-,Brahmaputra,Brahmaputra,-,-,-,Brahmaputra,27.32444444,88.60250000,25-08-2026 20:00,312.5
5098,5098,SDC Sokeythang,Sikkim,11,Sikkim,225,GANGTOK DISTRICT,GANGTOK,-,-,Brahmaputra,Brahmaputra,-,-,-,Brahmaputra,27.32444444,88.60250000,25-08-2026 21:00,311.5
5099,5099,SDC Sokeythang,Sikkim,11,Sikkim,225,GANGTOK DISTRICT,GANGTOK,-,-,Brahmaputra,Brahmaputra,-,-,-,Brahmaputra,27.32444444,88.60250000,25-08-2026 22:00,310.5
5100,5100,SDC Sokeythang,Sikkim,11,Sikkim,225,GANGTOK DISTRICT,GANGTOK,-,-,Brahmaputra,Brahmaputra,-,-,-,Brahmaputra,27.32444444,88.60250000,25-08-2026 23:00,310
5101,5101,SDC Sokeythang,Sikkim,11,Sikkim,225,GANGTOK DISTRICT,GANGTOK,-,-,Brahmaputra,Brahmaputra,-,-,-,Brahmaputra,27.32444444,88.60250000,26-08-2026 00:00,309
5102,5102,SDC Sokeythang,Sikkim,11,Sikkim,225,GANGTOK DISTRICT,GANGTOK,-,-,Brahmaputra,Brahmaputra,-,-,-,Brahmaputra,27.32444444,88.60250000,26-08-2026 01:00,307.5
5103,5103,SDC Sokeythang,Sikkim,11,Sikkim,225,GANGTOK DISTRICT,GANGTOK,-,-,Brahmaputra,Brahmaputra,-,-,-,Brahmaputra,27.32444444,88.60250000,26-08-2026 02:00,308.5
5104,5104,SDC Sokeythang,Sikkim,11,Sikkim,225,GANGTOK DISTRICT,GANGTOK,-,-,Brahmaputra,Brahmaputra,-,-,-,Brahmaputra,27.32444444,88.60250000,26-08-2026 03:00,306.5
5105,5105,SDC Sokeythang,Sikkim,11,Sikkim,225,GANGTOK DISTRICT,GANGTOK,-,-,Brahmaputra,Brahmaputra,-,-,-,Brahmaputra,27.32444444,88.60250000,26-08-2026 04:00,306
5106,5106,SDC Sokeythang,Sikkim,11,Sikkim,225,GANGTOK DISTRICT,GANGTOK,-,-,Brahmaputra,Brahmaputra,-,-,-,Brahmaputra,27.32444444,88.60250000,26-08-2026 05:00,304
5107,5107,SDC Sokeythang,Sikkim,11,Sikkim,225,GANGTOK DISTRICT,GANGTOK,-,-,Brahmaputra,Brahmaputra,-,-,-,Brahmaputra,27.32444444,88.60250000,26-08-2026 06:00,304.5
5108,5108,SDC Sokeythang,Sikkim,11,Sikkim,225,GANGTOK DISTRICT,GANGTOK,-,-,Brahmaputra,Brahmaputra,-,-,-,Brahmaputra,27.32444444,88.60250000,26-08-2026 07:00,305
5109,5109,SDC Sokeythang,Sikkim,11,Sikkim,225,GANGTOK DISTRICT,GANGTOK,-,-,Brahmaputra,Brahmaputra,-,-,-,Brahmaputra,27.32444444,88.60250000,26-08-2026 08:00,304.5
5110,5110,SDC Sokeythang,Sikkim,11,Sikkim,225,GANGTOK DISTRICT,GANGTOK,-,-,Brahmaputra,Brahmaputra,-,-,-,Brahmaputra,27.32444444,88.60250000,26-08-2026 09:00,309
5111,5111,SDC Sokeythang,Sikkim,11,Sikkim,225,GANGTOK DISTRICT,GANGTOK,-,-,Brahmaputra,Brahmaputra,-,-,-,Brahmaputra,27.32444444,88.60250000,26-08-2026 10:00,309.5
5112,5112,SDC Sokeythang,Sikkim,11,Sikkim,225,GANGTOK DISTRICT,GANGTOK,-,-,Brahmaputra,Brahmaputra,-,-,-,Brahmaputra,27.32444444,88.60250000,26-08-2026 11:00,6
5113,5113,SDC Sokeythang,Sikkim,11,Sikkim,225,GANGTOK DISTRICT,GANGTOK,-,-,Brahmaputra,Brahmaputra,-,-,-,Brahmaputra,27.32444444,88.60250000,26-08-2026 12:00,324
5114,5114,SDC Sokeythang,Sikkim,11,Sikkim,225,GANGTOK DISTRICT,GANGTOK,-,-,Brahmaputra,Brahmaputra,-,-,-,Brahmaputra,27.32444444,88.60250000,26-08-2026 13:00,328.5
5115,5115,SDC Sokeythang,Sikkim,11,Sikkim,225,GANGTOK DISTRICT,GANGTOK,-,-,Brahmaputra,Brahmaputra,-,-,-,Brahmaputra,27.32444444,88.60250000,26-08-2026 14:00,329
5116,5116,SDC Sokeythang,Sikkim,11,Sikkim,225,GANGTOK DISTRICT,GANGTOK,-,-,Brahmaputra,Brahmaputra,-,-,-,Brahmaputra,27.32444444,88.60250000,26-08-2026 15:00,333.5
5117,5117,SDC Sokeythang,Sikkim,11,Sikkim,225,GANGTOK DISTRICT,GANGTOK,-,-,Brahmaputra,Brahmaputra,-,-,-,Brahmaputra,27.32444444,88.60250000,26-08-2026 16:00,323.5
5118,5118,SDC Sokeythang,Sikkim,11,Sikkim,225,GANGTOK DISTRICT,GANGTOK,-,-,Brahmaputra,Brahmaputra,-,-,-,Brahmaputra,27.32444444,88.60250000,26-08-2026 17:00,317.5
5119,5119,SDC Sokeythang,Sikkim,11,Sikkim,225,GANGTOK DISTRICT,GANGTOK,-,-,Brahmaputra,Brahmaputra,-,-,-,Brahmaputra,27.32444444,88.60250000,26-08-2026 19:00,313
5120,5120,SDC Sokeythang,Sikkim,11,Sikkim,225,GANGTOK DISTRICT,GANGTOK,-,-,Brahmaputra,Brahmaputra,-,-,-,Brahmaputra,27.32444444,88.60250000,26-08-2026 20:00,311.5
5121,5121,SDC Sokeythang,Sikkim,11,Sikkim,225,GANGTOK DISTRICT,GANGTOK,-,-,Brahmaputra,Brahmaputra,-,-,-,Brahmaputra,27.32444444,88.60250000,26-08-2026 21:00,311
5122,5122,SDC Sokeythang,Sikkim,11,Sikkim,225,GANGTOK DISTRICT,GANGTOK,-,-,Brahmaputra,Brahmaputra,-,-,-,Brahmaputra,27.32444444,88.60250000,26-08-2026 22:00,309
5123,5123,SDC Sokeythang,Sikkim,11,Sikkim,225,GANGTOK DISTRICT,GANGTOK,-,-,Brahmaputra,Brahmaputra,-,-,-,Brahmaputra,27.32444444,88.60250000,26-08-2026 23:00,306.5
5124,5124,SDC Sokeythang,Sikkim,11,Sikkim,225,GANGTOK DISTRICT,GANGTOK,-,-,Brahmaputra,Brahmaputra,-,-,-,Brahmaputra,27.32444444,88.60250000,27-08-2026 00:00,306.5
5125,5125,SDC Sokeythang,Sikkim,11,Sikkim,225,GANGTOK DISTRICT,GANGTOK,-,-,Brahmaputra,Brahmaputra,-,-,-,Brahmaputra,27.32444444,88.60250000,27-08-2026 01:00,305.5
5126,5126,SDC Sokeythang,Sikkim,11,Sikkim,225,GANGTOK DISTRICT,GANGTOK,-,-,Brahmaputra,Brahmaputra,-,-,-,Brahmaputra,27.32444444,88.60250000,27-08-2026 02:00,305.5
5127,5127,SDC Sokeythang,Sikkim,11,Sikkim,225,GANGTOK DISTRICT,GANGTOK,-,-,Brahmaputra,Brahmaputra,-,-,-,Brahmaputra,27.32444444,88.60250000,27-08-2026 03:00,303.5
5128,5128,SDC Sokeythang,Sikkim,11,Sikkim,225,GANGTOK DISTRICT,GANGTOK,-,-,Brahmaputra,Brahmaputra,-,-,-,Brahmaputra,27.32444444,88.60250000,27-08-2026 04:00,304
5129,5129,SDC Sokeythang,Sikkim,11,Sikkim,225,GANGTOK DISTRICT,GANGTOK,-,-,Brahmaputra,Brahmaputra,-,-,-,Brahmaputra,27.32444444,88.60250000,27-08-2026 05:00,303.5
5130,5130,SDC Sokeythang,Sikkim,11,Sikkim,225,GANGTOK DISTRICT,GANGTOK,-,-,Brahmaputra,Brahmaputra,-,-,-,Brahmaputra,27.32444444,88.60250000,27-08-2026 06:00,306
5131,5131,SDC Sokeythang,Sikkim,11,Sikkim,225,GANGTOK DISTRICT,GANGTOK,-,-,Brahmaputra,Brahmaputra,-,-,-,Brahmaputra,27.32444444,88.60250000,27-08-2026 07:00,316
5132,5132,SDC Sokeythang,Sikkim,11,Sikkim,225,GANGTOK DISTRICT,GANGTOK,-,-,Brahmaputra,Brahmaputra,-,-,-,Brahmaputra,27.32444444,88.60250000,27-08-2026 08:00,329.5
5133,5133,SDC Sokeythang,Sikkim,11,Sikkim,225,GANGTOK DISTRICT,GANGTOK,-,-,Brahmaputra,Brahmaputra,-,-,-,Brahmaputra,27.32444444,88.60250000,27-08-2026 09:00,332.5
5134,5134,SDC Sokeythang,Sikkim,11,Sikkim,225,GANGTOK DISTRICT,GANGTOK,-,-,Brahmaputra,Brahmaputra,-,-,-,Brahmaputra,27.32444444,88.60250000,27-08-2026 10:00,343.5
5135,5135,SDC Sokeythang,Sikkim,11,Sikkim,225,GANGTOK DISTRICT,GANGTOK,-,-,Brahmaputra,Brahmaputra,-,-,-,Brahmaputra,27.32444444,88.60250000,27-08-2026 11:00,340
5136,5136,SDC Sokeythang,Sikkim,11,Sikkim,225,GANGTOK DISTRICT,GANGTOK,-,-,Brahmaputra,Brahmaputra,-,-,-,Brahmaputra,27.32444444,88.60250000,27-08-2026 12:00,347.5
5137,5137,SDC Sokeythang,Sikkim,11,Sikkim,225,GANGTOK DISTRICT,GANGTOK,-,-,Brahmaputra,Brahmaputra,-,-,-,Brahmaputra,27.32444444,88.60250000,27-08-2026 13:00,333.5
5138,5138,SDC Sokeythang,Sikkim,11,Sikkim,225,GANGTOK DISTRICT,GANGTOK,-,-,Brahmaputra,Brahmaputra,-,-,-,Brahmaputra,27.32444444,88.60250000,27-08-2026 14:00,336.5
5139,5139,SDC Sokeythang,Sikkim,11,Sikkim,225,GANGTOK DISTRICT,GANGTOK,-,-,Brahmaputra,Brahmaputra,-,-,-,Brahmaputra,27.32444444,88.60250000,27-08-2026 15:00,332
5140,5140,SDC Sokeythang,Sikkim,11,Sikkim,225,GANGTOK DISTRICT,GANGTOK,-,-,Brahmaputra,Brahmaputra,-,-,-,Brahmaputra,27.32444444,88.60250000,27-08-2026 16:00,329.5
5141,5141,SDC Sokeythang,Sikkim,11,Sikkim,225,GANGTOK DISTRICT,GANGTOK,-,-,Brahmaputra,Brahmaputra,-,-,-,Brahmaputra,27.32444444,88.60250000,27-08-2026 17:00,323
5142,5142,SDC Sokeythang,Sikkim,11,Sikkim,225,GANGTOK DISTRICT,GANGTOK,-,-,Brahmaputra,Brahmaputra,-,-,-,Brahmaputra,27.32444444,88.60250000,27-08-2026 18:00,317
5143,5143,SDC Sokeythang,Sikkim,11,Sikkim,225,GANGTOK DISTRICT,GANGTOK,-,-,Brahmaputra,Brahmaputra,-,-,-,Brahmaputra,27.32444444,88.60250000,27-08-2026 19:00,316
5144,5144,SDC Sokeythang,Sikkim,11,Sikkim,225,GANGTOK DISTRICT,GANGTOK,-,-,Brahmaputra,Brahmaputra,-,-,-,Brahmaputra,27.32444444,88.60250000,27-08-2026 20:00,315.5
5145,5145,SDC Sokeythang,Sikkim,11,Sikkim,225,GANGTOK DISTRICT,GANGTOK,-,-,Brahmaputra,Brahmaputra,-,-,-,Brahmaputra,27.32444444,88.60250000,27-08-2026 21:00,314.5
5146,5146,SDC Sokeythang,Sikkim,11,Sikkim,225,GANGTOK DISTRICT,GANGTOK,-,-,Brahmaputra,Brahmaputra,-,-,-,Brahmaputra,27.32444444,88.60250000,27-08-2026 22:00,313
5147,5147,SDC Sokeythang,Sikkim,11,Sikkim,225,GANGTOK DISTRICT,GANGTOK,-,-,Brahmaputra,Brahmaputra,-,-,-,Brahmaputra,27.32444444,88.60250000,27-08-2026 23:00,309.5
5148,5148,SDC Sokeythang,Sikkim,11,Sikkim,225,GANGTOK DISTRICT,GANGTOK,-,-,Brahmaputra,Brahmaputra,-,-,-,Brahmaputra,27.32444444,88.60250000,28-08-2026 00:00,309
5149,5149,SDC Sokeythang,Sikkim,11,Sikkim,225,GANGTOK DISTRICT,GANGTOK,-,-,Brahmaputra,Brahmaputra,-,-,-,Brahmaputra,27.32444444,88.60250000,28-08-2026 01:00,307
5150,5150,SDC Sokeythang,Sikkim,11,Sikkim,225,GANGTOK DISTRICT,GANGTOK,-,-,Brahmaputra,Brahmaputra,-,-,-,Brahmaputra,27.32444444,88.60250000,28-08-2026 02:00,307.5
5151,5151,SDC Sokeythang,Sikkim,11,Sikkim,225,GANGTOK DISTRICT,GANGTOK,-,-,Brahmaputra,Brahmaputra,-,-,-,Brahmaputra,27.32444444,88.60250000,28-08-2026 03:00,307
5152,5152,SDC Sokeythang,Sikkim,11,Sikkim,225,GANGTOK DISTRICT,GANGTOK,-,-,Brahmaputra,Brahmaputra,-,-,-,Brahmaputra,27.32444444,88.60250000,28-08-2026 04:00,305
5153,5153,SDC Sokeythang,Sikkim,11,Sikkim,225,GANGTOK DISTRICT,GANGTOK,-,-,Brahmaputra,Brahmaputra,-,-,-,Brahmaputra,27.32444444,88.60250000,28-08-2026 05:00,304.5
5154,5154,SDC Sokeythang,Sikkim,11,Sikkim,225,GANGTOK DISTRICT,GANGTOK,-,-,Brahmaputra,Brahmaputra,-,-,-,Brahmaputra,27.32444444,88.60250000,28-08-2026 06:00,308.5
5155,5155,SDC Sokeythang,Sikkim,11,Sikkim,225,GANGTOK DISTRICT,GANGTOK,-,-,Brahmaputra,Brahmaputra,-,-,-,Brahmaputra,27.32444444,88.60250000,28-08-2026 07:00,319.5
5156,5156,SDC Sokeythang,Sikkim,11,Sikkim,225,GANGTOK DISTRICT,GANGTOK,-,-,Brahmaputra,Brahmaputra,-,-,-,Brahmaputra,27.32444444,88.60250000,28-08-2026 08:00,327.5
5157,5157,SDC Sokeythang,Sikkim,11,Sikkim,225,GANGTOK DISTRICT,GANGTOK,-,-,Brahmaputra,Brahmaputra,-,-,-,Brahmaputra,27.32444444,88.60250000,28-08-2026 09:00,338.5
5158,5158,SDC Sokeythang,Sikkim,11,Sikkim,225,GANGTOK DISTRICT,GANGTOK,-,-,Brahmaputra,Brahmaputra,-,-,-,Brahmaputra,27.32444444,88.60250000,28-08-2026 10:00,339.5
5159,5159,SDC Sokeythang,Sikkim,11,Sikkim,225,GANGTOK DISTRICT,GANGTOK,-,-,Brahmaputra,Brahmaputra,-,-,-,Brahmaputra,27.32444444,88.60250000,28-08-2026 11:00,342
5160,5160,SDC Sokeythang,Sikkim,11,Sikkim,225,GANGTOK DISTRICT,GANGTOK,-,-,Brahmaputra,Brahmaputra,-,-,-,Brahmaputra,27.32444444,88.60250000,28-08-2026 12:00,339
5161,5161,SDC Sokeythang,Sikkim,11,Sikkim,225,GANGTOK DISTRICT,GANGTOK,-,-,Brahmaputra,Brahmaputra,-,-,-,Brahmaputra,27.32444444,88.60250000,28-08-2026 13:00,337
5162,5162,SDC Sokeythang,Sikkim,11,Sikkim,225,GANGTOK DISTRICT,GANGTOK,-,-,Brahmaputra,Brahmaputra,-,-,-,Brahmaputra,27.32444444,88.60250000,28-08-2026 14:00,347.5
5163,5163,SDC Sokeythang,Sikkim,11,Sikkim,225,GANGTOK DISTRICT,GANGTOK,-,-,Brahmaputra,Brahmaputra,-,-,-,Brahmaputra,27.32444444,88.60250000,28-08-2026 15:00,329
5164,5164,SDC Sokeythang,Sikkim,11,Sikkim,225,GANGTOK DISTRICT,GANGTOK,-,-,Brahmaputra,Brahmaputra,-,-,-,Brahmaputra,27.32444444,88.60250000,28-08-2026 16:00,316
5165,5165,SDC Sokeythang,Sikkim,11,Sikkim,225,GANGTOK DISTRICT,GANGTOK,-,-,Brahmaputra,Brahmaputra,-,-,-,Brahmaputra,27.32444444,88.60250000,28-08-2026 17:00,3.5
5166,5166,SDC Sokeythang,Sikkim,11,Sikkim,225,GANGTOK DISTRICT,GANGTOK,-,-,Brahmaputra,Brahmaputra,-,-,-,Brahmaputra,27.32444444,88.60250000,28-08-2026 18:00,313
5167,5167,SDC Sokeythang,Sikkim,11,Sikkim,225,GANGTOK DISTRICT,GANGTOK,-,-,Brahmaputra,Brahmaputra,-,-,-,Brahmaputra,27.32444444,88.60250000,28-08-2026 19:00,311.5
5168,5168,SDC Sokeythang,Sikkim,11,Sikkim,225,GANGTOK DISTRICT,GANGTOK,-,-,Brahmaputra,Brahmaputra,-,-,-,Brahmaputra,27.32444444,88.60250000,28-08-2026 20:00,311.5
5169,5169,SDC Sokeythang,Sikkim,11,Sikkim,225,GANGTOK DISTRICT,GANGTOK,-,-,Brahmaputra,Brahmaputra,-,-,-,Brahmaputra,27.32444444,88.60250000,28-08-2026 21:00,309
5170,5170,SDC Sokeythang,Sikkim,11,Sikkim,225,GANGTOK DISTRICT,GANGTOK,-,-,Brahmaputra,Brahmaputra,-,-,-,Brahmaputra,27.32444444,88.60250000,28-08-2026 22:00,309
5171,5171,SDC Sokeythang,Sikkim,11,Sikkim,225,GANGTOK DISTRICT,GANGTOK,-,-,Brahmaputra,Brahmaputra,-,-,-,Brahmaputra,27.32444444,88.60250000,28-08-2026 23:00,308.5
5172,5172,SDC Sokeythang,Sikkim,11,Sikkim,225,GANGTOK DISTRICT,GANGTOK,-,-,Brahmaputra,Brahmaputra,-,-,-,Brahmaputra,27.32444444,88.60250000,29-08-2026 00:00,308
5173,5173,SDC Sokeythang,Sikkim,11,Sikkim,225,GANGTOK DISTRICT,GANGTOK,-,-,Brahmaputra,Brahmaputra,-,-,-,Brahmaputra,27.32444444,88.60250000,29-08-2026 01:00,307.5
5174,5174,SDC Sokeythang,Sikkim,11,Sikkim,225,GANGTOK DISTRICT,GANGTOK,-,-,Brahmaputra,Brahmaputra,-,-,-,Brahmaputra,27.32444444,88.60250000,29-08-2026 02:00,306.5
5175,5175,SDC Sokeythang,Sikkim,11,Sikkim,225,GANGTOK DISTRICT,GANGTOK,-,-,Brahmaputra,Brahmaputra,-,-,-,Brahmaputra,27.32444444,88.60250000,29-08-2026 03:00,306.5
5176,5176,SDC Sokeythang,Sikkim,11,Sikkim,225,GANGTOK DISTRICT,GANGTOK,-,-,Brahmaputra,Brahmaputra,-,-,-,Brahmaputra,27.32444444,88.60250000,29-08-2026 04:00,305.5
5177,5177,SDC Sokeythang,Sikkim,11,Sikkim,225,GANGTOK DISTRICT,GANGTOK,-,-,Brahmaputra,Brahmaputra,-,-,-,Brahmaputra,27.32444444,88.60250000,29-08-2026 05:00,307
5178,5178,SDC Sokeythang,Sikkim,11,Sikkim,225,GANGTOK DISTRICT,GANGTOK,-,-,Brahmaputra,Brahmaputra,-,-,-,Brahmaputra,27.32444444,88.60250000,29-08-2026 06:00,314
5179,5179,SDC Sokeythang,Sikkim,11,Sikkim,225,GANGTOK DISTRICT,GANGTOK,-,-,Brahmaputra,Brahmaputra,-,-,-,Brahmaputra,27.32444444,88.60250000,29-08-2026 07:00,318
5180,5180,SDC Sokeythang,Sikkim,11,Sikkim,225,GANGTOK DISTRICT,GANGTOK,-,-,Brahmaputra,Brahmaputra,-,-,-,Brahmaputra,27.32444444,88.60250000,29-08-2026 08:00,327.5
5181,5181,SDC Sokeythang,Sikkim,11,Sikkim,225,GANGTOK DISTRICT,GANGTOK,-,-,Brahmaputra,Brahmaputra,-,-,-,Brahmaputra,27.32444444,88.60250000,29-08-2026 09:00,341
5182,5182,SDC Sokeythang,Sikkim,11,Sikkim,225,GANGTOK DISTRICT,GANGTOK,-,-,Brahmaputra,Brahmaputra,-,-,-,Brahmaputra,27.32444444,88.60250000,29-08-2026 10:00,341
5183,5183,SDC Sokeythang,Sikkim,11,Sikkim,225,GANGTOK DISTRICT,GANGTOK,-,-,Brahmaputra,Brahmaputra,-,-,-,Brahmaputra,27.32444444,88.60250000,29-08-2026 11:00,330
5184,5184,SDC Sokeythang,Sikkim,11,Sikkim,225,GANGTOK DISTRICT,GANGTOK,-,-,Brahmaputra,Brahmaputra,-,-,-,Brahmaputra,27.32444444,88.60250000,29-08-2026 12:00,325.5
5185,5185,SDC Sokeythang,Sikkim,11,Sikkim,225,GANGTOK DISTRICT,GANGTOK,-,-,Brahmaputra,Brahmaputra,-,-,-,Brahmaputra,27.32444444,88.60250000,29-08-2026 13:00,314.5
5186,5186,SDC Sokeythang,Sikkim,11,Sikkim,225,GANGTOK DISTRICT,GANGTOK,-,-,Brahmaputra,Brahmaputra,-,-,-,Brahmaputra,27.32444444,88.60250000,29-08-2026 14:00,315.5
5187,5187,SDC Sokeythang,Sikkim,11,Sikkim,225,GANGTOK DISTRICT,GANGTOK,-,-,Brahmaputra,Brahmaputra,-,-,-,Brahmaputra,27.32444444,88.60250000,29-08-2026 15:00,317
5188,5188,SDC Sokeythang,Sikkim,11,Sikkim,225,GANGTOK DISTRICT,GANGTOK,-,-,Brahmaputra,Brahmaputra,-,-,-,Brahmaputra,27.32444444,88.60250000,29-08-2026 16:00,316
5189,5189,SDC Sokeythang,Sikkim,11,Sikkim,225,GANGTOK DISTRICT,GANGTOK,-,-,Brahmaputra,Brahmaputra,-,-,-,Brahmaputra,27.32444444,88.60250000,29-08-2026 17:00,313
5190,5190,SDC Sokeythang,Sikkim,11,Sikkim,225,GANGTOK DISTRICT,GANGTOK,-,-,Brahmaputra,Brahmaputra,-,-,-,Brahmaputra,27.32444444,88.60250000,29-08-2026 18:00,311
5191,5191,SDC Sokeythang,Sikkim,11,Sikkim,225,GANGTOK DISTRICT,GANGTOK,-,-,Brahmaputra,Brahmaputra,-,-,-,Brahmaputra,27.32444444,88.60250000,29-08-2026 19:00,311.5
5192,5192,SDC Sokeythang,Sikkim,11,Sikkim,225,GANGTOK DISTRICT,GANGTOK,-,-,Brahmaputra,Brahmaputra,-,-,-,Brahmaputra,27.32444444,88.60250000,29-08-2026 20:00,310.5
5193,5193,SDC Sokeythang,Sikkim,11,Sikkim,225,GANGTOK DISTRICT,GANGTOK,-,-,Brahmaputra,Brahmaputra,-,-,-,Brahmaputra,27.32444444,88.60250000,29-08-2026 21:00,308
5194,5194,SDC Sokeythang,Sikkim,11,Sikkim,225,GANGTOK DISTRICT,GANGTOK,-,-,Brahmaputra,Brahmaputra,-,-,-,Brahmaputra,27.32444444,88.60250000,29-08-2026 22:00,308
5195,5195,SDC Sokeythang,Sikkim,11,Sikkim,225,GANGTOK DISTRICT,GANGTOK,-,-,Brahmaputra,Brahmaputra,-,-,-,Brahmaputra,27.32444444,88.60250000,29-08-2026 23:00,307.5
5196,5196,SDC Sokeythang,Sikkim,11,Sikkim,225,GANGTOK DISTRICT,GANGTOK,-,-,Brahmaputra,Brahmaputra,-,-,-,Brahmaputra,27.32444444,88.60250000,30-08-2026 00:00,307.5
5197,5197,SDC Sokeythang,Sikkim,11,Sikkim,225,GANGTOK DISTRICT,GANGTOK,-,-,Brahmaputra,Brahmaputra,-,-,-,Brahmaputra,27.32444444,88.60250000,30-08-2026 01:00,306.5
5198,5198,SDC Sokeythang,Sikkim,11,Sikkim,225,GANGTOK DISTRICT,GANGTOK,-,-,Brahmaputra,Brahmaputra,-,-,-,Brahmaputra,27.32444444,88.60250000,30-08-2026 02:00,304.5
5199,5199,SDC Sokeythang,Sikkim,11,Sikkim,225,GANGTOK DISTRICT,GANGTOK,-,-,Brahmaputra,Brahmaputra,-,-,-,Brahmaputra,27.32444444,88.60250000,30-08-2026 03:00,304.5
5200,5200,SDC Sokeythang,Sikkim,11,Sikkim,225,GANGTOK DISTRICT,GANGTOK,-,-,Brahmaputra,Brahmaputra,-,-,-,Brahmaputra,27.32444444,88.60250000,30-08-2026 04:00,304
5201,5201,SDC Sokeythang,Sikkim,11,Sikkim,225,GANGTOK DISTRICT,GANGTOK,-,-,Brahmaputra,Brahmaputra,-,-,-,Brahmaputra,27.32444444,88.60250000,30-08-2026 05:00,305
5202,5202,SDC Sokeythang,Sikkim,11,Sikkim,225,GANGTOK DISTRICT,GANGTOK,-,-,Brahmaputra,Brahmaputra,-,-,-,Brahmaputra,27.32444444,88.60250000,30-08-2026 06:00,307.5
5203,5203,SDC Sokeythang,Sikkim,11,Sikkim,225,GANGTOK DISTRICT,GANGTOK,-,-,Brahmaputra,Brahmaputra,-,-,-,Brahmaputra,27.32444444,88.60250000,30-08-2026 07:00,327.5
5204,5204,SDC Sokeythang,Sikkim,11,Sikkim,225,GANGTOK DISTRICT,GANGTOK,-,-,Brahmaputra,Brahmaputra,-,-,-,Brahmaputra,27.32444444,88.60250000,30-08-2026 08:00,327
5205,5205,SDC Sokeythang,Sikkim,11,Sikkim,225,GANGTOK DISTRICT,GANGTOK,-,-,Brahmaputra,Brahmaputra,-,-,-,Brahmaputra,27.32444444,88.60250000,30-08-2026 09:00,338.5
5206,5206,SDC Sokeythang,Sikkim,11,Sikkim,225,GANGTOK DISTRICT,GANGTOK,-,-,Brahmaputra,Brahmaputra,-,-,-,Brahmaputra,27.32444444,88.60250000,30-08-2026 10:00,335
5207,5207,SDC Sokeythang,Sikkim,11,Sikkim,225,GANGTOK DISTRICT,GANGTOK,-,-,Brahmaputra,Brahmaputra,-,-,-,Brahmaputra,27.32444444,88.60250000,30-08-2026 11:00,342.5
5208,5208,SDC Sokeythang,Sikkim,11,Sikkim,225,GANGTOK DISTRICT,GANGTOK,-,-,Brahmaputra,Brahmaputra,-,-,-,Brahmaputra,27.32444444,88.60250000,30-08-2026 12:00,331
5209,5209,SDC Sokeythang,Sikkim,11,Sikkim,225,GANGTOK DISTRICT,GANGTOK,-,-,Brahmaputra,Brahmaputra,-,-,-,Brahmaputra,27.32444444,88.60250000,30-08-2026 13:00,316.5
5210,5210,SDC Sokeythang,Sikkim,11,Sikkim,225,GANGTOK DISTRICT,GANGTOK,-,-,Brahmaputra,Brahmaputra,-,-,-,Brahmaputra,27.32444444,88.60250000,30-08-2026 14:00,314
5211,5211,SDC Sokeythang,Sikkim,11,Sikkim,225,GANGTOK DISTRICT,GANGTOK,-,-,Brahmaputra,Brahmaputra,-,-,-,Brahmaputra,27.32444444,88.60250000,30-08-2026 15:00,310
5212,5212,SDC Sokeythang,Sikkim,11,Sikkim,225,GANGTOK DISTRICT,GANGTOK,-,-,Brahmaputra,Brahmaputra,-,-,-,Brahmaputra,27.32444444,88.60250000,30-08-2026 16:00,310.5
5213,5213,SDC Sokeythang,Sikkim,11,Sikkim,225,GANGTOK DISTRICT,GANGTOK,-,-,Brahmaputra,Brahmaputra,-,-,-,Brahmaputra,27.32444444,88.60250000,30-08-2026 17:00,309
5214,5214,SDC Sokeythang,Sikkim,11,Sikkim,225,GANGTOK DISTRICT,GANGTOK,-,-,Brahmaputra,Brahmaputra,-,-,-,Brahmaputra,27.32444444,88.60250000,30-08-2026 18:00,307
5215,5215,SDC Sokeythang,Sikkim,11,Sikkim,225,GANGTOK DISTRICT,GANGTOK,-,-,Brahmaputra,Brahmaputra,-,-,-,Brahmaputra,27.32444444,88.60250000,30-08-2026 19:00,307.5
5216,5216,SDC Sokeythang,Sikkim,11,Sikkim,225,GANGTOK DISTRICT,GANGTOK,-,-,Brahmaputra,Brahmaputra,-,-,-,Brahmaputra,27.32444444,88.60250000,30-08-2026 20:00,306.5
5217,5217,SDC Sokeythang,Sikkim,11,Sikkim,225,GANGTOK DISTRICT,GANGTOK,-,-,Brahmaputra,Brahmaputra,-,-,-,Brahmaputra,27.32444444,88.60250000,30-08-2026 21:00,304.5
5218,5218,SDC Sokeythang,Sikkim,11,Sikkim,225,GANGTOK DISTRICT,GANGTOK,-,-,Brahmaputra,Brahmaputra,-,-,-,Brahmaputra,27.32444444,88.60250000,30-08-2026 22:00,304.5
5219,5219,SDC Sokeythang,Sikkim,11,Sikkim,225,GANGTOK DISTRICT,GANGTOK,-,-,Brahmaputra,Brahmaputra,-,-,-,Brahmaputra,27.32444444,88.60250000,30-08-2026 23:00,302.5
