SlNo,Station,Agency,State LGD Code,State,District LGD Code,District,Tehsil,Block,Village,River,Basin,Tributary,Subtributary,SubSubtributary,Local River,Latitude,Longitude,Data Acquisition Time,Telemetry Hourly Rainfall (mm)
1,Almora_1,Uttarakhand,5,Uttarakhand,45,Almora,-,-,-,-,-,-,-,-,-,29.59575833,79.65063889,17-02-2026 23:00,231
2,Almora_1,Uttarakhand,5,Uttarakhand,45,Almora,-,-,-,-,-,-,-,-,-,29.59575833,79.65063889,10-06-2026 21:00,4.5
3,Almora_1,Uttarakhand,5,Uttarakhand,45,Almora,-,-,-,-,-,-,-,-,-,29.59575833,79.65063889,10-06-2026 22:00,1
4,Almora_1,Uttarakhand,5,Uttarakhand,45,Almora,-,-,-,-,-,-,-,-,-,29.59575833,79.65063889,11-06-2026 09:00,9.5
5,Almora_1,Uttarakhand,5,Uttarakhand,45,Almora,-,-,-,-,-,-,-,-,-,29.59575833,79.65063889,11-06-2026 10:00,0.5
6,Almora_1,Uttarakhand,5,Uttarakhand,45,Almora,-,-,-,-,-,-,-,-,-,29.59575833,79.65063889,11-06-2026 12:00,12.5
7,Almora_1,Uttarakhand,5,Uttarakhand,45,Almora,-,-,-,-,-,-,-,-,-,29.59575833,79.65063889,11-06-2026 13:00,0.5
8,Almora_1,Uttarakhand,5,Uttarakhand,45,Almora,-,-,-,-,-,-,-,-,-,29.59575833,79.65063889,12-06-2026 02:00,9
9,Almora_1,Uttarakhand,5,Uttarakhand,45,Almora,-,-,-,-,-,-,-,-,-,29.59575833,79.65063889,12-06-2026 03:00,9.5
10,Almora_1,Uttarakhand,5,Uttarakhand,45,Almora,-,-,-,-,-,-,-,-,-,29.59575833,79.65063889,12-06-2026 04:00,3
11,Almora_1,Uttarakhand,5,Uttarakhand,45,Almora,-,-,-,-,-,-,-,-,-,29.59575833,79.65063889,12-06-2026 05:00,1
12,Almora_1,Uttarakhand,5,Uttarakhand,45,Almora,-,-,-,-,-,-,-,-,-,29.59575833,79.65063889,12-06-2026 07:00,0.5
13,Almora_1,Uttarakhand,5,Uttarakhand,45,Almora,-,-,-,-,-,-,-,-,-,29.59575833,79.65063889,15-06-2026 22:00,0.5
14,Almora_1,Uttarakhand,5,Uttarakhand,45,Almora,-,-,-,-,-,-,-,-,-,29.59575833,79.65063889,22-06-2026 16:00,3
15,Almora_1,Uttarakhand,5,Uttarakhand,45,Almora,-,-,-,-,-,-,-,-,-,29.59575833,79.65063889,22-06-2026 17:00,3.5
16,Almora_1,Uttarakhand,5,Uttarakhand,45,Almora,-,-,-,-,-,-,-,-,-,29.59575833,79.65063889,26-06-2026 15:00,1
17,Almora_1,Uttarakhand,5,Uttarakhand,45,Almora,-,-,-,-,-,-,-,-,-,29.59575833,79.65063889,01-07-2026 00:00,0.5
18,Almora_1,Uttarakhand,5,Uttarakhand,45,Almora,-,-,-,-,-,-,-,-,-,29.59575833,79.65063889,01-07-2026 06:00,1.5
19,Almora_1,Uttarakhand,5,Uttarakhand,45,Almora,-,-,-,-,-,-,-,-,-,29.59575833,79.65063889,01-07-2026 07:00,2
20,Almora_1,Uttarakhand,5,Uttarakhand,45,Almora,-,-,-,-,-,-,-,-,-,29.59575833,79.65063889,01-07-2026 08:00,0.5
21,Almora_1,Uttarakhand,5,Uttarakhand,45,Almora,-,-,-,-,-,-,-,-,-,29.59575833,79.65063889,01-07-2026 14:00,0.5
22,Almora_1,Uttarakhand,5,Uttarakhand,45,Almora,-,-,-,-,-,-,-,-,-,29.59575833,79.65063889,04-07-2026 16:00,1
23,Almora_1,Uttarakhand,5,Uttarakhand,45,Almora,-,-,-,-,-,-,-,-,-,29.59575833,79.65063889,06-07-2026 07:00,0.5
24,Almora_1,Uttarakhand,5,Uttarakhand,45,Almora,-,-,-,-,-,-,-,-,-,29.59575833,79.65063889,10-07-2026 06:00,0.5
25,Almora_1,Uttarakhand,5,Uttarakhand,45,Almora,-,-,-,-,-,-,-,-,-,29.59575833,79.65063889,17-07-2026 18:00,1
26,Almora_1,Uttarakhand,5,Uttarakhand,45,Almora,-,-,-,-,-,-,-,-,-,29.59575833,79.65063889,17-07-2026 19:00,0.5
27,Almora_1,Uttarakhand,5,Uttarakhand,45,Almora,-,-,-,-,-,-,-,-,-,29.59575833,79.65063889,19-07-2026 04:00,0.5
28,Almora_1,Uttarakhand,5,Uttarakhand,45,Almora,-,-,-,-,-,-,-,-,-,29.59575833,79.65063889,19-07-2026 13:00,0.5
29,Almora_1,Uttarakhand,5,Uttarakhand,45,Almora,-,-,-,-,-,-,-,-,-,29.59575833,79.65063889,19-07-2026 15:00,0.5
30,Almora_1,Uttarakhand,5,Uttarakhand,45,Almora,-,-,-,-,-,-,-,-,-,29.59575833,79.65063889,19-07-2026 18:00,1
31,Almora_1,Uttarakhand,5,Uttarakhand,45,Almora,-,-,-,-,-,-,-,-,-,29.59575833,79.65063889,19-07-2026 19:00,0.5
32,Almora_1,Uttarakhand,5,Uttarakhand,45,Almora,-,-,-,-,-,-,-,-,-,29.59575833,79.65063889,19-07-2026 21:00,0.5
33,Almora_1,Uttarakhand,5,Uttarakhand,45,Almora,-,-,-,-,-,-,-,-,-,29.59575833,79.65063889,20-07-2026 02:00,0.5
34,Almora_1,Uttarakhand,5,Uttarakhand,45,Almora,-,-,-,-,-,-,-,-,-,29.59575833,79.65063889,20-07-2026 03:00,0.5
35,Almora_1,Uttarakhand,5,Uttarakhand,45,Almora,-,-,-,-,-,-,-,-,-,29.59575833,79.65063889,20-07-2026 04:00,1
36,Almora_1,Uttarakhand,5,Uttarakhand,45,Almora,-,-,-,-,-,-,-,-,-,29.59575833,79.65063889,20-07-2026 07:00,0.5
37,Almora_1,Uttarakhand,5,Uttarakhand,45,Almora,-,-,-,-,-,-,-,-,-,29.59575833,79.65063889,20-07-2026 13:00,0.5
38,Almora_1,Uttarakhand,5,Uttarakhand,45,Almora,-,-,-,-,-,-,-,-,-,29.59575833,79.65063889,21-07-2026 04:00,0.5
39,Almora_1,Uttarakhand,5,Uttarakhand,45,Almora,-,-,-,-,-,-,-,-,-,29.59575833,79.65063889,21-07-2026 13:00,0.5
40,Almora_1,Uttarakhand,5,Uttarakhand,45,Almora,-,-,-,-,-,-,-,-,-,29.59575833,79.65063889,27-07-2026 06:00,0.5
41,Almora_1,Uttarakhand,5,Uttarakhand,45,Almora,-,-,-,-,-,-,-,-,-,29.59575833,79.65063889,10-08-2026 11:00,1
42,Almora_1,Uttarakhand,5,Uttarakhand,45,Almora,-,-,-,-,-,-,-,-,-,29.59575833,79.65063889,10-08-2026 12:00,0.5
43,Almora_1,Uttarakhand,5,Uttarakhand,45,Almora,-,-,-,-,-,-,-,-,-,29.59575833,79.65063889,10-08-2026 14:00,0.5
44,Almora_1,Uttarakhand,5,Uttarakhand,45,Almora,-,-,-,-,-,-,-,-,-,29.59575833,79.65063889,10-08-2026 18:00,0.5
45,Almora_1,Uttarakhand,5,Uttarakhand,45,Almora,-,-,-,-,-,-,-,-,-,29.59575833,79.65063889,11-08-2026 02:00,0.5
46,Almora_1,Uttarakhand,5,Uttarakhand,45,Almora,-,-,-,-,-,-,-,-,-,29.59575833,79.65063889,11-08-2026 11:00,0.5
47,Almora_1,Uttarakhand,5,Uttarakhand,45,Almora,-,-,-,-,-,-,-,-,-,29.59575833,79.65063889,11-08-2026 22:00,0.5
48,Almora_1,Uttarakhand,5,Uttarakhand,45,Almora,-,-,-,-,-,-,-,-,-,29.59575833,79.65063889,12-08-2026 11:00,0.5
49,Almora_1,Uttarakhand,5,Uttarakhand,45,Almora,-,-,-,-,-,-,-,-,-,29.59575833,79.65063889,12-08-2026 22:00,0.5
50,Almora_1,Uttarakhand,5,Uttarakhand,45,Almora,-,-,-,-,-,-,-,-,-,29.59575833,79.65063889,13-08-2026 13:00,0.5
51,Almora_1,Uttarakhand,5,Uttarakhand,45,Almora,-,-,-,-,-,-,-,-,-,29.59575833,79.65063889,17-08-2026 18:00,0.5
52,Almora_1,Uttarakhand,5,Uttarakhand,45,Almora,-,-,-,-,-,-,-,-,-,29.59575833,79.65063889,21-08-2026 12:00,0.5
53,Almora_1,Uttarakhand,5,Uttarakhand,45,Almora,-,-,-,-,-,-,-,-,-,29.59575833,79.65063889,23-08-2026 15:00,0.5
54,Almora_1,Uttarakhand,5,Uttarakhand,45,Almora,-,-,-,-,-,-,-,-,-,29.59575833,79.65063889,25-08-2026 12:00,0.5
55,Bahadarabad,Uttarakhand,5,Uttarakhand,50,Haridwar,-,-,-,-,-,-,-,-,-,29.92380278,78.03671389,22-03-2026 22:00,64.5
56,Bahadarabad,Uttarakhand,5,Uttarakhand,50,Haridwar,-,-,-,-,-,-,-,-,-,29.92380278,78.03671389,23-03-2026 22:00,160
57,Bahadarabad,Uttarakhand,5,Uttarakhand,50,Haridwar,-,-,-,-,-,-,-,-,-,29.92380278,78.03671389,22-04-2026 08:00,64
58,Bahadarabad,Uttarakhand,5,Uttarakhand,50,Haridwar,-,-,-,-,-,-,-,-,-,29.92380278,78.03671389,24-04-2026 00:00,142
59,Baijnath (Gomti),Uttarakhand,5,Uttarakhand,46,Bageshwar,-,-,-,-,-,-,-,-,-,29.90822222,79.61769444,06-02-2026 04:00,250.5
60,Baijnath (Gomti),Uttarakhand,5,Uttarakhand,46,Bageshwar,-,-,-,-,-,-,-,-,-,29.90822222,79.61769444,19-02-2026 17:00,311
61,Baijnath (Gomti),Uttarakhand,5,Uttarakhand,46,Bageshwar,-,-,-,-,-,-,-,-,-,29.90822222,79.61769444,23-03-2026 05:00,341.5
62,Baijnath (Gomti),Uttarakhand,5,Uttarakhand,46,Bageshwar,-,-,-,-,-,-,-,-,-,29.90822222,79.61769444,20-04-2026 18:00,1.5
63,Baijnath (Gomti),Uttarakhand,5,Uttarakhand,46,Bageshwar,-,-,-,-,-,-,-,-,-,29.90822222,79.61769444,23-04-2026 18:00,12
64,Baijnath (Gomti),Uttarakhand,5,Uttarakhand,46,Bageshwar,-,-,-,-,-,-,-,-,-,29.90822222,79.61769444,25-04-2026 15:30,195
65,Baijnath (Gomti),Uttarakhand,5,Uttarakhand,46,Bageshwar,-,-,-,-,-,-,-,-,-,29.90822222,79.61769444,26-04-2026 01:00,58
66,Baijnath (Gomti),Uttarakhand,5,Uttarakhand,46,Bageshwar,-,-,-,-,-,-,-,-,-,29.90822222,79.61769444,01-05-2026 19:00,162
67,Baijnath (Gomti),Uttarakhand,5,Uttarakhand,46,Bageshwar,-,-,-,-,-,-,-,-,-,29.90822222,79.61769444,28-05-2026 19:00,5
68,Baijnath (Gomti),Uttarakhand,5,Uttarakhand,46,Bageshwar,-,-,-,-,-,-,-,-,-,29.90822222,79.61769444,28-05-2026 20:00,6
69,Baijnath (Gomti),Uttarakhand,5,Uttarakhand,46,Bageshwar,-,-,-,-,-,-,-,-,-,29.90822222,79.61769444,10-06-2026 18:00,17.5
70,Baijnath (Gomti),Uttarakhand,5,Uttarakhand,46,Bageshwar,-,-,-,-,-,-,-,-,-,29.90822222,79.61769444,10-06-2026 19:00,14.5
71,Baijnath (Gomti),Uttarakhand,5,Uttarakhand,46,Bageshwar,-,-,-,-,-,-,-,-,-,29.90822222,79.61769444,10-06-2026 20:00,1
72,Baijnath (Gomti),Uttarakhand,5,Uttarakhand,46,Bageshwar,-,-,-,-,-,-,-,-,-,29.90822222,79.61769444,11-06-2026 12:00,1.5
73,Baijnath (Gomti),Uttarakhand,5,Uttarakhand,46,Bageshwar,-,-,-,-,-,-,-,-,-,29.90822222,79.61769444,11-06-2026 13:00,1
74,Baijnath (Gomti),Uttarakhand,5,Uttarakhand,46,Bageshwar,-,-,-,-,-,-,-,-,-,29.90822222,79.61769444,11-06-2026 19:00,0.5
75,Baijnath (Gomti),Uttarakhand,5,Uttarakhand,46,Bageshwar,-,-,-,-,-,-,-,-,-,29.90822222,79.61769444,12-06-2026 02:00,0.5
76,Baijnath (Gomti),Uttarakhand,5,Uttarakhand,46,Bageshwar,-,-,-,-,-,-,-,-,-,29.90822222,79.61769444,12-06-2026 03:00,7.5
77,Baijnath (Gomti),Uttarakhand,5,Uttarakhand,46,Bageshwar,-,-,-,-,-,-,-,-,-,29.90822222,79.61769444,12-06-2026 04:00,4
78,Baijnath (Gomti),Uttarakhand,5,Uttarakhand,46,Bageshwar,-,-,-,-,-,-,-,-,-,29.90822222,79.61769444,12-06-2026 05:00,2.5
79,Baijnath (Gomti),Uttarakhand,5,Uttarakhand,46,Bageshwar,-,-,-,-,-,-,-,-,-,29.90822222,79.61769444,12-06-2026 06:00,1
80,Baijnath (Gomti),Uttarakhand,5,Uttarakhand,46,Bageshwar,-,-,-,-,-,-,-,-,-,29.90822222,79.61769444,12-06-2026 07:00,0.5
81,Baijnath (Gomti),Uttarakhand,5,Uttarakhand,46,Bageshwar,-,-,-,-,-,-,-,-,-,29.90822222,79.61769444,12-06-2026 08:00,1
82,Baijnath (Gomti),Uttarakhand,5,Uttarakhand,46,Bageshwar,-,-,-,-,-,-,-,-,-,29.90822222,79.61769444,12-06-2026 09:00,0.5
83,Baijnath (Gomti),Uttarakhand,5,Uttarakhand,46,Bageshwar,-,-,-,-,-,-,-,-,-,29.90822222,79.61769444,21-06-2026 17:00,4.5
84,Baijnath (Gomti),Uttarakhand,5,Uttarakhand,46,Bageshwar,-,-,-,-,-,-,-,-,-,29.90822222,79.61769444,22-06-2026 16:00,1
85,Baijnath (Gomti),Uttarakhand,5,Uttarakhand,46,Bageshwar,-,-,-,-,-,-,-,-,-,29.90822222,79.61769444,22-06-2026 17:00,0.5
86,Baijnath (Gomti),Uttarakhand,5,Uttarakhand,46,Bageshwar,-,-,-,-,-,-,-,-,-,29.90822222,79.61769444,23-06-2026 17:00,0.5
87,Baijnath (Gomti),Uttarakhand,5,Uttarakhand,46,Bageshwar,-,-,-,-,-,-,-,-,-,29.90822222,79.61769444,25-06-2026 03:00,0.5
88,Baijnath (Gomti),Uttarakhand,5,Uttarakhand,46,Bageshwar,-,-,-,-,-,-,-,-,-,29.90822222,79.61769444,25-06-2026 04:00,0.5
89,Baijnath (Gomti),Uttarakhand,5,Uttarakhand,46,Bageshwar,-,-,-,-,-,-,-,-,-,29.90822222,79.61769444,26-06-2026 16:00,10
90,Baijnath (Gomti),Uttarakhand,5,Uttarakhand,46,Bageshwar,-,-,-,-,-,-,-,-,-,29.90822222,79.61769444,28-06-2026 23:00,0.5
91,Baijnath (Gomti),Uttarakhand,5,Uttarakhand,46,Bageshwar,-,-,-,-,-,-,-,-,-,29.90822222,79.61769444,29-06-2026 20:00,0.5
92,Baijnath (Gomti),Uttarakhand,5,Uttarakhand,46,Bageshwar,-,-,-,-,-,-,-,-,-,29.90822222,79.61769444,01-07-2026 01:00,37
93,Baijnath (Gomti),Uttarakhand,5,Uttarakhand,46,Bageshwar,-,-,-,-,-,-,-,-,-,29.90822222,79.61769444,01-07-2026 02:00,27
94,Baijnath (Gomti),Uttarakhand,5,Uttarakhand,46,Bageshwar,-,-,-,-,-,-,-,-,-,29.90822222,79.61769444,01-07-2026 03:00,4
95,Baijnath (Gomti),Uttarakhand,5,Uttarakhand,46,Bageshwar,-,-,-,-,-,-,-,-,-,29.90822222,79.61769444,01-07-2026 04:00,4.5
96,Baijnath (Gomti),Uttarakhand,5,Uttarakhand,46,Bageshwar,-,-,-,-,-,-,-,-,-,29.90822222,79.61769444,01-07-2026 05:00,7.5
97,Baijnath (Gomti),Uttarakhand,5,Uttarakhand,46,Bageshwar,-,-,-,-,-,-,-,-,-,29.90822222,79.61769444,01-07-2026 06:00,6.5
98,Baijnath (Gomti),Uttarakhand,5,Uttarakhand,46,Bageshwar,-,-,-,-,-,-,-,-,-,29.90822222,79.61769444,01-07-2026 07:00,2
99,Baijnath (Gomti),Uttarakhand,5,Uttarakhand,46,Bageshwar,-,-,-,-,-,-,-,-,-,29.90822222,79.61769444,01-07-2026 08:00,0.5
100,Baijnath (Gomti),Uttarakhand,5,Uttarakhand,46,Bageshwar,-,-,-,-,-,-,-,-,-,29.90822222,79.61769444,01-07-2026 09:00,0.5
101,Baijnath (Gomti),Uttarakhand,5,Uttarakhand,46,Bageshwar,-,-,-,-,-,-,-,-,-,29.90822222,79.61769444,02-07-2026 01:00,2
102,Baijnath (Gomti),Uttarakhand,5,Uttarakhand,46,Bageshwar,-,-,-,-,-,-,-,-,-,29.90822222,79.61769444,02-07-2026 05:00,0.5
103,Baijnath (Gomti),Uttarakhand,5,Uttarakhand,46,Bageshwar,-,-,-,-,-,-,-,-,-,29.90822222,79.61769444,02-07-2026 06:00,3.5
104,Baijnath (Gomti),Uttarakhand,5,Uttarakhand,46,Bageshwar,-,-,-,-,-,-,-,-,-,29.90822222,79.61769444,02-07-2026 07:00,8
105,Baijnath (Gomti),Uttarakhand,5,Uttarakhand,46,Bageshwar,-,-,-,-,-,-,-,-,-,29.90822222,79.61769444,02-07-2026 08:00,10
106,Baijnath (Gomti),Uttarakhand,5,Uttarakhand,46,Bageshwar,-,-,-,-,-,-,-,-,-,29.90822222,79.61769444,02-07-2026 09:00,2.5
107,Baijnath (Gomti),Uttarakhand,5,Uttarakhand,46,Bageshwar,-,-,-,-,-,-,-,-,-,29.90822222,79.61769444,02-07-2026 10:00,0.5
108,Baijnath (Gomti),Uttarakhand,5,Uttarakhand,46,Bageshwar,-,-,-,-,-,-,-,-,-,29.90822222,79.61769444,03-07-2026 16:00,10
109,Baijnath (Gomti),Uttarakhand,5,Uttarakhand,46,Bageshwar,-,-,-,-,-,-,-,-,-,29.90822222,79.61769444,03-07-2026 17:00,6
110,Baijnath (Gomti),Uttarakhand,5,Uttarakhand,46,Bageshwar,-,-,-,-,-,-,-,-,-,29.90822222,79.61769444,03-07-2026 20:00,0.5
111,Baijnath (Gomti),Uttarakhand,5,Uttarakhand,46,Bageshwar,-,-,-,-,-,-,-,-,-,29.90822222,79.61769444,03-07-2026 21:00,3
112,Baijnath (Gomti),Uttarakhand,5,Uttarakhand,46,Bageshwar,-,-,-,-,-,-,-,-,-,29.90822222,79.61769444,03-07-2026 22:00,5
113,Baijnath (Gomti),Uttarakhand,5,Uttarakhand,46,Bageshwar,-,-,-,-,-,-,-,-,-,29.90822222,79.61769444,04-07-2026 18:00,0.5
114,Baijnath (Gomti),Uttarakhand,5,Uttarakhand,46,Bageshwar,-,-,-,-,-,-,-,-,-,29.90822222,79.61769444,05-07-2026 02:00,3.5
115,Baijnath (Gomti),Uttarakhand,5,Uttarakhand,46,Bageshwar,-,-,-,-,-,-,-,-,-,29.90822222,79.61769444,05-07-2026 03:00,9
116,Baijnath (Gomti),Uttarakhand,5,Uttarakhand,46,Bageshwar,-,-,-,-,-,-,-,-,-,29.90822222,79.61769444,05-07-2026 04:00,0.5
117,Baijnath (Gomti),Uttarakhand,5,Uttarakhand,46,Bageshwar,-,-,-,-,-,-,-,-,-,29.90822222,79.61769444,05-07-2026 05:00,2
118,Baijnath (Gomti),Uttarakhand,5,Uttarakhand,46,Bageshwar,-,-,-,-,-,-,-,-,-,29.90822222,79.61769444,05-07-2026 06:00,2.5
119,Baijnath (Gomti),Uttarakhand,5,Uttarakhand,46,Bageshwar,-,-,-,-,-,-,-,-,-,29.90822222,79.61769444,05-07-2026 07:00,0.5
120,Baijnath (Gomti),Uttarakhand,5,Uttarakhand,46,Bageshwar,-,-,-,-,-,-,-,-,-,29.90822222,79.61769444,06-07-2026 01:00,1.5
121,Baijnath (Gomti),Uttarakhand,5,Uttarakhand,46,Bageshwar,-,-,-,-,-,-,-,-,-,29.90822222,79.61769444,06-07-2026 03:00,4
122,Baijnath (Gomti),Uttarakhand,5,Uttarakhand,46,Bageshwar,-,-,-,-,-,-,-,-,-,29.90822222,79.61769444,06-07-2026 04:00,8
123,Baijnath (Gomti),Uttarakhand,5,Uttarakhand,46,Bageshwar,-,-,-,-,-,-,-,-,-,29.90822222,79.61769444,06-07-2026 05:00,6
124,Baijnath (Gomti),Uttarakhand,5,Uttarakhand,46,Bageshwar,-,-,-,-,-,-,-,-,-,29.90822222,79.61769444,06-07-2026 06:00,4.5
125,Baijnath (Gomti),Uttarakhand,5,Uttarakhand,46,Bageshwar,-,-,-,-,-,-,-,-,-,29.90822222,79.61769444,06-07-2026 07:00,1.5
126,Baijnath (Gomti),Uttarakhand,5,Uttarakhand,46,Bageshwar,-,-,-,-,-,-,-,-,-,29.90822222,79.61769444,06-07-2026 08:00,0.5
127,Baijnath (Gomti),Uttarakhand,5,Uttarakhand,46,Bageshwar,-,-,-,-,-,-,-,-,-,29.90822222,79.61769444,07-07-2026 12:00,0.5
128,Baijnath (Gomti),Uttarakhand,5,Uttarakhand,46,Bageshwar,-,-,-,-,-,-,-,-,-,29.90822222,79.61769444,07-07-2026 13:00,0.5
129,Baijnath (Gomti),Uttarakhand,5,Uttarakhand,46,Bageshwar,-,-,-,-,-,-,-,-,-,29.90822222,79.61769444,07-07-2026 14:00,0.5
130,Baijnath (Gomti),Uttarakhand,5,Uttarakhand,46,Bageshwar,-,-,-,-,-,-,-,-,-,29.90822222,79.61769444,08-07-2026 05:00,0.5
131,Baijnath (Gomti),Uttarakhand,5,Uttarakhand,46,Bageshwar,-,-,-,-,-,-,-,-,-,29.90822222,79.61769444,08-07-2026 08:00,1
132,Baijnath (Gomti),Uttarakhand,5,Uttarakhand,46,Bageshwar,-,-,-,-,-,-,-,-,-,29.90822222,79.61769444,08-07-2026 09:00,0.5
133,Baijnath (Gomti),Uttarakhand,5,Uttarakhand,46,Bageshwar,-,-,-,-,-,-,-,-,-,29.90822222,79.61769444,08-07-2026 10:00,0.5
134,Baijnath (Gomti),Uttarakhand,5,Uttarakhand,46,Bageshwar,-,-,-,-,-,-,-,-,-,29.90822222,79.61769444,08-07-2026 11:00,1
135,Baijnath (Gomti),Uttarakhand,5,Uttarakhand,46,Bageshwar,-,-,-,-,-,-,-,-,-,29.90822222,79.61769444,08-07-2026 12:00,16.5
136,Baijnath (Gomti),Uttarakhand,5,Uttarakhand,46,Bageshwar,-,-,-,-,-,-,-,-,-,29.90822222,79.61769444,08-07-2026 13:00,4.5
137,Baijnath (Gomti),Uttarakhand,5,Uttarakhand,46,Bageshwar,-,-,-,-,-,-,-,-,-,29.90822222,79.61769444,08-07-2026 14:00,1.5
138,Baijnath (Gomti),Uttarakhand,5,Uttarakhand,46,Bageshwar,-,-,-,-,-,-,-,-,-,29.90822222,79.61769444,08-07-2026 18:00,0.5
139,Baijnath (Gomti),Uttarakhand,5,Uttarakhand,46,Bageshwar,-,-,-,-,-,-,-,-,-,29.90822222,79.61769444,09-07-2026 00:00,1
140,Baijnath (Gomti),Uttarakhand,5,Uttarakhand,46,Bageshwar,-,-,-,-,-,-,-,-,-,29.90822222,79.61769444,09-07-2026 01:00,0.5
141,Baijnath (Gomti),Uttarakhand,5,Uttarakhand,46,Bageshwar,-,-,-,-,-,-,-,-,-,29.90822222,79.61769444,09-07-2026 02:00,2.5
142,Baijnath (Gomti),Uttarakhand,5,Uttarakhand,46,Bageshwar,-,-,-,-,-,-,-,-,-,29.90822222,79.61769444,09-07-2026 03:00,2
143,Baijnath (Gomti),Uttarakhand,5,Uttarakhand,46,Bageshwar,-,-,-,-,-,-,-,-,-,29.90822222,79.61769444,09-07-2026 04:00,2
144,Baijnath (Gomti),Uttarakhand,5,Uttarakhand,46,Bageshwar,-,-,-,-,-,-,-,-,-,29.90822222,79.61769444,09-07-2026 05:00,2.5
145,Baijnath (Gomti),Uttarakhand,5,Uttarakhand,46,Bageshwar,-,-,-,-,-,-,-,-,-,29.90822222,79.61769444,09-07-2026 06:00,5
146,Baijnath (Gomti),Uttarakhand,5,Uttarakhand,46,Bageshwar,-,-,-,-,-,-,-,-,-,29.90822222,79.61769444,09-07-2026 07:00,6.5
147,Baijnath (Gomti),Uttarakhand,5,Uttarakhand,46,Bageshwar,-,-,-,-,-,-,-,-,-,29.90822222,79.61769444,09-07-2026 08:00,2.5
148,Baijnath (Gomti),Uttarakhand,5,Uttarakhand,46,Bageshwar,-,-,-,-,-,-,-,-,-,29.90822222,79.61769444,09-07-2026 09:00,1.5
149,Baijnath (Gomti),Uttarakhand,5,Uttarakhand,46,Bageshwar,-,-,-,-,-,-,-,-,-,29.90822222,79.61769444,09-07-2026 13:00,2.5
150,Baijnath (Gomti),Uttarakhand,5,Uttarakhand,46,Bageshwar,-,-,-,-,-,-,-,-,-,29.90822222,79.61769444,09-07-2026 14:00,2
151,Baijnath (Gomti),Uttarakhand,5,Uttarakhand,46,Bageshwar,-,-,-,-,-,-,-,-,-,29.90822222,79.61769444,10-07-2026 00:00,9
152,Baijnath (Gomti),Uttarakhand,5,Uttarakhand,46,Bageshwar,-,-,-,-,-,-,-,-,-,29.90822222,79.61769444,10-07-2026 01:00,1
153,Baijnath (Gomti),Uttarakhand,5,Uttarakhand,46,Bageshwar,-,-,-,-,-,-,-,-,-,29.90822222,79.61769444,10-07-2026 05:00,1
154,Baijnath (Gomti),Uttarakhand,5,Uttarakhand,46,Bageshwar,-,-,-,-,-,-,-,-,-,29.90822222,79.61769444,10-07-2026 06:00,0.5
155,Baijnath (Gomti),Uttarakhand,5,Uttarakhand,46,Bageshwar,-,-,-,-,-,-,-,-,-,29.90822222,79.61769444,10-07-2026 22:00,0.5
156,Baijnath (Gomti),Uttarakhand,5,Uttarakhand,46,Bageshwar,-,-,-,-,-,-,-,-,-,29.90822222,79.61769444,10-07-2026 23:00,1
157,Baijnath (Gomti),Uttarakhand,5,Uttarakhand,46,Bageshwar,-,-,-,-,-,-,-,-,-,29.90822222,79.61769444,11-07-2026 00:00,1
158,Baijnath (Gomti),Uttarakhand,5,Uttarakhand,46,Bageshwar,-,-,-,-,-,-,-,-,-,29.90822222,79.61769444,11-07-2026 01:00,8.5
159,Baijnath (Gomti),Uttarakhand,5,Uttarakhand,46,Bageshwar,-,-,-,-,-,-,-,-,-,29.90822222,79.61769444,11-07-2026 02:00,3
160,Baijnath (Gomti),Uttarakhand,5,Uttarakhand,46,Bageshwar,-,-,-,-,-,-,-,-,-,29.90822222,79.61769444,11-07-2026 03:00,4.5
161,Baijnath (Gomti),Uttarakhand,5,Uttarakhand,46,Bageshwar,-,-,-,-,-,-,-,-,-,29.90822222,79.61769444,11-07-2026 04:00,2
162,Baijnath (Gomti),Uttarakhand,5,Uttarakhand,46,Bageshwar,-,-,-,-,-,-,-,-,-,29.90822222,79.61769444,11-07-2026 12:00,1.5
163,Baijnath (Gomti),Uttarakhand,5,Uttarakhand,46,Bageshwar,-,-,-,-,-,-,-,-,-,29.90822222,79.61769444,11-07-2026 13:00,0.5
164,Baijnath (Gomti),Uttarakhand,5,Uttarakhand,46,Bageshwar,-,-,-,-,-,-,-,-,-,29.90822222,79.61769444,11-07-2026 18:00,0.5
165,Baijnath (Gomti),Uttarakhand,5,Uttarakhand,46,Bageshwar,-,-,-,-,-,-,-,-,-,29.90822222,79.61769444,12-07-2026 00:00,1
166,Baijnath (Gomti),Uttarakhand,5,Uttarakhand,46,Bageshwar,-,-,-,-,-,-,-,-,-,29.90822222,79.61769444,12-07-2026 02:00,0.5
167,Baijnath (Gomti),Uttarakhand,5,Uttarakhand,46,Bageshwar,-,-,-,-,-,-,-,-,-,29.90822222,79.61769444,14-07-2026 19:00,12
168,Baijnath (Gomti),Uttarakhand,5,Uttarakhand,46,Bageshwar,-,-,-,-,-,-,-,-,-,29.90822222,79.61769444,17-07-2026 02:00,1.5
169,Baijnath (Gomti),Uttarakhand,5,Uttarakhand,46,Bageshwar,-,-,-,-,-,-,-,-,-,29.90822222,79.61769444,17-07-2026 03:00,2.5
170,Baijnath (Gomti),Uttarakhand,5,Uttarakhand,46,Bageshwar,-,-,-,-,-,-,-,-,-,29.90822222,79.61769444,17-07-2026 04:00,0.5
171,Baijnath (Gomti),Uttarakhand,5,Uttarakhand,46,Bageshwar,-,-,-,-,-,-,-,-,-,29.90822222,79.61769444,18-07-2026 23:00,4
172,Baijnath (Gomti),Uttarakhand,5,Uttarakhand,46,Bageshwar,-,-,-,-,-,-,-,-,-,29.90822222,79.61769444,19-07-2026 00:00,3.5
173,Baijnath (Gomti),Uttarakhand,5,Uttarakhand,46,Bageshwar,-,-,-,-,-,-,-,-,-,29.90822222,79.61769444,19-07-2026 01:00,2
174,Baijnath (Gomti),Uttarakhand,5,Uttarakhand,46,Bageshwar,-,-,-,-,-,-,-,-,-,29.90822222,79.61769444,19-07-2026 02:00,1.5
175,Baijnath (Gomti),Uttarakhand,5,Uttarakhand,46,Bageshwar,-,-,-,-,-,-,-,-,-,29.90822222,79.61769444,19-07-2026 03:00,3
176,Baijnath (Gomti),Uttarakhand,5,Uttarakhand,46,Bageshwar,-,-,-,-,-,-,-,-,-,29.90822222,79.61769444,19-07-2026 04:00,1.5
177,Baijnath (Gomti),Uttarakhand,5,Uttarakhand,46,Bageshwar,-,-,-,-,-,-,-,-,-,29.90822222,79.61769444,19-07-2026 05:00,0.5
178,Baijnath (Gomti),Uttarakhand,5,Uttarakhand,46,Bageshwar,-,-,-,-,-,-,-,-,-,29.90822222,79.61769444,19-07-2026 06:00,1
179,Baijnath (Gomti),Uttarakhand,5,Uttarakhand,46,Bageshwar,-,-,-,-,-,-,-,-,-,29.90822222,79.61769444,19-07-2026 15:00,2
180,Baijnath (Gomti),Uttarakhand,5,Uttarakhand,46,Bageshwar,-,-,-,-,-,-,-,-,-,29.90822222,79.61769444,19-07-2026 16:00,0.5
181,Baijnath (Gomti),Uttarakhand,5,Uttarakhand,46,Bageshwar,-,-,-,-,-,-,-,-,-,29.90822222,79.61769444,19-07-2026 17:00,2.5
182,Baijnath (Gomti),Uttarakhand,5,Uttarakhand,46,Bageshwar,-,-,-,-,-,-,-,-,-,29.90822222,79.61769444,19-07-2026 18:00,1
183,Baijnath (Gomti),Uttarakhand,5,Uttarakhand,46,Bageshwar,-,-,-,-,-,-,-,-,-,29.90822222,79.61769444,19-07-2026 19:00,4.5
184,Baijnath (Gomti),Uttarakhand,5,Uttarakhand,46,Bageshwar,-,-,-,-,-,-,-,-,-,29.90822222,79.61769444,19-07-2026 20:00,2.5
185,Baijnath (Gomti),Uttarakhand,5,Uttarakhand,46,Bageshwar,-,-,-,-,-,-,-,-,-,29.90822222,79.61769444,19-07-2026 21:00,1.5
186,Baijnath (Gomti),Uttarakhand,5,Uttarakhand,46,Bageshwar,-,-,-,-,-,-,-,-,-,29.90822222,79.61769444,20-07-2026 01:00,3
187,Baijnath (Gomti),Uttarakhand,5,Uttarakhand,46,Bageshwar,-,-,-,-,-,-,-,-,-,29.90822222,79.61769444,20-07-2026 02:00,3.5
188,Baijnath (Gomti),Uttarakhand,5,Uttarakhand,46,Bageshwar,-,-,-,-,-,-,-,-,-,29.90822222,79.61769444,20-07-2026 03:00,9
189,Baijnath (Gomti),Uttarakhand,5,Uttarakhand,46,Bageshwar,-,-,-,-,-,-,-,-,-,29.90822222,79.61769444,20-07-2026 04:00,5
190,Baijnath (Gomti),Uttarakhand,5,Uttarakhand,46,Bageshwar,-,-,-,-,-,-,-,-,-,29.90822222,79.61769444,20-07-2026 05:00,1.5
191,Baijnath (Gomti),Uttarakhand,5,Uttarakhand,46,Bageshwar,-,-,-,-,-,-,-,-,-,29.90822222,79.61769444,20-07-2026 06:00,0.5
192,Baijnath (Gomti),Uttarakhand,5,Uttarakhand,46,Bageshwar,-,-,-,-,-,-,-,-,-,29.90822222,79.61769444,20-07-2026 07:00,13.5
193,Baijnath (Gomti),Uttarakhand,5,Uttarakhand,46,Bageshwar,-,-,-,-,-,-,-,-,-,29.90822222,79.61769444,20-07-2026 08:00,9
194,Baijnath (Gomti),Uttarakhand,5,Uttarakhand,46,Bageshwar,-,-,-,-,-,-,-,-,-,29.90822222,79.61769444,20-07-2026 09:00,0.5
195,Baijnath (Gomti),Uttarakhand,5,Uttarakhand,46,Bageshwar,-,-,-,-,-,-,-,-,-,29.90822222,79.61769444,20-07-2026 19:00,4.5
196,Baijnath (Gomti),Uttarakhand,5,Uttarakhand,46,Bageshwar,-,-,-,-,-,-,-,-,-,29.90822222,79.61769444,20-07-2026 20:00,7
197,Baijnath (Gomti),Uttarakhand,5,Uttarakhand,46,Bageshwar,-,-,-,-,-,-,-,-,-,29.90822222,79.61769444,20-07-2026 21:00,5.5
198,Baijnath (Gomti),Uttarakhand,5,Uttarakhand,46,Bageshwar,-,-,-,-,-,-,-,-,-,29.90822222,79.61769444,20-07-2026 22:00,4
199,Baijnath (Gomti),Uttarakhand,5,Uttarakhand,46,Bageshwar,-,-,-,-,-,-,-,-,-,29.90822222,79.61769444,20-07-2026 23:00,8.5
200,Baijnath (Gomti),Uttarakhand,5,Uttarakhand,46,Bageshwar,-,-,-,-,-,-,-,-,-,29.90822222,79.61769444,21-07-2026 00:00,2
201,Baijnath (Gomti),Uttarakhand,5,Uttarakhand,46,Bageshwar,-,-,-,-,-,-,-,-,-,29.90822222,79.61769444,21-07-2026 01:00,1
202,Baijnath (Gomti),Uttarakhand,5,Uttarakhand,46,Bageshwar,-,-,-,-,-,-,-,-,-,29.90822222,79.61769444,21-07-2026 02:00,2.5
203,Baijnath (Gomti),Uttarakhand,5,Uttarakhand,46,Bageshwar,-,-,-,-,-,-,-,-,-,29.90822222,79.61769444,21-07-2026 03:00,0.5
204,Baijnath (Gomti),Uttarakhand,5,Uttarakhand,46,Bageshwar,-,-,-,-,-,-,-,-,-,29.90822222,79.61769444,21-07-2026 09:00,7
205,Baijnath (Gomti),Uttarakhand,5,Uttarakhand,46,Bageshwar,-,-,-,-,-,-,-,-,-,29.90822222,79.61769444,21-07-2026 10:00,2
206,Baijnath (Gomti),Uttarakhand,5,Uttarakhand,46,Bageshwar,-,-,-,-,-,-,-,-,-,29.90822222,79.61769444,22-07-2026 01:00,2
207,Baijnath (Gomti),Uttarakhand,5,Uttarakhand,46,Bageshwar,-,-,-,-,-,-,-,-,-,29.90822222,79.61769444,22-07-2026 02:00,4.5
208,Baijnath (Gomti),Uttarakhand,5,Uttarakhand,46,Bageshwar,-,-,-,-,-,-,-,-,-,29.90822222,79.61769444,22-07-2026 03:00,3
209,Baijnath (Gomti),Uttarakhand,5,Uttarakhand,46,Bageshwar,-,-,-,-,-,-,-,-,-,29.90822222,79.61769444,22-07-2026 04:00,11.5
210,Baijnath (Gomti),Uttarakhand,5,Uttarakhand,46,Bageshwar,-,-,-,-,-,-,-,-,-,29.90822222,79.61769444,22-07-2026 05:00,1.5
211,Baijnath (Gomti),Uttarakhand,5,Uttarakhand,46,Bageshwar,-,-,-,-,-,-,-,-,-,29.90822222,79.61769444,22-07-2026 06:00,0.5
212,Baijnath (Gomti),Uttarakhand,5,Uttarakhand,46,Bageshwar,-,-,-,-,-,-,-,-,-,29.90822222,79.61769444,22-07-2026 14:00,1.5
213,Baijnath (Gomti),Uttarakhand,5,Uttarakhand,46,Bageshwar,-,-,-,-,-,-,-,-,-,29.90822222,79.61769444,22-07-2026 20:00,1
214,Baijnath (Gomti),Uttarakhand,5,Uttarakhand,46,Bageshwar,-,-,-,-,-,-,-,-,-,29.90822222,79.61769444,23-07-2026 02:00,0.5
215,Baijnath (Gomti),Uttarakhand,5,Uttarakhand,46,Bageshwar,-,-,-,-,-,-,-,-,-,29.90822222,79.61769444,23-07-2026 15:00,5
216,Baijnath (Gomti),Uttarakhand,5,Uttarakhand,46,Bageshwar,-,-,-,-,-,-,-,-,-,29.90822222,79.61769444,23-07-2026 17:00,23
217,Baijnath (Gomti),Uttarakhand,5,Uttarakhand,46,Bageshwar,-,-,-,-,-,-,-,-,-,29.90822222,79.61769444,23-07-2026 18:00,0.5
218,Baijnath (Gomti),Uttarakhand,5,Uttarakhand,46,Bageshwar,-,-,-,-,-,-,-,-,-,29.90822222,79.61769444,23-07-2026 19:00,7.5
219,Baijnath (Gomti),Uttarakhand,5,Uttarakhand,46,Bageshwar,-,-,-,-,-,-,-,-,-,29.90822222,79.61769444,24-07-2026 00:00,14.5
220,Baijnath (Gomti),Uttarakhand,5,Uttarakhand,46,Bageshwar,-,-,-,-,-,-,-,-,-,29.90822222,79.61769444,24-07-2026 01:00,1.5
221,Baijnath (Gomti),Uttarakhand,5,Uttarakhand,46,Bageshwar,-,-,-,-,-,-,-,-,-,29.90822222,79.61769444,24-07-2026 02:00,0.5
222,Baijnath (Gomti),Uttarakhand,5,Uttarakhand,46,Bageshwar,-,-,-,-,-,-,-,-,-,29.90822222,79.61769444,24-07-2026 03:00,2.5
223,Baijnath (Gomti),Uttarakhand,5,Uttarakhand,46,Bageshwar,-,-,-,-,-,-,-,-,-,29.90822222,79.61769444,27-07-2026 08:00,0.5
224,Baijnath (Gomti),Uttarakhand,5,Uttarakhand,46,Bageshwar,-,-,-,-,-,-,-,-,-,29.90822222,79.61769444,27-07-2026 09:00,0.5
225,Baijnath (Gomti),Uttarakhand,5,Uttarakhand,46,Bageshwar,-,-,-,-,-,-,-,-,-,29.90822222,79.61769444,27-07-2026 10:00,2.5
226,Baijnath (Gomti),Uttarakhand,5,Uttarakhand,46,Bageshwar,-,-,-,-,-,-,-,-,-,29.90822222,79.61769444,27-07-2026 11:00,0.5
227,Baijnath (Gomti),Uttarakhand,5,Uttarakhand,46,Bageshwar,-,-,-,-,-,-,-,-,-,29.90822222,79.61769444,27-07-2026 16:00,9.5
228,Baijnath (Gomti),Uttarakhand,5,Uttarakhand,46,Bageshwar,-,-,-,-,-,-,-,-,-,29.90822222,79.61769444,27-07-2026 17:00,4
229,Baijnath (Gomti),Uttarakhand,5,Uttarakhand,46,Bageshwar,-,-,-,-,-,-,-,-,-,29.90822222,79.61769444,27-07-2026 18:00,10
230,Baijnath (Gomti),Uttarakhand,5,Uttarakhand,46,Bageshwar,-,-,-,-,-,-,-,-,-,29.90822222,79.61769444,27-07-2026 19:00,4
231,Baijnath (Gomti),Uttarakhand,5,Uttarakhand,46,Bageshwar,-,-,-,-,-,-,-,-,-,29.90822222,79.61769444,27-07-2026 20:00,1
232,Baijnath (Gomti),Uttarakhand,5,Uttarakhand,46,Bageshwar,-,-,-,-,-,-,-,-,-,29.90822222,79.61769444,27-07-2026 23:00,2
233,Baijnath (Gomti),Uttarakhand,5,Uttarakhand,46,Bageshwar,-,-,-,-,-,-,-,-,-,29.90822222,79.61769444,28-07-2026 00:00,3
234,Baijnath (Gomti),Uttarakhand,5,Uttarakhand,46,Bageshwar,-,-,-,-,-,-,-,-,-,29.90822222,79.61769444,28-07-2026 01:00,4
235,Baijnath (Gomti),Uttarakhand,5,Uttarakhand,46,Bageshwar,-,-,-,-,-,-,-,-,-,29.90822222,79.61769444,28-07-2026 02:00,8.5
236,Baijnath (Gomti),Uttarakhand,5,Uttarakhand,46,Bageshwar,-,-,-,-,-,-,-,-,-,29.90822222,79.61769444,28-07-2026 03:00,2.5
237,Baijnath (Gomti),Uttarakhand,5,Uttarakhand,46,Bageshwar,-,-,-,-,-,-,-,-,-,29.90822222,79.61769444,28-07-2026 04:00,0.5
238,Baijnath (Gomti),Uttarakhand,5,Uttarakhand,46,Bageshwar,-,-,-,-,-,-,-,-,-,29.90822222,79.61769444,28-07-2026 05:00,0.5
239,Baijnath (Gomti),Uttarakhand,5,Uttarakhand,46,Bageshwar,-,-,-,-,-,-,-,-,-,29.90822222,79.61769444,28-07-2026 20:00,0.5
240,Baijnath (Gomti),Uttarakhand,5,Uttarakhand,46,Bageshwar,-,-,-,-,-,-,-,-,-,29.90822222,79.61769444,28-07-2026 23:00,1
241,Baijnath (Gomti),Uttarakhand,5,Uttarakhand,46,Bageshwar,-,-,-,-,-,-,-,-,-,29.90822222,79.61769444,29-07-2026 01:00,17.5
242,Baijnath (Gomti),Uttarakhand,5,Uttarakhand,46,Bageshwar,-,-,-,-,-,-,-,-,-,29.90822222,79.61769444,29-07-2026 02:00,3.5
243,Baijnath (Gomti),Uttarakhand,5,Uttarakhand,46,Bageshwar,-,-,-,-,-,-,-,-,-,29.90822222,79.61769444,29-07-2026 07:00,1
244,Baijnath (Gomti),Uttarakhand,5,Uttarakhand,46,Bageshwar,-,-,-,-,-,-,-,-,-,29.90822222,79.61769444,29-07-2026 08:00,2.5
245,Baijnath (Gomti),Uttarakhand,5,Uttarakhand,46,Bageshwar,-,-,-,-,-,-,-,-,-,29.90822222,79.61769444,29-07-2026 09:00,1
246,Baijnath (Gomti),Uttarakhand,5,Uttarakhand,46,Bageshwar,-,-,-,-,-,-,-,-,-,29.90822222,79.61769444,29-07-2026 17:00,0.5
247,Baijnath (Gomti),Uttarakhand,5,Uttarakhand,46,Bageshwar,-,-,-,-,-,-,-,-,-,29.90822222,79.61769444,29-07-2026 20:00,0.5
248,Baijnath (Gomti),Uttarakhand,5,Uttarakhand,46,Bageshwar,-,-,-,-,-,-,-,-,-,29.90822222,79.61769444,30-07-2026 03:00,0.5
249,Baijnath (Gomti),Uttarakhand,5,Uttarakhand,46,Bageshwar,-,-,-,-,-,-,-,-,-,29.90822222,79.61769444,30-07-2026 04:00,0.5
250,Baijnath (Gomti),Uttarakhand,5,Uttarakhand,46,Bageshwar,-,-,-,-,-,-,-,-,-,29.90822222,79.61769444,30-07-2026 05:00,2.5
251,Baijnath (Gomti),Uttarakhand,5,Uttarakhand,46,Bageshwar,-,-,-,-,-,-,-,-,-,29.90822222,79.61769444,30-07-2026 06:00,2.5
252,Baijnath (Gomti),Uttarakhand,5,Uttarakhand,46,Bageshwar,-,-,-,-,-,-,-,-,-,29.90822222,79.61769444,30-07-2026 07:00,3.5
253,Baijnath (Gomti),Uttarakhand,5,Uttarakhand,46,Bageshwar,-,-,-,-,-,-,-,-,-,29.90822222,79.61769444,30-07-2026 08:00,1
254,Baijnath (Gomti),Uttarakhand,5,Uttarakhand,46,Bageshwar,-,-,-,-,-,-,-,-,-,29.90822222,79.61769444,30-07-2026 19:00,0.5
255,Baijnath (Gomti),Uttarakhand,5,Uttarakhand,46,Bageshwar,-,-,-,-,-,-,-,-,-,29.90822222,79.61769444,30-07-2026 22:00,0.5
256,Baijnath (Gomti),Uttarakhand,5,Uttarakhand,46,Bageshwar,-,-,-,-,-,-,-,-,-,29.90822222,79.61769444,01-08-2026 03:00,3
257,Baijnath (Gomti),Uttarakhand,5,Uttarakhand,46,Bageshwar,-,-,-,-,-,-,-,-,-,29.90822222,79.61769444,01-08-2026 04:00,13
258,Baijnath (Gomti),Uttarakhand,5,Uttarakhand,46,Bageshwar,-,-,-,-,-,-,-,-,-,29.90822222,79.61769444,01-08-2026 05:00,2
259,Baijnath (Gomti),Uttarakhand,5,Uttarakhand,46,Bageshwar,-,-,-,-,-,-,-,-,-,29.90822222,79.61769444,01-08-2026 06:00,1.5
260,Baijnath (Gomti),Uttarakhand,5,Uttarakhand,46,Bageshwar,-,-,-,-,-,-,-,-,-,29.90822222,79.61769444,02-08-2026 17:00,1
261,Baijnath (Gomti),Uttarakhand,5,Uttarakhand,46,Bageshwar,-,-,-,-,-,-,-,-,-,29.90822222,79.61769444,02-08-2026 22:00,1
262,Baijnath (Gomti),Uttarakhand,5,Uttarakhand,46,Bageshwar,-,-,-,-,-,-,-,-,-,29.90822222,79.61769444,03-08-2026 03:00,0.5
263,Baijnath (Gomti),Uttarakhand,5,Uttarakhand,46,Bageshwar,-,-,-,-,-,-,-,-,-,29.90822222,79.61769444,03-08-2026 18:00,1
264,Baijnath (Gomti),Uttarakhand,5,Uttarakhand,46,Bageshwar,-,-,-,-,-,-,-,-,-,29.90822222,79.61769444,03-08-2026 23:00,0.5
265,Baijnath (Gomti),Uttarakhand,5,Uttarakhand,46,Bageshwar,-,-,-,-,-,-,-,-,-,29.90822222,79.61769444,04-08-2026 01:00,0.5
266,Baijnath (Gomti),Uttarakhand,5,Uttarakhand,46,Bageshwar,-,-,-,-,-,-,-,-,-,29.90822222,79.61769444,04-08-2026 07:00,3.5
267,Baijnath (Gomti),Uttarakhand,5,Uttarakhand,46,Bageshwar,-,-,-,-,-,-,-,-,-,29.90822222,79.61769444,04-08-2026 08:00,2.5
268,Baijnath (Gomti),Uttarakhand,5,Uttarakhand,46,Bageshwar,-,-,-,-,-,-,-,-,-,29.90822222,79.61769444,04-08-2026 12:00,0.5
269,Baijnath (Gomti),Uttarakhand,5,Uttarakhand,46,Bageshwar,-,-,-,-,-,-,-,-,-,29.90822222,79.61769444,04-08-2026 13:00,0.5
270,Baijnath (Gomti),Uttarakhand,5,Uttarakhand,46,Bageshwar,-,-,-,-,-,-,-,-,-,29.90822222,79.61769444,04-08-2026 18:00,0.5
271,Baijnath (Gomti),Uttarakhand,5,Uttarakhand,46,Bageshwar,-,-,-,-,-,-,-,-,-,29.90822222,79.61769444,05-08-2026 03:00,2
272,Baijnath (Gomti),Uttarakhand,5,Uttarakhand,46,Bageshwar,-,-,-,-,-,-,-,-,-,29.90822222,79.61769444,05-08-2026 04:00,0.5
273,Baijnath (Gomti),Uttarakhand,5,Uttarakhand,46,Bageshwar,-,-,-,-,-,-,-,-,-,29.90822222,79.61769444,05-08-2026 05:00,4.5
274,Baijnath (Gomti),Uttarakhand,5,Uttarakhand,46,Bageshwar,-,-,-,-,-,-,-,-,-,29.90822222,79.61769444,05-08-2026 06:00,3.5
275,Baijnath (Gomti),Uttarakhand,5,Uttarakhand,46,Bageshwar,-,-,-,-,-,-,-,-,-,29.90822222,79.61769444,05-08-2026 07:00,0.5
276,Baijnath (Gomti),Uttarakhand,5,Uttarakhand,46,Bageshwar,-,-,-,-,-,-,-,-,-,29.90822222,79.61769444,05-08-2026 15:00,0.5
277,Baijnath (Gomti),Uttarakhand,5,Uttarakhand,46,Bageshwar,-,-,-,-,-,-,-,-,-,29.90822222,79.61769444,05-08-2026 17:00,2
278,Baijnath (Gomti),Uttarakhand,5,Uttarakhand,46,Bageshwar,-,-,-,-,-,-,-,-,-,29.90822222,79.61769444,05-08-2026 18:00,2.5
279,Baijnath (Gomti),Uttarakhand,5,Uttarakhand,46,Bageshwar,-,-,-,-,-,-,-,-,-,29.90822222,79.61769444,05-08-2026 20:00,0.5
280,Baijnath (Gomti),Uttarakhand,5,Uttarakhand,46,Bageshwar,-,-,-,-,-,-,-,-,-,29.90822222,79.61769444,06-08-2026 02:00,3.5
281,Baijnath (Gomti),Uttarakhand,5,Uttarakhand,46,Bageshwar,-,-,-,-,-,-,-,-,-,29.90822222,79.61769444,06-08-2026 03:00,2
282,Baijnath (Gomti),Uttarakhand,5,Uttarakhand,46,Bageshwar,-,-,-,-,-,-,-,-,-,29.90822222,79.61769444,06-08-2026 04:00,0.5
283,Baijnath (Gomti),Uttarakhand,5,Uttarakhand,46,Bageshwar,-,-,-,-,-,-,-,-,-,29.90822222,79.61769444,06-08-2026 11:00,0.5
284,Baijnath (Gomti),Uttarakhand,5,Uttarakhand,46,Bageshwar,-,-,-,-,-,-,-,-,-,29.90822222,79.61769444,06-08-2026 12:00,1
285,Baijnath (Gomti),Uttarakhand,5,Uttarakhand,46,Bageshwar,-,-,-,-,-,-,-,-,-,29.90822222,79.61769444,06-08-2026 14:00,9
286,Baijnath (Gomti),Uttarakhand,5,Uttarakhand,46,Bageshwar,-,-,-,-,-,-,-,-,-,29.90822222,79.61769444,06-08-2026 15:00,2.5
287,Baijnath (Gomti),Uttarakhand,5,Uttarakhand,46,Bageshwar,-,-,-,-,-,-,-,-,-,29.90822222,79.61769444,06-08-2026 16:00,0.5
288,Baijnath (Gomti),Uttarakhand,5,Uttarakhand,46,Bageshwar,-,-,-,-,-,-,-,-,-,29.90822222,79.61769444,09-08-2026 03:00,0.5
289,Baijnath (Gomti),Uttarakhand,5,Uttarakhand,46,Bageshwar,-,-,-,-,-,-,-,-,-,29.90822222,79.61769444,09-08-2026 04:00,2
290,Baijnath (Gomti),Uttarakhand,5,Uttarakhand,46,Bageshwar,-,-,-,-,-,-,-,-,-,29.90822222,79.61769444,09-08-2026 05:00,0.5
291,Baijnath (Gomti),Uttarakhand,5,Uttarakhand,46,Bageshwar,-,-,-,-,-,-,-,-,-,29.90822222,79.61769444,09-08-2026 06:00,6.5
292,Baijnath (Gomti),Uttarakhand,5,Uttarakhand,46,Bageshwar,-,-,-,-,-,-,-,-,-,29.90822222,79.61769444,09-08-2026 07:00,6
293,Baijnath (Gomti),Uttarakhand,5,Uttarakhand,46,Bageshwar,-,-,-,-,-,-,-,-,-,29.90822222,79.61769444,09-08-2026 08:00,0.5
294,Baijnath (Gomti),Uttarakhand,5,Uttarakhand,46,Bageshwar,-,-,-,-,-,-,-,-,-,29.90822222,79.61769444,09-08-2026 09:00,1.5
295,Baijnath (Gomti),Uttarakhand,5,Uttarakhand,46,Bageshwar,-,-,-,-,-,-,-,-,-,29.90822222,79.61769444,09-08-2026 23:00,0.5
296,Baijnath (Gomti),Uttarakhand,5,Uttarakhand,46,Bageshwar,-,-,-,-,-,-,-,-,-,29.90822222,79.61769444,10-08-2026 00:00,0.5
297,Baijnath (Gomti),Uttarakhand,5,Uttarakhand,46,Bageshwar,-,-,-,-,-,-,-,-,-,29.90822222,79.61769444,10-08-2026 01:00,0.5
298,Baijnath (Gomti),Uttarakhand,5,Uttarakhand,46,Bageshwar,-,-,-,-,-,-,-,-,-,29.90822222,79.61769444,10-08-2026 03:00,1.5
299,Baijnath (Gomti),Uttarakhand,5,Uttarakhand,46,Bageshwar,-,-,-,-,-,-,-,-,-,29.90822222,79.61769444,10-08-2026 04:00,1.5
300,Baijnath (Gomti),Uttarakhand,5,Uttarakhand,46,Bageshwar,-,-,-,-,-,-,-,-,-,29.90822222,79.61769444,10-08-2026 05:00,1.5
301,Baijnath (Gomti),Uttarakhand,5,Uttarakhand,46,Bageshwar,-,-,-,-,-,-,-,-,-,29.90822222,79.61769444,10-08-2026 08:00,2
302,Baijnath (Gomti),Uttarakhand,5,Uttarakhand,46,Bageshwar,-,-,-,-,-,-,-,-,-,29.90822222,79.61769444,10-08-2026 09:00,6.5
303,Baijnath (Gomti),Uttarakhand,5,Uttarakhand,46,Bageshwar,-,-,-,-,-,-,-,-,-,29.90822222,79.61769444,10-08-2026 10:00,0.5
304,Baijnath (Gomti),Uttarakhand,5,Uttarakhand,46,Bageshwar,-,-,-,-,-,-,-,-,-,29.90822222,79.61769444,11-08-2026 08:00,0.5
305,Baijnath (Gomti),Uttarakhand,5,Uttarakhand,46,Bageshwar,-,-,-,-,-,-,-,-,-,29.90822222,79.61769444,11-08-2026 09:00,19
306,Baijnath (Gomti),Uttarakhand,5,Uttarakhand,46,Bageshwar,-,-,-,-,-,-,-,-,-,29.90822222,79.61769444,11-08-2026 10:00,5.5
307,Baijnath (Gomti),Uttarakhand,5,Uttarakhand,46,Bageshwar,-,-,-,-,-,-,-,-,-,29.90822222,79.61769444,11-08-2026 11:00,2.5
308,Baijnath (Gomti),Uttarakhand,5,Uttarakhand,46,Bageshwar,-,-,-,-,-,-,-,-,-,29.90822222,79.61769444,13-08-2026 23:00,0.5
309,Baijnath (Gomti),Uttarakhand,5,Uttarakhand,46,Bageshwar,-,-,-,-,-,-,-,-,-,29.90822222,79.61769444,14-08-2026 07:00,0.5
310,Baijnath (Gomti),Uttarakhand,5,Uttarakhand,46,Bageshwar,-,-,-,-,-,-,-,-,-,29.90822222,79.61769444,14-08-2026 12:00,0.5
311,Baijnath (Gomti),Uttarakhand,5,Uttarakhand,46,Bageshwar,-,-,-,-,-,-,-,-,-,29.90822222,79.61769444,14-08-2026 13:00,1
312,Baijnath (Gomti),Uttarakhand,5,Uttarakhand,46,Bageshwar,-,-,-,-,-,-,-,-,-,29.90822222,79.61769444,14-08-2026 14:00,1.5
313,Baijnath (Gomti),Uttarakhand,5,Uttarakhand,46,Bageshwar,-,-,-,-,-,-,-,-,-,29.90822222,79.61769444,14-08-2026 15:00,5.5
314,Baijnath (Gomti),Uttarakhand,5,Uttarakhand,46,Bageshwar,-,-,-,-,-,-,-,-,-,29.90822222,79.61769444,14-08-2026 16:00,4
315,Baijnath (Gomti),Uttarakhand,5,Uttarakhand,46,Bageshwar,-,-,-,-,-,-,-,-,-,29.90822222,79.61769444,14-08-2026 17:00,2.5
316,Baijnath (Gomti),Uttarakhand,5,Uttarakhand,46,Bageshwar,-,-,-,-,-,-,-,-,-,29.90822222,79.61769444,14-08-2026 19:00,0.5
317,Baijnath (Gomti),Uttarakhand,5,Uttarakhand,46,Bageshwar,-,-,-,-,-,-,-,-,-,29.90822222,79.61769444,15-08-2026 01:00,5.5
318,Baijnath (Gomti),Uttarakhand,5,Uttarakhand,46,Bageshwar,-,-,-,-,-,-,-,-,-,29.90822222,79.61769444,15-08-2026 02:00,2
319,Baijnath (Gomti),Uttarakhand,5,Uttarakhand,46,Bageshwar,-,-,-,-,-,-,-,-,-,29.90822222,79.61769444,15-08-2026 08:00,2.5
320,Baijnath (Gomti),Uttarakhand,5,Uttarakhand,46,Bageshwar,-,-,-,-,-,-,-,-,-,29.90822222,79.61769444,15-08-2026 09:00,1.5
321,Baijnath (Gomti),Uttarakhand,5,Uttarakhand,46,Bageshwar,-,-,-,-,-,-,-,-,-,29.90822222,79.61769444,15-08-2026 22:00,8.5
322,Baijnath (Gomti),Uttarakhand,5,Uttarakhand,46,Bageshwar,-,-,-,-,-,-,-,-,-,29.90822222,79.61769444,15-08-2026 23:00,1
323,Baijnath (Gomti),Uttarakhand,5,Uttarakhand,46,Bageshwar,-,-,-,-,-,-,-,-,-,29.90822222,79.61769444,16-08-2026 15:00,3.5
324,Baijnath (Gomti),Uttarakhand,5,Uttarakhand,46,Bageshwar,-,-,-,-,-,-,-,-,-,29.90822222,79.61769444,16-08-2026 21:00,1
325,Baijnath (Gomti),Uttarakhand,5,Uttarakhand,46,Bageshwar,-,-,-,-,-,-,-,-,-,29.90822222,79.61769444,16-08-2026 22:00,1.5
326,Baijnath (Gomti),Uttarakhand,5,Uttarakhand,46,Bageshwar,-,-,-,-,-,-,-,-,-,29.90822222,79.61769444,16-08-2026 23:00,6
327,Baijnath (Gomti),Uttarakhand,5,Uttarakhand,46,Bageshwar,-,-,-,-,-,-,-,-,-,29.90822222,79.61769444,17-08-2026 00:00,1
328,Baijnath (Gomti),Uttarakhand,5,Uttarakhand,46,Bageshwar,-,-,-,-,-,-,-,-,-,29.90822222,79.61769444,17-08-2026 01:00,1
329,Baijnath (Gomti),Uttarakhand,5,Uttarakhand,46,Bageshwar,-,-,-,-,-,-,-,-,-,29.90822222,79.61769444,17-08-2026 02:00,9.5
330,Baijnath (Gomti),Uttarakhand,5,Uttarakhand,46,Bageshwar,-,-,-,-,-,-,-,-,-,29.90822222,79.61769444,17-08-2026 03:00,0.5
331,Baijnath (Gomti),Uttarakhand,5,Uttarakhand,46,Bageshwar,-,-,-,-,-,-,-,-,-,29.90822222,79.61769444,17-08-2026 05:00,0.5
332,Baijnath (Gomti),Uttarakhand,5,Uttarakhand,46,Bageshwar,-,-,-,-,-,-,-,-,-,29.90822222,79.61769444,17-08-2026 07:00,0.5
333,Baijnath (Gomti),Uttarakhand,5,Uttarakhand,46,Bageshwar,-,-,-,-,-,-,-,-,-,29.90822222,79.61769444,17-08-2026 11:00,5
334,Baijnath (Gomti),Uttarakhand,5,Uttarakhand,46,Bageshwar,-,-,-,-,-,-,-,-,-,29.90822222,79.61769444,17-08-2026 12:00,6
335,Baijnath (Gomti),Uttarakhand,5,Uttarakhand,46,Bageshwar,-,-,-,-,-,-,-,-,-,29.90822222,79.61769444,17-08-2026 22:00,7.5
336,Baijnath (Gomti),Uttarakhand,5,Uttarakhand,46,Bageshwar,-,-,-,-,-,-,-,-,-,29.90822222,79.61769444,17-08-2026 23:00,8.5
337,Baijnath (Gomti),Uttarakhand,5,Uttarakhand,46,Bageshwar,-,-,-,-,-,-,-,-,-,29.90822222,79.61769444,18-08-2026 10:00,0.5
338,Baijnath (Gomti),Uttarakhand,5,Uttarakhand,46,Bageshwar,-,-,-,-,-,-,-,-,-,29.90822222,79.61769444,18-08-2026 11:00,1
339,Baijnath (Gomti),Uttarakhand,5,Uttarakhand,46,Bageshwar,-,-,-,-,-,-,-,-,-,29.90822222,79.61769444,18-08-2026 12:00,2.5
340,Baijnath (Gomti),Uttarakhand,5,Uttarakhand,46,Bageshwar,-,-,-,-,-,-,-,-,-,29.90822222,79.61769444,18-08-2026 13:00,3
341,Baijnath (Gomti),Uttarakhand,5,Uttarakhand,46,Bageshwar,-,-,-,-,-,-,-,-,-,29.90822222,79.61769444,18-08-2026 14:00,1.5
342,Baijnath (Gomti),Uttarakhand,5,Uttarakhand,46,Bageshwar,-,-,-,-,-,-,-,-,-,29.90822222,79.61769444,18-08-2026 15:00,1
343,Baijnath (Gomti),Uttarakhand,5,Uttarakhand,46,Bageshwar,-,-,-,-,-,-,-,-,-,29.90822222,79.61769444,20-08-2026 02:00,1
344,Baijnath (Gomti),Uttarakhand,5,Uttarakhand,46,Bageshwar,-,-,-,-,-,-,-,-,-,29.90822222,79.61769444,21-08-2026 08:00,0.5
345,Baijnath (Gomti),Uttarakhand,5,Uttarakhand,46,Bageshwar,-,-,-,-,-,-,-,-,-,29.90822222,79.61769444,23-08-2026 01:00,0.5
346,Baijnath (Gomti),Uttarakhand,5,Uttarakhand,46,Bageshwar,-,-,-,-,-,-,-,-,-,29.90822222,79.61769444,23-08-2026 02:00,5
347,Baijnath (Gomti),Uttarakhand,5,Uttarakhand,46,Bageshwar,-,-,-,-,-,-,-,-,-,29.90822222,79.61769444,23-08-2026 03:00,2
348,Baijnath (Gomti),Uttarakhand,5,Uttarakhand,46,Bageshwar,-,-,-,-,-,-,-,-,-,29.90822222,79.61769444,24-08-2026 06:00,0.5
349,Baijnath (Gomti),Uttarakhand,5,Uttarakhand,46,Bageshwar,-,-,-,-,-,-,-,-,-,29.90822222,79.61769444,24-08-2026 07:00,9.5
350,Baijnath (Gomti),Uttarakhand,5,Uttarakhand,46,Bageshwar,-,-,-,-,-,-,-,-,-,29.90822222,79.61769444,24-08-2026 08:00,1
351,Baijnath (Gomti),Uttarakhand,5,Uttarakhand,46,Bageshwar,-,-,-,-,-,-,-,-,-,29.90822222,79.61769444,25-08-2026 08:00,0.5
352,Baijnath (Gomti),Uttarakhand,5,Uttarakhand,46,Bageshwar,-,-,-,-,-,-,-,-,-,29.90822222,79.61769444,25-08-2026 09:00,2.5
353,Baijnath (Gomti),Uttarakhand,5,Uttarakhand,46,Bageshwar,-,-,-,-,-,-,-,-,-,29.90822222,79.61769444,25-08-2026 10:00,4
354,Baijnath (Gomti),Uttarakhand,5,Uttarakhand,46,Bageshwar,-,-,-,-,-,-,-,-,-,29.90822222,79.61769444,25-08-2026 11:00,0.5
355,Basukedar,Uttarakhand,5,Uttarakhand,54,Rudraprayag,-,-,-,-,-,-,-,-,-,30.43919444,79.05633333,25-06-2026 04:00,2
356,Basukedar,Uttarakhand,5,Uttarakhand,54,Rudraprayag,-,-,-,-,-,-,-,-,-,30.43919444,79.05633333,25-06-2026 05:00,3
357,Basukedar,Uttarakhand,5,Uttarakhand,54,Rudraprayag,-,-,-,-,-,-,-,-,-,30.43919444,79.05633333,25-06-2026 06:00,1
358,Basukedar,Uttarakhand,5,Uttarakhand,54,Rudraprayag,-,-,-,-,-,-,-,-,-,30.43919444,79.05633333,28-06-2026 19:00,6.5
359,Basukedar,Uttarakhand,5,Uttarakhand,54,Rudraprayag,-,-,-,-,-,-,-,-,-,30.43919444,79.05633333,30-06-2026 01:00,4
360,Basukedar,Uttarakhand,5,Uttarakhand,54,Rudraprayag,-,-,-,-,-,-,-,-,-,30.43919444,79.05633333,30-06-2026 02:00,1
361,Basukedar,Uttarakhand,5,Uttarakhand,54,Rudraprayag,-,-,-,-,-,-,-,-,-,30.43919444,79.05633333,30-06-2026 10:00,0.5
362,Basukedar,Uttarakhand,5,Uttarakhand,54,Rudraprayag,-,-,-,-,-,-,-,-,-,30.43919444,79.05633333,01-07-2026 05:00,1
363,Basukedar,Uttarakhand,5,Uttarakhand,54,Rudraprayag,-,-,-,-,-,-,-,-,-,30.43919444,79.05633333,01-07-2026 06:00,1.5
364,Basukedar,Uttarakhand,5,Uttarakhand,54,Rudraprayag,-,-,-,-,-,-,-,-,-,30.43919444,79.05633333,01-07-2026 08:00,0.5
365,Basukedar,Uttarakhand,5,Uttarakhand,54,Rudraprayag,-,-,-,-,-,-,-,-,-,30.43919444,79.05633333,01-07-2026 13:00,0.5
366,Basukedar,Uttarakhand,5,Uttarakhand,54,Rudraprayag,-,-,-,-,-,-,-,-,-,30.43919444,79.05633333,01-07-2026 14:00,2
367,Basukedar,Uttarakhand,5,Uttarakhand,54,Rudraprayag,-,-,-,-,-,-,-,-,-,30.43919444,79.05633333,01-07-2026 15:00,5.5
368,Basukedar,Uttarakhand,5,Uttarakhand,54,Rudraprayag,-,-,-,-,-,-,-,-,-,30.43919444,79.05633333,02-07-2026 00:00,2.5
369,Basukedar,Uttarakhand,5,Uttarakhand,54,Rudraprayag,-,-,-,-,-,-,-,-,-,30.43919444,79.05633333,02-07-2026 01:00,3
370,Basukedar,Uttarakhand,5,Uttarakhand,54,Rudraprayag,-,-,-,-,-,-,-,-,-,30.43919444,79.05633333,02-07-2026 02:00,6
371,Basukedar,Uttarakhand,5,Uttarakhand,54,Rudraprayag,-,-,-,-,-,-,-,-,-,30.43919444,79.05633333,02-07-2026 03:00,1
372,Basukedar,Uttarakhand,5,Uttarakhand,54,Rudraprayag,-,-,-,-,-,-,-,-,-,30.43919444,79.05633333,02-07-2026 04:00,1
373,Basukedar,Uttarakhand,5,Uttarakhand,54,Rudraprayag,-,-,-,-,-,-,-,-,-,30.43919444,79.05633333,02-07-2026 05:00,3
374,Basukedar,Uttarakhand,5,Uttarakhand,54,Rudraprayag,-,-,-,-,-,-,-,-,-,30.43919444,79.05633333,02-07-2026 06:00,4.5
375,Basukedar,Uttarakhand,5,Uttarakhand,54,Rudraprayag,-,-,-,-,-,-,-,-,-,30.43919444,79.05633333,02-07-2026 07:00,1
376,Basukedar,Uttarakhand,5,Uttarakhand,54,Rudraprayag,-,-,-,-,-,-,-,-,-,30.43919444,79.05633333,02-07-2026 08:00,3.5
377,Basukedar,Uttarakhand,5,Uttarakhand,54,Rudraprayag,-,-,-,-,-,-,-,-,-,30.43919444,79.05633333,02-07-2026 09:00,3.5
378,Basukedar,Uttarakhand,5,Uttarakhand,54,Rudraprayag,-,-,-,-,-,-,-,-,-,30.43919444,79.05633333,02-07-2026 10:00,1
379,Basukedar,Uttarakhand,5,Uttarakhand,54,Rudraprayag,-,-,-,-,-,-,-,-,-,30.43919444,79.05633333,03-07-2026 20:00,1.5
380,Basukedar,Uttarakhand,5,Uttarakhand,54,Rudraprayag,-,-,-,-,-,-,-,-,-,30.43919444,79.05633333,03-07-2026 21:00,16.5
381,Basukedar,Uttarakhand,5,Uttarakhand,54,Rudraprayag,-,-,-,-,-,-,-,-,-,30.43919444,79.05633333,03-07-2026 22:00,1.5
382,Basukedar,Uttarakhand,5,Uttarakhand,54,Rudraprayag,-,-,-,-,-,-,-,-,-,30.43919444,79.05633333,03-07-2026 23:00,4
383,Basukedar,Uttarakhand,5,Uttarakhand,54,Rudraprayag,-,-,-,-,-,-,-,-,-,30.43919444,79.05633333,04-07-2026 00:00,1
384,Basukedar,Uttarakhand,5,Uttarakhand,54,Rudraprayag,-,-,-,-,-,-,-,-,-,30.43919444,79.05633333,06-07-2026 02:00,0.5
385,Basukedar,Uttarakhand,5,Uttarakhand,54,Rudraprayag,-,-,-,-,-,-,-,-,-,30.43919444,79.05633333,06-07-2026 03:00,1
386,Basukedar,Uttarakhand,5,Uttarakhand,54,Rudraprayag,-,-,-,-,-,-,-,-,-,30.43919444,79.05633333,08-07-2026 07:00,1.5
387,Basukedar,Uttarakhand,5,Uttarakhand,54,Rudraprayag,-,-,-,-,-,-,-,-,-,30.43919444,79.05633333,08-07-2026 08:00,0.5
388,Basukedar,Uttarakhand,5,Uttarakhand,54,Rudraprayag,-,-,-,-,-,-,-,-,-,30.43919444,79.05633333,08-07-2026 09:00,1
389,Basukedar,Uttarakhand,5,Uttarakhand,54,Rudraprayag,-,-,-,-,-,-,-,-,-,30.43919444,79.05633333,08-07-2026 10:00,1.5
390,Basukedar,Uttarakhand,5,Uttarakhand,54,Rudraprayag,-,-,-,-,-,-,-,-,-,30.43919444,79.05633333,08-07-2026 12:00,0.5
391,Basukedar,Uttarakhand,5,Uttarakhand,54,Rudraprayag,-,-,-,-,-,-,-,-,-,30.43919444,79.05633333,08-07-2026 13:00,1.5
392,Basukedar,Uttarakhand,5,Uttarakhand,54,Rudraprayag,-,-,-,-,-,-,-,-,-,30.43919444,79.05633333,08-07-2026 14:00,1
393,Basukedar,Uttarakhand,5,Uttarakhand,54,Rudraprayag,-,-,-,-,-,-,-,-,-,30.43919444,79.05633333,08-07-2026 16:00,0.5
394,Basukedar,Uttarakhand,5,Uttarakhand,54,Rudraprayag,-,-,-,-,-,-,-,-,-,30.43919444,79.05633333,09-07-2026 01:00,1
395,Basukedar,Uttarakhand,5,Uttarakhand,54,Rudraprayag,-,-,-,-,-,-,-,-,-,30.43919444,79.05633333,09-07-2026 02:00,2
396,Basukedar,Uttarakhand,5,Uttarakhand,54,Rudraprayag,-,-,-,-,-,-,-,-,-,30.43919444,79.05633333,09-07-2026 03:00,3.5
397,Basukedar,Uttarakhand,5,Uttarakhand,54,Rudraprayag,-,-,-,-,-,-,-,-,-,30.43919444,79.05633333,09-07-2026 04:00,2.5
398,Basukedar,Uttarakhand,5,Uttarakhand,54,Rudraprayag,-,-,-,-,-,-,-,-,-,30.43919444,79.05633333,09-07-2026 05:00,4.5
399,Basukedar,Uttarakhand,5,Uttarakhand,54,Rudraprayag,-,-,-,-,-,-,-,-,-,30.43919444,79.05633333,09-07-2026 06:00,6
400,Basukedar,Uttarakhand,5,Uttarakhand,54,Rudraprayag,-,-,-,-,-,-,-,-,-,30.43919444,79.05633333,09-07-2026 07:00,2.5
401,Basukedar,Uttarakhand,5,Uttarakhand,54,Rudraprayag,-,-,-,-,-,-,-,-,-,30.43919444,79.05633333,09-07-2026 08:00,1
402,Basukedar,Uttarakhand,5,Uttarakhand,54,Rudraprayag,-,-,-,-,-,-,-,-,-,30.43919444,79.05633333,09-07-2026 09:00,0.5
403,Basukedar,Uttarakhand,5,Uttarakhand,54,Rudraprayag,-,-,-,-,-,-,-,-,-,30.43919444,79.05633333,09-07-2026 10:00,2
404,Basukedar,Uttarakhand,5,Uttarakhand,54,Rudraprayag,-,-,-,-,-,-,-,-,-,30.43919444,79.05633333,09-07-2026 11:00,0.5
405,Basukedar,Uttarakhand,5,Uttarakhand,54,Rudraprayag,-,-,-,-,-,-,-,-,-,30.43919444,79.05633333,09-07-2026 21:00,0.5
406,Basukedar,Uttarakhand,5,Uttarakhand,54,Rudraprayag,-,-,-,-,-,-,-,-,-,30.43919444,79.05633333,10-07-2026 03:00,3
407,Basukedar,Uttarakhand,5,Uttarakhand,54,Rudraprayag,-,-,-,-,-,-,-,-,-,30.43919444,79.05633333,10-07-2026 04:00,6.5
408,Basukedar,Uttarakhand,5,Uttarakhand,54,Rudraprayag,-,-,-,-,-,-,-,-,-,30.43919444,79.05633333,10-07-2026 05:00,2
409,Basukedar,Uttarakhand,5,Uttarakhand,54,Rudraprayag,-,-,-,-,-,-,-,-,-,30.43919444,79.05633333,10-07-2026 06:00,0.5
410,Basukedar,Uttarakhand,5,Uttarakhand,54,Rudraprayag,-,-,-,-,-,-,-,-,-,30.43919444,79.05633333,11-07-2026 04:00,0.5
411,Basukedar,Uttarakhand,5,Uttarakhand,54,Rudraprayag,-,-,-,-,-,-,-,-,-,30.43919444,79.05633333,11-07-2026 05:00,1
412,Basukedar,Uttarakhand,5,Uttarakhand,54,Rudraprayag,-,-,-,-,-,-,-,-,-,30.43919444,79.05633333,11-07-2026 06:00,0.5
413,Basukedar,Uttarakhand,5,Uttarakhand,54,Rudraprayag,-,-,-,-,-,-,-,-,-,30.43919444,79.05633333,11-07-2026 08:00,1
414,Basukedar,Uttarakhand,5,Uttarakhand,54,Rudraprayag,-,-,-,-,-,-,-,-,-,30.43919444,79.05633333,11-07-2026 09:00,0.5
415,Basukedar,Uttarakhand,5,Uttarakhand,54,Rudraprayag,-,-,-,-,-,-,-,-,-,30.43919444,79.05633333,11-07-2026 13:00,1.5
416,Basukedar,Uttarakhand,5,Uttarakhand,54,Rudraprayag,-,-,-,-,-,-,-,-,-,30.43919444,79.05633333,11-07-2026 14:00,2
417,Basukedar,Uttarakhand,5,Uttarakhand,54,Rudraprayag,-,-,-,-,-,-,-,-,-,30.43919444,79.05633333,11-07-2026 15:00,1
418,Basukedar,Uttarakhand,5,Uttarakhand,54,Rudraprayag,-,-,-,-,-,-,-,-,-,30.43919444,79.05633333,11-07-2026 23:00,0.5
419,Basukedar,Uttarakhand,5,Uttarakhand,54,Rudraprayag,-,-,-,-,-,-,-,-,-,30.43919444,79.05633333,12-07-2026 00:00,1.5
420,Basukedar,Uttarakhand,5,Uttarakhand,54,Rudraprayag,-,-,-,-,-,-,-,-,-,30.43919444,79.05633333,12-07-2026 01:00,3.5
421,Basukedar,Uttarakhand,5,Uttarakhand,54,Rudraprayag,-,-,-,-,-,-,-,-,-,30.43919444,79.05633333,12-07-2026 02:00,3
422,Basukedar,Uttarakhand,5,Uttarakhand,54,Rudraprayag,-,-,-,-,-,-,-,-,-,30.43919444,79.05633333,12-07-2026 04:00,2
423,Basukedar,Uttarakhand,5,Uttarakhand,54,Rudraprayag,-,-,-,-,-,-,-,-,-,30.43919444,79.05633333,12-07-2026 05:00,17.5
424,Basukedar,Uttarakhand,5,Uttarakhand,54,Rudraprayag,-,-,-,-,-,-,-,-,-,30.43919444,79.05633333,12-07-2026 06:00,5
425,Basukedar,Uttarakhand,5,Uttarakhand,54,Rudraprayag,-,-,-,-,-,-,-,-,-,30.43919444,79.05633333,14-07-2026 00:00,17.5
426,Basukedar,Uttarakhand,5,Uttarakhand,54,Rudraprayag,-,-,-,-,-,-,-,-,-,30.43919444,79.05633333,14-07-2026 01:00,11
427,Basukedar,Uttarakhand,5,Uttarakhand,54,Rudraprayag,-,-,-,-,-,-,-,-,-,30.43919444,79.05633333,14-07-2026 02:00,16
428,Basukedar,Uttarakhand,5,Uttarakhand,54,Rudraprayag,-,-,-,-,-,-,-,-,-,30.43919444,79.05633333,14-07-2026 03:00,0.5
429,Basukedar,Uttarakhand,5,Uttarakhand,54,Rudraprayag,-,-,-,-,-,-,-,-,-,30.43919444,79.05633333,16-07-2026 01:00,0.5
430,Basukedar,Uttarakhand,5,Uttarakhand,54,Rudraprayag,-,-,-,-,-,-,-,-,-,30.43919444,79.05633333,16-07-2026 02:00,10.5
431,Basukedar,Uttarakhand,5,Uttarakhand,54,Rudraprayag,-,-,-,-,-,-,-,-,-,30.43919444,79.05633333,17-07-2026 02:00,2
432,Basukedar,Uttarakhand,5,Uttarakhand,54,Rudraprayag,-,-,-,-,-,-,-,-,-,30.43919444,79.05633333,17-07-2026 03:00,4.5
433,Basukedar,Uttarakhand,5,Uttarakhand,54,Rudraprayag,-,-,-,-,-,-,-,-,-,30.43919444,79.05633333,17-07-2026 04:00,1
434,Basukedar,Uttarakhand,5,Uttarakhand,54,Rudraprayag,-,-,-,-,-,-,-,-,-,30.43919444,79.05633333,17-07-2026 22:00,1
435,Basukedar,Uttarakhand,5,Uttarakhand,54,Rudraprayag,-,-,-,-,-,-,-,-,-,30.43919444,79.05633333,17-07-2026 23:00,1
436,Basukedar,Uttarakhand,5,Uttarakhand,54,Rudraprayag,-,-,-,-,-,-,-,-,-,30.43919444,79.05633333,18-07-2026 01:00,0.5
437,Basukedar,Uttarakhand,5,Uttarakhand,54,Rudraprayag,-,-,-,-,-,-,-,-,-,30.43919444,79.05633333,18-07-2026 02:00,0.5
438,Basukedar,Uttarakhand,5,Uttarakhand,54,Rudraprayag,-,-,-,-,-,-,-,-,-,30.43919444,79.05633333,18-07-2026 06:00,0.5
439,Basukedar,Uttarakhand,5,Uttarakhand,54,Rudraprayag,-,-,-,-,-,-,-,-,-,30.43919444,79.05633333,18-07-2026 20:00,0.5
440,Basukedar,Uttarakhand,5,Uttarakhand,54,Rudraprayag,-,-,-,-,-,-,-,-,-,30.43919444,79.05633333,19-07-2026 01:00,0.5
441,Basukedar,Uttarakhand,5,Uttarakhand,54,Rudraprayag,-,-,-,-,-,-,-,-,-,30.43919444,79.05633333,19-07-2026 02:00,1
442,Basukedar,Uttarakhand,5,Uttarakhand,54,Rudraprayag,-,-,-,-,-,-,-,-,-,30.43919444,79.05633333,19-07-2026 03:00,1.5
443,Basukedar,Uttarakhand,5,Uttarakhand,54,Rudraprayag,-,-,-,-,-,-,-,-,-,30.43919444,79.05633333,19-07-2026 04:00,2
444,Basukedar,Uttarakhand,5,Uttarakhand,54,Rudraprayag,-,-,-,-,-,-,-,-,-,30.43919444,79.05633333,19-07-2026 06:00,1.5
445,Basukedar,Uttarakhand,5,Uttarakhand,54,Rudraprayag,-,-,-,-,-,-,-,-,-,30.43919444,79.05633333,19-07-2026 20:00,6.5
446,Basukedar,Uttarakhand,5,Uttarakhand,54,Rudraprayag,-,-,-,-,-,-,-,-,-,30.43919444,79.05633333,19-07-2026 22:00,3
447,Basukedar,Uttarakhand,5,Uttarakhand,54,Rudraprayag,-,-,-,-,-,-,-,-,-,30.43919444,79.05633333,19-07-2026 23:00,3.5
448,Basukedar,Uttarakhand,5,Uttarakhand,54,Rudraprayag,-,-,-,-,-,-,-,-,-,30.43919444,79.05633333,20-07-2026 00:00,3.5
449,Basukedar,Uttarakhand,5,Uttarakhand,54,Rudraprayag,-,-,-,-,-,-,-,-,-,30.43919444,79.05633333,20-07-2026 01:00,31
450,Basukedar,Uttarakhand,5,Uttarakhand,54,Rudraprayag,-,-,-,-,-,-,-,-,-,30.43919444,79.05633333,20-07-2026 02:00,11
451,Basukedar,Uttarakhand,5,Uttarakhand,54,Rudraprayag,-,-,-,-,-,-,-,-,-,30.43919444,79.05633333,20-07-2026 03:00,11.5
452,Basukedar,Uttarakhand,5,Uttarakhand,54,Rudraprayag,-,-,-,-,-,-,-,-,-,30.43919444,79.05633333,20-07-2026 04:00,6
453,Basukedar,Uttarakhand,5,Uttarakhand,54,Rudraprayag,-,-,-,-,-,-,-,-,-,30.43919444,79.05633333,20-07-2026 05:00,1.5
454,Basukedar,Uttarakhand,5,Uttarakhand,54,Rudraprayag,-,-,-,-,-,-,-,-,-,30.43919444,79.05633333,20-07-2026 06:00,5.5
455,Basukedar,Uttarakhand,5,Uttarakhand,54,Rudraprayag,-,-,-,-,-,-,-,-,-,30.43919444,79.05633333,20-07-2026 07:00,1.5
456,Basukedar,Uttarakhand,5,Uttarakhand,54,Rudraprayag,-,-,-,-,-,-,-,-,-,30.43919444,79.05633333,20-07-2026 21:00,2
457,Basukedar,Uttarakhand,5,Uttarakhand,54,Rudraprayag,-,-,-,-,-,-,-,-,-,30.43919444,79.05633333,20-07-2026 22:00,4.5
458,Basukedar,Uttarakhand,5,Uttarakhand,54,Rudraprayag,-,-,-,-,-,-,-,-,-,30.43919444,79.05633333,20-07-2026 23:00,3
459,Basukedar,Uttarakhand,5,Uttarakhand,54,Rudraprayag,-,-,-,-,-,-,-,-,-,30.43919444,79.05633333,21-07-2026 00:00,1.5
460,Basukedar,Uttarakhand,5,Uttarakhand,54,Rudraprayag,-,-,-,-,-,-,-,-,-,30.43919444,79.05633333,21-07-2026 01:00,0.5
461,Basukedar,Uttarakhand,5,Uttarakhand,54,Rudraprayag,-,-,-,-,-,-,-,-,-,30.43919444,79.05633333,22-07-2026 04:00,9.5
462,Basukedar,Uttarakhand,5,Uttarakhand,54,Rudraprayag,-,-,-,-,-,-,-,-,-,30.43919444,79.05633333,22-07-2026 05:00,7.5
463,Basukedar,Uttarakhand,5,Uttarakhand,54,Rudraprayag,-,-,-,-,-,-,-,-,-,30.43919444,79.05633333,22-07-2026 06:00,3
464,Basukedar,Uttarakhand,5,Uttarakhand,54,Rudraprayag,-,-,-,-,-,-,-,-,-,30.43919444,79.05633333,22-07-2026 07:00,1
465,Basukedar,Uttarakhand,5,Uttarakhand,54,Rudraprayag,-,-,-,-,-,-,-,-,-,30.43919444,79.05633333,22-07-2026 08:00,0.5
466,Basukedar,Uttarakhand,5,Uttarakhand,54,Rudraprayag,-,-,-,-,-,-,-,-,-,30.43919444,79.05633333,23-07-2026 15:00,1
467,Basukedar,Uttarakhand,5,Uttarakhand,54,Rudraprayag,-,-,-,-,-,-,-,-,-,30.43919444,79.05633333,23-07-2026 22:00,19
468,Basukedar,Uttarakhand,5,Uttarakhand,54,Rudraprayag,-,-,-,-,-,-,-,-,-,30.43919444,79.05633333,23-07-2026 23:00,9.5
469,Basukedar,Uttarakhand,5,Uttarakhand,54,Rudraprayag,-,-,-,-,-,-,-,-,-,30.43919444,79.05633333,24-07-2026 00:00,2
470,Basukedar,Uttarakhand,5,Uttarakhand,54,Rudraprayag,-,-,-,-,-,-,-,-,-,30.43919444,79.05633333,24-07-2026 02:00,1
471,Basukedar,Uttarakhand,5,Uttarakhand,54,Rudraprayag,-,-,-,-,-,-,-,-,-,30.43919444,79.05633333,24-07-2026 03:00,0.5
472,Basukedar,Uttarakhand,5,Uttarakhand,54,Rudraprayag,-,-,-,-,-,-,-,-,-,30.43919444,79.05633333,25-07-2026 04:00,0.5
473,Basukedar,Uttarakhand,5,Uttarakhand,54,Rudraprayag,-,-,-,-,-,-,-,-,-,30.43919444,79.05633333,25-07-2026 19:00,1
474,Basukedar,Uttarakhand,5,Uttarakhand,54,Rudraprayag,-,-,-,-,-,-,-,-,-,30.43919444,79.05633333,25-07-2026 20:00,1
475,Basukedar,Uttarakhand,5,Uttarakhand,54,Rudraprayag,-,-,-,-,-,-,-,-,-,30.43919444,79.05633333,27-07-2026 16:00,0.5
476,Basukedar,Uttarakhand,5,Uttarakhand,54,Rudraprayag,-,-,-,-,-,-,-,-,-,30.43919444,79.05633333,27-07-2026 17:00,0.5
477,Basukedar,Uttarakhand,5,Uttarakhand,54,Rudraprayag,-,-,-,-,-,-,-,-,-,30.43919444,79.05633333,27-07-2026 18:00,1
478,Basukedar,Uttarakhand,5,Uttarakhand,54,Rudraprayag,-,-,-,-,-,-,-,-,-,30.43919444,79.05633333,27-07-2026 19:00,0.5
479,Basukedar,Uttarakhand,5,Uttarakhand,54,Rudraprayag,-,-,-,-,-,-,-,-,-,30.43919444,79.05633333,27-07-2026 20:00,1
480,Basukedar,Uttarakhand,5,Uttarakhand,54,Rudraprayag,-,-,-,-,-,-,-,-,-,30.43919444,79.05633333,27-07-2026 21:00,2
481,Basukedar,Uttarakhand,5,Uttarakhand,54,Rudraprayag,-,-,-,-,-,-,-,-,-,30.43919444,79.05633333,27-07-2026 22:00,10
482,Basukedar,Uttarakhand,5,Uttarakhand,54,Rudraprayag,-,-,-,-,-,-,-,-,-,30.43919444,79.05633333,27-07-2026 23:00,5.5
483,Basukedar,Uttarakhand,5,Uttarakhand,54,Rudraprayag,-,-,-,-,-,-,-,-,-,30.43919444,79.05633333,28-07-2026 00:00,3
484,Basukedar,Uttarakhand,5,Uttarakhand,54,Rudraprayag,-,-,-,-,-,-,-,-,-,30.43919444,79.05633333,28-07-2026 01:00,7
485,Basukedar,Uttarakhand,5,Uttarakhand,54,Rudraprayag,-,-,-,-,-,-,-,-,-,30.43919444,79.05633333,28-07-2026 02:00,18.5
486,Basukedar,Uttarakhand,5,Uttarakhand,54,Rudraprayag,-,-,-,-,-,-,-,-,-,30.43919444,79.05633333,28-07-2026 03:00,31.5
487,Basukedar,Uttarakhand,5,Uttarakhand,54,Rudraprayag,-,-,-,-,-,-,-,-,-,30.43919444,79.05633333,28-07-2026 04:00,4.5
488,Basukedar,Uttarakhand,5,Uttarakhand,54,Rudraprayag,-,-,-,-,-,-,-,-,-,30.43919444,79.05633333,28-07-2026 05:00,0.5
489,Basukedar,Uttarakhand,5,Uttarakhand,54,Rudraprayag,-,-,-,-,-,-,-,-,-,30.43919444,79.05633333,28-07-2026 06:00,0.5
490,Basukedar,Uttarakhand,5,Uttarakhand,54,Rudraprayag,-,-,-,-,-,-,-,-,-,30.43919444,79.05633333,28-07-2026 07:00,1.5
491,Basukedar,Uttarakhand,5,Uttarakhand,54,Rudraprayag,-,-,-,-,-,-,-,-,-,30.43919444,79.05633333,28-07-2026 08:00,1.5
492,Basukedar,Uttarakhand,5,Uttarakhand,54,Rudraprayag,-,-,-,-,-,-,-,-,-,30.43919444,79.05633333,29-07-2026 03:00,9
493,Basukedar,Uttarakhand,5,Uttarakhand,54,Rudraprayag,-,-,-,-,-,-,-,-,-,30.43919444,79.05633333,29-07-2026 04:00,5.5
494,Basukedar,Uttarakhand,5,Uttarakhand,54,Rudraprayag,-,-,-,-,-,-,-,-,-,30.43919444,79.05633333,29-07-2026 05:00,14.5
495,Basukedar,Uttarakhand,5,Uttarakhand,54,Rudraprayag,-,-,-,-,-,-,-,-,-,30.43919444,79.05633333,29-07-2026 15:00,2.5
496,Basukedar,Uttarakhand,5,Uttarakhand,54,Rudraprayag,-,-,-,-,-,-,-,-,-,30.43919444,79.05633333,29-07-2026 16:00,3.5
497,Basukedar,Uttarakhand,5,Uttarakhand,54,Rudraprayag,-,-,-,-,-,-,-,-,-,30.43919444,79.05633333,29-07-2026 17:00,11.5
498,Basukedar,Uttarakhand,5,Uttarakhand,54,Rudraprayag,-,-,-,-,-,-,-,-,-,30.43919444,79.05633333,29-07-2026 18:00,3
499,Basukedar,Uttarakhand,5,Uttarakhand,54,Rudraprayag,-,-,-,-,-,-,-,-,-,30.43919444,79.05633333,29-07-2026 19:00,8.5
500,Basukedar,Uttarakhand,5,Uttarakhand,54,Rudraprayag,-,-,-,-,-,-,-,-,-,30.43919444,79.05633333,29-07-2026 20:00,16
501,Basukedar,Uttarakhand,5,Uttarakhand,54,Rudraprayag,-,-,-,-,-,-,-,-,-,30.43919444,79.05633333,29-07-2026 21:00,6.5
502,Basukedar,Uttarakhand,5,Uttarakhand,54,Rudraprayag,-,-,-,-,-,-,-,-,-,30.43919444,79.05633333,29-07-2026 22:00,16.5
503,Basukedar,Uttarakhand,5,Uttarakhand,54,Rudraprayag,-,-,-,-,-,-,-,-,-,30.43919444,79.05633333,29-07-2026 23:00,8.5
504,Basukedar,Uttarakhand,5,Uttarakhand,54,Rudraprayag,-,-,-,-,-,-,-,-,-,30.43919444,79.05633333,30-07-2026 00:00,1
505,Basukedar,Uttarakhand,5,Uttarakhand,54,Rudraprayag,-,-,-,-,-,-,-,-,-,30.43919444,79.05633333,30-07-2026 01:00,0.5
506,Basukedar,Uttarakhand,5,Uttarakhand,54,Rudraprayag,-,-,-,-,-,-,-,-,-,30.43919444,79.05633333,30-07-2026 02:00,2
507,Basukedar,Uttarakhand,5,Uttarakhand,54,Rudraprayag,-,-,-,-,-,-,-,-,-,30.43919444,79.05633333,30-07-2026 03:00,2
508,Basukedar,Uttarakhand,5,Uttarakhand,54,Rudraprayag,-,-,-,-,-,-,-,-,-,30.43919444,79.05633333,30-07-2026 04:00,2.5
509,Basukedar,Uttarakhand,5,Uttarakhand,54,Rudraprayag,-,-,-,-,-,-,-,-,-,30.43919444,79.05633333,30-07-2026 05:00,1
510,Basukedar,Uttarakhand,5,Uttarakhand,54,Rudraprayag,-,-,-,-,-,-,-,-,-,30.43919444,79.05633333,30-07-2026 06:00,0.5
511,Basukedar,Uttarakhand,5,Uttarakhand,54,Rudraprayag,-,-,-,-,-,-,-,-,-,30.43919444,79.05633333,30-07-2026 07:00,1
512,Basukedar,Uttarakhand,5,Uttarakhand,54,Rudraprayag,-,-,-,-,-,-,-,-,-,30.43919444,79.05633333,30-07-2026 17:00,3
513,Basukedar,Uttarakhand,5,Uttarakhand,54,Rudraprayag,-,-,-,-,-,-,-,-,-,30.43919444,79.05633333,30-07-2026 18:00,1
514,Basukedar,Uttarakhand,5,Uttarakhand,54,Rudraprayag,-,-,-,-,-,-,-,-,-,30.43919444,79.05633333,30-07-2026 19:00,1
515,Basukedar,Uttarakhand,5,Uttarakhand,54,Rudraprayag,-,-,-,-,-,-,-,-,-,30.43919444,79.05633333,01-08-2026 08:00,0.5
516,Basukedar,Uttarakhand,5,Uttarakhand,54,Rudraprayag,-,-,-,-,-,-,-,-,-,30.43919444,79.05633333,01-08-2026 18:00,7
517,Basukedar,Uttarakhand,5,Uttarakhand,54,Rudraprayag,-,-,-,-,-,-,-,-,-,30.43919444,79.05633333,01-08-2026 19:00,16.5
518,Basukedar,Uttarakhand,5,Uttarakhand,54,Rudraprayag,-,-,-,-,-,-,-,-,-,30.43919444,79.05633333,01-08-2026 20:00,3
519,Basukedar,Uttarakhand,5,Uttarakhand,54,Rudraprayag,-,-,-,-,-,-,-,-,-,30.43919444,79.05633333,01-08-2026 22:00,0.5
520,Basukedar,Uttarakhand,5,Uttarakhand,54,Rudraprayag,-,-,-,-,-,-,-,-,-,30.43919444,79.05633333,01-08-2026 23:00,3
521,Basukedar,Uttarakhand,5,Uttarakhand,54,Rudraprayag,-,-,-,-,-,-,-,-,-,30.43919444,79.05633333,02-08-2026 00:00,15
522,Basukedar,Uttarakhand,5,Uttarakhand,54,Rudraprayag,-,-,-,-,-,-,-,-,-,30.43919444,79.05633333,02-08-2026 01:00,13
523,Basukedar,Uttarakhand,5,Uttarakhand,54,Rudraprayag,-,-,-,-,-,-,-,-,-,30.43919444,79.05633333,02-08-2026 02:00,3.5
524,Basukedar,Uttarakhand,5,Uttarakhand,54,Rudraprayag,-,-,-,-,-,-,-,-,-,30.43919444,79.05633333,02-08-2026 03:00,3.5
525,Basukedar,Uttarakhand,5,Uttarakhand,54,Rudraprayag,-,-,-,-,-,-,-,-,-,30.43919444,79.05633333,02-08-2026 04:00,2.5
526,Basukedar,Uttarakhand,5,Uttarakhand,54,Rudraprayag,-,-,-,-,-,-,-,-,-,30.43919444,79.05633333,02-08-2026 06:00,2
527,Basukedar,Uttarakhand,5,Uttarakhand,54,Rudraprayag,-,-,-,-,-,-,-,-,-,30.43919444,79.05633333,02-08-2026 07:00,0.5
528,Basukedar,Uttarakhand,5,Uttarakhand,54,Rudraprayag,-,-,-,-,-,-,-,-,-,30.43919444,79.05633333,03-08-2026 06:00,0.5
529,Basukedar,Uttarakhand,5,Uttarakhand,54,Rudraprayag,-,-,-,-,-,-,-,-,-,30.43919444,79.05633333,03-08-2026 21:00,0.5
530,Basukedar,Uttarakhand,5,Uttarakhand,54,Rudraprayag,-,-,-,-,-,-,-,-,-,30.43919444,79.05633333,03-08-2026 23:00,1
531,Basukedar,Uttarakhand,5,Uttarakhand,54,Rudraprayag,-,-,-,-,-,-,-,-,-,30.43919444,79.05633333,04-08-2026 16:00,0.5
532,Basukedar,Uttarakhand,5,Uttarakhand,54,Rudraprayag,-,-,-,-,-,-,-,-,-,30.43919444,79.05633333,05-08-2026 05:00,2
533,Basukedar,Uttarakhand,5,Uttarakhand,54,Rudraprayag,-,-,-,-,-,-,-,-,-,30.43919444,79.05633333,05-08-2026 06:00,4
534,Basukedar,Uttarakhand,5,Uttarakhand,54,Rudraprayag,-,-,-,-,-,-,-,-,-,30.43919444,79.05633333,05-08-2026 07:00,0.5
535,Basukedar,Uttarakhand,5,Uttarakhand,54,Rudraprayag,-,-,-,-,-,-,-,-,-,30.43919444,79.05633333,05-08-2026 08:00,0.5
536,Basukedar,Uttarakhand,5,Uttarakhand,54,Rudraprayag,-,-,-,-,-,-,-,-,-,30.43919444,79.05633333,05-08-2026 10:00,0.5
537,Basukedar,Uttarakhand,5,Uttarakhand,54,Rudraprayag,-,-,-,-,-,-,-,-,-,30.43919444,79.05633333,05-08-2026 21:00,1
538,Basukedar,Uttarakhand,5,Uttarakhand,54,Rudraprayag,-,-,-,-,-,-,-,-,-,30.43919444,79.05633333,05-08-2026 22:00,0.5
539,Basukedar,Uttarakhand,5,Uttarakhand,54,Rudraprayag,-,-,-,-,-,-,-,-,-,30.43919444,79.05633333,06-08-2026 04:00,1.5
540,Basukedar,Uttarakhand,5,Uttarakhand,54,Rudraprayag,-,-,-,-,-,-,-,-,-,30.43919444,79.05633333,06-08-2026 05:00,22
541,Basukedar,Uttarakhand,5,Uttarakhand,54,Rudraprayag,-,-,-,-,-,-,-,-,-,30.43919444,79.05633333,06-08-2026 06:00,3.5
542,Basukedar,Uttarakhand,5,Uttarakhand,54,Rudraprayag,-,-,-,-,-,-,-,-,-,30.43919444,79.05633333,06-08-2026 07:00,1
543,Basukedar,Uttarakhand,5,Uttarakhand,54,Rudraprayag,-,-,-,-,-,-,-,-,-,30.43919444,79.05633333,06-08-2026 08:00,0.5
544,Basukedar,Uttarakhand,5,Uttarakhand,54,Rudraprayag,-,-,-,-,-,-,-,-,-,30.43919444,79.05633333,06-08-2026 09:00,2.5
545,Basukedar,Uttarakhand,5,Uttarakhand,54,Rudraprayag,-,-,-,-,-,-,-,-,-,30.43919444,79.05633333,06-08-2026 10:00,0.5
546,Basukedar,Uttarakhand,5,Uttarakhand,54,Rudraprayag,-,-,-,-,-,-,-,-,-,30.43919444,79.05633333,06-08-2026 15:00,2.5
547,Basukedar,Uttarakhand,5,Uttarakhand,54,Rudraprayag,-,-,-,-,-,-,-,-,-,30.43919444,79.05633333,06-08-2026 16:00,4
548,Basukedar,Uttarakhand,5,Uttarakhand,54,Rudraprayag,-,-,-,-,-,-,-,-,-,30.43919444,79.05633333,06-08-2026 20:00,0.5
549,Basukedar,Uttarakhand,5,Uttarakhand,54,Rudraprayag,-,-,-,-,-,-,-,-,-,30.43919444,79.05633333,09-08-2026 01:00,0.5
550,Basukedar,Uttarakhand,5,Uttarakhand,54,Rudraprayag,-,-,-,-,-,-,-,-,-,30.43919444,79.05633333,09-08-2026 18:00,0.5
551,Basukedar,Uttarakhand,5,Uttarakhand,54,Rudraprayag,-,-,-,-,-,-,-,-,-,30.43919444,79.05633333,09-08-2026 19:00,0.5
552,Basukedar,Uttarakhand,5,Uttarakhand,54,Rudraprayag,-,-,-,-,-,-,-,-,-,30.43919444,79.05633333,09-08-2026 20:00,2.5
553,Basukedar,Uttarakhand,5,Uttarakhand,54,Rudraprayag,-,-,-,-,-,-,-,-,-,30.43919444,79.05633333,09-08-2026 21:00,2
554,Basukedar,Uttarakhand,5,Uttarakhand,54,Rudraprayag,-,-,-,-,-,-,-,-,-,30.43919444,79.05633333,09-08-2026 22:00,11
555,Basukedar,Uttarakhand,5,Uttarakhand,54,Rudraprayag,-,-,-,-,-,-,-,-,-,30.43919444,79.05633333,09-08-2026 23:00,8
556,Basukedar,Uttarakhand,5,Uttarakhand,54,Rudraprayag,-,-,-,-,-,-,-,-,-,30.43919444,79.05633333,10-08-2026 00:00,4.5
557,Basukedar,Uttarakhand,5,Uttarakhand,54,Rudraprayag,-,-,-,-,-,-,-,-,-,30.43919444,79.05633333,10-08-2026 01:00,0.5
558,Basukedar,Uttarakhand,5,Uttarakhand,54,Rudraprayag,-,-,-,-,-,-,-,-,-,30.43919444,79.05633333,10-08-2026 02:00,1.5
559,Basukedar,Uttarakhand,5,Uttarakhand,54,Rudraprayag,-,-,-,-,-,-,-,-,-,30.43919444,79.05633333,10-08-2026 03:00,3
560,Basukedar,Uttarakhand,5,Uttarakhand,54,Rudraprayag,-,-,-,-,-,-,-,-,-,30.43919444,79.05633333,10-08-2026 04:00,3
561,Basukedar,Uttarakhand,5,Uttarakhand,54,Rudraprayag,-,-,-,-,-,-,-,-,-,30.43919444,79.05633333,10-08-2026 05:00,1
562,Basukedar,Uttarakhand,5,Uttarakhand,54,Rudraprayag,-,-,-,-,-,-,-,-,-,30.43919444,79.05633333,10-08-2026 06:00,0.5
563,Basukedar,Uttarakhand,5,Uttarakhand,54,Rudraprayag,-,-,-,-,-,-,-,-,-,30.43919444,79.05633333,10-08-2026 07:00,0.5
564,Basukedar,Uttarakhand,5,Uttarakhand,54,Rudraprayag,-,-,-,-,-,-,-,-,-,30.43919444,79.05633333,10-08-2026 08:00,0.5
565,Basukedar,Uttarakhand,5,Uttarakhand,54,Rudraprayag,-,-,-,-,-,-,-,-,-,30.43919444,79.05633333,10-08-2026 17:00,1.5
566,Basukedar,Uttarakhand,5,Uttarakhand,54,Rudraprayag,-,-,-,-,-,-,-,-,-,30.43919444,79.05633333,10-08-2026 19:00,3.5
567,Basukedar,Uttarakhand,5,Uttarakhand,54,Rudraprayag,-,-,-,-,-,-,-,-,-,30.43919444,79.05633333,10-08-2026 20:00,10.5
568,Basukedar,Uttarakhand,5,Uttarakhand,54,Rudraprayag,-,-,-,-,-,-,-,-,-,30.43919444,79.05633333,10-08-2026 21:00,1
569,Basukedar,Uttarakhand,5,Uttarakhand,54,Rudraprayag,-,-,-,-,-,-,-,-,-,30.43919444,79.05633333,13-08-2026 20:00,3
570,Basukedar,Uttarakhand,5,Uttarakhand,54,Rudraprayag,-,-,-,-,-,-,-,-,-,30.43919444,79.05633333,13-08-2026 21:00,0.5
571,Basukedar,Uttarakhand,5,Uttarakhand,54,Rudraprayag,-,-,-,-,-,-,-,-,-,30.43919444,79.05633333,14-08-2026 15:00,1
572,Basukedar,Uttarakhand,5,Uttarakhand,54,Rudraprayag,-,-,-,-,-,-,-,-,-,30.43919444,79.05633333,14-08-2026 16:00,1
573,Basukedar,Uttarakhand,5,Uttarakhand,54,Rudraprayag,-,-,-,-,-,-,-,-,-,30.43919444,79.05633333,14-08-2026 17:00,0.5
574,Basukedar,Uttarakhand,5,Uttarakhand,54,Rudraprayag,-,-,-,-,-,-,-,-,-,30.43919444,79.05633333,14-08-2026 18:00,0.5
575,Basukedar,Uttarakhand,5,Uttarakhand,54,Rudraprayag,-,-,-,-,-,-,-,-,-,30.43919444,79.05633333,14-08-2026 23:00,0.5
576,Basukedar,Uttarakhand,5,Uttarakhand,54,Rudraprayag,-,-,-,-,-,-,-,-,-,30.43919444,79.05633333,15-08-2026 00:00,2.5
577,Basukedar,Uttarakhand,5,Uttarakhand,54,Rudraprayag,-,-,-,-,-,-,-,-,-,30.43919444,79.05633333,15-08-2026 03:00,9
578,Basukedar,Uttarakhand,5,Uttarakhand,54,Rudraprayag,-,-,-,-,-,-,-,-,-,30.43919444,79.05633333,15-08-2026 04:00,17
579,Basukedar,Uttarakhand,5,Uttarakhand,54,Rudraprayag,-,-,-,-,-,-,-,-,-,30.43919444,79.05633333,15-08-2026 05:00,15
580,Basukedar,Uttarakhand,5,Uttarakhand,54,Rudraprayag,-,-,-,-,-,-,-,-,-,30.43919444,79.05633333,15-08-2026 06:00,25
581,Basukedar,Uttarakhand,5,Uttarakhand,54,Rudraprayag,-,-,-,-,-,-,-,-,-,30.43919444,79.05633333,15-08-2026 07:00,13.5
582,Basukedar,Uttarakhand,5,Uttarakhand,54,Rudraprayag,-,-,-,-,-,-,-,-,-,30.43919444,79.05633333,15-08-2026 08:00,4
583,Basukedar,Uttarakhand,5,Uttarakhand,54,Rudraprayag,-,-,-,-,-,-,-,-,-,30.43919444,79.05633333,15-08-2026 09:00,0.5
584,Basukedar,Uttarakhand,5,Uttarakhand,54,Rudraprayag,-,-,-,-,-,-,-,-,-,30.43919444,79.05633333,15-08-2026 10:00,1
585,Basukedar,Uttarakhand,5,Uttarakhand,54,Rudraprayag,-,-,-,-,-,-,-,-,-,30.43919444,79.05633333,16-08-2026 00:00,0.5
586,Basukedar,Uttarakhand,5,Uttarakhand,54,Rudraprayag,-,-,-,-,-,-,-,-,-,30.43919444,79.05633333,16-08-2026 01:00,14
587,Basukedar,Uttarakhand,5,Uttarakhand,54,Rudraprayag,-,-,-,-,-,-,-,-,-,30.43919444,79.05633333,16-08-2026 02:00,13.5
588,Basukedar,Uttarakhand,5,Uttarakhand,54,Rudraprayag,-,-,-,-,-,-,-,-,-,30.43919444,79.05633333,16-08-2026 03:00,4.5
589,Basukedar,Uttarakhand,5,Uttarakhand,54,Rudraprayag,-,-,-,-,-,-,-,-,-,30.43919444,79.05633333,16-08-2026 16:00,4
590,Basukedar,Uttarakhand,5,Uttarakhand,54,Rudraprayag,-,-,-,-,-,-,-,-,-,30.43919444,79.05633333,16-08-2026 17:00,10.5
591,Basukedar,Uttarakhand,5,Uttarakhand,54,Rudraprayag,-,-,-,-,-,-,-,-,-,30.43919444,79.05633333,16-08-2026 18:00,7.5
592,Basukedar,Uttarakhand,5,Uttarakhand,54,Rudraprayag,-,-,-,-,-,-,-,-,-,30.43919444,79.05633333,16-08-2026 19:00,15.5
593,Basukedar,Uttarakhand,5,Uttarakhand,54,Rudraprayag,-,-,-,-,-,-,-,-,-,30.43919444,79.05633333,16-08-2026 20:00,27.5
594,Basukedar,Uttarakhand,5,Uttarakhand,54,Rudraprayag,-,-,-,-,-,-,-,-,-,30.43919444,79.05633333,16-08-2026 21:00,11
595,Basukedar,Uttarakhand,5,Uttarakhand,54,Rudraprayag,-,-,-,-,-,-,-,-,-,30.43919444,79.05633333,17-08-2026 16:00,0.5
596,Basukedar,Uttarakhand,5,Uttarakhand,54,Rudraprayag,-,-,-,-,-,-,-,-,-,30.43919444,79.05633333,17-08-2026 17:00,1.5
597,Basukedar,Uttarakhand,5,Uttarakhand,54,Rudraprayag,-,-,-,-,-,-,-,-,-,30.43919444,79.05633333,17-08-2026 18:00,7.5
598,Basukedar,Uttarakhand,5,Uttarakhand,54,Rudraprayag,-,-,-,-,-,-,-,-,-,30.43919444,79.05633333,17-08-2026 19:00,3
599,Basukedar,Uttarakhand,5,Uttarakhand,54,Rudraprayag,-,-,-,-,-,-,-,-,-,30.43919444,79.05633333,17-08-2026 20:00,1.5
600,Basukedar,Uttarakhand,5,Uttarakhand,54,Rudraprayag,-,-,-,-,-,-,-,-,-,30.43919444,79.05633333,18-08-2026 06:00,0.5
601,Basukedar,Uttarakhand,5,Uttarakhand,54,Rudraprayag,-,-,-,-,-,-,-,-,-,30.43919444,79.05633333,18-08-2026 08:00,0.5
602,Basukedar,Uttarakhand,5,Uttarakhand,54,Rudraprayag,-,-,-,-,-,-,-,-,-,30.43919444,79.05633333,19-08-2026 15:00,5
603,Basukedar,Uttarakhand,5,Uttarakhand,54,Rudraprayag,-,-,-,-,-,-,-,-,-,30.43919444,79.05633333,19-08-2026 22:00,0.5
604,Basukedar,Uttarakhand,5,Uttarakhand,54,Rudraprayag,-,-,-,-,-,-,-,-,-,30.43919444,79.05633333,20-08-2026 14:00,0.5
605,Basukedar,Uttarakhand,5,Uttarakhand,54,Rudraprayag,-,-,-,-,-,-,-,-,-,30.43919444,79.05633333,20-08-2026 21:00,1
606,Basukedar,Uttarakhand,5,Uttarakhand,54,Rudraprayag,-,-,-,-,-,-,-,-,-,30.43919444,79.05633333,20-08-2026 22:00,23
607,Basukedar,Uttarakhand,5,Uttarakhand,54,Rudraprayag,-,-,-,-,-,-,-,-,-,30.43919444,79.05633333,20-08-2026 23:00,6.5
608,Basukedar,Uttarakhand,5,Uttarakhand,54,Rudraprayag,-,-,-,-,-,-,-,-,-,30.43919444,79.05633333,21-08-2026 00:00,12
609,Basukedar,Uttarakhand,5,Uttarakhand,54,Rudraprayag,-,-,-,-,-,-,-,-,-,30.43919444,79.05633333,21-08-2026 01:00,4.5
610,Basukedar,Uttarakhand,5,Uttarakhand,54,Rudraprayag,-,-,-,-,-,-,-,-,-,30.43919444,79.05633333,21-08-2026 02:00,0.5
611,Basukedar,Uttarakhand,5,Uttarakhand,54,Rudraprayag,-,-,-,-,-,-,-,-,-,30.43919444,79.05633333,21-08-2026 08:00,4
612,Basukedar,Uttarakhand,5,Uttarakhand,54,Rudraprayag,-,-,-,-,-,-,-,-,-,30.43919444,79.05633333,21-08-2026 09:00,1
613,Basukedar,Uttarakhand,5,Uttarakhand,54,Rudraprayag,-,-,-,-,-,-,-,-,-,30.43919444,79.05633333,21-08-2026 21:00,2
614,Basukedar,Uttarakhand,5,Uttarakhand,54,Rudraprayag,-,-,-,-,-,-,-,-,-,30.43919444,79.05633333,21-08-2026 22:00,23
615,Basukedar,Uttarakhand,5,Uttarakhand,54,Rudraprayag,-,-,-,-,-,-,-,-,-,30.43919444,79.05633333,21-08-2026 23:00,0.5
616,Basukedar,Uttarakhand,5,Uttarakhand,54,Rudraprayag,-,-,-,-,-,-,-,-,-,30.43919444,79.05633333,23-08-2026 02:00,12
617,Basukedar,Uttarakhand,5,Uttarakhand,54,Rudraprayag,-,-,-,-,-,-,-,-,-,30.43919444,79.05633333,23-08-2026 03:00,36.5
618,Basukedar,Uttarakhand,5,Uttarakhand,54,Rudraprayag,-,-,-,-,-,-,-,-,-,30.43919444,79.05633333,23-08-2026 04:00,5.5
619,Basukedar,Uttarakhand,5,Uttarakhand,54,Rudraprayag,-,-,-,-,-,-,-,-,-,30.43919444,79.05633333,23-08-2026 05:00,3.5
620,Basukedar,Uttarakhand,5,Uttarakhand,54,Rudraprayag,-,-,-,-,-,-,-,-,-,30.43919444,79.05633333,23-08-2026 07:00,1
621,Basukedar,Uttarakhand,5,Uttarakhand,54,Rudraprayag,-,-,-,-,-,-,-,-,-,30.43919444,79.05633333,23-08-2026 08:00,1
622,Basukedar,Uttarakhand,5,Uttarakhand,54,Rudraprayag,-,-,-,-,-,-,-,-,-,30.43919444,79.05633333,24-08-2026 08:00,0.5
623,Basukedar,Uttarakhand,5,Uttarakhand,54,Rudraprayag,-,-,-,-,-,-,-,-,-,30.43919444,79.05633333,24-08-2026 09:00,1.5
624,Basukedar,Uttarakhand,5,Uttarakhand,54,Rudraprayag,-,-,-,-,-,-,-,-,-,30.43919444,79.05633333,24-08-2026 10:00,3
625,Basukedar,Uttarakhand,5,Uttarakhand,54,Rudraprayag,-,-,-,-,-,-,-,-,-,30.43919444,79.05633333,24-08-2026 11:00,1.5
626,Champawat_1,Uttarakhand,5,Uttarakhand,48,Champawat,-,-,-,-,-,-,-,-,-,29.33341667,80.08469444,28-05-2026 20:00,0.5
627,Champawat_1,Uttarakhand,5,Uttarakhand,48,Champawat,-,-,-,-,-,-,-,-,-,29.33341667,80.08469444,28-05-2026 22:00,0.5
628,Champawat_1,Uttarakhand,5,Uttarakhand,48,Champawat,-,-,-,-,-,-,-,-,-,29.33341667,80.08469444,11-06-2026 11:00,0.5
629,Champawat_1,Uttarakhand,5,Uttarakhand,48,Champawat,-,-,-,-,-,-,-,-,-,29.33341667,80.08469444,12-06-2026 09:00,0.5
630,Champawat_1,Uttarakhand,5,Uttarakhand,48,Champawat,-,-,-,-,-,-,-,-,-,29.33341667,80.08469444,13-06-2026 14:00,0.5
631,Champawat_1,Uttarakhand,5,Uttarakhand,48,Champawat,-,-,-,-,-,-,-,-,-,29.33341667,80.08469444,15-06-2026 18:00,0.5
632,Champawat_1,Uttarakhand,5,Uttarakhand,48,Champawat,-,-,-,-,-,-,-,-,-,29.33341667,80.08469444,19-06-2026 15:00,0.5
633,Champawat_1,Uttarakhand,5,Uttarakhand,48,Champawat,-,-,-,-,-,-,-,-,-,29.33341667,80.08469444,19-06-2026 16:00,0.5
634,Champawat_1,Uttarakhand,5,Uttarakhand,48,Champawat,-,-,-,-,-,-,-,-,-,29.33341667,80.08469444,22-06-2026 14:00,0.5
635,Champawat_1,Uttarakhand,5,Uttarakhand,48,Champawat,-,-,-,-,-,-,-,-,-,29.33341667,80.08469444,22-06-2026 15:00,0.5
636,Champawat_1,Uttarakhand,5,Uttarakhand,48,Champawat,-,-,-,-,-,-,-,-,-,29.33341667,80.08469444,22-06-2026 16:00,0.5
637,Champawat_1,Uttarakhand,5,Uttarakhand,48,Champawat,-,-,-,-,-,-,-,-,-,29.33341667,80.08469444,29-06-2026 14:00,0.5
638,Champawat_1,Uttarakhand,5,Uttarakhand,48,Champawat,-,-,-,-,-,-,-,-,-,29.33341667,80.08469444,30-06-2026 15:00,0.5
639,Champawat_1,Uttarakhand,5,Uttarakhand,48,Champawat,-,-,-,-,-,-,-,-,-,29.33341667,80.08469444,01-07-2026 19:00,0.5
640,Champawat_1,Uttarakhand,5,Uttarakhand,48,Champawat,-,-,-,-,-,-,-,-,-,29.33341667,80.08469444,02-07-2026 23:00,0.5
641,Champawat_1,Uttarakhand,5,Uttarakhand,48,Champawat,-,-,-,-,-,-,-,-,-,29.33341667,80.08469444,05-07-2026 06:00,0.5
642,Champawat_1,Uttarakhand,5,Uttarakhand,48,Champawat,-,-,-,-,-,-,-,-,-,29.33341667,80.08469444,06-07-2026 19:00,0.5
643,Champawat_1,Uttarakhand,5,Uttarakhand,48,Champawat,-,-,-,-,-,-,-,-,-,29.33341667,80.08469444,08-07-2026 20:00,0.5
644,Champawat_1,Uttarakhand,5,Uttarakhand,48,Champawat,-,-,-,-,-,-,-,-,-,29.33341667,80.08469444,11-07-2026 07:00,0.5
645,Champawat_1,Uttarakhand,5,Uttarakhand,48,Champawat,-,-,-,-,-,-,-,-,-,29.33341667,80.08469444,17-07-2026 01:00,1
646,Champawat_1,Uttarakhand,5,Uttarakhand,48,Champawat,-,-,-,-,-,-,-,-,-,29.33341667,80.08469444,17-07-2026 02:00,0.5
647,Champawat_1,Uttarakhand,5,Uttarakhand,48,Champawat,-,-,-,-,-,-,-,-,-,29.33341667,80.08469444,17-07-2026 03:00,0.5
648,Champawat_1,Uttarakhand,5,Uttarakhand,48,Champawat,-,-,-,-,-,-,-,-,-,29.33341667,80.08469444,17-07-2026 04:00,0.5
649,Champawat_1,Uttarakhand,5,Uttarakhand,48,Champawat,-,-,-,-,-,-,-,-,-,29.33341667,80.08469444,17-07-2026 06:00,0.5
650,Champawat_1,Uttarakhand,5,Uttarakhand,48,Champawat,-,-,-,-,-,-,-,-,-,29.33341667,80.08469444,17-07-2026 07:00,0.5
651,Champawat_1,Uttarakhand,5,Uttarakhand,48,Champawat,-,-,-,-,-,-,-,-,-,29.33341667,80.08469444,17-07-2026 09:00,0.5
652,Champawat_1,Uttarakhand,5,Uttarakhand,48,Champawat,-,-,-,-,-,-,-,-,-,29.33341667,80.08469444,17-07-2026 13:00,0.5
653,Champawat_1,Uttarakhand,5,Uttarakhand,48,Champawat,-,-,-,-,-,-,-,-,-,29.33341667,80.08469444,18-07-2026 20:00,0.5
654,Champawat_1,Uttarakhand,5,Uttarakhand,48,Champawat,-,-,-,-,-,-,-,-,-,29.33341667,80.08469444,18-07-2026 23:00,0.5
655,Champawat_1,Uttarakhand,5,Uttarakhand,48,Champawat,-,-,-,-,-,-,-,-,-,29.33341667,80.08469444,19-07-2026 01:00,0.5
656,Champawat_1,Uttarakhand,5,Uttarakhand,48,Champawat,-,-,-,-,-,-,-,-,-,29.33341667,80.08469444,19-07-2026 03:00,0.5
657,Champawat_1,Uttarakhand,5,Uttarakhand,48,Champawat,-,-,-,-,-,-,-,-,-,29.33341667,80.08469444,19-07-2026 05:00,0.5
658,Champawat_1,Uttarakhand,5,Uttarakhand,48,Champawat,-,-,-,-,-,-,-,-,-,29.33341667,80.08469444,19-07-2026 09:00,0.5
659,Champawat_1,Uttarakhand,5,Uttarakhand,48,Champawat,-,-,-,-,-,-,-,-,-,29.33341667,80.08469444,19-07-2026 17:00,0.5
660,Champawat_1,Uttarakhand,5,Uttarakhand,48,Champawat,-,-,-,-,-,-,-,-,-,29.33341667,80.08469444,20-07-2026 05:00,0.5
661,Champawat_1,Uttarakhand,5,Uttarakhand,48,Champawat,-,-,-,-,-,-,-,-,-,29.33341667,80.08469444,20-07-2026 17:00,0.5
662,Champawat_1,Uttarakhand,5,Uttarakhand,48,Champawat,-,-,-,-,-,-,-,-,-,29.33341667,80.08469444,21-07-2026 11:00,0.5
663,Champawat_1,Uttarakhand,5,Uttarakhand,48,Champawat,-,-,-,-,-,-,-,-,-,29.33341667,80.08469444,22-07-2026 16:00,0.5
664,Champawat_1,Uttarakhand,5,Uttarakhand,48,Champawat,-,-,-,-,-,-,-,-,-,29.33341667,80.08469444,24-07-2026 08:00,0.5
665,Champawat_1,Uttarakhand,5,Uttarakhand,48,Champawat,-,-,-,-,-,-,-,-,-,29.33341667,80.08469444,26-07-2026 11:00,0.5
666,Champawat_1,Uttarakhand,5,Uttarakhand,48,Champawat,-,-,-,-,-,-,-,-,-,29.33341667,80.08469444,29-07-2026 02:00,0.5
667,Champawat_1,Uttarakhand,5,Uttarakhand,48,Champawat,-,-,-,-,-,-,-,-,-,29.33341667,80.08469444,01-08-2026 06:00,0.5
668,Champawat_1,Uttarakhand,5,Uttarakhand,48,Champawat,-,-,-,-,-,-,-,-,-,29.33341667,80.08469444,05-08-2026 12:00,0.5
669,Champawat_1,Uttarakhand,5,Uttarakhand,48,Champawat,-,-,-,-,-,-,-,-,-,29.33341667,80.08469444,10-08-2026 15:00,0.5
670,Champawat_1,Uttarakhand,5,Uttarakhand,48,Champawat,-,-,-,-,-,-,-,-,-,29.33341667,80.08469444,18-08-2026 15:00,0.5
671,Champawat_1,Uttarakhand,5,Uttarakhand,48,Champawat,-,-,-,-,-,-,-,-,-,29.33341667,80.08469444,24-08-2026 09:00,0.5
672,Chandranagar_1,Uttarakhand,5,Uttarakhand,54,Rudraprayag,-,-,-,-,-,-,-,-,-,30.41541667,79.06208333,29-01-2026 04:00,24
673,Chandranagar_1,Uttarakhand,5,Uttarakhand,54,Rudraprayag,-,-,-,-,-,-,-,-,-,30.41541667,79.06208333,24-04-2026 17:00,156
674,Chandranagar_1,Uttarakhand,5,Uttarakhand,54,Rudraprayag,-,-,-,-,-,-,-,-,-,30.41541667,79.06208333,23-06-2026 11:00,6
675,Chandranagar_1,Uttarakhand,5,Uttarakhand,54,Rudraprayag,-,-,-,-,-,-,-,-,-,30.41541667,79.06208333,23-06-2026 12:00,4.5
676,Chandranagar_1,Uttarakhand,5,Uttarakhand,54,Rudraprayag,-,-,-,-,-,-,-,-,-,30.41541667,79.06208333,25-06-2026 02:00,2
677,Chandranagar_1,Uttarakhand,5,Uttarakhand,54,Rudraprayag,-,-,-,-,-,-,-,-,-,30.41541667,79.06208333,25-06-2026 03:00,1
678,Chandranagar_1,Uttarakhand,5,Uttarakhand,54,Rudraprayag,-,-,-,-,-,-,-,-,-,30.41541667,79.06208333,25-06-2026 04:00,1
679,Chandranagar_1,Uttarakhand,5,Uttarakhand,54,Rudraprayag,-,-,-,-,-,-,-,-,-,30.41541667,79.06208333,25-06-2026 05:00,1
680,Chandranagar_1,Uttarakhand,5,Uttarakhand,54,Rudraprayag,-,-,-,-,-,-,-,-,-,30.41541667,79.06208333,25-06-2026 08:00,0.5
681,Chandranagar_1,Uttarakhand,5,Uttarakhand,54,Rudraprayag,-,-,-,-,-,-,-,-,-,30.41541667,79.06208333,26-06-2026 03:00,1.5
682,Chandranagar_1,Uttarakhand,5,Uttarakhand,54,Rudraprayag,-,-,-,-,-,-,-,-,-,30.41541667,79.06208333,26-06-2026 04:00,0.5
683,Chandranagar_1,Uttarakhand,5,Uttarakhand,54,Rudraprayag,-,-,-,-,-,-,-,-,-,30.41541667,79.06208333,30-06-2026 02:00,6
684,Chandranagar_1,Uttarakhand,5,Uttarakhand,54,Rudraprayag,-,-,-,-,-,-,-,-,-,30.41541667,79.06208333,30-06-2026 03:00,3
685,Chandranagar_1,Uttarakhand,5,Uttarakhand,54,Rudraprayag,-,-,-,-,-,-,-,-,-,30.41541667,79.06208333,30-06-2026 04:00,4
686,Chandranagar_1,Uttarakhand,5,Uttarakhand,54,Rudraprayag,-,-,-,-,-,-,-,-,-,30.41541667,79.06208333,30-06-2026 06:00,0.5
687,Chandranagar_1,Uttarakhand,5,Uttarakhand,54,Rudraprayag,-,-,-,-,-,-,-,-,-,30.41541667,79.06208333,30-06-2026 18:00,0.5
688,Chandranagar_1,Uttarakhand,5,Uttarakhand,54,Rudraprayag,-,-,-,-,-,-,-,-,-,30.41541667,79.06208333,30-06-2026 19:00,4.5
689,Chandranagar_1,Uttarakhand,5,Uttarakhand,54,Rudraprayag,-,-,-,-,-,-,-,-,-,30.41541667,79.06208333,01-07-2026 05:00,2.5
690,Chandranagar_1,Uttarakhand,5,Uttarakhand,54,Rudraprayag,-,-,-,-,-,-,-,-,-,30.41541667,79.06208333,01-07-2026 06:00,1.5
691,Chandranagar_1,Uttarakhand,5,Uttarakhand,54,Rudraprayag,-,-,-,-,-,-,-,-,-,30.41541667,79.06208333,01-07-2026 07:00,1
692,Chandranagar_1,Uttarakhand,5,Uttarakhand,54,Rudraprayag,-,-,-,-,-,-,-,-,-,30.41541667,79.06208333,01-07-2026 08:00,0.5
693,Chandranagar_1,Uttarakhand,5,Uttarakhand,54,Rudraprayag,-,-,-,-,-,-,-,-,-,30.41541667,79.06208333,01-07-2026 10:00,1
694,Chandranagar_1,Uttarakhand,5,Uttarakhand,54,Rudraprayag,-,-,-,-,-,-,-,-,-,30.41541667,79.06208333,01-07-2026 13:00,0.5
695,Chandranagar_1,Uttarakhand,5,Uttarakhand,54,Rudraprayag,-,-,-,-,-,-,-,-,-,30.41541667,79.06208333,01-07-2026 16:00,1.5
696,Chandranagar_1,Uttarakhand,5,Uttarakhand,54,Rudraprayag,-,-,-,-,-,-,-,-,-,30.41541667,79.06208333,01-07-2026 17:00,0.5
697,Chandranagar_1,Uttarakhand,5,Uttarakhand,54,Rudraprayag,-,-,-,-,-,-,-,-,-,30.41541667,79.06208333,02-07-2026 00:00,0.5
698,Chandranagar_1,Uttarakhand,5,Uttarakhand,54,Rudraprayag,-,-,-,-,-,-,-,-,-,30.41541667,79.06208333,02-07-2026 01:00,5
699,Chandranagar_1,Uttarakhand,5,Uttarakhand,54,Rudraprayag,-,-,-,-,-,-,-,-,-,30.41541667,79.06208333,02-07-2026 02:00,3.5
700,Chandranagar_1,Uttarakhand,5,Uttarakhand,54,Rudraprayag,-,-,-,-,-,-,-,-,-,30.41541667,79.06208333,02-07-2026 03:00,2.5
701,Chandranagar_1,Uttarakhand,5,Uttarakhand,54,Rudraprayag,-,-,-,-,-,-,-,-,-,30.41541667,79.06208333,02-07-2026 04:00,3
702,Chandranagar_1,Uttarakhand,5,Uttarakhand,54,Rudraprayag,-,-,-,-,-,-,-,-,-,30.41541667,79.06208333,02-07-2026 05:00,2.5
703,Chandranagar_1,Uttarakhand,5,Uttarakhand,54,Rudraprayag,-,-,-,-,-,-,-,-,-,30.41541667,79.06208333,02-07-2026 06:00,2.5
704,Chandranagar_1,Uttarakhand,5,Uttarakhand,54,Rudraprayag,-,-,-,-,-,-,-,-,-,30.41541667,79.06208333,02-07-2026 07:00,1.5
705,Chandranagar_1,Uttarakhand,5,Uttarakhand,54,Rudraprayag,-,-,-,-,-,-,-,-,-,30.41541667,79.06208333,02-07-2026 08:00,5
706,Chandranagar_1,Uttarakhand,5,Uttarakhand,54,Rudraprayag,-,-,-,-,-,-,-,-,-,30.41541667,79.06208333,02-07-2026 09:00,3.5
707,Chandranagar_1,Uttarakhand,5,Uttarakhand,54,Rudraprayag,-,-,-,-,-,-,-,-,-,30.41541667,79.06208333,02-07-2026 10:00,0.5
708,Chandranagar_1,Uttarakhand,5,Uttarakhand,54,Rudraprayag,-,-,-,-,-,-,-,-,-,30.41541667,79.06208333,03-07-2026 21:00,4.5
709,Chandranagar_1,Uttarakhand,5,Uttarakhand,54,Rudraprayag,-,-,-,-,-,-,-,-,-,30.41541667,79.06208333,03-07-2026 22:00,1
710,Chandranagar_1,Uttarakhand,5,Uttarakhand,54,Rudraprayag,-,-,-,-,-,-,-,-,-,30.41541667,79.06208333,03-07-2026 23:00,1.5
711,Chandranagar_1,Uttarakhand,5,Uttarakhand,54,Rudraprayag,-,-,-,-,-,-,-,-,-,30.41541667,79.06208333,04-07-2026 00:00,1
712,Chandranagar_1,Uttarakhand,5,Uttarakhand,54,Rudraprayag,-,-,-,-,-,-,-,-,-,30.41541667,79.06208333,05-07-2026 03:00,1
713,Chandranagar_1,Uttarakhand,5,Uttarakhand,54,Rudraprayag,-,-,-,-,-,-,-,-,-,30.41541667,79.06208333,05-07-2026 04:00,14.5
714,Chandranagar_1,Uttarakhand,5,Uttarakhand,54,Rudraprayag,-,-,-,-,-,-,-,-,-,30.41541667,79.06208333,05-07-2026 06:00,0.5
715,Chandranagar_1,Uttarakhand,5,Uttarakhand,54,Rudraprayag,-,-,-,-,-,-,-,-,-,30.41541667,79.06208333,05-07-2026 23:00,0.5
716,Chandranagar_1,Uttarakhand,5,Uttarakhand,54,Rudraprayag,-,-,-,-,-,-,-,-,-,30.41541667,79.06208333,06-07-2026 01:00,0.5
717,Chandranagar_1,Uttarakhand,5,Uttarakhand,54,Rudraprayag,-,-,-,-,-,-,-,-,-,30.41541667,79.06208333,06-07-2026 02:00,4.5
718,Chandranagar_1,Uttarakhand,5,Uttarakhand,54,Rudraprayag,-,-,-,-,-,-,-,-,-,30.41541667,79.06208333,06-07-2026 03:00,0.5
719,Chandranagar_1,Uttarakhand,5,Uttarakhand,54,Rudraprayag,-,-,-,-,-,-,-,-,-,30.41541667,79.06208333,06-07-2026 04:00,7
720,Chandranagar_1,Uttarakhand,5,Uttarakhand,54,Rudraprayag,-,-,-,-,-,-,-,-,-,30.41541667,79.06208333,06-07-2026 16:00,1.5
721,Chandranagar_1,Uttarakhand,5,Uttarakhand,54,Rudraprayag,-,-,-,-,-,-,-,-,-,30.41541667,79.06208333,06-07-2026 17:00,2.5
722,Chandranagar_1,Uttarakhand,5,Uttarakhand,54,Rudraprayag,-,-,-,-,-,-,-,-,-,30.41541667,79.06208333,07-07-2026 12:00,0.5
723,Chandranagar_1,Uttarakhand,5,Uttarakhand,54,Rudraprayag,-,-,-,-,-,-,-,-,-,30.41541667,79.06208333,08-07-2026 05:00,1
724,Chandranagar_1,Uttarakhand,5,Uttarakhand,54,Rudraprayag,-,-,-,-,-,-,-,-,-,30.41541667,79.06208333,08-07-2026 06:00,16
725,Chandranagar_1,Uttarakhand,5,Uttarakhand,54,Rudraprayag,-,-,-,-,-,-,-,-,-,30.41541667,79.06208333,08-07-2026 07:00,2
726,Chandranagar_1,Uttarakhand,5,Uttarakhand,54,Rudraprayag,-,-,-,-,-,-,-,-,-,30.41541667,79.06208333,08-07-2026 08:00,0.5
727,Chandranagar_1,Uttarakhand,5,Uttarakhand,54,Rudraprayag,-,-,-,-,-,-,-,-,-,30.41541667,79.06208333,08-07-2026 09:00,1.5
728,Chandranagar_1,Uttarakhand,5,Uttarakhand,54,Rudraprayag,-,-,-,-,-,-,-,-,-,30.41541667,79.06208333,08-07-2026 10:00,0.5
729,Chandranagar_1,Uttarakhand,5,Uttarakhand,54,Rudraprayag,-,-,-,-,-,-,-,-,-,30.41541667,79.06208333,08-07-2026 12:00,1
730,Chandranagar_1,Uttarakhand,5,Uttarakhand,54,Rudraprayag,-,-,-,-,-,-,-,-,-,30.41541667,79.06208333,08-07-2026 13:00,2
731,Chandranagar_1,Uttarakhand,5,Uttarakhand,54,Rudraprayag,-,-,-,-,-,-,-,-,-,30.41541667,79.06208333,08-07-2026 14:00,1
732,Chandranagar_1,Uttarakhand,5,Uttarakhand,54,Rudraprayag,-,-,-,-,-,-,-,-,-,30.41541667,79.06208333,08-07-2026 15:00,1
733,Chandranagar_1,Uttarakhand,5,Uttarakhand,54,Rudraprayag,-,-,-,-,-,-,-,-,-,30.41541667,79.06208333,08-07-2026 16:00,0.5
734,Chandranagar_1,Uttarakhand,5,Uttarakhand,54,Rudraprayag,-,-,-,-,-,-,-,-,-,30.41541667,79.06208333,09-07-2026 01:00,1.5
735,Chandranagar_1,Uttarakhand,5,Uttarakhand,54,Rudraprayag,-,-,-,-,-,-,-,-,-,30.41541667,79.06208333,09-07-2026 02:00,1.5
736,Chandranagar_1,Uttarakhand,5,Uttarakhand,54,Rudraprayag,-,-,-,-,-,-,-,-,-,30.41541667,79.06208333,09-07-2026 03:00,3
737,Chandranagar_1,Uttarakhand,5,Uttarakhand,54,Rudraprayag,-,-,-,-,-,-,-,-,-,30.41541667,79.06208333,09-07-2026 04:00,3
738,Chandranagar_1,Uttarakhand,5,Uttarakhand,54,Rudraprayag,-,-,-,-,-,-,-,-,-,30.41541667,79.06208333,09-07-2026 05:00,5
739,Chandranagar_1,Uttarakhand,5,Uttarakhand,54,Rudraprayag,-,-,-,-,-,-,-,-,-,30.41541667,79.06208333,09-07-2026 06:00,7.5
740,Chandranagar_1,Uttarakhand,5,Uttarakhand,54,Rudraprayag,-,-,-,-,-,-,-,-,-,30.41541667,79.06208333,09-07-2026 07:00,3
741,Chandranagar_1,Uttarakhand,5,Uttarakhand,54,Rudraprayag,-,-,-,-,-,-,-,-,-,30.41541667,79.06208333,09-07-2026 08:00,2
742,Chandranagar_1,Uttarakhand,5,Uttarakhand,54,Rudraprayag,-,-,-,-,-,-,-,-,-,30.41541667,79.06208333,09-07-2026 09:00,0.5
743,Chandranagar_1,Uttarakhand,5,Uttarakhand,54,Rudraprayag,-,-,-,-,-,-,-,-,-,30.41541667,79.06208333,09-07-2026 10:00,2.5
744,Chandranagar_1,Uttarakhand,5,Uttarakhand,54,Rudraprayag,-,-,-,-,-,-,-,-,-,30.41541667,79.06208333,09-07-2026 12:00,0.5
745,Chandranagar_1,Uttarakhand,5,Uttarakhand,54,Rudraprayag,-,-,-,-,-,-,-,-,-,30.41541667,79.06208333,09-07-2026 19:00,0.5
746,Chandranagar_1,Uttarakhand,5,Uttarakhand,54,Rudraprayag,-,-,-,-,-,-,-,-,-,30.41541667,79.06208333,09-07-2026 22:00,0.5
747,Chandranagar_1,Uttarakhand,5,Uttarakhand,54,Rudraprayag,-,-,-,-,-,-,-,-,-,30.41541667,79.06208333,09-07-2026 23:00,0.5
748,Chandranagar_1,Uttarakhand,5,Uttarakhand,54,Rudraprayag,-,-,-,-,-,-,-,-,-,30.41541667,79.06208333,10-07-2026 03:00,1.5
749,Chandranagar_1,Uttarakhand,5,Uttarakhand,54,Rudraprayag,-,-,-,-,-,-,-,-,-,30.41541667,79.06208333,10-07-2026 04:00,2.5
750,Chandranagar_1,Uttarakhand,5,Uttarakhand,54,Rudraprayag,-,-,-,-,-,-,-,-,-,30.41541667,79.06208333,10-07-2026 05:00,3
751,Chandranagar_1,Uttarakhand,5,Uttarakhand,54,Rudraprayag,-,-,-,-,-,-,-,-,-,30.41541667,79.06208333,10-07-2026 09:00,0.5
752,Chandranagar_1,Uttarakhand,5,Uttarakhand,54,Rudraprayag,-,-,-,-,-,-,-,-,-,30.41541667,79.06208333,10-07-2026 13:00,0.5
753,Chandranagar_1,Uttarakhand,5,Uttarakhand,54,Rudraprayag,-,-,-,-,-,-,-,-,-,30.41541667,79.06208333,11-07-2026 04:00,6.5
754,Chandranagar_1,Uttarakhand,5,Uttarakhand,54,Rudraprayag,-,-,-,-,-,-,-,-,-,30.41541667,79.06208333,11-07-2026 05:00,0.5
755,Chandranagar_1,Uttarakhand,5,Uttarakhand,54,Rudraprayag,-,-,-,-,-,-,-,-,-,30.41541667,79.06208333,11-07-2026 07:00,1
756,Chandranagar_1,Uttarakhand,5,Uttarakhand,54,Rudraprayag,-,-,-,-,-,-,-,-,-,30.41541667,79.06208333,11-07-2026 08:00,1
757,Chandranagar_1,Uttarakhand,5,Uttarakhand,54,Rudraprayag,-,-,-,-,-,-,-,-,-,30.41541667,79.06208333,11-07-2026 09:00,1
758,Chandranagar_1,Uttarakhand,5,Uttarakhand,54,Rudraprayag,-,-,-,-,-,-,-,-,-,30.41541667,79.06208333,11-07-2026 11:00,0.5
759,Chandranagar_1,Uttarakhand,5,Uttarakhand,54,Rudraprayag,-,-,-,-,-,-,-,-,-,30.41541667,79.06208333,11-07-2026 12:00,1.5
760,Chandranagar_1,Uttarakhand,5,Uttarakhand,54,Rudraprayag,-,-,-,-,-,-,-,-,-,30.41541667,79.06208333,11-07-2026 13:00,1
761,Chandranagar_1,Uttarakhand,5,Uttarakhand,54,Rudraprayag,-,-,-,-,-,-,-,-,-,30.41541667,79.06208333,11-07-2026 14:00,1
762,Chandranagar_1,Uttarakhand,5,Uttarakhand,54,Rudraprayag,-,-,-,-,-,-,-,-,-,30.41541667,79.06208333,11-07-2026 15:00,1.5
763,Chandranagar_1,Uttarakhand,5,Uttarakhand,54,Rudraprayag,-,-,-,-,-,-,-,-,-,30.41541667,79.06208333,11-07-2026 23:00,3.5
764,Chandranagar_1,Uttarakhand,5,Uttarakhand,54,Rudraprayag,-,-,-,-,-,-,-,-,-,30.41541667,79.06208333,12-07-2026 00:00,6
765,Chandranagar_1,Uttarakhand,5,Uttarakhand,54,Rudraprayag,-,-,-,-,-,-,-,-,-,30.41541667,79.06208333,12-07-2026 02:00,0.5
766,Chandranagar_1,Uttarakhand,5,Uttarakhand,54,Rudraprayag,-,-,-,-,-,-,-,-,-,30.41541667,79.06208333,12-07-2026 04:00,2
767,Chandranagar_1,Uttarakhand,5,Uttarakhand,54,Rudraprayag,-,-,-,-,-,-,-,-,-,30.41541667,79.06208333,13-07-2026 13:00,0.5
768,Chandranagar_1,Uttarakhand,5,Uttarakhand,54,Rudraprayag,-,-,-,-,-,-,-,-,-,30.41541667,79.06208333,16-07-2026 00:00,0.5
769,Chandranagar_1,Uttarakhand,5,Uttarakhand,54,Rudraprayag,-,-,-,-,-,-,-,-,-,30.41541667,79.06208333,16-07-2026 01:00,11
770,Chandranagar_1,Uttarakhand,5,Uttarakhand,54,Rudraprayag,-,-,-,-,-,-,-,-,-,30.41541667,79.06208333,16-07-2026 02:00,0.5
771,Chandranagar_1,Uttarakhand,5,Uttarakhand,54,Rudraprayag,-,-,-,-,-,-,-,-,-,30.41541667,79.06208333,16-07-2026 09:00,0.5
772,Chandranagar_1,Uttarakhand,5,Uttarakhand,54,Rudraprayag,-,-,-,-,-,-,-,-,-,30.41541667,79.06208333,17-07-2026 01:00,4.5
773,Chandranagar_1,Uttarakhand,5,Uttarakhand,54,Rudraprayag,-,-,-,-,-,-,-,-,-,30.41541667,79.06208333,17-07-2026 02:00,2.5
774,Chandranagar_1,Uttarakhand,5,Uttarakhand,54,Rudraprayag,-,-,-,-,-,-,-,-,-,30.41541667,79.06208333,17-07-2026 03:00,4
775,Chandranagar_1,Uttarakhand,5,Uttarakhand,54,Rudraprayag,-,-,-,-,-,-,-,-,-,30.41541667,79.06208333,17-07-2026 05:00,0.5
776,Chandranagar_1,Uttarakhand,5,Uttarakhand,54,Rudraprayag,-,-,-,-,-,-,-,-,-,30.41541667,79.06208333,17-07-2026 22:00,0.5
777,Chandranagar_1,Uttarakhand,5,Uttarakhand,54,Rudraprayag,-,-,-,-,-,-,-,-,-,30.41541667,79.06208333,17-07-2026 23:00,0.5
778,Chandranagar_1,Uttarakhand,5,Uttarakhand,54,Rudraprayag,-,-,-,-,-,-,-,-,-,30.41541667,79.06208333,18-07-2026 01:00,0.5
779,Chandranagar_1,Uttarakhand,5,Uttarakhand,54,Rudraprayag,-,-,-,-,-,-,-,-,-,30.41541667,79.06208333,18-07-2026 03:00,0.5
780,Chandranagar_1,Uttarakhand,5,Uttarakhand,54,Rudraprayag,-,-,-,-,-,-,-,-,-,30.41541667,79.06208333,18-07-2026 04:00,0.5
781,Chandranagar_1,Uttarakhand,5,Uttarakhand,54,Rudraprayag,-,-,-,-,-,-,-,-,-,30.41541667,79.06208333,18-07-2026 06:00,1
782,Chandranagar_1,Uttarakhand,5,Uttarakhand,54,Rudraprayag,-,-,-,-,-,-,-,-,-,30.41541667,79.06208333,18-07-2026 23:00,1
783,Chandranagar_1,Uttarakhand,5,Uttarakhand,54,Rudraprayag,-,-,-,-,-,-,-,-,-,30.41541667,79.06208333,19-07-2026 00:00,0.5
784,Chandranagar_1,Uttarakhand,5,Uttarakhand,54,Rudraprayag,-,-,-,-,-,-,-,-,-,30.41541667,79.06208333,19-07-2026 01:00,7
785,Chandranagar_1,Uttarakhand,5,Uttarakhand,54,Rudraprayag,-,-,-,-,-,-,-,-,-,30.41541667,79.06208333,19-07-2026 02:00,3.5
786,Chandranagar_1,Uttarakhand,5,Uttarakhand,54,Rudraprayag,-,-,-,-,-,-,-,-,-,30.41541667,79.06208333,19-07-2026 05:00,1.5
787,Chandranagar_1,Uttarakhand,5,Uttarakhand,54,Rudraprayag,-,-,-,-,-,-,-,-,-,30.41541667,79.06208333,19-07-2026 06:00,0.5
788,Chandranagar_1,Uttarakhand,5,Uttarakhand,54,Rudraprayag,-,-,-,-,-,-,-,-,-,30.41541667,79.06208333,19-07-2026 07:00,1.5
789,Chandranagar_1,Uttarakhand,5,Uttarakhand,54,Rudraprayag,-,-,-,-,-,-,-,-,-,30.41541667,79.06208333,19-07-2026 20:00,1
790,Chandranagar_1,Uttarakhand,5,Uttarakhand,54,Rudraprayag,-,-,-,-,-,-,-,-,-,30.41541667,79.06208333,19-07-2026 21:00,3
791,Chandranagar_1,Uttarakhand,5,Uttarakhand,54,Rudraprayag,-,-,-,-,-,-,-,-,-,30.41541667,79.06208333,19-07-2026 23:00,5
792,Chandranagar_1,Uttarakhand,5,Uttarakhand,54,Rudraprayag,-,-,-,-,-,-,-,-,-,30.41541667,79.06208333,20-07-2026 00:00,23
793,Chandranagar_1,Uttarakhand,5,Uttarakhand,54,Rudraprayag,-,-,-,-,-,-,-,-,-,30.41541667,79.06208333,20-07-2026 01:00,26
794,Chandranagar_1,Uttarakhand,5,Uttarakhand,54,Rudraprayag,-,-,-,-,-,-,-,-,-,30.41541667,79.06208333,20-07-2026 02:00,6.5
795,Chandranagar_1,Uttarakhand,5,Uttarakhand,54,Rudraprayag,-,-,-,-,-,-,-,-,-,30.41541667,79.06208333,20-07-2026 03:00,17.5
796,Chandranagar_1,Uttarakhand,5,Uttarakhand,54,Rudraprayag,-,-,-,-,-,-,-,-,-,30.41541667,79.06208333,20-07-2026 04:00,3
797,Chandranagar_1,Uttarakhand,5,Uttarakhand,54,Rudraprayag,-,-,-,-,-,-,-,-,-,30.41541667,79.06208333,20-07-2026 05:00,2
798,Chandranagar_1,Uttarakhand,5,Uttarakhand,54,Rudraprayag,-,-,-,-,-,-,-,-,-,30.41541667,79.06208333,20-07-2026 06:00,6.5
799,Chandranagar_1,Uttarakhand,5,Uttarakhand,54,Rudraprayag,-,-,-,-,-,-,-,-,-,30.41541667,79.06208333,20-07-2026 07:00,1
800,Chandranagar_1,Uttarakhand,5,Uttarakhand,54,Rudraprayag,-,-,-,-,-,-,-,-,-,30.41541667,79.06208333,20-07-2026 17:00,1.5
801,Chandranagar_1,Uttarakhand,5,Uttarakhand,54,Rudraprayag,-,-,-,-,-,-,-,-,-,30.41541667,79.06208333,20-07-2026 21:00,6.5
802,Chandranagar_1,Uttarakhand,5,Uttarakhand,54,Rudraprayag,-,-,-,-,-,-,-,-,-,30.41541667,79.06208333,20-07-2026 22:00,11
803,Chandranagar_1,Uttarakhand,5,Uttarakhand,54,Rudraprayag,-,-,-,-,-,-,-,-,-,30.41541667,79.06208333,20-07-2026 23:00,3
804,Chandranagar_1,Uttarakhand,5,Uttarakhand,54,Rudraprayag,-,-,-,-,-,-,-,-,-,30.41541667,79.06208333,21-07-2026 00:00,2
805,Chandranagar_1,Uttarakhand,5,Uttarakhand,54,Rudraprayag,-,-,-,-,-,-,-,-,-,30.41541667,79.06208333,21-07-2026 01:00,0.5
806,Chandranagar_1,Uttarakhand,5,Uttarakhand,54,Rudraprayag,-,-,-,-,-,-,-,-,-,30.41541667,79.06208333,22-07-2026 03:00,3.5
807,Chandranagar_1,Uttarakhand,5,Uttarakhand,54,Rudraprayag,-,-,-,-,-,-,-,-,-,30.41541667,79.06208333,22-07-2026 04:00,9
808,Chandranagar_1,Uttarakhand,5,Uttarakhand,54,Rudraprayag,-,-,-,-,-,-,-,-,-,30.41541667,79.06208333,22-07-2026 05:00,5
809,Chandranagar_1,Uttarakhand,5,Uttarakhand,54,Rudraprayag,-,-,-,-,-,-,-,-,-,30.41541667,79.06208333,22-07-2026 06:00,1.5
810,Chandranagar_1,Uttarakhand,5,Uttarakhand,54,Rudraprayag,-,-,-,-,-,-,-,-,-,30.41541667,79.06208333,22-07-2026 07:00,0.5
811,Chandranagar_1,Uttarakhand,5,Uttarakhand,54,Rudraprayag,-,-,-,-,-,-,-,-,-,30.41541667,79.06208333,22-07-2026 17:00,1
812,Chandranagar_1,Uttarakhand,5,Uttarakhand,54,Rudraprayag,-,-,-,-,-,-,-,-,-,30.41541667,79.06208333,22-07-2026 23:00,2.5
813,Chandranagar_1,Uttarakhand,5,Uttarakhand,54,Rudraprayag,-,-,-,-,-,-,-,-,-,30.41541667,79.06208333,23-07-2026 00:00,1
814,Chandranagar_1,Uttarakhand,5,Uttarakhand,54,Rudraprayag,-,-,-,-,-,-,-,-,-,30.41541667,79.06208333,23-07-2026 01:00,1
815,Chandranagar_1,Uttarakhand,5,Uttarakhand,54,Rudraprayag,-,-,-,-,-,-,-,-,-,30.41541667,79.06208333,23-07-2026 16:00,0.5
816,Chandranagar_1,Uttarakhand,5,Uttarakhand,54,Rudraprayag,-,-,-,-,-,-,-,-,-,30.41541667,79.06208333,23-07-2026 18:00,7.5
817,Chandranagar_1,Uttarakhand,5,Uttarakhand,54,Rudraprayag,-,-,-,-,-,-,-,-,-,30.41541667,79.06208333,23-07-2026 19:00,0.5
818,Chandranagar_1,Uttarakhand,5,Uttarakhand,54,Rudraprayag,-,-,-,-,-,-,-,-,-,30.41541667,79.06208333,23-07-2026 21:00,4.5
819,Chandranagar_1,Uttarakhand,5,Uttarakhand,54,Rudraprayag,-,-,-,-,-,-,-,-,-,30.41541667,79.06208333,23-07-2026 22:00,31
820,Chandranagar_1,Uttarakhand,5,Uttarakhand,54,Rudraprayag,-,-,-,-,-,-,-,-,-,30.41541667,79.06208333,23-07-2026 23:00,3.5
821,Chandranagar_1,Uttarakhand,5,Uttarakhand,54,Rudraprayag,-,-,-,-,-,-,-,-,-,30.41541667,79.06208333,24-07-2026 00:00,1.5
822,Chandranagar_1,Uttarakhand,5,Uttarakhand,54,Rudraprayag,-,-,-,-,-,-,-,-,-,30.41541667,79.06208333,24-07-2026 01:00,1
823,Chandranagar_1,Uttarakhand,5,Uttarakhand,54,Rudraprayag,-,-,-,-,-,-,-,-,-,30.41541667,79.06208333,24-07-2026 02:00,1
824,Chandranagar_1,Uttarakhand,5,Uttarakhand,54,Rudraprayag,-,-,-,-,-,-,-,-,-,30.41541667,79.06208333,24-07-2026 03:00,1
825,Chandranagar_1,Uttarakhand,5,Uttarakhand,54,Rudraprayag,-,-,-,-,-,-,-,-,-,30.41541667,79.06208333,24-07-2026 04:00,1
826,Chandranagar_1,Uttarakhand,5,Uttarakhand,54,Rudraprayag,-,-,-,-,-,-,-,-,-,30.41541667,79.06208333,24-07-2026 18:00,8.5
827,Chandranagar_1,Uttarakhand,5,Uttarakhand,54,Rudraprayag,-,-,-,-,-,-,-,-,-,30.41541667,79.06208333,24-07-2026 19:00,1.5
828,Chandranagar_1,Uttarakhand,5,Uttarakhand,54,Rudraprayag,-,-,-,-,-,-,-,-,-,30.41541667,79.06208333,25-07-2026 01:00,0.5
829,Chandranagar_1,Uttarakhand,5,Uttarakhand,54,Rudraprayag,-,-,-,-,-,-,-,-,-,30.41541667,79.06208333,25-07-2026 04:00,0.5
830,Chandranagar_1,Uttarakhand,5,Uttarakhand,54,Rudraprayag,-,-,-,-,-,-,-,-,-,30.41541667,79.06208333,25-07-2026 19:00,0.5
831,Chandranagar_1,Uttarakhand,5,Uttarakhand,54,Rudraprayag,-,-,-,-,-,-,-,-,-,30.41541667,79.06208333,26-07-2026 17:00,5.5
832,Chandranagar_1,Uttarakhand,5,Uttarakhand,54,Rudraprayag,-,-,-,-,-,-,-,-,-,30.41541667,79.06208333,26-07-2026 18:00,1.5
833,Chandranagar_1,Uttarakhand,5,Uttarakhand,54,Rudraprayag,-,-,-,-,-,-,-,-,-,30.41541667,79.06208333,27-07-2026 05:00,1.5
834,Chandranagar_1,Uttarakhand,5,Uttarakhand,54,Rudraprayag,-,-,-,-,-,-,-,-,-,30.41541667,79.06208333,27-07-2026 06:00,2.5
835,Chandranagar_1,Uttarakhand,5,Uttarakhand,54,Rudraprayag,-,-,-,-,-,-,-,-,-,30.41541667,79.06208333,27-07-2026 16:00,1
836,Chandranagar_1,Uttarakhand,5,Uttarakhand,54,Rudraprayag,-,-,-,-,-,-,-,-,-,30.41541667,79.06208333,27-07-2026 17:00,1
837,Chandranagar_1,Uttarakhand,5,Uttarakhand,54,Rudraprayag,-,-,-,-,-,-,-,-,-,30.41541667,79.06208333,27-07-2026 18:00,1
838,Chandranagar_1,Uttarakhand,5,Uttarakhand,54,Rudraprayag,-,-,-,-,-,-,-,-,-,30.41541667,79.06208333,27-07-2026 20:00,4
839,Chandranagar_1,Uttarakhand,5,Uttarakhand,54,Rudraprayag,-,-,-,-,-,-,-,-,-,30.41541667,79.06208333,27-07-2026 21:00,7
840,Chandranagar_1,Uttarakhand,5,Uttarakhand,54,Rudraprayag,-,-,-,-,-,-,-,-,-,30.41541667,79.06208333,27-07-2026 22:00,8
841,Chandranagar_1,Uttarakhand,5,Uttarakhand,54,Rudraprayag,-,-,-,-,-,-,-,-,-,30.41541667,79.06208333,27-07-2026 23:00,5
842,Chandranagar_1,Uttarakhand,5,Uttarakhand,54,Rudraprayag,-,-,-,-,-,-,-,-,-,30.41541667,79.06208333,28-07-2026 00:00,3
843,Chandranagar_1,Uttarakhand,5,Uttarakhand,54,Rudraprayag,-,-,-,-,-,-,-,-,-,30.41541667,79.06208333,28-07-2026 01:00,7
844,Chandranagar_1,Uttarakhand,5,Uttarakhand,54,Rudraprayag,-,-,-,-,-,-,-,-,-,30.41541667,79.06208333,28-07-2026 02:00,8.5
845,Chandranagar_1,Uttarakhand,5,Uttarakhand,54,Rudraprayag,-,-,-,-,-,-,-,-,-,30.41541667,79.06208333,28-07-2026 03:00,10.5
846,Chandranagar_1,Uttarakhand,5,Uttarakhand,54,Rudraprayag,-,-,-,-,-,-,-,-,-,30.41541667,79.06208333,28-07-2026 04:00,7
847,Chandranagar_1,Uttarakhand,5,Uttarakhand,54,Rudraprayag,-,-,-,-,-,-,-,-,-,30.41541667,79.06208333,28-07-2026 05:00,1
848,Chandranagar_1,Uttarakhand,5,Uttarakhand,54,Rudraprayag,-,-,-,-,-,-,-,-,-,30.41541667,79.06208333,28-07-2026 06:00,0.5
849,Chandranagar_1,Uttarakhand,5,Uttarakhand,54,Rudraprayag,-,-,-,-,-,-,-,-,-,30.41541667,79.06208333,28-07-2026 07:00,0.5
850,Chandranagar_1,Uttarakhand,5,Uttarakhand,54,Rudraprayag,-,-,-,-,-,-,-,-,-,30.41541667,79.06208333,28-07-2026 08:00,0.5
851,Chandranagar_1,Uttarakhand,5,Uttarakhand,54,Rudraprayag,-,-,-,-,-,-,-,-,-,30.41541667,79.06208333,28-07-2026 17:00,0.5
852,Chandranagar_1,Uttarakhand,5,Uttarakhand,54,Rudraprayag,-,-,-,-,-,-,-,-,-,30.41541667,79.06208333,28-07-2026 18:00,2.5
853,Chandranagar_1,Uttarakhand,5,Uttarakhand,54,Rudraprayag,-,-,-,-,-,-,-,-,-,30.41541667,79.06208333,28-07-2026 19:00,3
854,Chandranagar_1,Uttarakhand,5,Uttarakhand,54,Rudraprayag,-,-,-,-,-,-,-,-,-,30.41541667,79.06208333,29-07-2026 00:00,8.5
855,Chandranagar_1,Uttarakhand,5,Uttarakhand,54,Rudraprayag,-,-,-,-,-,-,-,-,-,30.41541667,79.06208333,29-07-2026 03:00,0.5
856,Chandranagar_1,Uttarakhand,5,Uttarakhand,54,Rudraprayag,-,-,-,-,-,-,-,-,-,30.41541667,79.06208333,29-07-2026 04:00,1.5
857,Chandranagar_1,Uttarakhand,5,Uttarakhand,54,Rudraprayag,-,-,-,-,-,-,-,-,-,30.41541667,79.06208333,29-07-2026 06:00,0.5
858,Chandranagar_1,Uttarakhand,5,Uttarakhand,54,Rudraprayag,-,-,-,-,-,-,-,-,-,30.41541667,79.06208333,29-07-2026 08:00,17
859,Chandranagar_1,Uttarakhand,5,Uttarakhand,54,Rudraprayag,-,-,-,-,-,-,-,-,-,30.41541667,79.06208333,29-07-2026 09:00,11.5
860,Chandranagar_1,Uttarakhand,5,Uttarakhand,54,Rudraprayag,-,-,-,-,-,-,-,-,-,30.41541667,79.06208333,29-07-2026 10:00,1
861,Chandranagar_1,Uttarakhand,5,Uttarakhand,54,Rudraprayag,-,-,-,-,-,-,-,-,-,30.41541667,79.06208333,29-07-2026 16:00,4
862,Chandranagar_1,Uttarakhand,5,Uttarakhand,54,Rudraprayag,-,-,-,-,-,-,-,-,-,30.41541667,79.06208333,29-07-2026 17:00,1.5
863,Chandranagar_1,Uttarakhand,5,Uttarakhand,54,Rudraprayag,-,-,-,-,-,-,-,-,-,30.41541667,79.06208333,29-07-2026 18:00,2.5
864,Chandranagar_1,Uttarakhand,5,Uttarakhand,54,Rudraprayag,-,-,-,-,-,-,-,-,-,30.41541667,79.06208333,29-07-2026 19:00,0.5
865,Chandranagar_1,Uttarakhand,5,Uttarakhand,54,Rudraprayag,-,-,-,-,-,-,-,-,-,30.41541667,79.06208333,29-07-2026 20:00,6.5
866,Chandranagar_1,Uttarakhand,5,Uttarakhand,54,Rudraprayag,-,-,-,-,-,-,-,-,-,30.41541667,79.06208333,29-07-2026 21:00,1.5
867,Chandranagar_1,Uttarakhand,5,Uttarakhand,54,Rudraprayag,-,-,-,-,-,-,-,-,-,30.41541667,79.06208333,29-07-2026 22:00,1.5
868,Chandranagar_1,Uttarakhand,5,Uttarakhand,54,Rudraprayag,-,-,-,-,-,-,-,-,-,30.41541667,79.06208333,30-07-2026 00:00,1.5
869,Chandranagar_1,Uttarakhand,5,Uttarakhand,54,Rudraprayag,-,-,-,-,-,-,-,-,-,30.41541667,79.06208333,30-07-2026 01:00,0.5
870,Chandranagar_1,Uttarakhand,5,Uttarakhand,54,Rudraprayag,-,-,-,-,-,-,-,-,-,30.41541667,79.06208333,30-07-2026 02:00,1
871,Chandranagar_1,Uttarakhand,5,Uttarakhand,54,Rudraprayag,-,-,-,-,-,-,-,-,-,30.41541667,79.06208333,30-07-2026 03:00,4
872,Chandranagar_1,Uttarakhand,5,Uttarakhand,54,Rudraprayag,-,-,-,-,-,-,-,-,-,30.41541667,79.06208333,30-07-2026 04:00,2.5
873,Chandranagar_1,Uttarakhand,5,Uttarakhand,54,Rudraprayag,-,-,-,-,-,-,-,-,-,30.41541667,79.06208333,30-07-2026 05:00,0.5
874,Chandranagar_1,Uttarakhand,5,Uttarakhand,54,Rudraprayag,-,-,-,-,-,-,-,-,-,30.41541667,79.06208333,30-07-2026 06:00,0.5
875,Chandranagar_1,Uttarakhand,5,Uttarakhand,54,Rudraprayag,-,-,-,-,-,-,-,-,-,30.41541667,79.06208333,30-07-2026 09:00,0.5
876,Chandranagar_1,Uttarakhand,5,Uttarakhand,54,Rudraprayag,-,-,-,-,-,-,-,-,-,30.41541667,79.06208333,30-07-2026 10:00,0.5
877,Chandranagar_1,Uttarakhand,5,Uttarakhand,54,Rudraprayag,-,-,-,-,-,-,-,-,-,30.41541667,79.06208333,30-07-2026 12:00,0.5
878,Chandranagar_1,Uttarakhand,5,Uttarakhand,54,Rudraprayag,-,-,-,-,-,-,-,-,-,30.41541667,79.06208333,30-07-2026 13:00,2
879,Chandranagar_1,Uttarakhand,5,Uttarakhand,54,Rudraprayag,-,-,-,-,-,-,-,-,-,30.41541667,79.06208333,30-07-2026 17:00,0.5
880,Chandranagar_1,Uttarakhand,5,Uttarakhand,54,Rudraprayag,-,-,-,-,-,-,-,-,-,30.41541667,79.06208333,30-07-2026 18:00,4
881,Chandranagar_1,Uttarakhand,5,Uttarakhand,54,Rudraprayag,-,-,-,-,-,-,-,-,-,30.41541667,79.06208333,30-07-2026 19:00,1
882,Chandranagar_1,Uttarakhand,5,Uttarakhand,54,Rudraprayag,-,-,-,-,-,-,-,-,-,30.41541667,79.06208333,30-07-2026 20:00,0.5
883,Chandranagar_1,Uttarakhand,5,Uttarakhand,54,Rudraprayag,-,-,-,-,-,-,-,-,-,30.41541667,79.06208333,30-07-2026 23:00,3
884,Chandranagar_1,Uttarakhand,5,Uttarakhand,54,Rudraprayag,-,-,-,-,-,-,-,-,-,30.41541667,79.06208333,31-07-2026 22:00,1.5
885,Chandranagar_1,Uttarakhand,5,Uttarakhand,54,Rudraprayag,-,-,-,-,-,-,-,-,-,30.41541667,79.06208333,01-08-2026 06:00,0.5
886,Chandranagar_1,Uttarakhand,5,Uttarakhand,54,Rudraprayag,-,-,-,-,-,-,-,-,-,30.41541667,79.06208333,01-08-2026 07:00,7.5
887,Chandranagar_1,Uttarakhand,5,Uttarakhand,54,Rudraprayag,-,-,-,-,-,-,-,-,-,30.41541667,79.06208333,01-08-2026 15:00,1
888,Chandranagar_1,Uttarakhand,5,Uttarakhand,54,Rudraprayag,-,-,-,-,-,-,-,-,-,30.41541667,79.06208333,01-08-2026 16:00,16
889,Chandranagar_1,Uttarakhand,5,Uttarakhand,54,Rudraprayag,-,-,-,-,-,-,-,-,-,30.41541667,79.06208333,01-08-2026 17:00,4
890,Chandranagar_1,Uttarakhand,5,Uttarakhand,54,Rudraprayag,-,-,-,-,-,-,-,-,-,30.41541667,79.06208333,01-08-2026 18:00,7
891,Chandranagar_1,Uttarakhand,5,Uttarakhand,54,Rudraprayag,-,-,-,-,-,-,-,-,-,30.41541667,79.06208333,01-08-2026 19:00,8.5
892,Chandranagar_1,Uttarakhand,5,Uttarakhand,54,Rudraprayag,-,-,-,-,-,-,-,-,-,30.41541667,79.06208333,01-08-2026 20:00,0.5
893,Chandranagar_1,Uttarakhand,5,Uttarakhand,54,Rudraprayag,-,-,-,-,-,-,-,-,-,30.41541667,79.06208333,01-08-2026 21:00,0.5
894,Chandranagar_1,Uttarakhand,5,Uttarakhand,54,Rudraprayag,-,-,-,-,-,-,-,-,-,30.41541667,79.06208333,01-08-2026 23:00,0.5
895,Chandranagar_1,Uttarakhand,5,Uttarakhand,54,Rudraprayag,-,-,-,-,-,-,-,-,-,30.41541667,79.06208333,02-08-2026 00:00,8.5
896,Chandranagar_1,Uttarakhand,5,Uttarakhand,54,Rudraprayag,-,-,-,-,-,-,-,-,-,30.41541667,79.06208333,02-08-2026 01:00,3
897,Chandranagar_1,Uttarakhand,5,Uttarakhand,54,Rudraprayag,-,-,-,-,-,-,-,-,-,30.41541667,79.06208333,02-08-2026 02:00,5
898,Chandranagar_1,Uttarakhand,5,Uttarakhand,54,Rudraprayag,-,-,-,-,-,-,-,-,-,30.41541667,79.06208333,02-08-2026 03:00,6.5
899,Chandranagar_1,Uttarakhand,5,Uttarakhand,54,Rudraprayag,-,-,-,-,-,-,-,-,-,30.41541667,79.06208333,02-08-2026 04:00,3
900,Chandranagar_1,Uttarakhand,5,Uttarakhand,54,Rudraprayag,-,-,-,-,-,-,-,-,-,30.41541667,79.06208333,02-08-2026 06:00,1.5
901,Chandranagar_1,Uttarakhand,5,Uttarakhand,54,Rudraprayag,-,-,-,-,-,-,-,-,-,30.41541667,79.06208333,02-08-2026 07:00,1
902,Chandranagar_1,Uttarakhand,5,Uttarakhand,54,Rudraprayag,-,-,-,-,-,-,-,-,-,30.41541667,79.06208333,02-08-2026 21:00,0.5
903,Chandranagar_1,Uttarakhand,5,Uttarakhand,54,Rudraprayag,-,-,-,-,-,-,-,-,-,30.41541667,79.06208333,02-08-2026 22:00,19.5
904,Chandranagar_1,Uttarakhand,5,Uttarakhand,54,Rudraprayag,-,-,-,-,-,-,-,-,-,30.41541667,79.06208333,02-08-2026 23:00,35
905,Chandranagar_1,Uttarakhand,5,Uttarakhand,54,Rudraprayag,-,-,-,-,-,-,-,-,-,30.41541667,79.06208333,03-08-2026 01:00,6
906,Chandranagar_1,Uttarakhand,5,Uttarakhand,54,Rudraprayag,-,-,-,-,-,-,-,-,-,30.41541667,79.06208333,03-08-2026 02:00,8
907,Chandranagar_1,Uttarakhand,5,Uttarakhand,54,Rudraprayag,-,-,-,-,-,-,-,-,-,30.41541667,79.06208333,03-08-2026 03:00,0.5
908,Chandranagar_1,Uttarakhand,5,Uttarakhand,54,Rudraprayag,-,-,-,-,-,-,-,-,-,30.41541667,79.06208333,03-08-2026 04:00,0.5
909,Chandranagar_1,Uttarakhand,5,Uttarakhand,54,Rudraprayag,-,-,-,-,-,-,-,-,-,30.41541667,79.06208333,03-08-2026 23:00,4
910,Chandranagar_1,Uttarakhand,5,Uttarakhand,54,Rudraprayag,-,-,-,-,-,-,-,-,-,30.41541667,79.06208333,04-08-2026 00:00,0.5
911,Chandranagar_1,Uttarakhand,5,Uttarakhand,54,Rudraprayag,-,-,-,-,-,-,-,-,-,30.41541667,79.06208333,04-08-2026 12:00,0.5
912,Chandranagar_1,Uttarakhand,5,Uttarakhand,54,Rudraprayag,-,-,-,-,-,-,-,-,-,30.41541667,79.06208333,04-08-2026 13:00,9
913,Chandranagar_1,Uttarakhand,5,Uttarakhand,54,Rudraprayag,-,-,-,-,-,-,-,-,-,30.41541667,79.06208333,04-08-2026 14:00,0.5
914,Chandranagar_1,Uttarakhand,5,Uttarakhand,54,Rudraprayag,-,-,-,-,-,-,-,-,-,30.41541667,79.06208333,04-08-2026 16:00,23
915,Chandranagar_1,Uttarakhand,5,Uttarakhand,54,Rudraprayag,-,-,-,-,-,-,-,-,-,30.41541667,79.06208333,04-08-2026 17:00,1
916,Chandranagar_1,Uttarakhand,5,Uttarakhand,54,Rudraprayag,-,-,-,-,-,-,-,-,-,30.41541667,79.06208333,04-08-2026 18:00,0.5
917,Chandranagar_1,Uttarakhand,5,Uttarakhand,54,Rudraprayag,-,-,-,-,-,-,-,-,-,30.41541667,79.06208333,04-08-2026 21:00,0.5
918,Chandranagar_1,Uttarakhand,5,Uttarakhand,54,Rudraprayag,-,-,-,-,-,-,-,-,-,30.41541667,79.06208333,05-08-2026 02:00,4.5
919,Chandranagar_1,Uttarakhand,5,Uttarakhand,54,Rudraprayag,-,-,-,-,-,-,-,-,-,30.41541667,79.06208333,05-08-2026 03:00,18
920,Chandranagar_1,Uttarakhand,5,Uttarakhand,54,Rudraprayag,-,-,-,-,-,-,-,-,-,30.41541667,79.06208333,05-08-2026 04:00,12
921,Chandranagar_1,Uttarakhand,5,Uttarakhand,54,Rudraprayag,-,-,-,-,-,-,-,-,-,30.41541667,79.06208333,05-08-2026 05:00,2.5
922,Chandranagar_1,Uttarakhand,5,Uttarakhand,54,Rudraprayag,-,-,-,-,-,-,-,-,-,30.41541667,79.06208333,05-08-2026 13:00,0.5
923,Chandranagar_1,Uttarakhand,5,Uttarakhand,54,Rudraprayag,-,-,-,-,-,-,-,-,-,30.41541667,79.06208333,06-08-2026 02:00,0.5
924,Chandranagar_1,Uttarakhand,5,Uttarakhand,54,Rudraprayag,-,-,-,-,-,-,-,-,-,30.41541667,79.06208333,06-08-2026 03:00,2
925,Chandranagar_1,Uttarakhand,5,Uttarakhand,54,Rudraprayag,-,-,-,-,-,-,-,-,-,30.41541667,79.06208333,06-08-2026 04:00,17.5
926,Chandranagar_1,Uttarakhand,5,Uttarakhand,54,Rudraprayag,-,-,-,-,-,-,-,-,-,30.41541667,79.06208333,06-08-2026 05:00,2
927,Chandranagar_1,Uttarakhand,5,Uttarakhand,54,Rudraprayag,-,-,-,-,-,-,-,-,-,30.41541667,79.06208333,06-08-2026 06:00,0.5
928,Chandranagar_1,Uttarakhand,5,Uttarakhand,54,Rudraprayag,-,-,-,-,-,-,-,-,-,30.41541667,79.06208333,06-08-2026 07:00,0.5
929,Chandranagar_1,Uttarakhand,5,Uttarakhand,54,Rudraprayag,-,-,-,-,-,-,-,-,-,30.41541667,79.06208333,06-08-2026 08:00,1.5
930,Chandranagar_1,Uttarakhand,5,Uttarakhand,54,Rudraprayag,-,-,-,-,-,-,-,-,-,30.41541667,79.06208333,06-08-2026 09:00,1
931,Chandranagar_1,Uttarakhand,5,Uttarakhand,54,Rudraprayag,-,-,-,-,-,-,-,-,-,30.41541667,79.06208333,06-08-2026 14:00,4
932,Chandranagar_1,Uttarakhand,5,Uttarakhand,54,Rudraprayag,-,-,-,-,-,-,-,-,-,30.41541667,79.06208333,06-08-2026 15:00,5
933,Chandranagar_1,Uttarakhand,5,Uttarakhand,54,Rudraprayag,-,-,-,-,-,-,-,-,-,30.41541667,79.06208333,06-08-2026 16:00,1.5
934,Chandranagar_1,Uttarakhand,5,Uttarakhand,54,Rudraprayag,-,-,-,-,-,-,-,-,-,30.41541667,79.06208333,06-08-2026 18:00,0.5
935,Chandranagar_1,Uttarakhand,5,Uttarakhand,54,Rudraprayag,-,-,-,-,-,-,-,-,-,30.41541667,79.06208333,06-08-2026 19:00,0.5
936,Chandranagar_1,Uttarakhand,5,Uttarakhand,54,Rudraprayag,-,-,-,-,-,-,-,-,-,30.41541667,79.06208333,07-08-2026 23:00,1
937,Chandranagar_1,Uttarakhand,5,Uttarakhand,54,Rudraprayag,-,-,-,-,-,-,-,-,-,30.41541667,79.06208333,08-08-2026 00:00,2.5
938,Chandranagar_1,Uttarakhand,5,Uttarakhand,54,Rudraprayag,-,-,-,-,-,-,-,-,-,30.41541667,79.06208333,08-08-2026 09:00,0.5
939,Chandranagar_1,Uttarakhand,5,Uttarakhand,54,Rudraprayag,-,-,-,-,-,-,-,-,-,30.41541667,79.06208333,09-08-2026 20:00,3
940,Chandranagar_1,Uttarakhand,5,Uttarakhand,54,Rudraprayag,-,-,-,-,-,-,-,-,-,30.41541667,79.06208333,09-08-2026 21:00,0.5
941,Chandranagar_1,Uttarakhand,5,Uttarakhand,54,Rudraprayag,-,-,-,-,-,-,-,-,-,30.41541667,79.06208333,09-08-2026 22:00,2
942,Chandranagar_1,Uttarakhand,5,Uttarakhand,54,Rudraprayag,-,-,-,-,-,-,-,-,-,30.41541667,79.06208333,09-08-2026 23:00,6.5
943,Chandranagar_1,Uttarakhand,5,Uttarakhand,54,Rudraprayag,-,-,-,-,-,-,-,-,-,30.41541667,79.06208333,10-08-2026 00:00,3
944,Chandranagar_1,Uttarakhand,5,Uttarakhand,54,Rudraprayag,-,-,-,-,-,-,-,-,-,30.41541667,79.06208333,10-08-2026 01:00,0.5
945,Chandranagar_1,Uttarakhand,5,Uttarakhand,54,Rudraprayag,-,-,-,-,-,-,-,-,-,30.41541667,79.06208333,10-08-2026 02:00,4
946,Chandranagar_1,Uttarakhand,5,Uttarakhand,54,Rudraprayag,-,-,-,-,-,-,-,-,-,30.41541667,79.06208333,10-08-2026 03:00,4
947,Chandranagar_1,Uttarakhand,5,Uttarakhand,54,Rudraprayag,-,-,-,-,-,-,-,-,-,30.41541667,79.06208333,10-08-2026 05:00,0.5
948,Chandranagar_1,Uttarakhand,5,Uttarakhand,54,Rudraprayag,-,-,-,-,-,-,-,-,-,30.41541667,79.06208333,10-08-2026 06:00,3
949,Chandranagar_1,Uttarakhand,5,Uttarakhand,54,Rudraprayag,-,-,-,-,-,-,-,-,-,30.41541667,79.06208333,10-08-2026 07:00,1.5
950,Chandranagar_1,Uttarakhand,5,Uttarakhand,54,Rudraprayag,-,-,-,-,-,-,-,-,-,30.41541667,79.06208333,10-08-2026 08:00,0.5
951,Chandranagar_1,Uttarakhand,5,Uttarakhand,54,Rudraprayag,-,-,-,-,-,-,-,-,-,30.41541667,79.06208333,10-08-2026 09:00,0.5
952,Chandranagar_1,Uttarakhand,5,Uttarakhand,54,Rudraprayag,-,-,-,-,-,-,-,-,-,30.41541667,79.06208333,10-08-2026 18:00,0.5
953,Chandranagar_1,Uttarakhand,5,Uttarakhand,54,Rudraprayag,-,-,-,-,-,-,-,-,-,30.41541667,79.06208333,10-08-2026 19:00,1
954,Chandranagar_1,Uttarakhand,5,Uttarakhand,54,Rudraprayag,-,-,-,-,-,-,-,-,-,30.41541667,79.06208333,10-08-2026 20:00,8.5
955,Chandranagar_1,Uttarakhand,5,Uttarakhand,54,Rudraprayag,-,-,-,-,-,-,-,-,-,30.41541667,79.06208333,10-08-2026 21:00,3.5
956,Chandranagar_1,Uttarakhand,5,Uttarakhand,54,Rudraprayag,-,-,-,-,-,-,-,-,-,30.41541667,79.06208333,10-08-2026 22:00,0.5
957,Chandranagar_1,Uttarakhand,5,Uttarakhand,54,Rudraprayag,-,-,-,-,-,-,-,-,-,30.41541667,79.06208333,10-08-2026 23:00,2
958,Chandranagar_1,Uttarakhand,5,Uttarakhand,54,Rudraprayag,-,-,-,-,-,-,-,-,-,30.41541667,79.06208333,11-08-2026 00:00,0.5
959,Chandranagar_1,Uttarakhand,5,Uttarakhand,54,Rudraprayag,-,-,-,-,-,-,-,-,-,30.41541667,79.06208333,11-08-2026 03:00,0.5
960,Chandranagar_1,Uttarakhand,5,Uttarakhand,54,Rudraprayag,-,-,-,-,-,-,-,-,-,30.41541667,79.06208333,11-08-2026 11:00,0.5
961,Chandranagar_1,Uttarakhand,5,Uttarakhand,54,Rudraprayag,-,-,-,-,-,-,-,-,-,30.41541667,79.06208333,14-08-2026 15:00,1
962,Chandranagar_1,Uttarakhand,5,Uttarakhand,54,Rudraprayag,-,-,-,-,-,-,-,-,-,30.41541667,79.06208333,14-08-2026 16:00,2
963,Chandranagar_1,Uttarakhand,5,Uttarakhand,54,Rudraprayag,-,-,-,-,-,-,-,-,-,30.41541667,79.06208333,14-08-2026 17:00,1
964,Chandranagar_1,Uttarakhand,5,Uttarakhand,54,Rudraprayag,-,-,-,-,-,-,-,-,-,30.41541667,79.06208333,14-08-2026 19:00,0.5
965,Chandranagar_1,Uttarakhand,5,Uttarakhand,54,Rudraprayag,-,-,-,-,-,-,-,-,-,30.41541667,79.06208333,15-08-2026 00:00,0.5
966,Chandranagar_1,Uttarakhand,5,Uttarakhand,54,Rudraprayag,-,-,-,-,-,-,-,-,-,30.41541667,79.06208333,15-08-2026 01:00,2
967,Chandranagar_1,Uttarakhand,5,Uttarakhand,54,Rudraprayag,-,-,-,-,-,-,-,-,-,30.41541667,79.06208333,15-08-2026 02:00,1.5
968,Chandranagar_1,Uttarakhand,5,Uttarakhand,54,Rudraprayag,-,-,-,-,-,-,-,-,-,30.41541667,79.06208333,15-08-2026 03:00,4
969,Chandranagar_1,Uttarakhand,5,Uttarakhand,54,Rudraprayag,-,-,-,-,-,-,-,-,-,30.41541667,79.06208333,15-08-2026 04:00,15.5
970,Chandranagar_1,Uttarakhand,5,Uttarakhand,54,Rudraprayag,-,-,-,-,-,-,-,-,-,30.41541667,79.06208333,15-08-2026 05:00,14
971,Chandranagar_1,Uttarakhand,5,Uttarakhand,54,Rudraprayag,-,-,-,-,-,-,-,-,-,30.41541667,79.06208333,15-08-2026 06:00,17
972,Chandranagar_1,Uttarakhand,5,Uttarakhand,54,Rudraprayag,-,-,-,-,-,-,-,-,-,30.41541667,79.06208333,15-08-2026 07:00,9.5
973,Chandranagar_1,Uttarakhand,5,Uttarakhand,54,Rudraprayag,-,-,-,-,-,-,-,-,-,30.41541667,79.06208333,15-08-2026 08:00,6.5
974,Chandranagar_1,Uttarakhand,5,Uttarakhand,54,Rudraprayag,-,-,-,-,-,-,-,-,-,30.41541667,79.06208333,15-08-2026 09:00,4.5
975,Chandranagar_1,Uttarakhand,5,Uttarakhand,54,Rudraprayag,-,-,-,-,-,-,-,-,-,30.41541667,79.06208333,15-08-2026 10:00,0.5
976,Chandranagar_1,Uttarakhand,5,Uttarakhand,54,Rudraprayag,-,-,-,-,-,-,-,-,-,30.41541667,79.06208333,15-08-2026 11:00,1.5
977,Chandranagar_1,Uttarakhand,5,Uttarakhand,54,Rudraprayag,-,-,-,-,-,-,-,-,-,30.41541667,79.06208333,15-08-2026 12:00,0.5
978,Chandranagar_1,Uttarakhand,5,Uttarakhand,54,Rudraprayag,-,-,-,-,-,-,-,-,-,30.41541667,79.06208333,15-08-2026 14:00,0.5
979,Chandranagar_1,Uttarakhand,5,Uttarakhand,54,Rudraprayag,-,-,-,-,-,-,-,-,-,30.41541667,79.06208333,15-08-2026 21:00,0.5
980,Chandranagar_1,Uttarakhand,5,Uttarakhand,54,Rudraprayag,-,-,-,-,-,-,-,-,-,30.41541667,79.06208333,15-08-2026 23:00,2
981,Chandranagar_1,Uttarakhand,5,Uttarakhand,54,Rudraprayag,-,-,-,-,-,-,-,-,-,30.41541667,79.06208333,16-08-2026 01:00,1
982,Chandranagar_1,Uttarakhand,5,Uttarakhand,54,Rudraprayag,-,-,-,-,-,-,-,-,-,30.41541667,79.06208333,16-08-2026 02:00,8.5
983,Chandranagar_1,Uttarakhand,5,Uttarakhand,54,Rudraprayag,-,-,-,-,-,-,-,-,-,30.41541667,79.06208333,16-08-2026 03:00,2.5
984,Chandranagar_1,Uttarakhand,5,Uttarakhand,54,Rudraprayag,-,-,-,-,-,-,-,-,-,30.41541667,79.06208333,16-08-2026 04:00,1.5
985,Chandranagar_1,Uttarakhand,5,Uttarakhand,54,Rudraprayag,-,-,-,-,-,-,-,-,-,30.41541667,79.06208333,16-08-2026 18:00,1.5
986,Chandranagar_1,Uttarakhand,5,Uttarakhand,54,Rudraprayag,-,-,-,-,-,-,-,-,-,30.41541667,79.06208333,16-08-2026 19:00,2.5
987,Chandranagar_1,Uttarakhand,5,Uttarakhand,54,Rudraprayag,-,-,-,-,-,-,-,-,-,30.41541667,79.06208333,16-08-2026 20:00,2.5
988,Chandranagar_1,Uttarakhand,5,Uttarakhand,54,Rudraprayag,-,-,-,-,-,-,-,-,-,30.41541667,79.06208333,16-08-2026 21:00,5
989,Chandranagar_1,Uttarakhand,5,Uttarakhand,54,Rudraprayag,-,-,-,-,-,-,-,-,-,30.41541667,79.06208333,16-08-2026 22:00,1
990,Chandranagar_1,Uttarakhand,5,Uttarakhand,54,Rudraprayag,-,-,-,-,-,-,-,-,-,30.41541667,79.06208333,17-08-2026 04:00,0.5
991,Chandranagar_1,Uttarakhand,5,Uttarakhand,54,Rudraprayag,-,-,-,-,-,-,-,-,-,30.41541667,79.06208333,17-08-2026 07:00,0.5
992,Chandranagar_1,Uttarakhand,5,Uttarakhand,54,Rudraprayag,-,-,-,-,-,-,-,-,-,30.41541667,79.06208333,17-08-2026 08:00,0.5
993,Chandranagar_1,Uttarakhand,5,Uttarakhand,54,Rudraprayag,-,-,-,-,-,-,-,-,-,30.41541667,79.06208333,17-08-2026 09:00,1.5
994,Chandranagar_1,Uttarakhand,5,Uttarakhand,54,Rudraprayag,-,-,-,-,-,-,-,-,-,30.41541667,79.06208333,17-08-2026 18:00,1
995,Chandranagar_1,Uttarakhand,5,Uttarakhand,54,Rudraprayag,-,-,-,-,-,-,-,-,-,30.41541667,79.06208333,17-08-2026 19:00,5.5
996,Chandranagar_1,Uttarakhand,5,Uttarakhand,54,Rudraprayag,-,-,-,-,-,-,-,-,-,30.41541667,79.06208333,17-08-2026 20:00,0.5
997,Chandranagar_1,Uttarakhand,5,Uttarakhand,54,Rudraprayag,-,-,-,-,-,-,-,-,-,30.41541667,79.06208333,18-08-2026 12:00,0.5
998,Chandranagar_1,Uttarakhand,5,Uttarakhand,54,Rudraprayag,-,-,-,-,-,-,-,-,-,30.41541667,79.06208333,18-08-2026 13:00,0.5
999,Chandranagar_1,Uttarakhand,5,Uttarakhand,54,Rudraprayag,-,-,-,-,-,-,-,-,-,30.41541667,79.06208333,18-08-2026 14:00,0.5
1000,Chandranagar_1,Uttarakhand,5,Uttarakhand,54,Rudraprayag,-,-,-,-,-,-,-,-,-,30.41541667,79.06208333,18-08-2026 15:00,0.5
1001,Chandranagar_1,Uttarakhand,5,Uttarakhand,54,Rudraprayag,-,-,-,-,-,-,-,-,-,30.41541667,79.06208333,18-08-2026 16:00,2
1002,Chandranagar_1,Uttarakhand,5,Uttarakhand,54,Rudraprayag,-,-,-,-,-,-,-,-,-,30.41541667,79.06208333,18-08-2026 20:00,0.5
1003,Chandranagar_1,Uttarakhand,5,Uttarakhand,54,Rudraprayag,-,-,-,-,-,-,-,-,-,30.41541667,79.06208333,18-08-2026 21:00,4
1004,Chandranagar_1,Uttarakhand,5,Uttarakhand,54,Rudraprayag,-,-,-,-,-,-,-,-,-,30.41541667,79.06208333,19-08-2026 18:00,0.5
1005,Chandranagar_1,Uttarakhand,5,Uttarakhand,54,Rudraprayag,-,-,-,-,-,-,-,-,-,30.41541667,79.06208333,19-08-2026 21:00,5.5
1006,Chandranagar_1,Uttarakhand,5,Uttarakhand,54,Rudraprayag,-,-,-,-,-,-,-,-,-,30.41541667,79.06208333,19-08-2026 22:00,7
1007,Chandranagar_1,Uttarakhand,5,Uttarakhand,54,Rudraprayag,-,-,-,-,-,-,-,-,-,30.41541667,79.06208333,19-08-2026 23:00,1.5
1008,Chandranagar_1,Uttarakhand,5,Uttarakhand,54,Rudraprayag,-,-,-,-,-,-,-,-,-,30.41541667,79.06208333,20-08-2026 12:00,3
1009,Chandranagar_1,Uttarakhand,5,Uttarakhand,54,Rudraprayag,-,-,-,-,-,-,-,-,-,30.41541667,79.06208333,20-08-2026 20:00,0.5
1010,Chandranagar_1,Uttarakhand,5,Uttarakhand,54,Rudraprayag,-,-,-,-,-,-,-,-,-,30.41541667,79.06208333,20-08-2026 21:00,11.5
1011,Chandranagar_1,Uttarakhand,5,Uttarakhand,54,Rudraprayag,-,-,-,-,-,-,-,-,-,30.41541667,79.06208333,20-08-2026 22:00,8
1012,Chandranagar_1,Uttarakhand,5,Uttarakhand,54,Rudraprayag,-,-,-,-,-,-,-,-,-,30.41541667,79.06208333,20-08-2026 23:00,10.5
1013,Chandranagar_1,Uttarakhand,5,Uttarakhand,54,Rudraprayag,-,-,-,-,-,-,-,-,-,30.41541667,79.06208333,21-08-2026 00:00,1
1014,Chandranagar_1,Uttarakhand,5,Uttarakhand,54,Rudraprayag,-,-,-,-,-,-,-,-,-,30.41541667,79.06208333,21-08-2026 01:00,1.5
1015,Chandranagar_1,Uttarakhand,5,Uttarakhand,54,Rudraprayag,-,-,-,-,-,-,-,-,-,30.41541667,79.06208333,21-08-2026 02:00,0.5
1016,Chandranagar_1,Uttarakhand,5,Uttarakhand,54,Rudraprayag,-,-,-,-,-,-,-,-,-,30.41541667,79.06208333,21-08-2026 03:00,8
1017,Chandranagar_1,Uttarakhand,5,Uttarakhand,54,Rudraprayag,-,-,-,-,-,-,-,-,-,30.41541667,79.06208333,21-08-2026 04:00,6
1018,Chandranagar_1,Uttarakhand,5,Uttarakhand,54,Rudraprayag,-,-,-,-,-,-,-,-,-,30.41541667,79.06208333,21-08-2026 05:00,1
1019,Chandranagar_1,Uttarakhand,5,Uttarakhand,54,Rudraprayag,-,-,-,-,-,-,-,-,-,30.41541667,79.06208333,21-08-2026 06:00,0.5
1020,Chandranagar_1,Uttarakhand,5,Uttarakhand,54,Rudraprayag,-,-,-,-,-,-,-,-,-,30.41541667,79.06208333,21-08-2026 08:00,0.5
1021,Chandranagar_1,Uttarakhand,5,Uttarakhand,54,Rudraprayag,-,-,-,-,-,-,-,-,-,30.41541667,79.06208333,23-08-2026 02:00,4
1022,Chandranagar_1,Uttarakhand,5,Uttarakhand,54,Rudraprayag,-,-,-,-,-,-,-,-,-,30.41541667,79.06208333,23-08-2026 02:00,4
1023,Chandranagar_1,Uttarakhand,5,Uttarakhand,54,Rudraprayag,-,-,-,-,-,-,-,-,-,30.41541667,79.06208333,23-08-2026 03:00,3.5
1024,Chandranagar_1,Uttarakhand,5,Uttarakhand,54,Rudraprayag,-,-,-,-,-,-,-,-,-,30.41541667,79.06208333,23-08-2026 03:00,3.5
1025,Chandranagar_1,Uttarakhand,5,Uttarakhand,54,Rudraprayag,-,-,-,-,-,-,-,-,-,30.41541667,79.06208333,23-08-2026 04:00,3.5
1026,Chandranagar_1,Uttarakhand,5,Uttarakhand,54,Rudraprayag,-,-,-,-,-,-,-,-,-,30.41541667,79.06208333,23-08-2026 04:00,3.5
1027,Chandranagar_1,Uttarakhand,5,Uttarakhand,54,Rudraprayag,-,-,-,-,-,-,-,-,-,30.41541667,79.06208333,23-08-2026 05:00,1.5
1028,Chandranagar_1,Uttarakhand,5,Uttarakhand,54,Rudraprayag,-,-,-,-,-,-,-,-,-,30.41541667,79.06208333,23-08-2026 05:00,1.5
1029,Chandranagar_1,Uttarakhand,5,Uttarakhand,54,Rudraprayag,-,-,-,-,-,-,-,-,-,30.41541667,79.06208333,23-08-2026 07:00,0.5
1030,Chandranagar_1,Uttarakhand,5,Uttarakhand,54,Rudraprayag,-,-,-,-,-,-,-,-,-,30.41541667,79.06208333,23-08-2026 07:00,0.5
1031,Chandranagar_1,Uttarakhand,5,Uttarakhand,54,Rudraprayag,-,-,-,-,-,-,-,-,-,30.41541667,79.06208333,24-08-2026 07:00,1
1032,Chandranagar_1,Uttarakhand,5,Uttarakhand,54,Rudraprayag,-,-,-,-,-,-,-,-,-,30.41541667,79.06208333,24-08-2026 07:00,1
1033,Chandranagar_1,Uttarakhand,5,Uttarakhand,54,Rudraprayag,-,-,-,-,-,-,-,-,-,30.41541667,79.06208333,24-08-2026 08:00,1
1034,Chandranagar_1,Uttarakhand,5,Uttarakhand,54,Rudraprayag,-,-,-,-,-,-,-,-,-,30.41541667,79.06208333,24-08-2026 08:00,1
1035,Chandranagar_1,Uttarakhand,5,Uttarakhand,54,Rudraprayag,-,-,-,-,-,-,-,-,-,30.41541667,79.06208333,24-08-2026 09:00,4
1036,Chandranagar_1,Uttarakhand,5,Uttarakhand,54,Rudraprayag,-,-,-,-,-,-,-,-,-,30.41541667,79.06208333,24-08-2026 09:00,4
1037,Chandranagar_1,Uttarakhand,5,Uttarakhand,54,Rudraprayag,-,-,-,-,-,-,-,-,-,30.41541667,79.06208333,24-08-2026 10:00,8.5
1038,Chandranagar_1,Uttarakhand,5,Uttarakhand,54,Rudraprayag,-,-,-,-,-,-,-,-,-,30.41541667,79.06208333,24-08-2026 10:00,8.5
1039,Chandranagar_1,Uttarakhand,5,Uttarakhand,54,Rudraprayag,-,-,-,-,-,-,-,-,-,30.41541667,79.06208333,24-08-2026 11:00,1
1040,Chandranagar_1,Uttarakhand,5,Uttarakhand,54,Rudraprayag,-,-,-,-,-,-,-,-,-,30.41541667,79.06208333,24-08-2026 11:00,1
1041,Chandranagar_1,Uttarakhand,5,Uttarakhand,54,Rudraprayag,-,-,-,-,-,-,-,-,-,30.41541667,79.06208333,25-08-2026 13:00,0.5
1042,Chandranagar_1,Uttarakhand,5,Uttarakhand,54,Rudraprayag,-,-,-,-,-,-,-,-,-,30.41541667,79.06208333,25-08-2026 13:00,0.5
1043,Chandranagar_1,Uttarakhand,5,Uttarakhand,54,Rudraprayag,-,-,-,-,-,-,-,-,-,30.41541667,79.06208333,27-08-2026 00:00,0.5
1044,Chandranagar_1,Uttarakhand,5,Uttarakhand,54,Rudraprayag,-,-,-,-,-,-,-,-,-,30.41541667,79.06208333,27-08-2026 00:00,0.5
1045,Chandranagar_1,Uttarakhand,5,Uttarakhand,54,Rudraprayag,-,-,-,-,-,-,-,-,-,30.41541667,79.06208333,27-08-2026 13:00,0.5
1046,Chandranagar_1,Uttarakhand,5,Uttarakhand,54,Rudraprayag,-,-,-,-,-,-,-,-,-,30.41541667,79.06208333,27-08-2026 13:00,0.5
1047,Chandranagar_1,Uttarakhand,5,Uttarakhand,54,Rudraprayag,-,-,-,-,-,-,-,-,-,30.41541667,79.06208333,27-08-2026 15:00,6
1048,Chandranagar_1,Uttarakhand,5,Uttarakhand,54,Rudraprayag,-,-,-,-,-,-,-,-,-,30.41541667,79.06208333,27-08-2026 15:00,6
1049,Chandranagar_1,Uttarakhand,5,Uttarakhand,54,Rudraprayag,-,-,-,-,-,-,-,-,-,30.41541667,79.06208333,27-08-2026 16:00,14
1050,Chandranagar_1,Uttarakhand,5,Uttarakhand,54,Rudraprayag,-,-,-,-,-,-,-,-,-,30.41541667,79.06208333,27-08-2026 16:00,14
1051,Chandranagar_1,Uttarakhand,5,Uttarakhand,54,Rudraprayag,-,-,-,-,-,-,-,-,-,30.41541667,79.06208333,27-08-2026 18:00,0.5
1052,Chandranagar_1,Uttarakhand,5,Uttarakhand,54,Rudraprayag,-,-,-,-,-,-,-,-,-,30.41541667,79.06208333,27-08-2026 18:00,0.5
1053,Dakpathar,Uttarakhand,5,Uttarakhand,49,Dehradun,Vikasnagar,-,-,-,-,-,-,-,-,30.49866667,77.79744444,24-06-2026 15:00,1.5
1054,Dakpathar,Uttarakhand,5,Uttarakhand,49,Dehradun,Vikasnagar,-,-,-,-,-,-,-,-,30.49866667,77.79744444,24-06-2026 16:00,2.5
1055,Dakpathar,Uttarakhand,5,Uttarakhand,49,Dehradun,Vikasnagar,-,-,-,-,-,-,-,-,30.49866667,77.79744444,28-06-2026 16:00,1
1056,Danda_1,Uttarakhand,5,Uttarakhand,48,Champawat,-,-,-,-,-,-,-,-,-,29.15927778,80.10852778,01-07-2026 18:00,3.5
1057,Danda_1,Uttarakhand,5,Uttarakhand,48,Champawat,-,-,-,-,-,-,-,-,-,29.15927778,80.10852778,02-07-2026 04:00,2
1058,Danda_1,Uttarakhand,5,Uttarakhand,48,Champawat,-,-,-,-,-,-,-,-,-,29.15927778,80.10852778,02-07-2026 05:00,4.5
1059,Danda_1,Uttarakhand,5,Uttarakhand,48,Champawat,-,-,-,-,-,-,-,-,-,29.15927778,80.10852778,02-07-2026 06:00,2.5
1060,Danda_1,Uttarakhand,5,Uttarakhand,48,Champawat,-,-,-,-,-,-,-,-,-,29.15927778,80.10852778,02-07-2026 07:00,3.5
1061,Danda_1,Uttarakhand,5,Uttarakhand,48,Champawat,-,-,-,-,-,-,-,-,-,29.15927778,80.10852778,02-07-2026 08:00,2
1062,Danda_1,Uttarakhand,5,Uttarakhand,48,Champawat,-,-,-,-,-,-,-,-,-,29.15927778,80.10852778,02-07-2026 09:00,6.5
1063,Danda_1,Uttarakhand,5,Uttarakhand,48,Champawat,-,-,-,-,-,-,-,-,-,29.15927778,80.10852778,02-07-2026 10:00,4.5
1064,Danda_1,Uttarakhand,5,Uttarakhand,48,Champawat,-,-,-,-,-,-,-,-,-,29.15927778,80.10852778,05-07-2026 04:00,39.5
1065,Danda_1,Uttarakhand,5,Uttarakhand,48,Champawat,-,-,-,-,-,-,-,-,-,29.15927778,80.10852778,05-07-2026 05:00,13
1066,Danda_1,Uttarakhand,5,Uttarakhand,48,Champawat,-,-,-,-,-,-,-,-,-,29.15927778,80.10852778,05-07-2026 06:00,2
1067,Danda_1,Uttarakhand,5,Uttarakhand,48,Champawat,-,-,-,-,-,-,-,-,-,29.15927778,80.10852778,05-07-2026 07:00,0.5
1068,Danda_1,Uttarakhand,5,Uttarakhand,48,Champawat,-,-,-,-,-,-,-,-,-,29.15927778,80.10852778,05-07-2026 10:00,1.5
1069,Danda_1,Uttarakhand,5,Uttarakhand,48,Champawat,-,-,-,-,-,-,-,-,-,29.15927778,80.10852778,05-07-2026 11:00,0.5
1070,Danda_1,Uttarakhand,5,Uttarakhand,48,Champawat,-,-,-,-,-,-,-,-,-,29.15927778,80.10852778,06-07-2026 04:00,28
1071,Danda_1,Uttarakhand,5,Uttarakhand,48,Champawat,-,-,-,-,-,-,-,-,-,29.15927778,80.10852778,06-07-2026 05:00,8
1072,Danda_1,Uttarakhand,5,Uttarakhand,48,Champawat,-,-,-,-,-,-,-,-,-,29.15927778,80.10852778,07-07-2026 08:00,1.5
1073,Danda_1,Uttarakhand,5,Uttarakhand,48,Champawat,-,-,-,-,-,-,-,-,-,29.15927778,80.10852778,07-07-2026 09:00,3.5
1074,Danda_1,Uttarakhand,5,Uttarakhand,48,Champawat,-,-,-,-,-,-,-,-,-,29.15927778,80.10852778,07-07-2026 10:00,3.5
1075,Danda_1,Uttarakhand,5,Uttarakhand,48,Champawat,-,-,-,-,-,-,-,-,-,29.15927778,80.10852778,07-07-2026 11:00,12.5
1076,Danda_1,Uttarakhand,5,Uttarakhand,48,Champawat,-,-,-,-,-,-,-,-,-,29.15927778,80.10852778,07-07-2026 12:00,0.5
1077,Danda_1,Uttarakhand,5,Uttarakhand,48,Champawat,-,-,-,-,-,-,-,-,-,29.15927778,80.10852778,08-07-2026 00:00,0.5
1078,Danda_1,Uttarakhand,5,Uttarakhand,48,Champawat,-,-,-,-,-,-,-,-,-,29.15927778,80.10852778,08-07-2026 01:00,11.5
1079,Danda_1,Uttarakhand,5,Uttarakhand,48,Champawat,-,-,-,-,-,-,-,-,-,29.15927778,80.10852778,08-07-2026 02:00,4
1080,Danda_1,Uttarakhand,5,Uttarakhand,48,Champawat,-,-,-,-,-,-,-,-,-,29.15927778,80.10852778,08-07-2026 03:00,7
1081,Danda_1,Uttarakhand,5,Uttarakhand,48,Champawat,-,-,-,-,-,-,-,-,-,29.15927778,80.10852778,08-07-2026 04:00,1.5
1082,Danda_1,Uttarakhand,5,Uttarakhand,48,Champawat,-,-,-,-,-,-,-,-,-,29.15927778,80.10852778,08-07-2026 06:00,8.5
1083,Danda_1,Uttarakhand,5,Uttarakhand,48,Champawat,-,-,-,-,-,-,-,-,-,29.15927778,80.10852778,08-07-2026 07:00,2.5
1084,Danda_1,Uttarakhand,5,Uttarakhand,48,Champawat,-,-,-,-,-,-,-,-,-,29.15927778,80.10852778,08-07-2026 09:00,0.5
1085,Danda_1,Uttarakhand,5,Uttarakhand,48,Champawat,-,-,-,-,-,-,-,-,-,29.15927778,80.10852778,08-07-2026 10:00,0.5
1086,Danda_1,Uttarakhand,5,Uttarakhand,48,Champawat,-,-,-,-,-,-,-,-,-,29.15927778,80.10852778,08-07-2026 11:00,2.5
1087,Danda_1,Uttarakhand,5,Uttarakhand,48,Champawat,-,-,-,-,-,-,-,-,-,29.15927778,80.10852778,08-07-2026 20:00,5.5
1088,Danda_1,Uttarakhand,5,Uttarakhand,48,Champawat,-,-,-,-,-,-,-,-,-,29.15927778,80.10852778,08-07-2026 21:00,7
1089,Danda_1,Uttarakhand,5,Uttarakhand,48,Champawat,-,-,-,-,-,-,-,-,-,29.15927778,80.10852778,08-07-2026 22:00,0.5
1090,Danda_1,Uttarakhand,5,Uttarakhand,48,Champawat,-,-,-,-,-,-,-,-,-,29.15927778,80.10852778,09-07-2026 00:00,3
1091,Danda_1,Uttarakhand,5,Uttarakhand,48,Champawat,-,-,-,-,-,-,-,-,-,29.15927778,80.10852778,09-07-2026 01:00,2.5
1092,Danda_1,Uttarakhand,5,Uttarakhand,48,Champawat,-,-,-,-,-,-,-,-,-,29.15927778,80.10852778,09-07-2026 03:00,0.5
1093,Danda_1,Uttarakhand,5,Uttarakhand,48,Champawat,-,-,-,-,-,-,-,-,-,29.15927778,80.10852778,09-07-2026 04:00,5
1094,Danda_1,Uttarakhand,5,Uttarakhand,48,Champawat,-,-,-,-,-,-,-,-,-,29.15927778,80.10852778,09-07-2026 05:00,5.5
1095,Danda_1,Uttarakhand,5,Uttarakhand,48,Champawat,-,-,-,-,-,-,-,-,-,29.15927778,80.10852778,09-07-2026 06:00,3
1096,Danda_1,Uttarakhand,5,Uttarakhand,48,Champawat,-,-,-,-,-,-,-,-,-,29.15927778,80.10852778,09-07-2026 09:00,1
1097,Danda_1,Uttarakhand,5,Uttarakhand,48,Champawat,-,-,-,-,-,-,-,-,-,29.15927778,80.10852778,09-07-2026 10:00,6
1098,Danda_1,Uttarakhand,5,Uttarakhand,48,Champawat,-,-,-,-,-,-,-,-,-,29.15927778,80.10852778,09-07-2026 11:00,0.5
1099,Danda_1,Uttarakhand,5,Uttarakhand,48,Champawat,-,-,-,-,-,-,-,-,-,29.15927778,80.10852778,09-07-2026 20:00,5.5
1100,Danda_1,Uttarakhand,5,Uttarakhand,48,Champawat,-,-,-,-,-,-,-,-,-,29.15927778,80.10852778,10-07-2026 03:00,6
1101,Danda_1,Uttarakhand,5,Uttarakhand,48,Champawat,-,-,-,-,-,-,-,-,-,29.15927778,80.10852778,10-07-2026 04:00,3
1102,Danda_1,Uttarakhand,5,Uttarakhand,48,Champawat,-,-,-,-,-,-,-,-,-,29.15927778,80.10852778,10-07-2026 05:00,0.5
1103,Danda_1,Uttarakhand,5,Uttarakhand,48,Champawat,-,-,-,-,-,-,-,-,-,29.15927778,80.10852778,10-07-2026 06:00,0.5
1104,Danda_1,Uttarakhand,5,Uttarakhand,48,Champawat,-,-,-,-,-,-,-,-,-,29.15927778,80.10852778,10-07-2026 07:00,1
1105,Danda_1,Uttarakhand,5,Uttarakhand,48,Champawat,-,-,-,-,-,-,-,-,-,29.15927778,80.10852778,10-07-2026 08:00,1
1106,Danda_1,Uttarakhand,5,Uttarakhand,48,Champawat,-,-,-,-,-,-,-,-,-,29.15927778,80.10852778,10-07-2026 10:00,0.5
1107,Danda_1,Uttarakhand,5,Uttarakhand,48,Champawat,-,-,-,-,-,-,-,-,-,29.15927778,80.10852778,10-07-2026 15:00,0.5
1108,Danda_1,Uttarakhand,5,Uttarakhand,48,Champawat,-,-,-,-,-,-,-,-,-,29.15927778,80.10852778,11-07-2026 00:00,0.5
1109,Danda_1,Uttarakhand,5,Uttarakhand,48,Champawat,-,-,-,-,-,-,-,-,-,29.15927778,80.10852778,02-08-2026 16:00,4.5
1110,Danda_1,Uttarakhand,5,Uttarakhand,48,Champawat,-,-,-,-,-,-,-,-,-,29.15927778,80.10852778,03-08-2026 09:00,1
1111,Danda_1,Uttarakhand,5,Uttarakhand,48,Champawat,-,-,-,-,-,-,-,-,-,29.15927778,80.10852778,03-08-2026 10:00,4.5
1112,Danda_1,Uttarakhand,5,Uttarakhand,48,Champawat,-,-,-,-,-,-,-,-,-,29.15927778,80.10852778,03-08-2026 11:00,1
1113,Danda_1,Uttarakhand,5,Uttarakhand,48,Champawat,-,-,-,-,-,-,-,-,-,29.15927778,80.10852778,03-08-2026 12:00,12.5
1114,Danda_1,Uttarakhand,5,Uttarakhand,48,Champawat,-,-,-,-,-,-,-,-,-,29.15927778,80.10852778,03-08-2026 13:00,4
1115,Danda_1,Uttarakhand,5,Uttarakhand,48,Champawat,-,-,-,-,-,-,-,-,-,29.15927778,80.10852778,04-08-2026 05:00,0.5
1116,Danda_1,Uttarakhand,5,Uttarakhand,48,Champawat,-,-,-,-,-,-,-,-,-,29.15927778,80.10852778,04-08-2026 10:00,1
1117,Danda_1,Uttarakhand,5,Uttarakhand,48,Champawat,-,-,-,-,-,-,-,-,-,29.15927778,80.10852778,04-08-2026 11:00,5
1118,Danda_1,Uttarakhand,5,Uttarakhand,48,Champawat,-,-,-,-,-,-,-,-,-,29.15927778,80.10852778,04-08-2026 12:00,2
1119,Danda_1,Uttarakhand,5,Uttarakhand,48,Champawat,-,-,-,-,-,-,-,-,-,29.15927778,80.10852778,05-08-2026 11:00,1.5
1120,Danda_1,Uttarakhand,5,Uttarakhand,48,Champawat,-,-,-,-,-,-,-,-,-,29.15927778,80.10852778,05-08-2026 12:00,3.5
1121,Danda_1,Uttarakhand,5,Uttarakhand,48,Champawat,-,-,-,-,-,-,-,-,-,29.15927778,80.10852778,05-08-2026 21:00,5.5
1122,Danda_1,Uttarakhand,5,Uttarakhand,48,Champawat,-,-,-,-,-,-,-,-,-,29.15927778,80.10852778,05-08-2026 22:00,1.5
1123,Danda_1,Uttarakhand,5,Uttarakhand,48,Champawat,-,-,-,-,-,-,-,-,-,29.15927778,80.10852778,06-08-2026 06:00,7
1124,Danda_1,Uttarakhand,5,Uttarakhand,48,Champawat,-,-,-,-,-,-,-,-,-,29.15927778,80.10852778,06-08-2026 07:00,6.5
1125,Danda_1,Uttarakhand,5,Uttarakhand,48,Champawat,-,-,-,-,-,-,-,-,-,29.15927778,80.10852778,06-08-2026 08:00,0.5
1126,Danda_1,Uttarakhand,5,Uttarakhand,48,Champawat,-,-,-,-,-,-,-,-,-,29.15927778,80.10852778,06-08-2026 10:00,3.5
1127,Danda_1,Uttarakhand,5,Uttarakhand,48,Champawat,-,-,-,-,-,-,-,-,-,29.15927778,80.10852778,06-08-2026 11:00,7.5
1128,Danda_1,Uttarakhand,5,Uttarakhand,48,Champawat,-,-,-,-,-,-,-,-,-,29.15927778,80.10852778,09-08-2026 07:00,1
1129,Danda_1,Uttarakhand,5,Uttarakhand,48,Champawat,-,-,-,-,-,-,-,-,-,29.15927778,80.10852778,09-08-2026 08:00,0.5
1130,Danda_1,Uttarakhand,5,Uttarakhand,48,Champawat,-,-,-,-,-,-,-,-,-,29.15927778,80.10852778,09-08-2026 09:00,0.5
1131,Danda_1,Uttarakhand,5,Uttarakhand,48,Champawat,-,-,-,-,-,-,-,-,-,29.15927778,80.10852778,09-08-2026 10:00,0.5
1132,Danda_1,Uttarakhand,5,Uttarakhand,48,Champawat,-,-,-,-,-,-,-,-,-,29.15927778,80.10852778,09-08-2026 11:00,0.5
1133,Danda_1,Uttarakhand,5,Uttarakhand,48,Champawat,-,-,-,-,-,-,-,-,-,29.15927778,80.10852778,10-08-2026 03:00,4
1134,Danda_1,Uttarakhand,5,Uttarakhand,48,Champawat,-,-,-,-,-,-,-,-,-,29.15927778,80.10852778,10-08-2026 04:00,3.5
1135,Danda_1,Uttarakhand,5,Uttarakhand,48,Champawat,-,-,-,-,-,-,-,-,-,29.15927778,80.10852778,10-08-2026 05:00,3.5
1136,Danda_1,Uttarakhand,5,Uttarakhand,48,Champawat,-,-,-,-,-,-,-,-,-,29.15927778,80.10852778,10-08-2026 06:00,1.5
1137,Danda_1,Uttarakhand,5,Uttarakhand,48,Champawat,-,-,-,-,-,-,-,-,-,29.15927778,80.10852778,10-08-2026 07:00,11.5
1138,Danda_1,Uttarakhand,5,Uttarakhand,48,Champawat,-,-,-,-,-,-,-,-,-,29.15927778,80.10852778,10-08-2026 08:00,2.5
1139,Danda_1,Uttarakhand,5,Uttarakhand,48,Champawat,-,-,-,-,-,-,-,-,-,29.15927778,80.10852778,10-08-2026 09:00,3.5
1140,Danda_1,Uttarakhand,5,Uttarakhand,48,Champawat,-,-,-,-,-,-,-,-,-,29.15927778,80.10852778,10-08-2026 10:00,3
1141,Danda_1,Uttarakhand,5,Uttarakhand,48,Champawat,-,-,-,-,-,-,-,-,-,29.15927778,80.10852778,10-08-2026 11:00,0.5
1142,Danda_1,Uttarakhand,5,Uttarakhand,48,Champawat,-,-,-,-,-,-,-,-,-,29.15927778,80.10852778,10-08-2026 16:00,32
1143,Danda_1,Uttarakhand,5,Uttarakhand,48,Champawat,-,-,-,-,-,-,-,-,-,29.15927778,80.10852778,10-08-2026 17:00,2
1144,Danda_1,Uttarakhand,5,Uttarakhand,48,Champawat,-,-,-,-,-,-,-,-,-,29.15927778,80.10852778,11-08-2026 02:00,0.5
1145,Danda_1,Uttarakhand,5,Uttarakhand,48,Champawat,-,-,-,-,-,-,-,-,-,29.15927778,80.10852778,11-08-2026 03:00,3.5
1146,Danda_1,Uttarakhand,5,Uttarakhand,48,Champawat,-,-,-,-,-,-,-,-,-,29.15927778,80.10852778,11-08-2026 04:00,3.5
1147,Danda_1,Uttarakhand,5,Uttarakhand,48,Champawat,-,-,-,-,-,-,-,-,-,29.15927778,80.10852778,11-08-2026 05:00,0.5
1148,Danda_1,Uttarakhand,5,Uttarakhand,48,Champawat,-,-,-,-,-,-,-,-,-,29.15927778,80.10852778,11-08-2026 06:00,1
1149,Danda_1,Uttarakhand,5,Uttarakhand,48,Champawat,-,-,-,-,-,-,-,-,-,29.15927778,80.10852778,11-08-2026 07:00,2
1150,Danda_1,Uttarakhand,5,Uttarakhand,48,Champawat,-,-,-,-,-,-,-,-,-,29.15927778,80.10852778,11-08-2026 08:00,0.5
1151,Danda_1,Uttarakhand,5,Uttarakhand,48,Champawat,-,-,-,-,-,-,-,-,-,29.15927778,80.10852778,14-08-2026 00:00,0.5
1152,Danda_1,Uttarakhand,5,Uttarakhand,48,Champawat,-,-,-,-,-,-,-,-,-,29.15927778,80.10852778,14-08-2026 01:00,4
1153,Danda_1,Uttarakhand,5,Uttarakhand,48,Champawat,-,-,-,-,-,-,-,-,-,29.15927778,80.10852778,14-08-2026 02:00,0.5
1154,Danda_1,Uttarakhand,5,Uttarakhand,48,Champawat,-,-,-,-,-,-,-,-,-,29.15927778,80.10852778,14-08-2026 03:00,0.5
1155,Danda_1,Uttarakhand,5,Uttarakhand,48,Champawat,-,-,-,-,-,-,-,-,-,29.15927778,80.10852778,14-08-2026 04:00,0.5
1156,Danda_1,Uttarakhand,5,Uttarakhand,48,Champawat,-,-,-,-,-,-,-,-,-,29.15927778,80.10852778,14-08-2026 08:00,3.5
1157,Danda_1,Uttarakhand,5,Uttarakhand,48,Champawat,-,-,-,-,-,-,-,-,-,29.15927778,80.10852778,14-08-2026 09:00,7.5
1158,Danda_1,Uttarakhand,5,Uttarakhand,48,Champawat,-,-,-,-,-,-,-,-,-,29.15927778,80.10852778,14-08-2026 10:00,12.5
1159,Danda_1,Uttarakhand,5,Uttarakhand,48,Champawat,-,-,-,-,-,-,-,-,-,29.15927778,80.10852778,14-08-2026 11:00,12
1160,Danda_1,Uttarakhand,5,Uttarakhand,48,Champawat,-,-,-,-,-,-,-,-,-,29.15927778,80.10852778,14-08-2026 12:00,10.5
1161,Danda_1,Uttarakhand,5,Uttarakhand,48,Champawat,-,-,-,-,-,-,-,-,-,29.15927778,80.10852778,14-08-2026 13:00,3
1162,Danda_1,Uttarakhand,5,Uttarakhand,48,Champawat,-,-,-,-,-,-,-,-,-,29.15927778,80.10852778,14-08-2026 14:00,2
1163,Danda_1,Uttarakhand,5,Uttarakhand,48,Champawat,-,-,-,-,-,-,-,-,-,29.15927778,80.10852778,14-08-2026 15:00,1.5
1164,Danda_1,Uttarakhand,5,Uttarakhand,48,Champawat,-,-,-,-,-,-,-,-,-,29.15927778,80.10852778,15-08-2026 22:00,4.5
1165,Danda_1,Uttarakhand,5,Uttarakhand,48,Champawat,-,-,-,-,-,-,-,-,-,29.15927778,80.10852778,15-08-2026 23:00,1
1166,Danda_1,Uttarakhand,5,Uttarakhand,48,Champawat,-,-,-,-,-,-,-,-,-,29.15927778,80.10852778,16-08-2026 00:00,0.5
1167,Danda_1,Uttarakhand,5,Uttarakhand,48,Champawat,-,-,-,-,-,-,-,-,-,29.15927778,80.10852778,16-08-2026 08:00,0.5
1168,Danda_1,Uttarakhand,5,Uttarakhand,48,Champawat,-,-,-,-,-,-,-,-,-,29.15927778,80.10852778,16-08-2026 09:00,1
1169,Danda_1,Uttarakhand,5,Uttarakhand,48,Champawat,-,-,-,-,-,-,-,-,-,29.15927778,80.10852778,16-08-2026 20:00,0.5
1170,Danda_1,Uttarakhand,5,Uttarakhand,48,Champawat,-,-,-,-,-,-,-,-,-,29.15927778,80.10852778,16-08-2026 21:00,0.5
1171,Danda_1,Uttarakhand,5,Uttarakhand,48,Champawat,-,-,-,-,-,-,-,-,-,29.15927778,80.10852778,16-08-2026 22:00,3
1172,Danda_1,Uttarakhand,5,Uttarakhand,48,Champawat,-,-,-,-,-,-,-,-,-,29.15927778,80.10852778,16-08-2026 23:00,6.5
1173,Danda_1,Uttarakhand,5,Uttarakhand,48,Champawat,-,-,-,-,-,-,-,-,-,29.15927778,80.10852778,17-08-2026 00:00,2.5
1174,Danda_1,Uttarakhand,5,Uttarakhand,48,Champawat,-,-,-,-,-,-,-,-,-,29.15927778,80.10852778,17-08-2026 01:00,9
1175,Danda_1,Uttarakhand,5,Uttarakhand,48,Champawat,-,-,-,-,-,-,-,-,-,29.15927778,80.10852778,17-08-2026 02:00,6
1176,Danda_1,Uttarakhand,5,Uttarakhand,48,Champawat,-,-,-,-,-,-,-,-,-,29.15927778,80.10852778,17-08-2026 05:00,1
1177,Danda_1,Uttarakhand,5,Uttarakhand,48,Champawat,-,-,-,-,-,-,-,-,-,29.15927778,80.10852778,17-08-2026 06:00,1.5
1178,Danda_1,Uttarakhand,5,Uttarakhand,48,Champawat,-,-,-,-,-,-,-,-,-,29.15927778,80.10852778,17-08-2026 09:00,1.5
1179,Danda_1,Uttarakhand,5,Uttarakhand,48,Champawat,-,-,-,-,-,-,-,-,-,29.15927778,80.10852778,17-08-2026 10:00,0.5
1180,Danda_1,Uttarakhand,5,Uttarakhand,48,Champawat,-,-,-,-,-,-,-,-,-,29.15927778,80.10852778,17-08-2026 12:00,1
1181,Danda_1,Uttarakhand,5,Uttarakhand,48,Champawat,-,-,-,-,-,-,-,-,-,29.15927778,80.10852778,17-08-2026 13:00,1.5
1182,Danda_1,Uttarakhand,5,Uttarakhand,48,Champawat,-,-,-,-,-,-,-,-,-,29.15927778,80.10852778,17-08-2026 14:00,3.5
1183,Danda_1,Uttarakhand,5,Uttarakhand,48,Champawat,-,-,-,-,-,-,-,-,-,29.15927778,80.10852778,17-08-2026 15:00,2.5
1184,Danda_1,Uttarakhand,5,Uttarakhand,48,Champawat,-,-,-,-,-,-,-,-,-,29.15927778,80.10852778,17-08-2026 17:00,0.5
1185,Danda_1,Uttarakhand,5,Uttarakhand,48,Champawat,-,-,-,-,-,-,-,-,-,29.15927778,80.10852778,17-08-2026 18:00,1
1186,Danda_1,Uttarakhand,5,Uttarakhand,48,Champawat,-,-,-,-,-,-,-,-,-,29.15927778,80.10852778,17-08-2026 19:00,0.5
1187,Danda_1,Uttarakhand,5,Uttarakhand,48,Champawat,-,-,-,-,-,-,-,-,-,29.15927778,80.10852778,17-08-2026 23:00,1
1188,Danda_1,Uttarakhand,5,Uttarakhand,48,Champawat,-,-,-,-,-,-,-,-,-,29.15927778,80.10852778,18-08-2026 00:00,2
1189,Danda_1,Uttarakhand,5,Uttarakhand,48,Champawat,-,-,-,-,-,-,-,-,-,29.15927778,80.10852778,18-08-2026 12:00,1.5
1190,Danda_1,Uttarakhand,5,Uttarakhand,48,Champawat,-,-,-,-,-,-,-,-,-,29.15927778,80.10852778,18-08-2026 13:00,7.5
1191,Danda_1,Uttarakhand,5,Uttarakhand,48,Champawat,-,-,-,-,-,-,-,-,-,29.15927778,80.10852778,18-08-2026 14:00,31.5
1192,Danda_1,Uttarakhand,5,Uttarakhand,48,Champawat,-,-,-,-,-,-,-,-,-,29.15927778,80.10852778,18-08-2026 15:00,20.5
1193,Danda_1,Uttarakhand,5,Uttarakhand,48,Champawat,-,-,-,-,-,-,-,-,-,29.15927778,80.10852778,18-08-2026 16:00,2
1194,Danda_1,Uttarakhand,5,Uttarakhand,48,Champawat,-,-,-,-,-,-,-,-,-,29.15927778,80.10852778,19-08-2026 15:00,1
1195,Danda_1,Uttarakhand,5,Uttarakhand,48,Champawat,-,-,-,-,-,-,-,-,-,29.15927778,80.10852778,21-08-2026 06:00,4
1196,Danda_1,Uttarakhand,5,Uttarakhand,48,Champawat,-,-,-,-,-,-,-,-,-,29.15927778,80.10852778,22-08-2026 06:00,0.5
1197,Danda_1,Uttarakhand,5,Uttarakhand,48,Champawat,-,-,-,-,-,-,-,-,-,29.15927778,80.10852778,22-08-2026 07:00,0.5
1198,Danda_1,Uttarakhand,5,Uttarakhand,48,Champawat,-,-,-,-,-,-,-,-,-,29.15927778,80.10852778,22-08-2026 13:00,0.5
1199,Danda_1,Uttarakhand,5,Uttarakhand,48,Champawat,-,-,-,-,-,-,-,-,-,29.15927778,80.10852778,22-08-2026 14:00,1
1200,Danda_1,Uttarakhand,5,Uttarakhand,48,Champawat,-,-,-,-,-,-,-,-,-,29.15927778,80.10852778,22-08-2026 15:00,2.5
1201,Danda_1,Uttarakhand,5,Uttarakhand,48,Champawat,-,-,-,-,-,-,-,-,-,29.15927778,80.10852778,22-08-2026 16:00,0.5
1202,Danda_1,Uttarakhand,5,Uttarakhand,48,Champawat,-,-,-,-,-,-,-,-,-,29.15927778,80.10852778,23-08-2026 16:00,0.5
1203,Danda_1,Uttarakhand,5,Uttarakhand,48,Champawat,-,-,-,-,-,-,-,-,-,29.15927778,80.10852778,24-08-2026 16:00,0.5
1204,Danda_1,Uttarakhand,5,Uttarakhand,48,Champawat,-,-,-,-,-,-,-,-,-,29.15927778,80.10852778,24-08-2026 18:00,1
1205,Danda_1,Uttarakhand,5,Uttarakhand,48,Champawat,-,-,-,-,-,-,-,-,-,29.15927778,80.10852778,24-08-2026 19:00,0.5
1206,Danda_1,Uttarakhand,5,Uttarakhand,48,Champawat,-,-,-,-,-,-,-,-,-,29.15927778,80.10852778,24-08-2026 20:00,0.5
1207,Danda_1,Uttarakhand,5,Uttarakhand,48,Champawat,-,-,-,-,-,-,-,-,-,29.15927778,80.10852778,24-08-2026 21:00,0.5
1208,Danda_1,Uttarakhand,5,Uttarakhand,48,Champawat,-,-,-,-,-,-,-,-,-,29.15927778,80.10852778,25-08-2026 07:00,1
1209,Danda_1,Uttarakhand,5,Uttarakhand,48,Champawat,-,-,-,-,-,-,-,-,-,29.15927778,80.10852778,25-08-2026 08:00,2
1210,Danda_1,Uttarakhand,5,Uttarakhand,48,Champawat,-,-,-,-,-,-,-,-,-,29.15927778,80.10852778,25-08-2026 09:00,7
1211,Danda_1,Uttarakhand,5,Uttarakhand,48,Champawat,-,-,-,-,-,-,-,-,-,29.15927778,80.10852778,25-08-2026 10:00,10
1212,Danda_1,Uttarakhand,5,Uttarakhand,48,Champawat,-,-,-,-,-,-,-,-,-,29.15927778,80.10852778,25-08-2026 11:00,6.5
1213,Danda_1,Uttarakhand,5,Uttarakhand,48,Champawat,-,-,-,-,-,-,-,-,-,29.15927778,80.10852778,25-08-2026 12:00,1.5
1214,Danda_1,Uttarakhand,5,Uttarakhand,48,Champawat,-,-,-,-,-,-,-,-,-,29.15927778,80.10852778,26-08-2026 15:00,5
1215,Danda_1,Uttarakhand,5,Uttarakhand,48,Champawat,-,-,-,-,-,-,-,-,-,29.15927778,80.10852778,26-08-2026 16:00,16
1216,Danda_1,Uttarakhand,5,Uttarakhand,48,Champawat,-,-,-,-,-,-,-,-,-,29.15927778,80.10852778,26-08-2026 23:00,4
1217,Danda_1,Uttarakhand,5,Uttarakhand,48,Champawat,-,-,-,-,-,-,-,-,-,29.15927778,80.10852778,27-08-2026 03:00,2.5
1218,Danda_1,Uttarakhand,5,Uttarakhand,48,Champawat,-,-,-,-,-,-,-,-,-,29.15927778,80.10852778,27-08-2026 04:00,3.5
1219,Danda_1,Uttarakhand,5,Uttarakhand,48,Champawat,-,-,-,-,-,-,-,-,-,29.15927778,80.10852778,27-08-2026 05:00,0.5
1220,Danda_1,Uttarakhand,5,Uttarakhand,48,Champawat,-,-,-,-,-,-,-,-,-,29.15927778,80.10852778,27-08-2026 08:00,0.5
1221,Danda_1,Uttarakhand,5,Uttarakhand,48,Champawat,-,-,-,-,-,-,-,-,-,29.15927778,80.10852778,27-08-2026 09:00,29
1222,Danda_1,Uttarakhand,5,Uttarakhand,48,Champawat,-,-,-,-,-,-,-,-,-,29.15927778,80.10852778,27-08-2026 10:00,23
1223,Danda_1,Uttarakhand,5,Uttarakhand,48,Champawat,-,-,-,-,-,-,-,-,-,29.15927778,80.10852778,27-08-2026 11:00,11
1224,Danda_1,Uttarakhand,5,Uttarakhand,48,Champawat,-,-,-,-,-,-,-,-,-,29.15927778,80.10852778,27-08-2026 12:00,1
1225,Danda_1,Uttarakhand,5,Uttarakhand,48,Champawat,-,-,-,-,-,-,-,-,-,29.15927778,80.10852778,27-08-2026 13:00,0.5
1226,Danda_1,Uttarakhand,5,Uttarakhand,48,Champawat,-,-,-,-,-,-,-,-,-,29.15927778,80.10852778,27-08-2026 14:00,1
1227,Dharchula_1,Uttarakhand,5,Uttarakhand,53,Pithoragarh,-,-,-,-,-,-,-,-,-,29.84825000,80.54047222,30-06-2026 12:00,0.5
1228,Dharchula_1,Uttarakhand,5,Uttarakhand,53,Pithoragarh,-,-,-,-,-,-,-,-,-,29.84825000,80.54047222,06-07-2026 08:00,0.5
1229,Dharchula_1,Uttarakhand,5,Uttarakhand,53,Pithoragarh,-,-,-,-,-,-,-,-,-,29.84825000,80.54047222,17-07-2026 07:00,0.5
1230,Dharchula_1,Uttarakhand,5,Uttarakhand,53,Pithoragarh,-,-,-,-,-,-,-,-,-,29.84825000,80.54047222,28-07-2026 13:00,0.5
1231,Doiwala (Bhogpur),Uttarakhand,5,Uttarakhand,49,Dehradun,-,-,-,-,-,-,-,-,-,30.22270833,78.23418611,10-02-2026 14:00,53
1232,Doiwala (Bhogpur),Uttarakhand,5,Uttarakhand,49,Dehradun,-,-,-,-,-,-,-,-,-,30.22270833,78.23418611,14-02-2026 10:00,72
1233,Doiwala (Bhogpur),Uttarakhand,5,Uttarakhand,49,Dehradun,-,-,-,-,-,-,-,-,-,30.22270833,78.23418611,25-03-2026 13:00,0.5
1234,Doiwala (Bhogpur),Uttarakhand,5,Uttarakhand,49,Dehradun,-,-,-,-,-,-,-,-,-,30.22270833,78.23418611,21-04-2026 19:00,0.5
1235,Doiwala (Bhogpur),Uttarakhand,5,Uttarakhand,49,Dehradun,-,-,-,-,-,-,-,-,-,30.22270833,78.23418611,01-05-2026 20:00,96
1236,Doiwala (Bhogpur),Uttarakhand,5,Uttarakhand,49,Dehradun,-,-,-,-,-,-,-,-,-,30.22270833,78.23418611,11-06-2026 09:00,1
1237,Doiwala (Bhogpur),Uttarakhand,5,Uttarakhand,49,Dehradun,-,-,-,-,-,-,-,-,-,30.22270833,78.23418611,11-06-2026 10:00,1
1238,Doiwala (Bhogpur),Uttarakhand,5,Uttarakhand,49,Dehradun,-,-,-,-,-,-,-,-,-,30.22270833,78.23418611,11-06-2026 23:00,2
1239,Doiwala (Bhogpur),Uttarakhand,5,Uttarakhand,49,Dehradun,-,-,-,-,-,-,-,-,-,30.22270833,78.23418611,12-06-2026 00:00,21.5
1240,Doiwala (Bhogpur),Uttarakhand,5,Uttarakhand,49,Dehradun,-,-,-,-,-,-,-,-,-,30.22270833,78.23418611,12-06-2026 01:00,20
1241,Doiwala (Bhogpur),Uttarakhand,5,Uttarakhand,49,Dehradun,-,-,-,-,-,-,-,-,-,30.22270833,78.23418611,12-06-2026 02:00,2
1242,Doiwala (Bhogpur),Uttarakhand,5,Uttarakhand,49,Dehradun,-,-,-,-,-,-,-,-,-,30.22270833,78.23418611,12-06-2026 03:00,0.5
1243,Doiwala (Bhogpur),Uttarakhand,5,Uttarakhand,49,Dehradun,-,-,-,-,-,-,-,-,-,30.22270833,78.23418611,20-06-2026 09:00,9.5
1244,Doiwala (Bhogpur),Uttarakhand,5,Uttarakhand,49,Dehradun,-,-,-,-,-,-,-,-,-,30.22270833,78.23418611,22-06-2026 10:00,3
1245,Doiwala (Bhogpur),Uttarakhand,5,Uttarakhand,49,Dehradun,-,-,-,-,-,-,-,-,-,30.22270833,78.23418611,26-06-2026 17:00,0.5
1246,Doiwala (Bhogpur),Uttarakhand,5,Uttarakhand,49,Dehradun,-,-,-,-,-,-,-,-,-,30.22270833,78.23418611,30-06-2026 06:00,1.5
1247,Doiwala (Bhogpur),Uttarakhand,5,Uttarakhand,49,Dehradun,-,-,-,-,-,-,-,-,-,30.22270833,78.23418611,30-06-2026 07:00,0.5
1248,Doiwala (Bhogpur),Uttarakhand,5,Uttarakhand,49,Dehradun,-,-,-,-,-,-,-,-,-,30.22270833,78.23418611,30-06-2026 14:00,2
1249,Doiwala (Bhogpur),Uttarakhand,5,Uttarakhand,49,Dehradun,-,-,-,-,-,-,-,-,-,30.22270833,78.23418611,30-06-2026 15:00,8.5
1250,Doiwala (Bhogpur),Uttarakhand,5,Uttarakhand,49,Dehradun,-,-,-,-,-,-,-,-,-,30.22270833,78.23418611,30-06-2026 16:00,1
1251,Doiwala (Bhogpur),Uttarakhand,5,Uttarakhand,49,Dehradun,-,-,-,-,-,-,-,-,-,30.22270833,78.23418611,30-06-2026 17:00,1.5
1252,Doiwala (Bhogpur),Uttarakhand,5,Uttarakhand,49,Dehradun,-,-,-,-,-,-,-,-,-,30.22270833,78.23418611,01-07-2026 02:00,0.5
1253,Doiwala (Bhogpur),Uttarakhand,5,Uttarakhand,49,Dehradun,-,-,-,-,-,-,-,-,-,30.22270833,78.23418611,01-07-2026 03:00,0.5
1254,Doiwala (Bhogpur),Uttarakhand,5,Uttarakhand,49,Dehradun,-,-,-,-,-,-,-,-,-,30.22270833,78.23418611,01-07-2026 08:00,5
1255,Doiwala (Bhogpur),Uttarakhand,5,Uttarakhand,49,Dehradun,-,-,-,-,-,-,-,-,-,30.22270833,78.23418611,01-07-2026 09:00,3.5
1256,Doiwala (Bhogpur),Uttarakhand,5,Uttarakhand,49,Dehradun,-,-,-,-,-,-,-,-,-,30.22270833,78.23418611,01-07-2026 10:00,19.5
1257,Doiwala (Bhogpur),Uttarakhand,5,Uttarakhand,49,Dehradun,-,-,-,-,-,-,-,-,-,30.22270833,78.23418611,01-07-2026 11:00,17
1258,Doiwala (Bhogpur),Uttarakhand,5,Uttarakhand,49,Dehradun,-,-,-,-,-,-,-,-,-,30.22270833,78.23418611,01-07-2026 12:00,45
1259,Doiwala (Bhogpur),Uttarakhand,5,Uttarakhand,49,Dehradun,-,-,-,-,-,-,-,-,-,30.22270833,78.23418611,01-07-2026 13:00,8
1260,Doiwala (Bhogpur),Uttarakhand,5,Uttarakhand,49,Dehradun,-,-,-,-,-,-,-,-,-,30.22270833,78.23418611,01-07-2026 14:00,3
1261,Doiwala (Bhogpur),Uttarakhand,5,Uttarakhand,49,Dehradun,-,-,-,-,-,-,-,-,-,30.22270833,78.23418611,01-07-2026 15:00,1
1262,Doiwala (Bhogpur),Uttarakhand,5,Uttarakhand,49,Dehradun,-,-,-,-,-,-,-,-,-,30.22270833,78.23418611,02-07-2026 00:00,3
1263,Doiwala (Bhogpur),Uttarakhand,5,Uttarakhand,49,Dehradun,-,-,-,-,-,-,-,-,-,30.22270833,78.23418611,02-07-2026 01:00,14.5
1264,Doiwala (Bhogpur),Uttarakhand,5,Uttarakhand,49,Dehradun,-,-,-,-,-,-,-,-,-,30.22270833,78.23418611,02-07-2026 02:00,2.5
1265,Doiwala (Bhogpur),Uttarakhand,5,Uttarakhand,49,Dehradun,-,-,-,-,-,-,-,-,-,30.22270833,78.23418611,02-07-2026 04:00,4.5
1266,Doiwala (Bhogpur),Uttarakhand,5,Uttarakhand,49,Dehradun,-,-,-,-,-,-,-,-,-,30.22270833,78.23418611,02-07-2026 05:00,4
1267,Doiwala (Bhogpur),Uttarakhand,5,Uttarakhand,49,Dehradun,-,-,-,-,-,-,-,-,-,30.22270833,78.23418611,02-07-2026 06:00,4
1268,Doiwala (Bhogpur),Uttarakhand,5,Uttarakhand,49,Dehradun,-,-,-,-,-,-,-,-,-,30.22270833,78.23418611,02-07-2026 08:00,0.5
1269,Doiwala (Bhogpur),Uttarakhand,5,Uttarakhand,49,Dehradun,-,-,-,-,-,-,-,-,-,30.22270833,78.23418611,02-07-2026 11:00,0.5
1270,Doiwala (Bhogpur),Uttarakhand,5,Uttarakhand,49,Dehradun,-,-,-,-,-,-,-,-,-,30.22270833,78.23418611,03-07-2026 02:00,0.5
1271,Doiwala (Bhogpur),Uttarakhand,5,Uttarakhand,49,Dehradun,-,-,-,-,-,-,-,-,-,30.22270833,78.23418611,05-07-2026 11:00,21
1272,Doiwala (Bhogpur),Uttarakhand,5,Uttarakhand,49,Dehradun,-,-,-,-,-,-,-,-,-,30.22270833,78.23418611,05-07-2026 12:00,7
1273,Doiwala (Bhogpur),Uttarakhand,5,Uttarakhand,49,Dehradun,-,-,-,-,-,-,-,-,-,30.22270833,78.23418611,06-07-2026 12:00,6
1274,Doiwala (Bhogpur),Uttarakhand,5,Uttarakhand,49,Dehradun,-,-,-,-,-,-,-,-,-,30.22270833,78.23418611,06-07-2026 13:00,7
1275,Doiwala (Bhogpur),Uttarakhand,5,Uttarakhand,49,Dehradun,-,-,-,-,-,-,-,-,-,30.22270833,78.23418611,07-07-2026 14:00,2.5
1276,Doiwala (Bhogpur),Uttarakhand,5,Uttarakhand,49,Dehradun,-,-,-,-,-,-,-,-,-,30.22270833,78.23418611,07-07-2026 15:00,1.5
1277,Doiwala (Bhogpur),Uttarakhand,5,Uttarakhand,49,Dehradun,-,-,-,-,-,-,-,-,-,30.22270833,78.23418611,07-07-2026 16:00,2
1278,Doiwala (Bhogpur),Uttarakhand,5,Uttarakhand,49,Dehradun,-,-,-,-,-,-,-,-,-,30.22270833,78.23418611,07-07-2026 17:00,0.5
1279,Doiwala (Bhogpur),Uttarakhand,5,Uttarakhand,49,Dehradun,-,-,-,-,-,-,-,-,-,30.22270833,78.23418611,08-07-2026 07:00,0.5
1280,Doiwala (Bhogpur),Uttarakhand,5,Uttarakhand,49,Dehradun,-,-,-,-,-,-,-,-,-,30.22270833,78.23418611,08-07-2026 14:00,4
1281,Doiwala (Bhogpur),Uttarakhand,5,Uttarakhand,49,Dehradun,-,-,-,-,-,-,-,-,-,30.22270833,78.23418611,08-07-2026 15:00,7.5
1282,Doiwala (Bhogpur),Uttarakhand,5,Uttarakhand,49,Dehradun,-,-,-,-,-,-,-,-,-,30.22270833,78.23418611,08-07-2026 16:00,0.5
1283,Doiwala (Bhogpur),Uttarakhand,5,Uttarakhand,49,Dehradun,-,-,-,-,-,-,-,-,-,30.22270833,78.23418611,08-07-2026 23:00,1
1284,Doiwala (Bhogpur),Uttarakhand,5,Uttarakhand,49,Dehradun,-,-,-,-,-,-,-,-,-,30.22270833,78.23418611,09-07-2026 00:00,1.5
1285,Doiwala (Bhogpur),Uttarakhand,5,Uttarakhand,49,Dehradun,-,-,-,-,-,-,-,-,-,30.22270833,78.23418611,09-07-2026 01:00,7
1286,Doiwala (Bhogpur),Uttarakhand,5,Uttarakhand,49,Dehradun,-,-,-,-,-,-,-,-,-,30.22270833,78.23418611,09-07-2026 02:00,7
1287,Doiwala (Bhogpur),Uttarakhand,5,Uttarakhand,49,Dehradun,-,-,-,-,-,-,-,-,-,30.22270833,78.23418611,09-07-2026 03:00,6
1288,Doiwala (Bhogpur),Uttarakhand,5,Uttarakhand,49,Dehradun,-,-,-,-,-,-,-,-,-,30.22270833,78.23418611,09-07-2026 04:00,8
1289,Doiwala (Bhogpur),Uttarakhand,5,Uttarakhand,49,Dehradun,-,-,-,-,-,-,-,-,-,30.22270833,78.23418611,09-07-2026 05:00,9
1290,Doiwala (Bhogpur),Uttarakhand,5,Uttarakhand,49,Dehradun,-,-,-,-,-,-,-,-,-,30.22270833,78.23418611,09-07-2026 06:00,14.5
1291,Doiwala (Bhogpur),Uttarakhand,5,Uttarakhand,49,Dehradun,-,-,-,-,-,-,-,-,-,30.22270833,78.23418611,09-07-2026 07:00,8.5
1292,Doiwala (Bhogpur),Uttarakhand,5,Uttarakhand,49,Dehradun,-,-,-,-,-,-,-,-,-,30.22270833,78.23418611,09-07-2026 08:00,10
1293,Doiwala (Bhogpur),Uttarakhand,5,Uttarakhand,49,Dehradun,-,-,-,-,-,-,-,-,-,30.22270833,78.23418611,09-07-2026 09:00,9
1294,Doiwala (Bhogpur),Uttarakhand,5,Uttarakhand,49,Dehradun,-,-,-,-,-,-,-,-,-,30.22270833,78.23418611,09-07-2026 10:00,1.5
1295,Doiwala (Bhogpur),Uttarakhand,5,Uttarakhand,49,Dehradun,-,-,-,-,-,-,-,-,-,30.22270833,78.23418611,09-07-2026 12:00,0.5
1296,Doiwala (Bhogpur),Uttarakhand,5,Uttarakhand,49,Dehradun,-,-,-,-,-,-,-,-,-,30.22270833,78.23418611,09-07-2026 16:00,0.5
1297,Doiwala (Bhogpur),Uttarakhand,5,Uttarakhand,49,Dehradun,-,-,-,-,-,-,-,-,-,30.22270833,78.23418611,10-07-2026 01:00,0.5
1298,Doiwala (Bhogpur),Uttarakhand,5,Uttarakhand,49,Dehradun,-,-,-,-,-,-,-,-,-,30.22270833,78.23418611,10-07-2026 02:00,2.5
1299,Doiwala (Bhogpur),Uttarakhand,5,Uttarakhand,49,Dehradun,-,-,-,-,-,-,-,-,-,30.22270833,78.23418611,10-07-2026 03:00,5.5
1300,Doiwala (Bhogpur),Uttarakhand,5,Uttarakhand,49,Dehradun,-,-,-,-,-,-,-,-,-,30.22270833,78.23418611,10-07-2026 08:00,4
1301,Doiwala (Bhogpur),Uttarakhand,5,Uttarakhand,49,Dehradun,-,-,-,-,-,-,-,-,-,30.22270833,78.23418611,10-07-2026 10:00,4.5
1302,Doiwala (Bhogpur),Uttarakhand,5,Uttarakhand,49,Dehradun,-,-,-,-,-,-,-,-,-,30.22270833,78.23418611,11-07-2026 01:00,0.5
1303,Doiwala (Bhogpur),Uttarakhand,5,Uttarakhand,49,Dehradun,-,-,-,-,-,-,-,-,-,30.22270833,78.23418611,11-07-2026 02:00,2
1304,Doiwala (Bhogpur),Uttarakhand,5,Uttarakhand,49,Dehradun,-,-,-,-,-,-,-,-,-,30.22270833,78.23418611,11-07-2026 03:00,1
1305,Doiwala (Bhogpur),Uttarakhand,5,Uttarakhand,49,Dehradun,-,-,-,-,-,-,-,-,-,30.22270833,78.23418611,11-07-2026 18:00,9.5
1306,Doiwala (Bhogpur),Uttarakhand,5,Uttarakhand,49,Dehradun,-,-,-,-,-,-,-,-,-,30.22270833,78.23418611,11-07-2026 23:00,21
1307,Doiwala (Bhogpur),Uttarakhand,5,Uttarakhand,49,Dehradun,-,-,-,-,-,-,-,-,-,30.22270833,78.23418611,15-07-2026 19:00,29.5
1308,Doiwala (Bhogpur),Uttarakhand,5,Uttarakhand,49,Dehradun,-,-,-,-,-,-,-,-,-,30.22270833,78.23418611,15-07-2026 20:00,36
1309,Doiwala (Bhogpur),Uttarakhand,5,Uttarakhand,49,Dehradun,-,-,-,-,-,-,-,-,-,30.22270833,78.23418611,15-07-2026 21:00,1
1310,Doiwala (Bhogpur),Uttarakhand,5,Uttarakhand,49,Dehradun,-,-,-,-,-,-,-,-,-,30.22270833,78.23418611,16-07-2026 18:00,1.5
1311,Doiwala (Bhogpur),Uttarakhand,5,Uttarakhand,49,Dehradun,-,-,-,-,-,-,-,-,-,30.22270833,78.23418611,17-07-2026 18:00,7.5
1312,Doiwala (Bhogpur),Uttarakhand,5,Uttarakhand,49,Dehradun,-,-,-,-,-,-,-,-,-,30.22270833,78.23418611,17-07-2026 19:00,23.5
1313,Doiwala (Bhogpur),Uttarakhand,5,Uttarakhand,49,Dehradun,-,-,-,-,-,-,-,-,-,30.22270833,78.23418611,17-07-2026 20:00,0.5
1314,Doiwala (Bhogpur),Uttarakhand,5,Uttarakhand,49,Dehradun,-,-,-,-,-,-,-,-,-,30.22270833,78.23418611,18-07-2026 14:00,7.5
1315,Doiwala (Bhogpur),Uttarakhand,5,Uttarakhand,49,Dehradun,-,-,-,-,-,-,-,-,-,30.22270833,78.23418611,18-07-2026 16:00,1.5
1316,Doiwala (Bhogpur),Uttarakhand,5,Uttarakhand,49,Dehradun,-,-,-,-,-,-,-,-,-,30.22270833,78.23418611,18-07-2026 17:00,1
1317,Doiwala (Bhogpur),Uttarakhand,5,Uttarakhand,49,Dehradun,-,-,-,-,-,-,-,-,-,30.22270833,78.23418611,19-07-2026 07:00,8
1318,Doiwala (Bhogpur),Uttarakhand,5,Uttarakhand,49,Dehradun,-,-,-,-,-,-,-,-,-,30.22270833,78.23418611,19-07-2026 08:00,15.5
1319,Doiwala (Bhogpur),Uttarakhand,5,Uttarakhand,49,Dehradun,-,-,-,-,-,-,-,-,-,30.22270833,78.23418611,19-07-2026 15:00,0.5
1320,Doiwala (Bhogpur),Uttarakhand,5,Uttarakhand,49,Dehradun,-,-,-,-,-,-,-,-,-,30.22270833,78.23418611,19-07-2026 16:00,1
1321,Doiwala (Bhogpur),Uttarakhand,5,Uttarakhand,49,Dehradun,-,-,-,-,-,-,-,-,-,30.22270833,78.23418611,19-07-2026 17:00,6.5
1322,Doiwala (Bhogpur),Uttarakhand,5,Uttarakhand,49,Dehradun,-,-,-,-,-,-,-,-,-,30.22270833,78.23418611,19-07-2026 18:00,1
1323,Doiwala (Bhogpur),Uttarakhand,5,Uttarakhand,49,Dehradun,-,-,-,-,-,-,-,-,-,30.22270833,78.23418611,19-07-2026 20:00,0.5
1324,Doiwala (Bhogpur),Uttarakhand,5,Uttarakhand,49,Dehradun,-,-,-,-,-,-,-,-,-,30.22270833,78.23418611,19-07-2026 22:00,2.5
1325,Doiwala (Bhogpur),Uttarakhand,5,Uttarakhand,49,Dehradun,-,-,-,-,-,-,-,-,-,30.22270833,78.23418611,20-07-2026 02:00,0.5
1326,Doiwala (Bhogpur),Uttarakhand,5,Uttarakhand,49,Dehradun,-,-,-,-,-,-,-,-,-,30.22270833,78.23418611,20-07-2026 03:00,0.5
1327,Doiwala (Bhogpur),Uttarakhand,5,Uttarakhand,49,Dehradun,-,-,-,-,-,-,-,-,-,30.22270833,78.23418611,20-07-2026 04:00,1
1328,Doiwala (Bhogpur),Uttarakhand,5,Uttarakhand,49,Dehradun,-,-,-,-,-,-,-,-,-,30.22270833,78.23418611,20-07-2026 05:00,1
1329,Doiwala (Bhogpur),Uttarakhand,5,Uttarakhand,49,Dehradun,-,-,-,-,-,-,-,-,-,30.22270833,78.23418611,20-07-2026 06:00,1.5
1330,Doiwala (Bhogpur),Uttarakhand,5,Uttarakhand,49,Dehradun,-,-,-,-,-,-,-,-,-,30.22270833,78.23418611,20-07-2026 07:00,6
1331,Doiwala (Bhogpur),Uttarakhand,5,Uttarakhand,49,Dehradun,-,-,-,-,-,-,-,-,-,30.22270833,78.23418611,20-07-2026 09:00,1.5
1332,Doiwala (Bhogpur),Uttarakhand,5,Uttarakhand,49,Dehradun,-,-,-,-,-,-,-,-,-,30.22270833,78.23418611,20-07-2026 10:00,2
1333,Doiwala (Bhogpur),Uttarakhand,5,Uttarakhand,49,Dehradun,-,-,-,-,-,-,-,-,-,30.22270833,78.23418611,20-07-2026 15:00,4
1334,Doiwala (Bhogpur),Uttarakhand,5,Uttarakhand,49,Dehradun,-,-,-,-,-,-,-,-,-,30.22270833,78.23418611,20-07-2026 16:00,0.5
1335,Doiwala (Bhogpur),Uttarakhand,5,Uttarakhand,49,Dehradun,-,-,-,-,-,-,-,-,-,30.22270833,78.23418611,21-07-2026 01:00,0.5
1336,Doiwala (Bhogpur),Uttarakhand,5,Uttarakhand,49,Dehradun,-,-,-,-,-,-,-,-,-,30.22270833,78.23418611,21-07-2026 03:00,0.5
1337,Doiwala (Bhogpur),Uttarakhand,5,Uttarakhand,49,Dehradun,-,-,-,-,-,-,-,-,-,30.22270833,78.23418611,21-07-2026 21:00,18
1338,Doiwala (Bhogpur),Uttarakhand,5,Uttarakhand,49,Dehradun,-,-,-,-,-,-,-,-,-,30.22270833,78.23418611,21-07-2026 22:00,2
1339,Doiwala (Bhogpur),Uttarakhand,5,Uttarakhand,49,Dehradun,-,-,-,-,-,-,-,-,-,30.22270833,78.23418611,22-07-2026 08:00,0.5
1340,Doiwala (Bhogpur),Uttarakhand,5,Uttarakhand,49,Dehradun,-,-,-,-,-,-,-,-,-,30.22270833,78.23418611,22-07-2026 18:00,10
1341,Doiwala (Bhogpur),Uttarakhand,5,Uttarakhand,49,Dehradun,-,-,-,-,-,-,-,-,-,30.22270833,78.23418611,23-07-2026 13:00,0.5
1342,Doiwala (Bhogpur),Uttarakhand,5,Uttarakhand,49,Dehradun,-,-,-,-,-,-,-,-,-,30.22270833,78.23418611,23-07-2026 20:00,0.5
1343,Doiwala (Bhogpur),Uttarakhand,5,Uttarakhand,49,Dehradun,-,-,-,-,-,-,-,-,-,30.22270833,78.23418611,23-07-2026 21:00,3.5
1344,Doiwala (Bhogpur),Uttarakhand,5,Uttarakhand,49,Dehradun,-,-,-,-,-,-,-,-,-,30.22270833,78.23418611,23-07-2026 22:00,1.5
1345,Doiwala (Bhogpur),Uttarakhand,5,Uttarakhand,49,Dehradun,-,-,-,-,-,-,-,-,-,30.22270833,78.23418611,25-07-2026 13:00,8.5
1346,Doiwala (Bhogpur),Uttarakhand,5,Uttarakhand,49,Dehradun,-,-,-,-,-,-,-,-,-,30.22270833,78.23418611,25-07-2026 14:00,20.5
1347,Doiwala (Bhogpur),Uttarakhand,5,Uttarakhand,49,Dehradun,-,-,-,-,-,-,-,-,-,30.22270833,78.23418611,26-07-2026 17:00,49
1348,Doiwala (Bhogpur),Uttarakhand,5,Uttarakhand,49,Dehradun,-,-,-,-,-,-,-,-,-,30.22270833,78.23418611,27-07-2026 07:00,0.5
1349,Doiwala (Bhogpur),Uttarakhand,5,Uttarakhand,49,Dehradun,-,-,-,-,-,-,-,-,-,30.22270833,78.23418611,27-07-2026 11:00,25
1350,Doiwala (Bhogpur),Uttarakhand,5,Uttarakhand,49,Dehradun,-,-,-,-,-,-,-,-,-,30.22270833,78.23418611,27-07-2026 12:00,31
1351,Doiwala (Bhogpur),Uttarakhand,5,Uttarakhand,49,Dehradun,-,-,-,-,-,-,-,-,-,30.22270833,78.23418611,27-07-2026 13:00,1
1352,Doiwala (Bhogpur),Uttarakhand,5,Uttarakhand,49,Dehradun,-,-,-,-,-,-,-,-,-,30.22270833,78.23418611,28-07-2026 01:00,0.5
1353,Doiwala (Bhogpur),Uttarakhand,5,Uttarakhand,49,Dehradun,-,-,-,-,-,-,-,-,-,30.22270833,78.23418611,28-07-2026 02:00,5
1354,Doiwala (Bhogpur),Uttarakhand,5,Uttarakhand,49,Dehradun,-,-,-,-,-,-,-,-,-,30.22270833,78.23418611,28-07-2026 03:00,44.5
1355,Doiwala (Bhogpur),Uttarakhand,5,Uttarakhand,49,Dehradun,-,-,-,-,-,-,-,-,-,30.22270833,78.23418611,28-07-2026 04:00,36
1356,Doiwala (Bhogpur),Uttarakhand,5,Uttarakhand,49,Dehradun,-,-,-,-,-,-,-,-,-,30.22270833,78.23418611,28-07-2026 05:00,11.5
1357,Doiwala (Bhogpur),Uttarakhand,5,Uttarakhand,49,Dehradun,-,-,-,-,-,-,-,-,-,30.22270833,78.23418611,28-07-2026 06:00,6.5
1358,Doiwala (Bhogpur),Uttarakhand,5,Uttarakhand,49,Dehradun,-,-,-,-,-,-,-,-,-,30.22270833,78.23418611,28-07-2026 07:00,5.5
1359,Doiwala (Bhogpur),Uttarakhand,5,Uttarakhand,49,Dehradun,-,-,-,-,-,-,-,-,-,30.22270833,78.23418611,28-07-2026 08:00,7.5
1360,Doiwala (Bhogpur),Uttarakhand,5,Uttarakhand,49,Dehradun,-,-,-,-,-,-,-,-,-,30.22270833,78.23418611,28-07-2026 09:00,18.5
1361,Doiwala (Bhogpur),Uttarakhand,5,Uttarakhand,49,Dehradun,-,-,-,-,-,-,-,-,-,30.22270833,78.23418611,28-07-2026 10:00,5.5
1362,Doiwala (Bhogpur),Uttarakhand,5,Uttarakhand,49,Dehradun,-,-,-,-,-,-,-,-,-,30.22270833,78.23418611,28-07-2026 11:00,1.5
1363,Doiwala (Bhogpur),Uttarakhand,5,Uttarakhand,49,Dehradun,-,-,-,-,-,-,-,-,-,30.22270833,78.23418611,28-07-2026 12:00,1.5
1364,Doiwala (Bhogpur),Uttarakhand,5,Uttarakhand,49,Dehradun,-,-,-,-,-,-,-,-,-,30.22270833,78.23418611,28-07-2026 15:00,0.5
1365,Doiwala (Bhogpur),Uttarakhand,5,Uttarakhand,49,Dehradun,-,-,-,-,-,-,-,-,-,30.22270833,78.23418611,29-07-2026 14:00,33.5
1366,Doiwala (Bhogpur),Uttarakhand,5,Uttarakhand,49,Dehradun,-,-,-,-,-,-,-,-,-,30.22270833,78.23418611,29-07-2026 15:00,21.5
1367,Doiwala (Bhogpur),Uttarakhand,5,Uttarakhand,49,Dehradun,-,-,-,-,-,-,-,-,-,30.22270833,78.23418611,30-07-2026 17:00,1
1368,Doiwala (Bhogpur),Uttarakhand,5,Uttarakhand,49,Dehradun,-,-,-,-,-,-,-,-,-,30.22270833,78.23418611,03-08-2026 11:00,13.5
1369,Doiwala (Bhogpur),Uttarakhand,5,Uttarakhand,49,Dehradun,-,-,-,-,-,-,-,-,-,30.22270833,78.23418611,03-08-2026 12:00,1
1370,Doiwala (Bhogpur),Uttarakhand,5,Uttarakhand,49,Dehradun,-,-,-,-,-,-,-,-,-,30.22270833,78.23418611,04-08-2026 09:00,30
1371,Doiwala (Bhogpur),Uttarakhand,5,Uttarakhand,49,Dehradun,-,-,-,-,-,-,-,-,-,30.22270833,78.23418611,04-08-2026 10:00,9
1372,Doiwala (Bhogpur),Uttarakhand,5,Uttarakhand,49,Dehradun,-,-,-,-,-,-,-,-,-,30.22270833,78.23418611,05-08-2026 07:00,1
1373,Doiwala (Bhogpur),Uttarakhand,5,Uttarakhand,49,Dehradun,-,-,-,-,-,-,-,-,-,30.22270833,78.23418611,06-08-2026 00:00,1
1374,Doiwala (Bhogpur),Uttarakhand,5,Uttarakhand,49,Dehradun,-,-,-,-,-,-,-,-,-,30.22270833,78.23418611,06-08-2026 02:00,0.5
1375,Doiwala (Bhogpur),Uttarakhand,5,Uttarakhand,49,Dehradun,-,-,-,-,-,-,-,-,-,30.22270833,78.23418611,06-08-2026 03:00,5
1376,Doiwala (Bhogpur),Uttarakhand,5,Uttarakhand,49,Dehradun,-,-,-,-,-,-,-,-,-,30.22270833,78.23418611,06-08-2026 04:00,1
1377,Doiwala (Bhogpur),Uttarakhand,5,Uttarakhand,49,Dehradun,-,-,-,-,-,-,-,-,-,30.22270833,78.23418611,06-08-2026 05:00,3.5
1378,Doiwala (Bhogpur),Uttarakhand,5,Uttarakhand,49,Dehradun,-,-,-,-,-,-,-,-,-,30.22270833,78.23418611,06-08-2026 06:00,14.5
1379,Doiwala (Bhogpur),Uttarakhand,5,Uttarakhand,49,Dehradun,-,-,-,-,-,-,-,-,-,30.22270833,78.23418611,06-08-2026 07:00,3.5
1380,Doiwala (Bhogpur),Uttarakhand,5,Uttarakhand,49,Dehradun,-,-,-,-,-,-,-,-,-,30.22270833,78.23418611,06-08-2026 09:00,1
1381,Doiwala (Bhogpur),Uttarakhand,5,Uttarakhand,49,Dehradun,-,-,-,-,-,-,-,-,-,30.22270833,78.23418611,06-08-2026 10:00,1
1382,Doiwala (Bhogpur),Uttarakhand,5,Uttarakhand,49,Dehradun,-,-,-,-,-,-,-,-,-,30.22270833,78.23418611,06-08-2026 11:00,0.5
1383,Doiwala (Bhogpur),Uttarakhand,5,Uttarakhand,49,Dehradun,-,-,-,-,-,-,-,-,-,30.22270833,78.23418611,06-08-2026 12:00,4.5
1384,Doiwala (Bhogpur),Uttarakhand,5,Uttarakhand,49,Dehradun,-,-,-,-,-,-,-,-,-,30.22270833,78.23418611,06-08-2026 13:00,5.5
1385,Doiwala (Bhogpur),Uttarakhand,5,Uttarakhand,49,Dehradun,-,-,-,-,-,-,-,-,-,30.22270833,78.23418611,06-08-2026 14:00,0.5
1386,Doiwala (Bhogpur),Uttarakhand,5,Uttarakhand,49,Dehradun,-,-,-,-,-,-,-,-,-,30.22270833,78.23418611,06-08-2026 15:00,1
1387,Doiwala (Bhogpur),Uttarakhand,5,Uttarakhand,49,Dehradun,-,-,-,-,-,-,-,-,-,30.22270833,78.23418611,06-08-2026 16:00,2.5
1388,Doiwala (Bhogpur),Uttarakhand,5,Uttarakhand,49,Dehradun,-,-,-,-,-,-,-,-,-,30.22270833,78.23418611,06-08-2026 17:00,14.5
1389,Doiwala (Bhogpur),Uttarakhand,5,Uttarakhand,49,Dehradun,-,-,-,-,-,-,-,-,-,30.22270833,78.23418611,06-08-2026 18:00,2
1390,Doiwala (Bhogpur),Uttarakhand,5,Uttarakhand,49,Dehradun,-,-,-,-,-,-,-,-,-,30.22270833,78.23418611,06-08-2026 19:00,0.5
1391,Doiwala (Bhogpur),Uttarakhand,5,Uttarakhand,49,Dehradun,-,-,-,-,-,-,-,-,-,30.22270833,78.23418611,08-08-2026 18:00,7
1392,Doiwala (Bhogpur),Uttarakhand,5,Uttarakhand,49,Dehradun,-,-,-,-,-,-,-,-,-,30.22270833,78.23418611,08-08-2026 19:00,1
1393,Doiwala (Bhogpur),Uttarakhand,5,Uttarakhand,49,Dehradun,-,-,-,-,-,-,-,-,-,30.22270833,78.23418611,08-08-2026 21:00,1.5
1394,Doiwala (Bhogpur),Uttarakhand,5,Uttarakhand,49,Dehradun,-,-,-,-,-,-,-,-,-,30.22270833,78.23418611,09-08-2026 22:00,8.5
1395,Doiwala (Bhogpur),Uttarakhand,5,Uttarakhand,49,Dehradun,-,-,-,-,-,-,-,-,-,30.22270833,78.23418611,09-08-2026 23:00,0.5
1396,Doiwala (Bhogpur),Uttarakhand,5,Uttarakhand,49,Dehradun,-,-,-,-,-,-,-,-,-,30.22270833,78.23418611,10-08-2026 03:00,0.5
1397,Doiwala (Bhogpur),Uttarakhand,5,Uttarakhand,49,Dehradun,-,-,-,-,-,-,-,-,-,30.22270833,78.23418611,10-08-2026 07:00,2
1398,Doiwala (Bhogpur),Uttarakhand,5,Uttarakhand,49,Dehradun,-,-,-,-,-,-,-,-,-,30.22270833,78.23418611,10-08-2026 08:00,11.5
1399,Doiwala (Bhogpur),Uttarakhand,5,Uttarakhand,49,Dehradun,-,-,-,-,-,-,-,-,-,30.22270833,78.23418611,10-08-2026 09:00,3
1400,Doiwala (Bhogpur),Uttarakhand,5,Uttarakhand,49,Dehradun,-,-,-,-,-,-,-,-,-,30.22270833,78.23418611,10-08-2026 15:00,0.5
1401,Doiwala (Bhogpur),Uttarakhand,5,Uttarakhand,49,Dehradun,-,-,-,-,-,-,-,-,-,30.22270833,78.23418611,11-08-2026 15:00,10
1402,Doiwala (Bhogpur),Uttarakhand,5,Uttarakhand,49,Dehradun,-,-,-,-,-,-,-,-,-,30.22270833,78.23418611,11-08-2026 16:00,4
1403,Doiwala (Bhogpur),Uttarakhand,5,Uttarakhand,49,Dehradun,-,-,-,-,-,-,-,-,-,30.22270833,78.23418611,12-08-2026 18:00,3.5
1404,Doiwala (Bhogpur),Uttarakhand,5,Uttarakhand,49,Dehradun,-,-,-,-,-,-,-,-,-,30.22270833,78.23418611,12-08-2026 19:00,4
1405,Doiwala (Bhogpur),Uttarakhand,5,Uttarakhand,49,Dehradun,-,-,-,-,-,-,-,-,-,30.22270833,78.23418611,13-08-2026 15:00,2.5
1406,Doiwala (Bhogpur),Uttarakhand,5,Uttarakhand,49,Dehradun,-,-,-,-,-,-,-,-,-,30.22270833,78.23418611,14-08-2026 05:00,9.5
1407,Doiwala (Bhogpur),Uttarakhand,5,Uttarakhand,49,Dehradun,-,-,-,-,-,-,-,-,-,30.22270833,78.23418611,14-08-2026 06:00,21.5
1408,Doiwala (Bhogpur),Uttarakhand,5,Uttarakhand,49,Dehradun,-,-,-,-,-,-,-,-,-,30.22270833,78.23418611,14-08-2026 11:00,2
1409,Doiwala (Bhogpur),Uttarakhand,5,Uttarakhand,49,Dehradun,-,-,-,-,-,-,-,-,-,30.22270833,78.23418611,14-08-2026 12:00,15
1410,Doiwala (Bhogpur),Uttarakhand,5,Uttarakhand,49,Dehradun,-,-,-,-,-,-,-,-,-,30.22270833,78.23418611,14-08-2026 13:00,1
1411,Doiwala (Bhogpur),Uttarakhand,5,Uttarakhand,49,Dehradun,-,-,-,-,-,-,-,-,-,30.22270833,78.23418611,14-08-2026 14:00,0.5
1412,Doiwala (Bhogpur),Uttarakhand,5,Uttarakhand,49,Dehradun,-,-,-,-,-,-,-,-,-,30.22270833,78.23418611,14-08-2026 15:00,0.5
1413,Doiwala (Bhogpur),Uttarakhand,5,Uttarakhand,49,Dehradun,-,-,-,-,-,-,-,-,-,30.22270833,78.23418611,15-08-2026 03:00,2.5
1414,Doiwala (Bhogpur),Uttarakhand,5,Uttarakhand,49,Dehradun,-,-,-,-,-,-,-,-,-,30.22270833,78.23418611,15-08-2026 15:00,1.5
1415,Doiwala (Bhogpur),Uttarakhand,5,Uttarakhand,49,Dehradun,-,-,-,-,-,-,-,-,-,30.22270833,78.23418611,16-08-2026 01:00,1
1416,Doiwala (Bhogpur),Uttarakhand,5,Uttarakhand,49,Dehradun,-,-,-,-,-,-,-,-,-,30.22270833,78.23418611,16-08-2026 05:00,0.5
1417,Doiwala (Bhogpur),Uttarakhand,5,Uttarakhand,49,Dehradun,-,-,-,-,-,-,-,-,-,30.22270833,78.23418611,16-08-2026 06:00,0.5
1418,Doiwala (Bhogpur),Uttarakhand,5,Uttarakhand,49,Dehradun,-,-,-,-,-,-,-,-,-,30.22270833,78.23418611,16-08-2026 19:00,11
1419,Doiwala (Bhogpur),Uttarakhand,5,Uttarakhand,49,Dehradun,-,-,-,-,-,-,-,-,-,30.22270833,78.23418611,16-08-2026 20:00,6.5
1420,Doiwala (Bhogpur),Uttarakhand,5,Uttarakhand,49,Dehradun,-,-,-,-,-,-,-,-,-,30.22270833,78.23418611,16-08-2026 21:00,0.5
1421,Doiwala (Bhogpur),Uttarakhand,5,Uttarakhand,49,Dehradun,-,-,-,-,-,-,-,-,-,30.22270833,78.23418611,17-08-2026 15:00,13.5
1422,Doiwala (Bhogpur),Uttarakhand,5,Uttarakhand,49,Dehradun,-,-,-,-,-,-,-,-,-,30.22270833,78.23418611,17-08-2026 16:00,24.5
1423,Doiwala (Bhogpur),Uttarakhand,5,Uttarakhand,49,Dehradun,-,-,-,-,-,-,-,-,-,30.22270833,78.23418611,17-08-2026 17:00,2
1424,Doiwala (Bhogpur),Uttarakhand,5,Uttarakhand,49,Dehradun,-,-,-,-,-,-,-,-,-,30.22270833,78.23418611,17-08-2026 18:00,4.5
1425,Doiwala (Bhogpur),Uttarakhand,5,Uttarakhand,49,Dehradun,-,-,-,-,-,-,-,-,-,30.22270833,78.23418611,17-08-2026 19:00,1.5
1426,Doiwala (Bhogpur),Uttarakhand,5,Uttarakhand,49,Dehradun,-,-,-,-,-,-,-,-,-,30.22270833,78.23418611,17-08-2026 20:00,17
1427,Doiwala (Bhogpur),Uttarakhand,5,Uttarakhand,49,Dehradun,-,-,-,-,-,-,-,-,-,30.22270833,78.23418611,17-08-2026 21:00,3.5
1428,Doiwala (Bhogpur),Uttarakhand,5,Uttarakhand,49,Dehradun,-,-,-,-,-,-,-,-,-,30.22270833,78.23418611,17-08-2026 22:00,5.5
1429,Doiwala (Bhogpur),Uttarakhand,5,Uttarakhand,49,Dehradun,-,-,-,-,-,-,-,-,-,30.22270833,78.23418611,17-08-2026 23:00,4
1430,Doiwala (Bhogpur),Uttarakhand,5,Uttarakhand,49,Dehradun,-,-,-,-,-,-,-,-,-,30.22270833,78.23418611,18-08-2026 00:00,1
1431,Doiwala (Bhogpur),Uttarakhand,5,Uttarakhand,49,Dehradun,-,-,-,-,-,-,-,-,-,30.22270833,78.23418611,18-08-2026 10:00,6
1432,Doiwala (Bhogpur),Uttarakhand,5,Uttarakhand,49,Dehradun,-,-,-,-,-,-,-,-,-,30.22270833,78.23418611,18-08-2026 11:00,3.5
1433,Doiwala (Bhogpur),Uttarakhand,5,Uttarakhand,49,Dehradun,-,-,-,-,-,-,-,-,-,30.22270833,78.23418611,18-08-2026 12:00,7
1434,Doiwala (Bhogpur),Uttarakhand,5,Uttarakhand,49,Dehradun,-,-,-,-,-,-,-,-,-,30.22270833,78.23418611,18-08-2026 13:00,5
1435,Doiwala (Bhogpur),Uttarakhand,5,Uttarakhand,49,Dehradun,-,-,-,-,-,-,-,-,-,30.22270833,78.23418611,18-08-2026 14:00,0.5
1436,Doiwala (Bhogpur),Uttarakhand,5,Uttarakhand,49,Dehradun,-,-,-,-,-,-,-,-,-,30.22270833,78.23418611,19-08-2026 18:00,1
1437,Doiwala (Bhogpur),Uttarakhand,5,Uttarakhand,49,Dehradun,-,-,-,-,-,-,-,-,-,30.22270833,78.23418611,19-08-2026 19:00,22
1438,Doiwala (Bhogpur),Uttarakhand,5,Uttarakhand,49,Dehradun,-,-,-,-,-,-,-,-,-,30.22270833,78.23418611,19-08-2026 20:00,28.5
1439,Doiwala (Bhogpur),Uttarakhand,5,Uttarakhand,49,Dehradun,-,-,-,-,-,-,-,-,-,30.22270833,78.23418611,19-08-2026 21:00,3
1440,Doiwala (Bhogpur),Uttarakhand,5,Uttarakhand,49,Dehradun,-,-,-,-,-,-,-,-,-,30.22270833,78.23418611,19-08-2026 22:00,5
1441,Doiwala (Bhogpur),Uttarakhand,5,Uttarakhand,49,Dehradun,-,-,-,-,-,-,-,-,-,30.22270833,78.23418611,19-08-2026 23:00,1
1442,Doiwala (Bhogpur),Uttarakhand,5,Uttarakhand,49,Dehradun,-,-,-,-,-,-,-,-,-,30.22270833,78.23418611,20-08-2026 15:00,3
1443,Doiwala (Bhogpur),Uttarakhand,5,Uttarakhand,49,Dehradun,-,-,-,-,-,-,-,-,-,30.22270833,78.23418611,20-08-2026 16:00,6.5
1444,Doiwala (Bhogpur),Uttarakhand,5,Uttarakhand,49,Dehradun,-,-,-,-,-,-,-,-,-,30.22270833,78.23418611,20-08-2026 18:00,10.5
1445,Doiwala (Bhogpur),Uttarakhand,5,Uttarakhand,49,Dehradun,-,-,-,-,-,-,-,-,-,30.22270833,78.23418611,20-08-2026 19:00,10
1446,Doiwala (Bhogpur),Uttarakhand,5,Uttarakhand,49,Dehradun,-,-,-,-,-,-,-,-,-,30.22270833,78.23418611,20-08-2026 21:00,15
1447,Doiwala (Bhogpur),Uttarakhand,5,Uttarakhand,49,Dehradun,-,-,-,-,-,-,-,-,-,30.22270833,78.23418611,20-08-2026 22:00,12
1448,Doiwala (Bhogpur),Uttarakhand,5,Uttarakhand,49,Dehradun,-,-,-,-,-,-,-,-,-,30.22270833,78.23418611,20-08-2026 23:00,17
1449,Doiwala (Bhogpur),Uttarakhand,5,Uttarakhand,49,Dehradun,-,-,-,-,-,-,-,-,-,30.22270833,78.23418611,21-08-2026 00:00,0.5
1450,Doiwala (Bhogpur),Uttarakhand,5,Uttarakhand,49,Dehradun,-,-,-,-,-,-,-,-,-,30.22270833,78.23418611,21-08-2026 01:00,0.5
1451,Doiwala (Bhogpur),Uttarakhand,5,Uttarakhand,49,Dehradun,-,-,-,-,-,-,-,-,-,30.22270833,78.23418611,21-08-2026 04:00,1
1452,Doiwala (Bhogpur),Uttarakhand,5,Uttarakhand,49,Dehradun,-,-,-,-,-,-,-,-,-,30.22270833,78.23418611,21-08-2026 10:00,0.5
1453,Doiwala (Bhogpur),Uttarakhand,5,Uttarakhand,49,Dehradun,-,-,-,-,-,-,-,-,-,30.22270833,78.23418611,21-08-2026 18:00,7
1454,Doiwala (Bhogpur),Uttarakhand,5,Uttarakhand,49,Dehradun,-,-,-,-,-,-,-,-,-,30.22270833,78.23418611,21-08-2026 19:00,3
1455,Doiwala (Bhogpur),Uttarakhand,5,Uttarakhand,49,Dehradun,-,-,-,-,-,-,-,-,-,30.22270833,78.23418611,21-08-2026 20:00,0.5
1456,Doiwala (Bhogpur),Uttarakhand,5,Uttarakhand,49,Dehradun,-,-,-,-,-,-,-,-,-,30.22270833,78.23418611,22-08-2026 01:00,1
1457,Doiwala (Bhogpur),Uttarakhand,5,Uttarakhand,49,Dehradun,-,-,-,-,-,-,-,-,-,30.22270833,78.23418611,22-08-2026 22:00,0.5
1458,Doiwala (Bhogpur),Uttarakhand,5,Uttarakhand,49,Dehradun,-,-,-,-,-,-,-,-,-,30.22270833,78.23418611,22-08-2026 22:00,0.5
1459,Doiwala (Bhogpur),Uttarakhand,5,Uttarakhand,49,Dehradun,-,-,-,-,-,-,-,-,-,30.22270833,78.23418611,24-08-2026 17:00,13.5
1460,Doiwala (Bhogpur),Uttarakhand,5,Uttarakhand,49,Dehradun,-,-,-,-,-,-,-,-,-,30.22270833,78.23418611,24-08-2026 17:00,13.5
1461,Doiwala (Bhogpur),Uttarakhand,5,Uttarakhand,49,Dehradun,-,-,-,-,-,-,-,-,-,30.22270833,78.23418611,24-08-2026 18:00,0.5
1462,Doiwala (Bhogpur),Uttarakhand,5,Uttarakhand,49,Dehradun,-,-,-,-,-,-,-,-,-,30.22270833,78.23418611,24-08-2026 18:00,0.5
1463,Doiwala (Bhogpur),Uttarakhand,5,Uttarakhand,49,Dehradun,-,-,-,-,-,-,-,-,-,30.22270833,78.23418611,25-08-2026 13:00,8.5
1464,Doiwala (Bhogpur),Uttarakhand,5,Uttarakhand,49,Dehradun,-,-,-,-,-,-,-,-,-,30.22270833,78.23418611,25-08-2026 13:00,8.5
1465,Doiwala (Bhogpur),Uttarakhand,5,Uttarakhand,49,Dehradun,-,-,-,-,-,-,-,-,-,30.22270833,78.23418611,25-08-2026 16:00,2
1466,Doiwala (Bhogpur),Uttarakhand,5,Uttarakhand,49,Dehradun,-,-,-,-,-,-,-,-,-,30.22270833,78.23418611,25-08-2026 16:00,2
1467,Doiwala (Bhogpur),Uttarakhand,5,Uttarakhand,49,Dehradun,-,-,-,-,-,-,-,-,-,30.22270833,78.23418611,26-08-2026 18:00,0.5
1468,Doiwala (Bhogpur),Uttarakhand,5,Uttarakhand,49,Dehradun,-,-,-,-,-,-,-,-,-,30.22270833,78.23418611,26-08-2026 18:00,0.5
1469,Doiwala (Bhogpur),Uttarakhand,5,Uttarakhand,49,Dehradun,-,-,-,-,-,-,-,-,-,30.22270833,78.23418611,27-08-2026 02:00,4.5
1470,Doiwala (Bhogpur),Uttarakhand,5,Uttarakhand,49,Dehradun,-,-,-,-,-,-,-,-,-,30.22270833,78.23418611,27-08-2026 03:00,30
1471,Dugadda (Khoh),Uttarakhand,5,Uttarakhand,52,PAURI GARHWAL,-,-,-,-,-,-,-,-,-,29.75108333,78.52341667,01-02-2026 08:00,0.5
1472,Dugadda (Khoh),Uttarakhand,5,Uttarakhand,52,PAURI GARHWAL,-,-,-,-,-,-,-,-,-,29.75108333,78.52341667,08-02-2026 21:00,1
1473,Dugadda (Khoh),Uttarakhand,5,Uttarakhand,52,PAURI GARHWAL,-,-,-,-,-,-,-,-,-,29.75108333,78.52341667,13-02-2026 22:00,221
1474,Dugadda (Khoh),Uttarakhand,5,Uttarakhand,52,PAURI GARHWAL,-,-,-,-,-,-,-,-,-,29.75108333,78.52341667,19-03-2026 17:00,0.5
1475,Dugadda (Khoh),Uttarakhand,5,Uttarakhand,52,PAURI GARHWAL,-,-,-,-,-,-,-,-,-,29.75108333,78.52341667,19-03-2026 19:00,0.5
1476,Dugadda (Khoh),Uttarakhand,5,Uttarakhand,52,PAURI GARHWAL,-,-,-,-,-,-,-,-,-,29.75108333,78.52341667,20-03-2026 07:00,0.5
1477,Dugadda (Khoh),Uttarakhand,5,Uttarakhand,52,PAURI GARHWAL,-,-,-,-,-,-,-,-,-,29.75108333,78.52341667,20-03-2026 13:00,0.5
1478,Dugadda (Khoh),Uttarakhand,5,Uttarakhand,52,PAURI GARHWAL,-,-,-,-,-,-,-,-,-,29.75108333,78.52341667,20-03-2026 17:00,0.5
1479,Dugadda (Khoh),Uttarakhand,5,Uttarakhand,52,PAURI GARHWAL,-,-,-,-,-,-,-,-,-,29.75108333,78.52341667,21-03-2026 18:00,0.5
1480,Dugadda (Khoh),Uttarakhand,5,Uttarakhand,52,PAURI GARHWAL,-,-,-,-,-,-,-,-,-,29.75108333,78.52341667,26-04-2026 15:00,48
1481,Dugadda (Khoh),Uttarakhand,5,Uttarakhand,52,PAURI GARHWAL,-,-,-,-,-,-,-,-,-,29.75108333,78.52341667,29-04-2026 11:00,36
1482,Dugadda (Khoh),Uttarakhand,5,Uttarakhand,52,PAURI GARHWAL,-,-,-,-,-,-,-,-,-,29.75108333,78.52341667,30-04-2026 18:00,1
1483,Dugadda (Khoh),Uttarakhand,5,Uttarakhand,52,PAURI GARHWAL,-,-,-,-,-,-,-,-,-,29.75108333,78.52341667,30-04-2026 19:00,0.5
1484,Dugadda (Khoh),Uttarakhand,5,Uttarakhand,52,PAURI GARHWAL,-,-,-,-,-,-,-,-,-,29.75108333,78.52341667,30-04-2026 20:00,0.5
1485,Dugadda (Khoh),Uttarakhand,5,Uttarakhand,52,PAURI GARHWAL,-,-,-,-,-,-,-,-,-,29.75108333,78.52341667,30-04-2026 21:00,0.5
1486,Dugadda (Khoh),Uttarakhand,5,Uttarakhand,52,PAURI GARHWAL,-,-,-,-,-,-,-,-,-,29.75108333,78.52341667,30-04-2026 23:00,0.5
1487,Dugadda (Khoh),Uttarakhand,5,Uttarakhand,52,PAURI GARHWAL,-,-,-,-,-,-,-,-,-,29.75108333,78.52341667,11-06-2026 10:00,0.5
1488,Dugadda (Khoh),Uttarakhand,5,Uttarakhand,52,PAURI GARHWAL,-,-,-,-,-,-,-,-,-,29.75108333,78.52341667,11-06-2026 12:00,0.5
1489,Dugadda (Khoh),Uttarakhand,5,Uttarakhand,52,PAURI GARHWAL,-,-,-,-,-,-,-,-,-,29.75108333,78.52341667,12-06-2026 00:00,0.5
1490,Dugadda (Khoh),Uttarakhand,5,Uttarakhand,52,PAURI GARHWAL,-,-,-,-,-,-,-,-,-,29.75108333,78.52341667,12-06-2026 01:00,0.5
1491,Dugadda (Khoh),Uttarakhand,5,Uttarakhand,52,PAURI GARHWAL,-,-,-,-,-,-,-,-,-,29.75108333,78.52341667,12-06-2026 03:00,0.5
1492,Dugadda (Khoh),Uttarakhand,5,Uttarakhand,52,PAURI GARHWAL,-,-,-,-,-,-,-,-,-,29.75108333,78.52341667,12-06-2026 04:00,0.5
1493,Dugadda (Khoh),Uttarakhand,5,Uttarakhand,52,PAURI GARHWAL,-,-,-,-,-,-,-,-,-,29.75108333,78.52341667,12-06-2026 09:00,0.5
1494,Dugadda (Khoh),Uttarakhand,5,Uttarakhand,52,PAURI GARHWAL,-,-,-,-,-,-,-,-,-,29.75108333,78.52341667,28-06-2026 11:00,0.5
1495,Dugadda (Khoh),Uttarakhand,5,Uttarakhand,52,PAURI GARHWAL,-,-,-,-,-,-,-,-,-,29.75108333,78.52341667,28-06-2026 21:00,0.5
1496,Dugadda (Khoh),Uttarakhand,5,Uttarakhand,52,PAURI GARHWAL,-,-,-,-,-,-,-,-,-,29.75108333,78.52341667,30-06-2026 14:00,0.5
1497,Dugadda (Khoh),Uttarakhand,5,Uttarakhand,52,PAURI GARHWAL,-,-,-,-,-,-,-,-,-,29.75108333,78.52341667,01-07-2026 11:00,0.5
1498,Dugadda (Khoh),Uttarakhand,5,Uttarakhand,52,PAURI GARHWAL,-,-,-,-,-,-,-,-,-,29.75108333,78.52341667,02-07-2026 14:00,0.5
1499,Dugadda (Khoh),Uttarakhand,5,Uttarakhand,52,PAURI GARHWAL,-,-,-,-,-,-,-,-,-,29.75108333,78.52341667,03-07-2026 13:00,0.5
1500,Dugadda (Khoh),Uttarakhand,5,Uttarakhand,52,PAURI GARHWAL,-,-,-,-,-,-,-,-,-,29.75108333,78.52341667,04-07-2026 11:00,0.5
1501,Dugadda (Khoh),Uttarakhand,5,Uttarakhand,52,PAURI GARHWAL,-,-,-,-,-,-,-,-,-,29.75108333,78.52341667,07-07-2026 08:00,0.5
1502,Dugadda (Khoh),Uttarakhand,5,Uttarakhand,52,PAURI GARHWAL,-,-,-,-,-,-,-,-,-,29.75108333,78.52341667,08-07-2026 14:00,0.5
1503,Dugadda (Khoh),Uttarakhand,5,Uttarakhand,52,PAURI GARHWAL,-,-,-,-,-,-,-,-,-,29.75108333,78.52341667,09-07-2026 12:00,0.5
1504,Dugadda (Khoh),Uttarakhand,5,Uttarakhand,52,PAURI GARHWAL,-,-,-,-,-,-,-,-,-,29.75108333,78.52341667,10-07-2026 16:00,0.5
1505,Dugadda (Khoh),Uttarakhand,5,Uttarakhand,52,PAURI GARHWAL,-,-,-,-,-,-,-,-,-,29.75108333,78.52341667,11-07-2026 22:00,0.5
1506,Dugadda (Khoh),Uttarakhand,5,Uttarakhand,52,PAURI GARHWAL,-,-,-,-,-,-,-,-,-,29.75108333,78.52341667,15-07-2026 10:00,0.5
1507,Dugadda (Khoh),Uttarakhand,5,Uttarakhand,52,PAURI GARHWAL,-,-,-,-,-,-,-,-,-,29.75108333,78.52341667,17-07-2026 18:00,0.5
1508,Dugadda (Khoh),Uttarakhand,5,Uttarakhand,52,PAURI GARHWAL,-,-,-,-,-,-,-,-,-,29.75108333,78.52341667,17-07-2026 22:00,0.5
1509,Dugadda (Khoh),Uttarakhand,5,Uttarakhand,52,PAURI GARHWAL,-,-,-,-,-,-,-,-,-,29.75108333,78.52341667,19-07-2026 20:00,0.5
1510,Dugadda (Khoh),Uttarakhand,5,Uttarakhand,52,PAURI GARHWAL,-,-,-,-,-,-,-,-,-,29.75108333,78.52341667,21-07-2026 04:00,0.5
1511,Dugadda (Khoh),Uttarakhand,5,Uttarakhand,52,PAURI GARHWAL,-,-,-,-,-,-,-,-,-,29.75108333,78.52341667,24-07-2026 14:00,0.5
1512,Dugadda (Khoh),Uttarakhand,5,Uttarakhand,52,PAURI GARHWAL,-,-,-,-,-,-,-,-,-,29.75108333,78.52341667,25-07-2026 23:00,0.5
1513,Dugadda (Khoh),Uttarakhand,5,Uttarakhand,52,PAURI GARHWAL,-,-,-,-,-,-,-,-,-,29.75108333,78.52341667,30-07-2026 16:00,0.5
1514,Dugadda (Khoh),Uttarakhand,5,Uttarakhand,52,PAURI GARHWAL,-,-,-,-,-,-,-,-,-,29.75108333,78.52341667,02-08-2026 05:00,0.5
1515,Dugadda (Khoh),Uttarakhand,5,Uttarakhand,52,PAURI GARHWAL,-,-,-,-,-,-,-,-,-,29.75108333,78.52341667,03-08-2026 04:00,0.5
1516,Dugadda (Khoh),Uttarakhand,5,Uttarakhand,52,PAURI GARHWAL,-,-,-,-,-,-,-,-,-,29.75108333,78.52341667,04-08-2026 13:00,0.5
1517,Dugadda (Khoh),Uttarakhand,5,Uttarakhand,52,PAURI GARHWAL,-,-,-,-,-,-,-,-,-,29.75108333,78.52341667,05-08-2026 13:00,0.5
1518,Dugadda (Khoh),Uttarakhand,5,Uttarakhand,52,PAURI GARHWAL,-,-,-,-,-,-,-,-,-,29.75108333,78.52341667,06-08-2026 13:00,0.5
1519,Dugadda (Khoh),Uttarakhand,5,Uttarakhand,52,PAURI GARHWAL,-,-,-,-,-,-,-,-,-,29.75108333,78.52341667,07-08-2026 16:00,0.5
1520,Dugadda (Khoh),Uttarakhand,5,Uttarakhand,52,PAURI GARHWAL,-,-,-,-,-,-,-,-,-,29.75108333,78.52341667,08-08-2026 23:00,0.5
1521,Dugadda (Khoh),Uttarakhand,5,Uttarakhand,52,PAURI GARHWAL,-,-,-,-,-,-,-,-,-,29.75108333,78.52341667,10-08-2026 04:00,0.5
1522,Dugadda (Khoh),Uttarakhand,5,Uttarakhand,52,PAURI GARHWAL,-,-,-,-,-,-,-,-,-,29.75108333,78.52341667,11-08-2026 10:00,0.5
1523,Dugadda (Khoh),Uttarakhand,5,Uttarakhand,52,PAURI GARHWAL,-,-,-,-,-,-,-,-,-,29.75108333,78.52341667,12-08-2026 12:00,0.5
1524,Dugadda (Khoh),Uttarakhand,5,Uttarakhand,52,PAURI GARHWAL,-,-,-,-,-,-,-,-,-,29.75108333,78.52341667,14-08-2026 10:00,0.5
1525,Dugadda (Khoh),Uttarakhand,5,Uttarakhand,52,PAURI GARHWAL,-,-,-,-,-,-,-,-,-,29.75108333,78.52341667,14-08-2026 20:00,0.5
1526,Dugadda (Khoh),Uttarakhand,5,Uttarakhand,52,PAURI GARHWAL,-,-,-,-,-,-,-,-,-,29.75108333,78.52341667,16-08-2026 01:00,0.5
1527,Dugadda (Khoh),Uttarakhand,5,Uttarakhand,52,PAURI GARHWAL,-,-,-,-,-,-,-,-,-,29.75108333,78.52341667,17-08-2026 08:00,0.5
1528,Dugadda (Khoh),Uttarakhand,5,Uttarakhand,52,PAURI GARHWAL,-,-,-,-,-,-,-,-,-,29.75108333,78.52341667,18-08-2026 17:00,0.5
1529,Dugadda (Khoh),Uttarakhand,5,Uttarakhand,52,PAURI GARHWAL,-,-,-,-,-,-,-,-,-,29.75108333,78.52341667,20-08-2026 13:00,0.5
1530,Dugadda (Khoh),Uttarakhand,5,Uttarakhand,52,PAURI GARHWAL,-,-,-,-,-,-,-,-,-,29.75108333,78.52341667,22-08-2026 12:00,0.5
1531,Dugadda (Khoh),Uttarakhand,5,Uttarakhand,52,PAURI GARHWAL,-,-,-,-,-,-,-,-,-,29.75108333,78.52341667,22-08-2026 12:00,0.5
1532,Dugadda (Khoh),Uttarakhand,5,Uttarakhand,52,PAURI GARHWAL,-,-,-,-,-,-,-,-,-,29.75108333,78.52341667,24-08-2026 17:00,0.5
1533,Dugadda (Khoh),Uttarakhand,5,Uttarakhand,52,PAURI GARHWAL,-,-,-,-,-,-,-,-,-,29.75108333,78.52341667,24-08-2026 17:00,0.5
1534,Dugadda (Khoh),Uttarakhand,5,Uttarakhand,52,PAURI GARHWAL,-,-,-,-,-,-,-,-,-,29.75108333,78.52341667,24-08-2026 18:00,0.5
1535,Dugadda (Khoh),Uttarakhand,5,Uttarakhand,52,PAURI GARHWAL,-,-,-,-,-,-,-,-,-,29.75108333,78.52341667,24-08-2026 18:00,0.5
1536,Dugadda (Khoh),Uttarakhand,5,Uttarakhand,52,PAURI GARHWAL,-,-,-,-,-,-,-,-,-,29.75108333,78.52341667,24-08-2026 19:00,0.5
1537,Dugadda (Khoh),Uttarakhand,5,Uttarakhand,52,PAURI GARHWAL,-,-,-,-,-,-,-,-,-,29.75108333,78.52341667,24-08-2026 19:00,0.5
1538,Dugadda (Khoh),Uttarakhand,5,Uttarakhand,52,PAURI GARHWAL,-,-,-,-,-,-,-,-,-,29.75108333,78.52341667,25-08-2026 00:00,0.5
1539,Dugadda (Khoh),Uttarakhand,5,Uttarakhand,52,PAURI GARHWAL,-,-,-,-,-,-,-,-,-,29.75108333,78.52341667,25-08-2026 00:00,0.5
1540,Dugadda (Khoh),Uttarakhand,5,Uttarakhand,52,PAURI GARHWAL,-,-,-,-,-,-,-,-,-,29.75108333,78.52341667,25-08-2026 13:00,0.5
1541,Dugadda (Khoh),Uttarakhand,5,Uttarakhand,52,PAURI GARHWAL,-,-,-,-,-,-,-,-,-,29.75108333,78.52341667,25-08-2026 13:00,0.5
1542,Dugadda (Khoh),Uttarakhand,5,Uttarakhand,52,PAURI GARHWAL,-,-,-,-,-,-,-,-,-,29.75108333,78.52341667,27-08-2026 00:00,0.5
1543,Gadarpur,Uttarakhand,5,Uttarakhand,56,UDHAM SINGH NAGAR,Gadarpur,-,-,-,-,-,-,-,-,29.04324167,79.24461944,28-01-2026 08:00,0.5
1544,Gadarpur,Uttarakhand,5,Uttarakhand,56,UDHAM SINGH NAGAR,Gadarpur,-,-,-,-,-,-,-,-,29.04324167,79.24461944,01-02-2026 07:00,1.5
1545,Gadarpur,Uttarakhand,5,Uttarakhand,56,UDHAM SINGH NAGAR,Gadarpur,-,-,-,-,-,-,-,-,29.04324167,79.24461944,01-02-2026 09:00,0.5
1546,Gadarpur,Uttarakhand,5,Uttarakhand,56,UDHAM SINGH NAGAR,Gadarpur,-,-,-,-,-,-,-,-,29.04324167,79.24461944,01-02-2026 21:00,0.5
1547,Gadarpur,Uttarakhand,5,Uttarakhand,56,UDHAM SINGH NAGAR,Gadarpur,-,-,-,-,-,-,-,-,29.04324167,79.24461944,06-02-2026 08:00,66
1548,Gadarpur,Uttarakhand,5,Uttarakhand,56,UDHAM SINGH NAGAR,Gadarpur,-,-,-,-,-,-,-,-,29.04324167,79.24461944,26-02-2026 10:00,144
1549,Gadarpur,Uttarakhand,5,Uttarakhand,56,UDHAM SINGH NAGAR,Gadarpur,-,-,-,-,-,-,-,-,29.04324167,79.24461944,20-03-2026 03:00,1.5
1550,Gadarpur,Uttarakhand,5,Uttarakhand,56,UDHAM SINGH NAGAR,Gadarpur,-,-,-,-,-,-,-,-,29.04324167,79.24461944,20-03-2026 04:00,0.5
1551,Gadarpur,Uttarakhand,5,Uttarakhand,56,UDHAM SINGH NAGAR,Gadarpur,-,-,-,-,-,-,-,-,29.04324167,79.24461944,20-03-2026 09:00,0.5
1552,Gadarpur,Uttarakhand,5,Uttarakhand,56,UDHAM SINGH NAGAR,Gadarpur,-,-,-,-,-,-,-,-,29.04324167,79.24461944,20-03-2026 11:00,3.5
1553,Gadarpur,Uttarakhand,5,Uttarakhand,56,UDHAM SINGH NAGAR,Gadarpur,-,-,-,-,-,-,-,-,29.04324167,79.24461944,20-03-2026 12:00,1
1554,Gadarpur,Uttarakhand,5,Uttarakhand,56,UDHAM SINGH NAGAR,Gadarpur,-,-,-,-,-,-,-,-,29.04324167,79.24461944,20-03-2026 13:00,2
1555,Gadarpur,Uttarakhand,5,Uttarakhand,56,UDHAM SINGH NAGAR,Gadarpur,-,-,-,-,-,-,-,-,29.04324167,79.24461944,20-03-2026 14:00,0.5
1556,Gadarpur,Uttarakhand,5,Uttarakhand,56,UDHAM SINGH NAGAR,Gadarpur,-,-,-,-,-,-,-,-,29.04324167,79.24461944,21-03-2026 03:00,0.5
1557,Gadarpur,Uttarakhand,5,Uttarakhand,56,UDHAM SINGH NAGAR,Gadarpur,-,-,-,-,-,-,-,-,29.04324167,79.24461944,17-04-2026 20:00,18
1558,Gadarpur,Uttarakhand,5,Uttarakhand,56,UDHAM SINGH NAGAR,Gadarpur,-,-,-,-,-,-,-,-,29.04324167,79.24461944,12-06-2026 01:00,29
1559,Gadarpur,Uttarakhand,5,Uttarakhand,56,UDHAM SINGH NAGAR,Gadarpur,-,-,-,-,-,-,-,-,29.04324167,79.24461944,12-06-2026 02:00,5.5
1560,Gadarpur,Uttarakhand,5,Uttarakhand,56,UDHAM SINGH NAGAR,Gadarpur,-,-,-,-,-,-,-,-,29.04324167,79.24461944,12-06-2026 03:00,39
1561,Gadarpur,Uttarakhand,5,Uttarakhand,56,UDHAM SINGH NAGAR,Gadarpur,-,-,-,-,-,-,-,-,29.04324167,79.24461944,12-06-2026 04:00,9.5
1562,Gadarpur,Uttarakhand,5,Uttarakhand,56,UDHAM SINGH NAGAR,Gadarpur,-,-,-,-,-,-,-,-,29.04324167,79.24461944,12-06-2026 05:00,0.5
1563,Gadarpur,Uttarakhand,5,Uttarakhand,56,UDHAM SINGH NAGAR,Gadarpur,-,-,-,-,-,-,-,-,29.04324167,79.24461944,30-06-2026 04:00,0.5
1564,Gadarpur,Uttarakhand,5,Uttarakhand,56,UDHAM SINGH NAGAR,Gadarpur,-,-,-,-,-,-,-,-,29.04324167,79.24461944,30-06-2026 05:00,24.5
1565,Gadarpur,Uttarakhand,5,Uttarakhand,56,UDHAM SINGH NAGAR,Gadarpur,-,-,-,-,-,-,-,-,29.04324167,79.24461944,30-06-2026 06:00,22.5
1566,Gadarpur,Uttarakhand,5,Uttarakhand,56,UDHAM SINGH NAGAR,Gadarpur,-,-,-,-,-,-,-,-,29.04324167,79.24461944,30-06-2026 07:00,14
1567,Gadarpur,Uttarakhand,5,Uttarakhand,56,UDHAM SINGH NAGAR,Gadarpur,-,-,-,-,-,-,-,-,29.04324167,79.24461944,30-06-2026 08:00,1.5
1568,Gadarpur,Uttarakhand,5,Uttarakhand,56,UDHAM SINGH NAGAR,Gadarpur,-,-,-,-,-,-,-,-,29.04324167,79.24461944,30-06-2026 09:00,2
1569,Gadarpur,Uttarakhand,5,Uttarakhand,56,UDHAM SINGH NAGAR,Gadarpur,-,-,-,-,-,-,-,-,29.04324167,79.24461944,30-06-2026 10:00,2
1570,Gadarpur,Uttarakhand,5,Uttarakhand,56,UDHAM SINGH NAGAR,Gadarpur,-,-,-,-,-,-,-,-,29.04324167,79.24461944,30-06-2026 11:00,1.5
1571,Gadarpur,Uttarakhand,5,Uttarakhand,56,UDHAM SINGH NAGAR,Gadarpur,-,-,-,-,-,-,-,-,29.04324167,79.24461944,30-06-2026 12:00,0.5
1572,Gadarpur,Uttarakhand,5,Uttarakhand,56,UDHAM SINGH NAGAR,Gadarpur,-,-,-,-,-,-,-,-,29.04324167,79.24461944,30-06-2026 15:00,0.5
1573,Gadarpur,Uttarakhand,5,Uttarakhand,56,UDHAM SINGH NAGAR,Gadarpur,-,-,-,-,-,-,-,-,29.04324167,79.24461944,30-06-2026 16:00,0.5
1574,Gadarpur,Uttarakhand,5,Uttarakhand,56,UDHAM SINGH NAGAR,Gadarpur,-,-,-,-,-,-,-,-,29.04324167,79.24461944,01-07-2026 07:00,0.5
1575,Gadarpur,Uttarakhand,5,Uttarakhand,56,UDHAM SINGH NAGAR,Gadarpur,-,-,-,-,-,-,-,-,29.04324167,79.24461944,01-07-2026 12:00,8
1576,Gadarpur,Uttarakhand,5,Uttarakhand,56,UDHAM SINGH NAGAR,Gadarpur,-,-,-,-,-,-,-,-,29.04324167,79.24461944,01-07-2026 13:00,4
1577,Gadarpur,Uttarakhand,5,Uttarakhand,56,UDHAM SINGH NAGAR,Gadarpur,-,-,-,-,-,-,-,-,29.04324167,79.24461944,01-07-2026 14:00,1.5
1578,Gadarpur,Uttarakhand,5,Uttarakhand,56,UDHAM SINGH NAGAR,Gadarpur,-,-,-,-,-,-,-,-,29.04324167,79.24461944,02-07-2026 04:00,2.5
1579,Gadarpur,Uttarakhand,5,Uttarakhand,56,UDHAM SINGH NAGAR,Gadarpur,-,-,-,-,-,-,-,-,29.04324167,79.24461944,02-07-2026 05:00,2
1580,Gadarpur,Uttarakhand,5,Uttarakhand,56,UDHAM SINGH NAGAR,Gadarpur,-,-,-,-,-,-,-,-,29.04324167,79.24461944,07-07-2026 09:00,2
1581,Gadarpur,Uttarakhand,5,Uttarakhand,56,UDHAM SINGH NAGAR,Gadarpur,-,-,-,-,-,-,-,-,29.04324167,79.24461944,07-07-2026 10:00,1
1582,Gadarpur,Uttarakhand,5,Uttarakhand,56,UDHAM SINGH NAGAR,Gadarpur,-,-,-,-,-,-,-,-,29.04324167,79.24461944,07-07-2026 11:00,1.5
1583,Gadarpur,Uttarakhand,5,Uttarakhand,56,UDHAM SINGH NAGAR,Gadarpur,-,-,-,-,-,-,-,-,29.04324167,79.24461944,08-07-2026 01:00,0.5
1584,Gadarpur,Uttarakhand,5,Uttarakhand,56,UDHAM SINGH NAGAR,Gadarpur,-,-,-,-,-,-,-,-,29.04324167,79.24461944,08-07-2026 07:00,4
1585,Gadarpur,Uttarakhand,5,Uttarakhand,56,UDHAM SINGH NAGAR,Gadarpur,-,-,-,-,-,-,-,-,29.04324167,79.24461944,08-07-2026 09:00,4.5
1586,Gadarpur,Uttarakhand,5,Uttarakhand,56,UDHAM SINGH NAGAR,Gadarpur,-,-,-,-,-,-,-,-,29.04324167,79.24461944,08-07-2026 10:00,5
1587,Gadarpur,Uttarakhand,5,Uttarakhand,56,UDHAM SINGH NAGAR,Gadarpur,-,-,-,-,-,-,-,-,29.04324167,79.24461944,08-07-2026 18:00,2
1588,Gadarpur,Uttarakhand,5,Uttarakhand,56,UDHAM SINGH NAGAR,Gadarpur,-,-,-,-,-,-,-,-,29.04324167,79.24461944,08-07-2026 19:00,0.5
1589,Gadarpur,Uttarakhand,5,Uttarakhand,56,UDHAM SINGH NAGAR,Gadarpur,-,-,-,-,-,-,-,-,29.04324167,79.24461944,08-07-2026 21:00,3
1590,Gadarpur,Uttarakhand,5,Uttarakhand,56,UDHAM SINGH NAGAR,Gadarpur,-,-,-,-,-,-,-,-,29.04324167,79.24461944,08-07-2026 22:00,9
1591,Gadarpur,Uttarakhand,5,Uttarakhand,56,UDHAM SINGH NAGAR,Gadarpur,-,-,-,-,-,-,-,-,29.04324167,79.24461944,08-07-2026 23:00,0.5
1592,Gadarpur,Uttarakhand,5,Uttarakhand,56,UDHAM SINGH NAGAR,Gadarpur,-,-,-,-,-,-,-,-,29.04324167,79.24461944,09-07-2026 01:00,1.5
1593,Gadarpur,Uttarakhand,5,Uttarakhand,56,UDHAM SINGH NAGAR,Gadarpur,-,-,-,-,-,-,-,-,29.04324167,79.24461944,09-07-2026 02:00,4.5
1594,Gadarpur,Uttarakhand,5,Uttarakhand,56,UDHAM SINGH NAGAR,Gadarpur,-,-,-,-,-,-,-,-,29.04324167,79.24461944,09-07-2026 03:00,0.5
1595,Gadarpur,Uttarakhand,5,Uttarakhand,56,UDHAM SINGH NAGAR,Gadarpur,-,-,-,-,-,-,-,-,29.04324167,79.24461944,09-07-2026 04:00,0.5
1596,Gadarpur,Uttarakhand,5,Uttarakhand,56,UDHAM SINGH NAGAR,Gadarpur,-,-,-,-,-,-,-,-,29.04324167,79.24461944,09-07-2026 08:00,1
1597,Gadarpur,Uttarakhand,5,Uttarakhand,56,UDHAM SINGH NAGAR,Gadarpur,-,-,-,-,-,-,-,-,29.04324167,79.24461944,09-07-2026 11:00,0.5
1598,Gadarpur,Uttarakhand,5,Uttarakhand,56,UDHAM SINGH NAGAR,Gadarpur,-,-,-,-,-,-,-,-,29.04324167,79.24461944,09-07-2026 17:00,0.5
1599,Gadarpur,Uttarakhand,5,Uttarakhand,56,UDHAM SINGH NAGAR,Gadarpur,-,-,-,-,-,-,-,-,29.04324167,79.24461944,09-07-2026 18:00,0.5
1600,Gadarpur,Uttarakhand,5,Uttarakhand,56,UDHAM SINGH NAGAR,Gadarpur,-,-,-,-,-,-,-,-,29.04324167,79.24461944,10-07-2026 09:00,1
1601,Gadarpur,Uttarakhand,5,Uttarakhand,56,UDHAM SINGH NAGAR,Gadarpur,-,-,-,-,-,-,-,-,29.04324167,79.24461944,10-07-2026 10:00,2.5
1602,Gadarpur,Uttarakhand,5,Uttarakhand,56,UDHAM SINGH NAGAR,Gadarpur,-,-,-,-,-,-,-,-,29.04324167,79.24461944,10-07-2026 15:00,0.5
1603,Gadarpur,Uttarakhand,5,Uttarakhand,56,UDHAM SINGH NAGAR,Gadarpur,-,-,-,-,-,-,-,-,29.04324167,79.24461944,10-07-2026 16:00,0.5
1604,Gadarpur,Uttarakhand,5,Uttarakhand,56,UDHAM SINGH NAGAR,Gadarpur,-,-,-,-,-,-,-,-,29.04324167,79.24461944,10-07-2026 17:00,0.5
1605,Gadarpur,Uttarakhand,5,Uttarakhand,56,UDHAM SINGH NAGAR,Gadarpur,-,-,-,-,-,-,-,-,29.04324167,79.24461944,11-07-2026 05:00,0.5
1606,Gadarpur,Uttarakhand,5,Uttarakhand,56,UDHAM SINGH NAGAR,Gadarpur,-,-,-,-,-,-,-,-,29.04324167,79.24461944,11-07-2026 06:00,0.5
1607,Gadarpur,Uttarakhand,5,Uttarakhand,56,UDHAM SINGH NAGAR,Gadarpur,-,-,-,-,-,-,-,-,29.04324167,79.24461944,11-07-2026 09:00,0.5
1608,Gadarpur,Uttarakhand,5,Uttarakhand,56,UDHAM SINGH NAGAR,Gadarpur,-,-,-,-,-,-,-,-,29.04324167,79.24461944,12-07-2026 05:00,3.5
1609,Gadarpur,Uttarakhand,5,Uttarakhand,56,UDHAM SINGH NAGAR,Gadarpur,-,-,-,-,-,-,-,-,29.04324167,79.24461944,12-07-2026 06:00,17
1610,Gadarpur,Uttarakhand,5,Uttarakhand,56,UDHAM SINGH NAGAR,Gadarpur,-,-,-,-,-,-,-,-,29.04324167,79.24461944,12-07-2026 07:00,1
1611,Gadarpur,Uttarakhand,5,Uttarakhand,56,UDHAM SINGH NAGAR,Gadarpur,-,-,-,-,-,-,-,-,29.04324167,79.24461944,18-07-2026 05:00,2.5
1612,Gadarpur,Uttarakhand,5,Uttarakhand,56,UDHAM SINGH NAGAR,Gadarpur,-,-,-,-,-,-,-,-,29.04324167,79.24461944,18-07-2026 07:00,0.5
1613,Gadarpur,Uttarakhand,5,Uttarakhand,56,UDHAM SINGH NAGAR,Gadarpur,-,-,-,-,-,-,-,-,29.04324167,79.24461944,18-07-2026 08:00,0.5
1614,Gadarpur,Uttarakhand,5,Uttarakhand,56,UDHAM SINGH NAGAR,Gadarpur,-,-,-,-,-,-,-,-,29.04324167,79.24461944,18-07-2026 22:00,7.5
1615,Gadarpur,Uttarakhand,5,Uttarakhand,56,UDHAM SINGH NAGAR,Gadarpur,-,-,-,-,-,-,-,-,29.04324167,79.24461944,18-07-2026 23:00,1.5
1616,Gadarpur,Uttarakhand,5,Uttarakhand,56,UDHAM SINGH NAGAR,Gadarpur,-,-,-,-,-,-,-,-,29.04324167,79.24461944,19-07-2026 01:00,2.5
1617,Gadarpur,Uttarakhand,5,Uttarakhand,56,UDHAM SINGH NAGAR,Gadarpur,-,-,-,-,-,-,-,-,29.04324167,79.24461944,19-07-2026 03:00,0.5
1618,Gadarpur,Uttarakhand,5,Uttarakhand,56,UDHAM SINGH NAGAR,Gadarpur,-,-,-,-,-,-,-,-,29.04324167,79.24461944,19-07-2026 04:00,3.5
1619,Gadarpur,Uttarakhand,5,Uttarakhand,56,UDHAM SINGH NAGAR,Gadarpur,-,-,-,-,-,-,-,-,29.04324167,79.24461944,19-07-2026 05:00,1.5
1620,Gadarpur,Uttarakhand,5,Uttarakhand,56,UDHAM SINGH NAGAR,Gadarpur,-,-,-,-,-,-,-,-,29.04324167,79.24461944,19-07-2026 06:00,1.5
1621,Gadarpur,Uttarakhand,5,Uttarakhand,56,UDHAM SINGH NAGAR,Gadarpur,-,-,-,-,-,-,-,-,29.04324167,79.24461944,19-07-2026 08:00,3
1622,Gadarpur,Uttarakhand,5,Uttarakhand,56,UDHAM SINGH NAGAR,Gadarpur,-,-,-,-,-,-,-,-,29.04324167,79.24461944,19-07-2026 09:00,6
1623,Gadarpur,Uttarakhand,5,Uttarakhand,56,UDHAM SINGH NAGAR,Gadarpur,-,-,-,-,-,-,-,-,29.04324167,79.24461944,19-07-2026 10:00,14.5
1624,Gadarpur,Uttarakhand,5,Uttarakhand,56,UDHAM SINGH NAGAR,Gadarpur,-,-,-,-,-,-,-,-,29.04324167,79.24461944,19-07-2026 11:00,11.5
1625,Gadarpur,Uttarakhand,5,Uttarakhand,56,UDHAM SINGH NAGAR,Gadarpur,-,-,-,-,-,-,-,-,29.04324167,79.24461944,19-07-2026 12:00,8.5
1626,Gadarpur,Uttarakhand,5,Uttarakhand,56,UDHAM SINGH NAGAR,Gadarpur,-,-,-,-,-,-,-,-,29.04324167,79.24461944,19-07-2026 13:00,3.5
1627,Gadarpur,Uttarakhand,5,Uttarakhand,56,UDHAM SINGH NAGAR,Gadarpur,-,-,-,-,-,-,-,-,29.04324167,79.24461944,19-07-2026 14:00,2.5
1628,Gadarpur,Uttarakhand,5,Uttarakhand,56,UDHAM SINGH NAGAR,Gadarpur,-,-,-,-,-,-,-,-,29.04324167,79.24461944,19-07-2026 15:00,0.5
1629,Gadarpur,Uttarakhand,5,Uttarakhand,56,UDHAM SINGH NAGAR,Gadarpur,-,-,-,-,-,-,-,-,29.04324167,79.24461944,19-07-2026 18:00,0.5
1630,Gadarpur,Uttarakhand,5,Uttarakhand,56,UDHAM SINGH NAGAR,Gadarpur,-,-,-,-,-,-,-,-,29.04324167,79.24461944,20-07-2026 04:00,1
1631,Gadarpur,Uttarakhand,5,Uttarakhand,56,UDHAM SINGH NAGAR,Gadarpur,-,-,-,-,-,-,-,-,29.04324167,79.24461944,20-07-2026 05:00,0.5
1632,Gadarpur,Uttarakhand,5,Uttarakhand,56,UDHAM SINGH NAGAR,Gadarpur,-,-,-,-,-,-,-,-,29.04324167,79.24461944,20-07-2026 06:00,31.5
1633,Gadarpur,Uttarakhand,5,Uttarakhand,56,UDHAM SINGH NAGAR,Gadarpur,-,-,-,-,-,-,-,-,29.04324167,79.24461944,20-07-2026 07:00,12
1634,Gadarpur,Uttarakhand,5,Uttarakhand,56,UDHAM SINGH NAGAR,Gadarpur,-,-,-,-,-,-,-,-,29.04324167,79.24461944,20-07-2026 08:00,4
1635,Gadarpur,Uttarakhand,5,Uttarakhand,56,UDHAM SINGH NAGAR,Gadarpur,-,-,-,-,-,-,-,-,29.04324167,79.24461944,20-07-2026 09:00,2
1636,Gadarpur,Uttarakhand,5,Uttarakhand,56,UDHAM SINGH NAGAR,Gadarpur,-,-,-,-,-,-,-,-,29.04324167,79.24461944,20-07-2026 10:00,0.5
1637,Gadarpur,Uttarakhand,5,Uttarakhand,56,UDHAM SINGH NAGAR,Gadarpur,-,-,-,-,-,-,-,-,29.04324167,79.24461944,20-07-2026 11:00,0.5
1638,Gadarpur,Uttarakhand,5,Uttarakhand,56,UDHAM SINGH NAGAR,Gadarpur,-,-,-,-,-,-,-,-,29.04324167,79.24461944,20-07-2026 19:00,0.5
1639,Gadarpur,Uttarakhand,5,Uttarakhand,56,UDHAM SINGH NAGAR,Gadarpur,-,-,-,-,-,-,-,-,29.04324167,79.24461944,22-07-2026 01:00,5
1640,Gadarpur,Uttarakhand,5,Uttarakhand,56,UDHAM SINGH NAGAR,Gadarpur,-,-,-,-,-,-,-,-,29.04324167,79.24461944,22-07-2026 03:00,1
1641,Gadarpur,Uttarakhand,5,Uttarakhand,56,UDHAM SINGH NAGAR,Gadarpur,-,-,-,-,-,-,-,-,29.04324167,79.24461944,25-07-2026 14:00,1.5
1642,Gadarpur,Uttarakhand,5,Uttarakhand,56,UDHAM SINGH NAGAR,Gadarpur,-,-,-,-,-,-,-,-,29.04324167,79.24461944,27-07-2026 15:00,0.5
1643,Gadarpur,Uttarakhand,5,Uttarakhand,56,UDHAM SINGH NAGAR,Gadarpur,-,-,-,-,-,-,-,-,29.04324167,79.24461944,27-07-2026 16:00,2.5
1644,Gadarpur,Uttarakhand,5,Uttarakhand,56,UDHAM SINGH NAGAR,Gadarpur,-,-,-,-,-,-,-,-,29.04324167,79.24461944,27-07-2026 17:00,3.5
1645,Gadarpur,Uttarakhand,5,Uttarakhand,56,UDHAM SINGH NAGAR,Gadarpur,-,-,-,-,-,-,-,-,29.04324167,79.24461944,27-07-2026 18:00,0.5
1646,Gadarpur,Uttarakhand,5,Uttarakhand,56,UDHAM SINGH NAGAR,Gadarpur,-,-,-,-,-,-,-,-,29.04324167,79.24461944,27-07-2026 19:00,2
1647,Gadarpur,Uttarakhand,5,Uttarakhand,56,UDHAM SINGH NAGAR,Gadarpur,-,-,-,-,-,-,-,-,29.04324167,79.24461944,28-07-2026 12:00,0.5
1648,Gadarpur,Uttarakhand,5,Uttarakhand,56,UDHAM SINGH NAGAR,Gadarpur,-,-,-,-,-,-,-,-,29.04324167,79.24461944,28-07-2026 13:00,3.5
1649,Gadarpur,Uttarakhand,5,Uttarakhand,56,UDHAM SINGH NAGAR,Gadarpur,-,-,-,-,-,-,-,-,29.04324167,79.24461944,02-08-2026 07:00,9.5
1650,Gadarpur,Uttarakhand,5,Uttarakhand,56,UDHAM SINGH NAGAR,Gadarpur,-,-,-,-,-,-,-,-,29.04324167,79.24461944,02-08-2026 08:00,4.5
1651,Gadarpur,Uttarakhand,5,Uttarakhand,56,UDHAM SINGH NAGAR,Gadarpur,-,-,-,-,-,-,-,-,29.04324167,79.24461944,05-08-2026 19:00,2.5
1652,Gadarpur,Uttarakhand,5,Uttarakhand,56,UDHAM SINGH NAGAR,Gadarpur,-,-,-,-,-,-,-,-,29.04324167,79.24461944,05-08-2026 20:00,8
1653,Gadarpur,Uttarakhand,5,Uttarakhand,56,UDHAM SINGH NAGAR,Gadarpur,-,-,-,-,-,-,-,-,29.04324167,79.24461944,05-08-2026 21:00,0.5
1654,Gadarpur,Uttarakhand,5,Uttarakhand,56,UDHAM SINGH NAGAR,Gadarpur,-,-,-,-,-,-,-,-,29.04324167,79.24461944,06-08-2026 00:00,1
1655,Gadarpur,Uttarakhand,5,Uttarakhand,56,UDHAM SINGH NAGAR,Gadarpur,-,-,-,-,-,-,-,-,29.04324167,79.24461944,06-08-2026 12:00,1
1656,Gadarpur,Uttarakhand,5,Uttarakhand,56,UDHAM SINGH NAGAR,Gadarpur,-,-,-,-,-,-,-,-,29.04324167,79.24461944,06-08-2026 13:00,1.5
1657,Gadarpur,Uttarakhand,5,Uttarakhand,56,UDHAM SINGH NAGAR,Gadarpur,-,-,-,-,-,-,-,-,29.04324167,79.24461944,10-08-2026 09:00,7
1658,Gadarpur,Uttarakhand,5,Uttarakhand,56,UDHAM SINGH NAGAR,Gadarpur,-,-,-,-,-,-,-,-,29.04324167,79.24461944,11-08-2026 08:00,0.5
1659,Gadarpur,Uttarakhand,5,Uttarakhand,56,UDHAM SINGH NAGAR,Gadarpur,-,-,-,-,-,-,-,-,29.04324167,79.24461944,14-08-2026 05:00,1
1660,Gadarpur,Uttarakhand,5,Uttarakhand,56,UDHAM SINGH NAGAR,Gadarpur,-,-,-,-,-,-,-,-,29.04324167,79.24461944,14-08-2026 06:00,4
1661,Gadarpur,Uttarakhand,5,Uttarakhand,56,UDHAM SINGH NAGAR,Gadarpur,-,-,-,-,-,-,-,-,29.04324167,79.24461944,14-08-2026 07:00,46
1662,Gadarpur,Uttarakhand,5,Uttarakhand,56,UDHAM SINGH NAGAR,Gadarpur,-,-,-,-,-,-,-,-,29.04324167,79.24461944,14-08-2026 08:00,25
1663,Gadarpur,Uttarakhand,5,Uttarakhand,56,UDHAM SINGH NAGAR,Gadarpur,-,-,-,-,-,-,-,-,29.04324167,79.24461944,14-08-2026 09:00,5.5
1664,Gadarpur,Uttarakhand,5,Uttarakhand,56,UDHAM SINGH NAGAR,Gadarpur,-,-,-,-,-,-,-,-,29.04324167,79.24461944,14-08-2026 10:00,4.5
1665,Gadarpur,Uttarakhand,5,Uttarakhand,56,UDHAM SINGH NAGAR,Gadarpur,-,-,-,-,-,-,-,-,29.04324167,79.24461944,14-08-2026 11:00,2.5
1666,Gadarpur,Uttarakhand,5,Uttarakhand,56,UDHAM SINGH NAGAR,Gadarpur,-,-,-,-,-,-,-,-,29.04324167,79.24461944,14-08-2026 12:00,1
1667,Gadarpur,Uttarakhand,5,Uttarakhand,56,UDHAM SINGH NAGAR,Gadarpur,-,-,-,-,-,-,-,-,29.04324167,79.24461944,14-08-2026 13:00,1
1668,Gadarpur,Uttarakhand,5,Uttarakhand,56,UDHAM SINGH NAGAR,Gadarpur,-,-,-,-,-,-,-,-,29.04324167,79.24461944,16-08-2026 21:00,2
1669,Gadarpur,Uttarakhand,5,Uttarakhand,56,UDHAM SINGH NAGAR,Gadarpur,-,-,-,-,-,-,-,-,29.04324167,79.24461944,16-08-2026 22:00,22.5
1670,Gadarpur,Uttarakhand,5,Uttarakhand,56,UDHAM SINGH NAGAR,Gadarpur,-,-,-,-,-,-,-,-,29.04324167,79.24461944,17-08-2026 01:00,0.5
1671,Gadarpur,Uttarakhand,5,Uttarakhand,56,UDHAM SINGH NAGAR,Gadarpur,-,-,-,-,-,-,-,-,29.04324167,79.24461944,17-08-2026 03:00,0.5
1672,Gadarpur,Uttarakhand,5,Uttarakhand,56,UDHAM SINGH NAGAR,Gadarpur,-,-,-,-,-,-,-,-,29.04324167,79.24461944,17-08-2026 05:00,0.5
1673,Gadarpur,Uttarakhand,5,Uttarakhand,56,UDHAM SINGH NAGAR,Gadarpur,-,-,-,-,-,-,-,-,29.04324167,79.24461944,17-08-2026 09:00,0.5
1674,Gadarpur,Uttarakhand,5,Uttarakhand,56,UDHAM SINGH NAGAR,Gadarpur,-,-,-,-,-,-,-,-,29.04324167,79.24461944,17-08-2026 10:00,0.5
1675,Gadarpur,Uttarakhand,5,Uttarakhand,56,UDHAM SINGH NAGAR,Gadarpur,-,-,-,-,-,-,-,-,29.04324167,79.24461944,18-08-2026 08:00,0.5
1676,Gadarpur,Uttarakhand,5,Uttarakhand,56,UDHAM SINGH NAGAR,Gadarpur,-,-,-,-,-,-,-,-,29.04324167,79.24461944,18-08-2026 09:00,0.5
1677,Gadarpur,Uttarakhand,5,Uttarakhand,56,UDHAM SINGH NAGAR,Gadarpur,-,-,-,-,-,-,-,-,29.04324167,79.24461944,18-08-2026 10:00,1.5
1678,Gadarpur,Uttarakhand,5,Uttarakhand,56,UDHAM SINGH NAGAR,Gadarpur,-,-,-,-,-,-,-,-,29.04324167,79.24461944,18-08-2026 11:00,1
1679,Gadarpur,Uttarakhand,5,Uttarakhand,56,UDHAM SINGH NAGAR,Gadarpur,-,-,-,-,-,-,-,-,29.04324167,79.24461944,20-08-2026 13:00,1
1680,Gadarpur,Uttarakhand,5,Uttarakhand,56,UDHAM SINGH NAGAR,Gadarpur,-,-,-,-,-,-,-,-,29.04324167,79.24461944,20-08-2026 15:00,2
1681,Gadarpur,Uttarakhand,5,Uttarakhand,56,UDHAM SINGH NAGAR,Gadarpur,-,-,-,-,-,-,-,-,29.04324167,79.24461944,22-08-2026 03:00,9
1682,Gadarpur,Uttarakhand,5,Uttarakhand,56,UDHAM SINGH NAGAR,Gadarpur,-,-,-,-,-,-,-,-,29.04324167,79.24461944,22-08-2026 04:00,7.5
1683,Gadarpur,Uttarakhand,5,Uttarakhand,56,UDHAM SINGH NAGAR,Gadarpur,-,-,-,-,-,-,-,-,29.04324167,79.24461944,22-08-2026 12:00,4
1684,Gadarpur,Uttarakhand,5,Uttarakhand,56,UDHAM SINGH NAGAR,Gadarpur,-,-,-,-,-,-,-,-,29.04324167,79.24461944,22-08-2026 12:00,4
1685,Gadarpur,Uttarakhand,5,Uttarakhand,56,UDHAM SINGH NAGAR,Gadarpur,-,-,-,-,-,-,-,-,29.04324167,79.24461944,22-08-2026 13:00,1
1686,Gadarpur,Uttarakhand,5,Uttarakhand,56,UDHAM SINGH NAGAR,Gadarpur,-,-,-,-,-,-,-,-,29.04324167,79.24461944,23-08-2026 18:00,1
1687,Gadarpur,Uttarakhand,5,Uttarakhand,56,UDHAM SINGH NAGAR,Gadarpur,-,-,-,-,-,-,-,-,29.04324167,79.24461944,23-08-2026 18:00,1
1688,Gadarpur,Uttarakhand,5,Uttarakhand,56,UDHAM SINGH NAGAR,Gadarpur,-,-,-,-,-,-,-,-,29.04324167,79.24461944,24-08-2026 05:00,0.5
1689,Gadarpur,Uttarakhand,5,Uttarakhand,56,UDHAM SINGH NAGAR,Gadarpur,-,-,-,-,-,-,-,-,29.04324167,79.24461944,24-08-2026 05:00,0.5
1690,Gadarpur,Uttarakhand,5,Uttarakhand,56,UDHAM SINGH NAGAR,Gadarpur,-,-,-,-,-,-,-,-,29.04324167,79.24461944,24-08-2026 20:00,0.5
1691,Gadarpur,Uttarakhand,5,Uttarakhand,56,UDHAM SINGH NAGAR,Gadarpur,-,-,-,-,-,-,-,-,29.04324167,79.24461944,24-08-2026 20:00,0.5
1692,Gadarpur,Uttarakhand,5,Uttarakhand,56,UDHAM SINGH NAGAR,Gadarpur,-,-,-,-,-,-,-,-,29.04324167,79.24461944,24-08-2026 23:00,0.5
1693,Gadarpur,Uttarakhand,5,Uttarakhand,56,UDHAM SINGH NAGAR,Gadarpur,-,-,-,-,-,-,-,-,29.04324167,79.24461944,24-08-2026 23:00,0.5
1694,Gadarpur,Uttarakhand,5,Uttarakhand,56,UDHAM SINGH NAGAR,Gadarpur,-,-,-,-,-,-,-,-,29.04324167,79.24461944,25-08-2026 15:00,0.5
1695,Gadarpur,Uttarakhand,5,Uttarakhand,56,UDHAM SINGH NAGAR,Gadarpur,-,-,-,-,-,-,-,-,29.04324167,79.24461944,25-08-2026 15:00,0.5
1696,Gadarpur,Uttarakhand,5,Uttarakhand,56,UDHAM SINGH NAGAR,Gadarpur,-,-,-,-,-,-,-,-,29.04324167,79.24461944,26-08-2026 05:00,0.5
1697,Gadarpur,Uttarakhand,5,Uttarakhand,56,UDHAM SINGH NAGAR,Gadarpur,-,-,-,-,-,-,-,-,29.04324167,79.24461944,26-08-2026 05:00,0.5
1698,Gadarpur,Uttarakhand,5,Uttarakhand,56,UDHAM SINGH NAGAR,Gadarpur,-,-,-,-,-,-,-,-,29.04324167,79.24461944,27-08-2026 05:00,23.5
1699,Gadarpur,Uttarakhand,5,Uttarakhand,56,UDHAM SINGH NAGAR,Gadarpur,-,-,-,-,-,-,-,-,29.04324167,79.24461944,27-08-2026 05:00,23.5
1700,Gadarpur,Uttarakhand,5,Uttarakhand,56,UDHAM SINGH NAGAR,Gadarpur,-,-,-,-,-,-,-,-,29.04324167,79.24461944,27-08-2026 06:00,3
1701,Gadarpur,Uttarakhand,5,Uttarakhand,56,UDHAM SINGH NAGAR,Gadarpur,-,-,-,-,-,-,-,-,29.04324167,79.24461944,27-08-2026 06:00,3
1702,Gadarpur,Uttarakhand,5,Uttarakhand,56,UDHAM SINGH NAGAR,Gadarpur,-,-,-,-,-,-,-,-,29.04324167,79.24461944,27-08-2026 07:00,18
1703,Gadarpur,Uttarakhand,5,Uttarakhand,56,UDHAM SINGH NAGAR,Gadarpur,-,-,-,-,-,-,-,-,29.04324167,79.24461944,27-08-2026 07:00,18
1704,Gadarpur,Uttarakhand,5,Uttarakhand,56,UDHAM SINGH NAGAR,Gadarpur,-,-,-,-,-,-,-,-,29.04324167,79.24461944,27-08-2026 08:00,1
1705,Gadarpur,Uttarakhand,5,Uttarakhand,56,UDHAM SINGH NAGAR,Gadarpur,-,-,-,-,-,-,-,-,29.04324167,79.24461944,27-08-2026 08:00,1
1706,Gadarpur,Uttarakhand,5,Uttarakhand,56,UDHAM SINGH NAGAR,Gadarpur,-,-,-,-,-,-,-,-,29.04324167,79.24461944,27-08-2026 09:00,2
1707,Gadarpur,Uttarakhand,5,Uttarakhand,56,UDHAM SINGH NAGAR,Gadarpur,-,-,-,-,-,-,-,-,29.04324167,79.24461944,27-08-2026 09:00,2
1708,Gadarpur,Uttarakhand,5,Uttarakhand,56,UDHAM SINGH NAGAR,Gadarpur,-,-,-,-,-,-,-,-,29.04324167,79.24461944,27-08-2026 10:00,1
1709,Gadarpur,Uttarakhand,5,Uttarakhand,56,UDHAM SINGH NAGAR,Gadarpur,-,-,-,-,-,-,-,-,29.04324167,79.24461944,27-08-2026 10:00,1
1710,Gairsain (Ramganga),Uttarakhand,5,Uttarakhand,47,Chamoli,-,-,-,-,-,-,-,-,-,30.04500000,79.28550000,21-06-2026 15:00,3
1711,Gairsain (Ramganga),Uttarakhand,5,Uttarakhand,47,Chamoli,-,-,-,-,-,-,-,-,-,30.04500000,79.28550000,21-06-2026 18:00,7.5
1712,Gairsain (Ramganga),Uttarakhand,5,Uttarakhand,47,Chamoli,-,-,-,-,-,-,-,-,-,30.04500000,79.28550000,21-06-2026 19:00,2
1713,Gairsain (Ramganga),Uttarakhand,5,Uttarakhand,47,Chamoli,-,-,-,-,-,-,-,-,-,30.04500000,79.28550000,22-06-2026 13:00,1
1714,Gairsain (Ramganga),Uttarakhand,5,Uttarakhand,47,Chamoli,-,-,-,-,-,-,-,-,-,30.04500000,79.28550000,22-06-2026 14:00,0.5
1715,Gairsain (Ramganga),Uttarakhand,5,Uttarakhand,47,Chamoli,-,-,-,-,-,-,-,-,-,30.04500000,79.28550000,22-06-2026 23:00,0.5
1716,Gairsain (Ramganga),Uttarakhand,5,Uttarakhand,47,Chamoli,-,-,-,-,-,-,-,-,-,30.04500000,79.28550000,23-06-2026 13:00,0.5
1717,Gairsain (Ramganga),Uttarakhand,5,Uttarakhand,47,Chamoli,-,-,-,-,-,-,-,-,-,30.04500000,79.28550000,23-06-2026 16:00,4.5
1718,Gairsain (Ramganga),Uttarakhand,5,Uttarakhand,47,Chamoli,-,-,-,-,-,-,-,-,-,30.04500000,79.28550000,24-06-2026 18:00,6
1719,Gairsain (Ramganga),Uttarakhand,5,Uttarakhand,47,Chamoli,-,-,-,-,-,-,-,-,-,30.04500000,79.28550000,24-06-2026 19:00,0.5
1720,Gairsain (Ramganga),Uttarakhand,5,Uttarakhand,47,Chamoli,-,-,-,-,-,-,-,-,-,30.04500000,79.28550000,24-06-2026 20:00,3
1721,Gairsain (Ramganga),Uttarakhand,5,Uttarakhand,47,Chamoli,-,-,-,-,-,-,-,-,-,30.04500000,79.28550000,24-06-2026 21:00,0.5
1722,Gairsain (Ramganga),Uttarakhand,5,Uttarakhand,47,Chamoli,-,-,-,-,-,-,-,-,-,30.04500000,79.28550000,26-06-2026 03:00,6
1723,Gairsain (Ramganga),Uttarakhand,5,Uttarakhand,47,Chamoli,-,-,-,-,-,-,-,-,-,30.04500000,79.28550000,26-06-2026 16:00,2
1724,Gairsain (Ramganga),Uttarakhand,5,Uttarakhand,47,Chamoli,-,-,-,-,-,-,-,-,-,30.04500000,79.28550000,28-06-2026 16:00,3
1725,Gairsain (Ramganga),Uttarakhand,5,Uttarakhand,47,Chamoli,-,-,-,-,-,-,-,-,-,30.04500000,79.28550000,29-06-2026 03:00,1.5
1726,Gairsain (Ramganga),Uttarakhand,5,Uttarakhand,47,Chamoli,-,-,-,-,-,-,-,-,-,30.04500000,79.28550000,01-07-2026 02:00,2
1727,Gairsain (Ramganga),Uttarakhand,5,Uttarakhand,47,Chamoli,-,-,-,-,-,-,-,-,-,30.04500000,79.28550000,01-07-2026 03:00,4
1728,Gairsain (Ramganga),Uttarakhand,5,Uttarakhand,47,Chamoli,-,-,-,-,-,-,-,-,-,30.04500000,79.28550000,01-07-2026 04:00,6
1729,Gairsain (Ramganga),Uttarakhand,5,Uttarakhand,47,Chamoli,-,-,-,-,-,-,-,-,-,30.04500000,79.28550000,01-07-2026 05:00,0.5
1730,Gairsain (Ramganga),Uttarakhand,5,Uttarakhand,47,Chamoli,-,-,-,-,-,-,-,-,-,30.04500000,79.28550000,01-07-2026 06:00,0.5
1731,Gairsain (Ramganga),Uttarakhand,5,Uttarakhand,47,Chamoli,-,-,-,-,-,-,-,-,-,30.04500000,79.28550000,01-07-2026 07:00,1.5
1732,Gairsain (Ramganga),Uttarakhand,5,Uttarakhand,47,Chamoli,-,-,-,-,-,-,-,-,-,30.04500000,79.28550000,01-07-2026 08:00,2
1733,Gairsain (Ramganga),Uttarakhand,5,Uttarakhand,47,Chamoli,-,-,-,-,-,-,-,-,-,30.04500000,79.28550000,01-07-2026 09:00,0.5
1734,Gairsain (Ramganga),Uttarakhand,5,Uttarakhand,47,Chamoli,-,-,-,-,-,-,-,-,-,30.04500000,79.28550000,01-07-2026 16:00,0.5
1735,Gairsain (Ramganga),Uttarakhand,5,Uttarakhand,47,Chamoli,-,-,-,-,-,-,-,-,-,30.04500000,79.28550000,02-07-2026 01:00,2
1736,Gairsain (Ramganga),Uttarakhand,5,Uttarakhand,47,Chamoli,-,-,-,-,-,-,-,-,-,30.04500000,79.28550000,02-07-2026 02:00,3.5
1737,Gairsain (Ramganga),Uttarakhand,5,Uttarakhand,47,Chamoli,-,-,-,-,-,-,-,-,-,30.04500000,79.28550000,02-07-2026 03:00,23.5
1738,Gairsain (Ramganga),Uttarakhand,5,Uttarakhand,47,Chamoli,-,-,-,-,-,-,-,-,-,30.04500000,79.28550000,02-07-2026 04:00,3
1739,Gairsain (Ramganga),Uttarakhand,5,Uttarakhand,47,Chamoli,-,-,-,-,-,-,-,-,-,30.04500000,79.28550000,02-07-2026 07:00,9.5
1740,Gairsain (Ramganga),Uttarakhand,5,Uttarakhand,47,Chamoli,-,-,-,-,-,-,-,-,-,30.04500000,79.28550000,02-07-2026 08:00,0.5
1741,Gairsain (Ramganga),Uttarakhand,5,Uttarakhand,47,Chamoli,-,-,-,-,-,-,-,-,-,30.04500000,79.28550000,03-07-2026 23:00,0.5
1742,Gairsain (Ramganga),Uttarakhand,5,Uttarakhand,47,Chamoli,-,-,-,-,-,-,-,-,-,30.04500000,79.28550000,04-07-2026 00:00,20
1743,Gairsain (Ramganga),Uttarakhand,5,Uttarakhand,47,Chamoli,-,-,-,-,-,-,-,-,-,30.04500000,79.28550000,04-07-2026 01:00,7
1744,Gairsain (Ramganga),Uttarakhand,5,Uttarakhand,47,Chamoli,-,-,-,-,-,-,-,-,-,30.04500000,79.28550000,04-07-2026 02:00,0.5
1745,Gairsain (Ramganga),Uttarakhand,5,Uttarakhand,47,Chamoli,-,-,-,-,-,-,-,-,-,30.04500000,79.28550000,05-07-2026 04:00,0.5
1746,Gairsain (Ramganga),Uttarakhand,5,Uttarakhand,47,Chamoli,-,-,-,-,-,-,-,-,-,30.04500000,79.28550000,05-07-2026 05:00,2
1747,Gairsain (Ramganga),Uttarakhand,5,Uttarakhand,47,Chamoli,-,-,-,-,-,-,-,-,-,30.04500000,79.28550000,05-07-2026 06:00,1
1748,Gairsain (Ramganga),Uttarakhand,5,Uttarakhand,47,Chamoli,-,-,-,-,-,-,-,-,-,30.04500000,79.28550000,06-07-2026 03:00,4
1749,Gairsain (Ramganga),Uttarakhand,5,Uttarakhand,47,Chamoli,-,-,-,-,-,-,-,-,-,30.04500000,79.28550000,06-07-2026 04:00,1
1750,Gairsain (Ramganga),Uttarakhand,5,Uttarakhand,47,Chamoli,-,-,-,-,-,-,-,-,-,30.04500000,79.28550000,07-07-2026 11:00,0.5
1751,Gairsain (Ramganga),Uttarakhand,5,Uttarakhand,47,Chamoli,-,-,-,-,-,-,-,-,-,30.04500000,79.28550000,07-07-2026 12:00,0.5
1752,Gairsain (Ramganga),Uttarakhand,5,Uttarakhand,47,Chamoli,-,-,-,-,-,-,-,-,-,30.04500000,79.28550000,07-07-2026 13:00,0.5
1753,Gairsain (Ramganga),Uttarakhand,5,Uttarakhand,47,Chamoli,-,-,-,-,-,-,-,-,-,30.04500000,79.28550000,07-07-2026 15:00,0.5
1754,Gairsain (Ramganga),Uttarakhand,5,Uttarakhand,47,Chamoli,-,-,-,-,-,-,-,-,-,30.04500000,79.28550000,08-07-2026 04:00,2.5
1755,Gairsain (Ramganga),Uttarakhand,5,Uttarakhand,47,Chamoli,-,-,-,-,-,-,-,-,-,30.04500000,79.28550000,08-07-2026 05:00,2.5
1756,Gairsain (Ramganga),Uttarakhand,5,Uttarakhand,47,Chamoli,-,-,-,-,-,-,-,-,-,30.04500000,79.28550000,08-07-2026 08:00,0.5
1757,Gairsain (Ramganga),Uttarakhand,5,Uttarakhand,47,Chamoli,-,-,-,-,-,-,-,-,-,30.04500000,79.28550000,08-07-2026 09:00,1
1758,Gairsain (Ramganga),Uttarakhand,5,Uttarakhand,47,Chamoli,-,-,-,-,-,-,-,-,-,30.04500000,79.28550000,08-07-2026 11:00,2
1759,Gairsain (Ramganga),Uttarakhand,5,Uttarakhand,47,Chamoli,-,-,-,-,-,-,-,-,-,30.04500000,79.28550000,08-07-2026 12:00,8
1760,Gairsain (Ramganga),Uttarakhand,5,Uttarakhand,47,Chamoli,-,-,-,-,-,-,-,-,-,30.04500000,79.28550000,08-07-2026 13:00,6.5
1761,Gairsain (Ramganga),Uttarakhand,5,Uttarakhand,47,Chamoli,-,-,-,-,-,-,-,-,-,30.04500000,79.28550000,08-07-2026 14:00,3
1762,Gairsain (Ramganga),Uttarakhand,5,Uttarakhand,47,Chamoli,-,-,-,-,-,-,-,-,-,30.04500000,79.28550000,08-07-2026 15:00,1.5
1763,Gairsain (Ramganga),Uttarakhand,5,Uttarakhand,47,Chamoli,-,-,-,-,-,-,-,-,-,30.04500000,79.28550000,09-07-2026 00:00,2
1764,Gairsain (Ramganga),Uttarakhand,5,Uttarakhand,47,Chamoli,-,-,-,-,-,-,-,-,-,30.04500000,79.28550000,09-07-2026 01:00,6
1765,Gairsain (Ramganga),Uttarakhand,5,Uttarakhand,47,Chamoli,-,-,-,-,-,-,-,-,-,30.04500000,79.28550000,09-07-2026 02:00,5.5
1766,Gairsain (Ramganga),Uttarakhand,5,Uttarakhand,47,Chamoli,-,-,-,-,-,-,-,-,-,30.04500000,79.28550000,09-07-2026 03:00,4
1767,Gairsain (Ramganga),Uttarakhand,5,Uttarakhand,47,Chamoli,-,-,-,-,-,-,-,-,-,30.04500000,79.28550000,09-07-2026 04:00,4
1768,Gairsain (Ramganga),Uttarakhand,5,Uttarakhand,47,Chamoli,-,-,-,-,-,-,-,-,-,30.04500000,79.28550000,09-07-2026 05:00,5.5
1769,Gairsain (Ramganga),Uttarakhand,5,Uttarakhand,47,Chamoli,-,-,-,-,-,-,-,-,-,30.04500000,79.28550000,09-07-2026 06:00,6
1770,Gairsain (Ramganga),Uttarakhand,5,Uttarakhand,47,Chamoli,-,-,-,-,-,-,-,-,-,30.04500000,79.28550000,09-07-2026 07:00,4.5
1771,Gairsain (Ramganga),Uttarakhand,5,Uttarakhand,47,Chamoli,-,-,-,-,-,-,-,-,-,30.04500000,79.28550000,09-07-2026 08:00,4
1772,Gairsain (Ramganga),Uttarakhand,5,Uttarakhand,47,Chamoli,-,-,-,-,-,-,-,-,-,30.04500000,79.28550000,09-07-2026 09:00,3
1773,Gairsain (Ramganga),Uttarakhand,5,Uttarakhand,47,Chamoli,-,-,-,-,-,-,-,-,-,30.04500000,79.28550000,09-07-2026 10:00,1.5
1774,Gairsain (Ramganga),Uttarakhand,5,Uttarakhand,47,Chamoli,-,-,-,-,-,-,-,-,-,30.04500000,79.28550000,09-07-2026 13:00,0.5
1775,Gairsain (Ramganga),Uttarakhand,5,Uttarakhand,47,Chamoli,-,-,-,-,-,-,-,-,-,30.04500000,79.28550000,09-07-2026 15:00,0.5
1776,Gairsain (Ramganga),Uttarakhand,5,Uttarakhand,47,Chamoli,-,-,-,-,-,-,-,-,-,30.04500000,79.28550000,09-07-2026 19:00,0.5
1777,Gairsain (Ramganga),Uttarakhand,5,Uttarakhand,47,Chamoli,-,-,-,-,-,-,-,-,-,30.04500000,79.28550000,10-07-2026 21:00,0.5
1778,Gairsain (Ramganga),Uttarakhand,5,Uttarakhand,47,Chamoli,-,-,-,-,-,-,-,-,-,30.04500000,79.28550000,10-07-2026 22:00,3
1779,Gairsain (Ramganga),Uttarakhand,5,Uttarakhand,47,Chamoli,-,-,-,-,-,-,-,-,-,30.04500000,79.28550000,10-07-2026 23:00,16
1780,Gairsain (Ramganga),Uttarakhand,5,Uttarakhand,47,Chamoli,-,-,-,-,-,-,-,-,-,30.04500000,79.28550000,11-07-2026 00:00,2.5
1781,Gairsain (Ramganga),Uttarakhand,5,Uttarakhand,47,Chamoli,-,-,-,-,-,-,-,-,-,30.04500000,79.28550000,11-07-2026 02:00,8
1782,Gairsain (Ramganga),Uttarakhand,5,Uttarakhand,47,Chamoli,-,-,-,-,-,-,-,-,-,30.04500000,79.28550000,11-07-2026 03:00,6.5
1783,Gairsain (Ramganga),Uttarakhand,5,Uttarakhand,47,Chamoli,-,-,-,-,-,-,-,-,-,30.04500000,79.28550000,11-07-2026 04:00,5
1784,Gairsain (Ramganga),Uttarakhand,5,Uttarakhand,47,Chamoli,-,-,-,-,-,-,-,-,-,30.04500000,79.28550000,11-07-2026 05:00,1
1785,Gairsain (Ramganga),Uttarakhand,5,Uttarakhand,47,Chamoli,-,-,-,-,-,-,-,-,-,30.04500000,79.28550000,11-07-2026 08:00,0.5
1786,Gairsain (Ramganga),Uttarakhand,5,Uttarakhand,47,Chamoli,-,-,-,-,-,-,-,-,-,30.04500000,79.28550000,11-07-2026 09:00,4.5
1787,Gairsain (Ramganga),Uttarakhand,5,Uttarakhand,47,Chamoli,-,-,-,-,-,-,-,-,-,30.04500000,79.28550000,11-07-2026 10:00,8
1788,Gairsain (Ramganga),Uttarakhand,5,Uttarakhand,47,Chamoli,-,-,-,-,-,-,-,-,-,30.04500000,79.28550000,11-07-2026 11:00,9
1789,Gairsain (Ramganga),Uttarakhand,5,Uttarakhand,47,Chamoli,-,-,-,-,-,-,-,-,-,30.04500000,79.28550000,11-07-2026 12:00,0.5
1790,Gairsain (Ramganga),Uttarakhand,5,Uttarakhand,47,Chamoli,-,-,-,-,-,-,-,-,-,30.04500000,79.28550000,11-07-2026 17:00,0.5
1791,Gairsain (Ramganga),Uttarakhand,5,Uttarakhand,47,Chamoli,-,-,-,-,-,-,-,-,-,30.04500000,79.28550000,11-07-2026 22:00,1
1792,Gairsain (Ramganga),Uttarakhand,5,Uttarakhand,47,Chamoli,-,-,-,-,-,-,-,-,-,30.04500000,79.28550000,11-07-2026 23:00,1.5
1793,Gairsain (Ramganga),Uttarakhand,5,Uttarakhand,47,Chamoli,-,-,-,-,-,-,-,-,-,30.04500000,79.28550000,12-07-2026 00:00,5
1794,Gairsain (Ramganga),Uttarakhand,5,Uttarakhand,47,Chamoli,-,-,-,-,-,-,-,-,-,30.04500000,79.28550000,14-07-2026 17:00,6
1795,Gairsain (Ramganga),Uttarakhand,5,Uttarakhand,47,Chamoli,-,-,-,-,-,-,-,-,-,30.04500000,79.28550000,14-07-2026 18:00,25
1796,Gairsain (Ramganga),Uttarakhand,5,Uttarakhand,47,Chamoli,-,-,-,-,-,-,-,-,-,30.04500000,79.28550000,14-07-2026 19:00,13.5
1797,Gairsain (Ramganga),Uttarakhand,5,Uttarakhand,47,Chamoli,-,-,-,-,-,-,-,-,-,30.04500000,79.28550000,15-07-2026 18:00,4
1798,Gairsain (Ramganga),Uttarakhand,5,Uttarakhand,47,Chamoli,-,-,-,-,-,-,-,-,-,30.04500000,79.28550000,15-07-2026 19:00,2
1799,Gairsain (Ramganga),Uttarakhand,5,Uttarakhand,47,Chamoli,-,-,-,-,-,-,-,-,-,30.04500000,79.28550000,15-07-2026 20:00,0.5
1800,Gairsain (Ramganga),Uttarakhand,5,Uttarakhand,47,Chamoli,-,-,-,-,-,-,-,-,-,30.04500000,79.28550000,17-07-2026 03:00,1
1801,Gairsain (Ramganga),Uttarakhand,5,Uttarakhand,47,Chamoli,-,-,-,-,-,-,-,-,-,30.04500000,79.28550000,17-07-2026 04:00,1
1802,Gairsain (Ramganga),Uttarakhand,5,Uttarakhand,47,Chamoli,-,-,-,-,-,-,-,-,-,30.04500000,79.28550000,18-07-2026 23:00,0.5
1803,Gairsain (Ramganga),Uttarakhand,5,Uttarakhand,47,Chamoli,-,-,-,-,-,-,-,-,-,30.04500000,79.28550000,19-07-2026 00:00,1
1804,Gairsain (Ramganga),Uttarakhand,5,Uttarakhand,47,Chamoli,-,-,-,-,-,-,-,-,-,30.04500000,79.28550000,19-07-2026 01:00,2
1805,Gairsain (Ramganga),Uttarakhand,5,Uttarakhand,47,Chamoli,-,-,-,-,-,-,-,-,-,30.04500000,79.28550000,19-07-2026 02:00,0.5
1806,Gairsain (Ramganga),Uttarakhand,5,Uttarakhand,47,Chamoli,-,-,-,-,-,-,-,-,-,30.04500000,79.28550000,19-07-2026 05:00,0.5
1807,Gairsain (Ramganga),Uttarakhand,5,Uttarakhand,47,Chamoli,-,-,-,-,-,-,-,-,-,30.04500000,79.28550000,19-07-2026 16:00,0.5
1808,Gairsain (Ramganga),Uttarakhand,5,Uttarakhand,47,Chamoli,-,-,-,-,-,-,-,-,-,30.04500000,79.28550000,19-07-2026 20:00,1.5
1809,Gairsain (Ramganga),Uttarakhand,5,Uttarakhand,47,Chamoli,-,-,-,-,-,-,-,-,-,30.04500000,79.28550000,19-07-2026 22:00,0.5
1810,Gairsain (Ramganga),Uttarakhand,5,Uttarakhand,47,Chamoli,-,-,-,-,-,-,-,-,-,30.04500000,79.28550000,19-07-2026 23:00,0.5
1811,Gairsain (Ramganga),Uttarakhand,5,Uttarakhand,47,Chamoli,-,-,-,-,-,-,-,-,-,30.04500000,79.28550000,20-07-2026 00:00,1.5
1812,Gairsain (Ramganga),Uttarakhand,5,Uttarakhand,47,Chamoli,-,-,-,-,-,-,-,-,-,30.04500000,79.28550000,20-07-2026 01:00,0.5
1813,Gairsain (Ramganga),Uttarakhand,5,Uttarakhand,47,Chamoli,-,-,-,-,-,-,-,-,-,30.04500000,79.28550000,20-07-2026 02:00,2.5
1814,Gairsain (Ramganga),Uttarakhand,5,Uttarakhand,47,Chamoli,-,-,-,-,-,-,-,-,-,30.04500000,79.28550000,20-07-2026 03:00,28.5
1815,Gairsain (Ramganga),Uttarakhand,5,Uttarakhand,47,Chamoli,-,-,-,-,-,-,-,-,-,30.04500000,79.28550000,20-07-2026 04:00,12
1816,Gairsain (Ramganga),Uttarakhand,5,Uttarakhand,47,Chamoli,-,-,-,-,-,-,-,-,-,30.04500000,79.28550000,20-07-2026 05:00,2
1817,Gairsain (Ramganga),Uttarakhand,5,Uttarakhand,47,Chamoli,-,-,-,-,-,-,-,-,-,30.04500000,79.28550000,20-07-2026 06:00,1.5
1818,Gairsain (Ramganga),Uttarakhand,5,Uttarakhand,47,Chamoli,-,-,-,-,-,-,-,-,-,30.04500000,79.28550000,20-07-2026 07:00,0.5
1819,Gairsain (Ramganga),Uttarakhand,5,Uttarakhand,47,Chamoli,-,-,-,-,-,-,-,-,-,30.04500000,79.28550000,20-07-2026 19:00,15.5
1820,Gairsain (Ramganga),Uttarakhand,5,Uttarakhand,47,Chamoli,-,-,-,-,-,-,-,-,-,30.04500000,79.28550000,20-07-2026 20:00,8.5
1821,Gairsain (Ramganga),Uttarakhand,5,Uttarakhand,47,Chamoli,-,-,-,-,-,-,-,-,-,30.04500000,79.28550000,20-07-2026 21:00,4.5
1822,Gairsain (Ramganga),Uttarakhand,5,Uttarakhand,47,Chamoli,-,-,-,-,-,-,-,-,-,30.04500000,79.28550000,20-07-2026 22:00,4.5
1823,Gairsain (Ramganga),Uttarakhand,5,Uttarakhand,47,Chamoli,-,-,-,-,-,-,-,-,-,30.04500000,79.28550000,20-07-2026 23:00,3
1824,Gairsain (Ramganga),Uttarakhand,5,Uttarakhand,47,Chamoli,-,-,-,-,-,-,-,-,-,30.04500000,79.28550000,21-07-2026 00:00,1.5
1825,Gairsain (Ramganga),Uttarakhand,5,Uttarakhand,47,Chamoli,-,-,-,-,-,-,-,-,-,30.04500000,79.28550000,21-07-2026 03:00,2.5
1826,Gairsain (Ramganga),Uttarakhand,5,Uttarakhand,47,Chamoli,-,-,-,-,-,-,-,-,-,30.04500000,79.28550000,21-07-2026 09:00,0.5
1827,Gairsain (Ramganga),Uttarakhand,5,Uttarakhand,47,Chamoli,-,-,-,-,-,-,-,-,-,30.04500000,79.28550000,21-07-2026 11:00,0.5
1828,Gairsain (Ramganga),Uttarakhand,5,Uttarakhand,47,Chamoli,-,-,-,-,-,-,-,-,-,30.04500000,79.28550000,22-07-2026 00:00,0.5
1829,Gairsain (Ramganga),Uttarakhand,5,Uttarakhand,47,Chamoli,-,-,-,-,-,-,-,-,-,30.04500000,79.28550000,22-07-2026 01:00,7.5
1830,Gairsain (Ramganga),Uttarakhand,5,Uttarakhand,47,Chamoli,-,-,-,-,-,-,-,-,-,30.04500000,79.28550000,22-07-2026 02:00,5.5
1831,Gairsain (Ramganga),Uttarakhand,5,Uttarakhand,47,Chamoli,-,-,-,-,-,-,-,-,-,30.04500000,79.28550000,22-07-2026 03:00,5.5
1832,Gairsain (Ramganga),Uttarakhand,5,Uttarakhand,47,Chamoli,-,-,-,-,-,-,-,-,-,30.04500000,79.28550000,22-07-2026 04:00,1
1833,Gairsain (Ramganga),Uttarakhand,5,Uttarakhand,47,Chamoli,-,-,-,-,-,-,-,-,-,30.04500000,79.28550000,22-07-2026 05:00,0.5
1834,Gairsain (Ramganga),Uttarakhand,5,Uttarakhand,47,Chamoli,-,-,-,-,-,-,-,-,-,30.04500000,79.28550000,22-07-2026 06:00,0.5
1835,Gairsain (Ramganga),Uttarakhand,5,Uttarakhand,47,Chamoli,-,-,-,-,-,-,-,-,-,30.04500000,79.28550000,22-07-2026 07:00,0.5
1836,Gairsain (Ramganga),Uttarakhand,5,Uttarakhand,47,Chamoli,-,-,-,-,-,-,-,-,-,30.04500000,79.28550000,23-07-2026 16:00,2.5
1837,Gairsain (Ramganga),Uttarakhand,5,Uttarakhand,47,Chamoli,-,-,-,-,-,-,-,-,-,30.04500000,79.28550000,23-07-2026 20:00,1.5
1838,Gairsain (Ramganga),Uttarakhand,5,Uttarakhand,47,Chamoli,-,-,-,-,-,-,-,-,-,30.04500000,79.28550000,23-07-2026 21:00,12.5
1839,Gairsain (Ramganga),Uttarakhand,5,Uttarakhand,47,Chamoli,-,-,-,-,-,-,-,-,-,30.04500000,79.28550000,24-07-2026 00:00,0.5
1840,Gairsain (Ramganga),Uttarakhand,5,Uttarakhand,47,Chamoli,-,-,-,-,-,-,-,-,-,30.04500000,79.28550000,24-07-2026 01:00,0.5
1841,Gairsain (Ramganga),Uttarakhand,5,Uttarakhand,47,Chamoli,-,-,-,-,-,-,-,-,-,30.04500000,79.28550000,24-07-2026 04:00,0.5
1842,Gairsain (Ramganga),Uttarakhand,5,Uttarakhand,47,Chamoli,-,-,-,-,-,-,-,-,-,30.04500000,79.28550000,24-07-2026 19:00,0.5
1843,Gairsain (Ramganga),Uttarakhand,5,Uttarakhand,47,Chamoli,-,-,-,-,-,-,-,-,-,30.04500000,79.28550000,24-07-2026 20:00,8
1844,Gairsain (Ramganga),Uttarakhand,5,Uttarakhand,47,Chamoli,-,-,-,-,-,-,-,-,-,30.04500000,79.28550000,24-07-2026 21:00,0.5
1845,Gairsain (Ramganga),Uttarakhand,5,Uttarakhand,47,Chamoli,-,-,-,-,-,-,-,-,-,30.04500000,79.28550000,25-07-2026 10:00,1
1846,Gairsain (Ramganga),Uttarakhand,5,Uttarakhand,47,Chamoli,-,-,-,-,-,-,-,-,-,30.04500000,79.28550000,27-07-2026 14:00,0.5
1847,Gairsain (Ramganga),Uttarakhand,5,Uttarakhand,47,Chamoli,-,-,-,-,-,-,-,-,-,30.04500000,79.28550000,27-07-2026 18:00,3
1848,Gairsain (Ramganga),Uttarakhand,5,Uttarakhand,47,Chamoli,-,-,-,-,-,-,-,-,-,30.04500000,79.28550000,27-07-2026 19:00,3.5
1849,Gairsain (Ramganga),Uttarakhand,5,Uttarakhand,47,Chamoli,-,-,-,-,-,-,-,-,-,30.04500000,79.28550000,27-07-2026 20:00,3
1850,Gairsain (Ramganga),Uttarakhand,5,Uttarakhand,47,Chamoli,-,-,-,-,-,-,-,-,-,30.04500000,79.28550000,27-07-2026 21:00,1
1851,Gairsain (Ramganga),Uttarakhand,5,Uttarakhand,47,Chamoli,-,-,-,-,-,-,-,-,-,30.04500000,79.28550000,27-07-2026 22:00,1
1852,Gairsain (Ramganga),Uttarakhand,5,Uttarakhand,47,Chamoli,-,-,-,-,-,-,-,-,-,30.04500000,79.28550000,28-07-2026 11:00,1
1853,Gairsain (Ramganga),Uttarakhand,5,Uttarakhand,47,Chamoli,-,-,-,-,-,-,-,-,-,30.04500000,79.28550000,30-07-2026 05:00,3.5
1854,Gairsain (Ramganga),Uttarakhand,5,Uttarakhand,47,Chamoli,-,-,-,-,-,-,-,-,-,30.04500000,79.28550000,30-07-2026 06:00,12.5
1855,Gairsain (Ramganga),Uttarakhand,5,Uttarakhand,47,Chamoli,-,-,-,-,-,-,-,-,-,30.04500000,79.28550000,30-07-2026 07:00,8.5
1856,Gairsain (Ramganga),Uttarakhand,5,Uttarakhand,47,Chamoli,-,-,-,-,-,-,-,-,-,30.04500000,79.28550000,30-07-2026 08:00,5
1857,Gairsain (Ramganga),Uttarakhand,5,Uttarakhand,47,Chamoli,-,-,-,-,-,-,-,-,-,30.04500000,79.28550000,30-07-2026 09:00,1
1858,Gairsain (Ramganga),Uttarakhand,5,Uttarakhand,47,Chamoli,-,-,-,-,-,-,-,-,-,30.04500000,79.28550000,30-07-2026 14:00,0.5
1859,Gairsain (Ramganga),Uttarakhand,5,Uttarakhand,47,Chamoli,-,-,-,-,-,-,-,-,-,30.04500000,79.28550000,30-07-2026 15:00,2.5
1860,Gairsain (Ramganga),Uttarakhand,5,Uttarakhand,47,Chamoli,-,-,-,-,-,-,-,-,-,30.04500000,79.28550000,30-07-2026 16:00,3.5
1861,Gairsain (Ramganga),Uttarakhand,5,Uttarakhand,47,Chamoli,-,-,-,-,-,-,-,-,-,30.04500000,79.28550000,31-07-2026 17:00,1
1862,Gairsain (Ramganga),Uttarakhand,5,Uttarakhand,47,Chamoli,-,-,-,-,-,-,-,-,-,30.04500000,79.28550000,01-08-2026 05:00,0.5
1863,Gairsain (Ramganga),Uttarakhand,5,Uttarakhand,47,Chamoli,-,-,-,-,-,-,-,-,-,30.04500000,79.28550000,01-08-2026 22:00,6.5
1864,Gairsain (Ramganga),Uttarakhand,5,Uttarakhand,47,Chamoli,-,-,-,-,-,-,-,-,-,30.04500000,79.28550000,01-08-2026 23:00,26.5
1865,Gairsain (Ramganga),Uttarakhand,5,Uttarakhand,47,Chamoli,-,-,-,-,-,-,-,-,-,30.04500000,79.28550000,02-08-2026 00:00,14.5
1866,Gairsain (Ramganga),Uttarakhand,5,Uttarakhand,47,Chamoli,-,-,-,-,-,-,-,-,-,30.04500000,79.28550000,02-08-2026 01:00,4.5
1867,Gairsain (Ramganga),Uttarakhand,5,Uttarakhand,47,Chamoli,-,-,-,-,-,-,-,-,-,30.04500000,79.28550000,02-08-2026 02:00,10
1868,Gairsain (Ramganga),Uttarakhand,5,Uttarakhand,47,Chamoli,-,-,-,-,-,-,-,-,-,30.04500000,79.28550000,02-08-2026 03:00,2
1869,Gairsain (Ramganga),Uttarakhand,5,Uttarakhand,47,Chamoli,-,-,-,-,-,-,-,-,-,30.04500000,79.28550000,02-08-2026 20:00,1
1870,Gairsain (Ramganga),Uttarakhand,5,Uttarakhand,47,Chamoli,-,-,-,-,-,-,-,-,-,30.04500000,79.28550000,02-08-2026 21:00,8
1871,Gairsain (Ramganga),Uttarakhand,5,Uttarakhand,47,Chamoli,-,-,-,-,-,-,-,-,-,30.04500000,79.28550000,02-08-2026 22:00,6
1872,Gairsain (Ramganga),Uttarakhand,5,Uttarakhand,47,Chamoli,-,-,-,-,-,-,-,-,-,30.04500000,79.28550000,02-08-2026 23:00,2
1873,Gairsain (Ramganga),Uttarakhand,5,Uttarakhand,47,Chamoli,-,-,-,-,-,-,-,-,-,30.04500000,79.28550000,03-08-2026 00:00,0.5
1874,Gairsain (Ramganga),Uttarakhand,5,Uttarakhand,47,Chamoli,-,-,-,-,-,-,-,-,-,30.04500000,79.28550000,03-08-2026 03:00,0.5
1875,Gairsain (Ramganga),Uttarakhand,5,Uttarakhand,47,Chamoli,-,-,-,-,-,-,-,-,-,30.04500000,79.28550000,03-08-2026 04:00,0.5
1876,Gairsain (Ramganga),Uttarakhand,5,Uttarakhand,47,Chamoli,-,-,-,-,-,-,-,-,-,30.04500000,79.28550000,03-08-2026 18:00,1.5
1877,Gairsain (Ramganga),Uttarakhand,5,Uttarakhand,47,Chamoli,-,-,-,-,-,-,-,-,-,30.04500000,79.28550000,03-08-2026 19:00,4.5
1878,Gairsain (Ramganga),Uttarakhand,5,Uttarakhand,47,Chamoli,-,-,-,-,-,-,-,-,-,30.04500000,79.28550000,03-08-2026 20:00,4.5
1879,Gairsain (Ramganga),Uttarakhand,5,Uttarakhand,47,Chamoli,-,-,-,-,-,-,-,-,-,30.04500000,79.28550000,03-08-2026 21:00,3
1880,Gairsain (Ramganga),Uttarakhand,5,Uttarakhand,47,Chamoli,-,-,-,-,-,-,-,-,-,30.04500000,79.28550000,03-08-2026 22:00,0.5
1881,Gairsain (Ramganga),Uttarakhand,5,Uttarakhand,47,Chamoli,-,-,-,-,-,-,-,-,-,30.04500000,79.28550000,03-08-2026 23:00,1.5
1882,Gairsain (Ramganga),Uttarakhand,5,Uttarakhand,47,Chamoli,-,-,-,-,-,-,-,-,-,30.04500000,79.28550000,04-08-2026 00:00,3
1883,Gairsain (Ramganga),Uttarakhand,5,Uttarakhand,47,Chamoli,-,-,-,-,-,-,-,-,-,30.04500000,79.28550000,04-08-2026 01:00,1
1884,Gairsain (Ramganga),Uttarakhand,5,Uttarakhand,47,Chamoli,-,-,-,-,-,-,-,-,-,30.04500000,79.28550000,04-08-2026 02:00,1.5
1885,Gairsain (Ramganga),Uttarakhand,5,Uttarakhand,47,Chamoli,-,-,-,-,-,-,-,-,-,30.04500000,79.28550000,04-08-2026 03:00,0.5
1886,Gairsain (Ramganga),Uttarakhand,5,Uttarakhand,47,Chamoli,-,-,-,-,-,-,-,-,-,30.04500000,79.28550000,04-08-2026 04:00,0.5
1887,Gairsain (Ramganga),Uttarakhand,5,Uttarakhand,47,Chamoli,-,-,-,-,-,-,-,-,-,30.04500000,79.28550000,04-08-2026 05:00,1.5
1888,Gairsain (Ramganga),Uttarakhand,5,Uttarakhand,47,Chamoli,-,-,-,-,-,-,-,-,-,30.04500000,79.28550000,04-08-2026 08:00,1
1889,Gairsain (Ramganga),Uttarakhand,5,Uttarakhand,47,Chamoli,-,-,-,-,-,-,-,-,-,30.04500000,79.28550000,04-08-2026 09:00,3.5
1890,Gairsain (Ramganga),Uttarakhand,5,Uttarakhand,47,Chamoli,-,-,-,-,-,-,-,-,-,30.04500000,79.28550000,04-08-2026 10:00,0.5
1891,Gairsain (Ramganga),Uttarakhand,5,Uttarakhand,47,Chamoli,-,-,-,-,-,-,-,-,-,30.04500000,79.28550000,04-08-2026 11:00,1.5
1892,Gairsain (Ramganga),Uttarakhand,5,Uttarakhand,47,Chamoli,-,-,-,-,-,-,-,-,-,30.04500000,79.28550000,04-08-2026 12:00,1
1893,Gairsain (Ramganga),Uttarakhand,5,Uttarakhand,47,Chamoli,-,-,-,-,-,-,-,-,-,30.04500000,79.28550000,04-08-2026 16:00,17
1894,Gairsain (Ramganga),Uttarakhand,5,Uttarakhand,47,Chamoli,-,-,-,-,-,-,-,-,-,30.04500000,79.28550000,04-08-2026 17:00,9
1895,Gairsain (Ramganga),Uttarakhand,5,Uttarakhand,47,Chamoli,-,-,-,-,-,-,-,-,-,30.04500000,79.28550000,05-08-2026 15:00,1
1896,Gairsain (Ramganga),Uttarakhand,5,Uttarakhand,47,Chamoli,-,-,-,-,-,-,-,-,-,30.04500000,79.28550000,05-08-2026 16:00,32
1897,Gairsain (Ramganga),Uttarakhand,5,Uttarakhand,47,Chamoli,-,-,-,-,-,-,-,-,-,30.04500000,79.28550000,05-08-2026 17:00,0.5
1898,Gairsain (Ramganga),Uttarakhand,5,Uttarakhand,47,Chamoli,-,-,-,-,-,-,-,-,-,30.04500000,79.28550000,05-08-2026 18:00,1.5
1899,Gairsain (Ramganga),Uttarakhand,5,Uttarakhand,47,Chamoli,-,-,-,-,-,-,-,-,-,30.04500000,79.28550000,05-08-2026 19:00,5
1900,Gairsain (Ramganga),Uttarakhand,5,Uttarakhand,47,Chamoli,-,-,-,-,-,-,-,-,-,30.04500000,79.28550000,05-08-2026 23:00,6
1901,Gairsain (Ramganga),Uttarakhand,5,Uttarakhand,47,Chamoli,-,-,-,-,-,-,-,-,-,30.04500000,79.28550000,06-08-2026 00:00,2
1902,Gairsain (Ramganga),Uttarakhand,5,Uttarakhand,47,Chamoli,-,-,-,-,-,-,-,-,-,30.04500000,79.28550000,06-08-2026 01:00,3.5
1903,Gairsain (Ramganga),Uttarakhand,5,Uttarakhand,47,Chamoli,-,-,-,-,-,-,-,-,-,30.04500000,79.28550000,06-08-2026 02:00,11.5
1904,Gairsain (Ramganga),Uttarakhand,5,Uttarakhand,47,Chamoli,-,-,-,-,-,-,-,-,-,30.04500000,79.28550000,06-08-2026 03:00,9.5
1905,Gairsain (Ramganga),Uttarakhand,5,Uttarakhand,47,Chamoli,-,-,-,-,-,-,-,-,-,30.04500000,79.28550000,06-08-2026 05:00,13.5
1906,Gairsain (Ramganga),Uttarakhand,5,Uttarakhand,47,Chamoli,-,-,-,-,-,-,-,-,-,30.04500000,79.28550000,06-08-2026 06:00,12.5
1907,Gairsain (Ramganga),Uttarakhand,5,Uttarakhand,47,Chamoli,-,-,-,-,-,-,-,-,-,30.04500000,79.28550000,06-08-2026 07:00,0.5
1908,Gairsain (Ramganga),Uttarakhand,5,Uttarakhand,47,Chamoli,-,-,-,-,-,-,-,-,-,30.04500000,79.28550000,07-08-2026 16:00,1
1909,Gairsain (Ramganga),Uttarakhand,5,Uttarakhand,47,Chamoli,-,-,-,-,-,-,-,-,-,30.04500000,79.28550000,07-08-2026 18:00,1
1910,Gairsain (Ramganga),Uttarakhand,5,Uttarakhand,47,Chamoli,-,-,-,-,-,-,-,-,-,30.04500000,79.28550000,07-08-2026 19:00,0.5
1911,Gairsain (Ramganga),Uttarakhand,5,Uttarakhand,47,Chamoli,-,-,-,-,-,-,-,-,-,30.04500000,79.28550000,07-08-2026 20:00,4
1912,Gairsain (Ramganga),Uttarakhand,5,Uttarakhand,47,Chamoli,-,-,-,-,-,-,-,-,-,30.04500000,79.28550000,09-08-2026 22:00,4.5
1913,Gairsain (Ramganga),Uttarakhand,5,Uttarakhand,47,Chamoli,-,-,-,-,-,-,-,-,-,30.04500000,79.28550000,09-08-2026 23:00,10.5
1914,Gairsain (Ramganga),Uttarakhand,5,Uttarakhand,47,Chamoli,-,-,-,-,-,-,-,-,-,30.04500000,79.28550000,10-08-2026 00:00,0.5
1915,Gairsain (Ramganga),Uttarakhand,5,Uttarakhand,47,Chamoli,-,-,-,-,-,-,-,-,-,30.04500000,79.28550000,10-08-2026 01:00,0.5
1916,Gairsain (Ramganga),Uttarakhand,5,Uttarakhand,47,Chamoli,-,-,-,-,-,-,-,-,-,30.04500000,79.28550000,10-08-2026 02:00,0.5
1917,Gairsain (Ramganga),Uttarakhand,5,Uttarakhand,47,Chamoli,-,-,-,-,-,-,-,-,-,30.04500000,79.28550000,10-08-2026 03:00,1.5
1918,Gairsain (Ramganga),Uttarakhand,5,Uttarakhand,47,Chamoli,-,-,-,-,-,-,-,-,-,30.04500000,79.28550000,10-08-2026 15:00,1
1919,Gairsain (Ramganga),Uttarakhand,5,Uttarakhand,47,Chamoli,-,-,-,-,-,-,-,-,-,30.04500000,79.28550000,10-08-2026 16:00,0.5
1920,Gairsain (Ramganga),Uttarakhand,5,Uttarakhand,47,Chamoli,-,-,-,-,-,-,-,-,-,30.04500000,79.28550000,10-08-2026 19:00,0.5
1921,Gairsain (Ramganga),Uttarakhand,5,Uttarakhand,47,Chamoli,-,-,-,-,-,-,-,-,-,30.04500000,79.28550000,10-08-2026 20:00,1
1922,Gairsain (Ramganga),Uttarakhand,5,Uttarakhand,47,Chamoli,-,-,-,-,-,-,-,-,-,30.04500000,79.28550000,10-08-2026 21:00,0.5
1923,Gairsain (Ramganga),Uttarakhand,5,Uttarakhand,47,Chamoli,-,-,-,-,-,-,-,-,-,30.04500000,79.28550000,11-08-2026 07:00,1.5
1924,Gairsain (Ramganga),Uttarakhand,5,Uttarakhand,47,Chamoli,-,-,-,-,-,-,-,-,-,30.04500000,79.28550000,14-08-2026 14:00,7.5
1925,Gairsain (Ramganga),Uttarakhand,5,Uttarakhand,47,Chamoli,-,-,-,-,-,-,-,-,-,30.04500000,79.28550000,14-08-2026 15:00,2.5
1926,Gairsain (Ramganga),Uttarakhand,5,Uttarakhand,47,Chamoli,-,-,-,-,-,-,-,-,-,30.04500000,79.28550000,14-08-2026 16:00,7.5
1927,Gairsain (Ramganga),Uttarakhand,5,Uttarakhand,47,Chamoli,-,-,-,-,-,-,-,-,-,30.04500000,79.28550000,14-08-2026 17:00,2
1928,Gairsain (Ramganga),Uttarakhand,5,Uttarakhand,47,Chamoli,-,-,-,-,-,-,-,-,-,30.04500000,79.28550000,15-08-2026 06:00,9.5
1929,Gairsain (Ramganga),Uttarakhand,5,Uttarakhand,47,Chamoli,-,-,-,-,-,-,-,-,-,30.04500000,79.28550000,15-08-2026 07:00,24.5
1930,Gairsain (Ramganga),Uttarakhand,5,Uttarakhand,47,Chamoli,-,-,-,-,-,-,-,-,-,30.04500000,79.28550000,15-08-2026 08:00,12.5
1931,Gairsain (Ramganga),Uttarakhand,5,Uttarakhand,47,Chamoli,-,-,-,-,-,-,-,-,-,30.04500000,79.28550000,15-08-2026 09:00,0.5
1932,Gairsain (Ramganga),Uttarakhand,5,Uttarakhand,47,Chamoli,-,-,-,-,-,-,-,-,-,30.04500000,79.28550000,15-08-2026 23:00,16
1933,Gairsain (Ramganga),Uttarakhand,5,Uttarakhand,47,Chamoli,-,-,-,-,-,-,-,-,-,30.04500000,79.28550000,16-08-2026 00:00,2.5
1934,Gairsain (Ramganga),Uttarakhand,5,Uttarakhand,47,Chamoli,-,-,-,-,-,-,-,-,-,30.04500000,79.28550000,16-08-2026 15:00,2.5
1935,Gairsain (Ramganga),Uttarakhand,5,Uttarakhand,47,Chamoli,-,-,-,-,-,-,-,-,-,30.04500000,79.28550000,16-08-2026 16:00,3
1936,Gairsain (Ramganga),Uttarakhand,5,Uttarakhand,47,Chamoli,-,-,-,-,-,-,-,-,-,30.04500000,79.28550000,16-08-2026 18:00,0.5
1937,Gairsain (Ramganga),Uttarakhand,5,Uttarakhand,47,Chamoli,-,-,-,-,-,-,-,-,-,30.04500000,79.28550000,16-08-2026 19:00,4.5
1938,Gairsain (Ramganga),Uttarakhand,5,Uttarakhand,47,Chamoli,-,-,-,-,-,-,-,-,-,30.04500000,79.28550000,16-08-2026 20:00,2.5
1939,Gairsain (Ramganga),Uttarakhand,5,Uttarakhand,47,Chamoli,-,-,-,-,-,-,-,-,-,30.04500000,79.28550000,16-08-2026 22:00,0.5
1940,Gairsain (Ramganga),Uttarakhand,5,Uttarakhand,47,Chamoli,-,-,-,-,-,-,-,-,-,30.04500000,79.28550000,17-08-2026 03:00,1
1941,Gairsain (Ramganga),Uttarakhand,5,Uttarakhand,47,Chamoli,-,-,-,-,-,-,-,-,-,30.04500000,79.28550000,17-08-2026 04:00,1.5
1942,Gairsain (Ramganga),Uttarakhand,5,Uttarakhand,47,Chamoli,-,-,-,-,-,-,-,-,-,30.04500000,79.28550000,17-08-2026 07:00,5
1943,Gairsain (Ramganga),Uttarakhand,5,Uttarakhand,47,Chamoli,-,-,-,-,-,-,-,-,-,30.04500000,79.28550000,17-08-2026 08:00,14
1944,Gairsain (Ramganga),Uttarakhand,5,Uttarakhand,47,Chamoli,-,-,-,-,-,-,-,-,-,30.04500000,79.28550000,17-08-2026 09:00,1.5
1945,Gairsain (Ramganga),Uttarakhand,5,Uttarakhand,47,Chamoli,-,-,-,-,-,-,-,-,-,30.04500000,79.28550000,17-08-2026 10:00,2.5
1946,Gairsain (Ramganga),Uttarakhand,5,Uttarakhand,47,Chamoli,-,-,-,-,-,-,-,-,-,30.04500000,79.28550000,17-08-2026 11:00,3
1947,Gairsain (Ramganga),Uttarakhand,5,Uttarakhand,47,Chamoli,-,-,-,-,-,-,-,-,-,30.04500000,79.28550000,19-08-2026 01:00,0.5
1948,Gairsain (Ramganga),Uttarakhand,5,Uttarakhand,47,Chamoli,-,-,-,-,-,-,-,-,-,30.04500000,79.28550000,19-08-2026 18:00,3
1949,Gairsain (Ramganga),Uttarakhand,5,Uttarakhand,47,Chamoli,-,-,-,-,-,-,-,-,-,30.04500000,79.28550000,19-08-2026 19:00,1.5
1950,Gairsain (Ramganga),Uttarakhand,5,Uttarakhand,47,Chamoli,-,-,-,-,-,-,-,-,-,30.04500000,79.28550000,20-08-2026 15:00,1.5
1951,Gairsain (Ramganga),Uttarakhand,5,Uttarakhand,47,Chamoli,-,-,-,-,-,-,-,-,-,30.04500000,79.28550000,21-08-2026 02:00,0.5
1952,Gairsain (Ramganga),Uttarakhand,5,Uttarakhand,47,Chamoli,-,-,-,-,-,-,-,-,-,30.04500000,79.28550000,21-08-2026 05:00,2.5
1953,Gairsain (Ramganga),Uttarakhand,5,Uttarakhand,47,Chamoli,-,-,-,-,-,-,-,-,-,30.04500000,79.28550000,21-08-2026 06:00,1
1954,Gairsain (Ramganga),Uttarakhand,5,Uttarakhand,47,Chamoli,-,-,-,-,-,-,-,-,-,30.04500000,79.28550000,21-08-2026 07:00,1
1955,Gairsain (Ramganga),Uttarakhand,5,Uttarakhand,47,Chamoli,-,-,-,-,-,-,-,-,-,30.04500000,79.28550000,21-08-2026 08:00,0.5
1956,Gairsain (Ramganga),Uttarakhand,5,Uttarakhand,47,Chamoli,-,-,-,-,-,-,-,-,-,30.04500000,79.28550000,23-08-2026 15:00,3
1957,Gairsain (Ramganga),Uttarakhand,5,Uttarakhand,47,Chamoli,-,-,-,-,-,-,-,-,-,30.04500000,79.28550000,24-08-2026 19:00,8.5
1958,Gairsain (Ramganga),Uttarakhand,5,Uttarakhand,47,Chamoli,-,-,-,-,-,-,-,-,-,30.04500000,79.28550000,24-08-2026 20:00,4
1959,Gairsain (Ramganga),Uttarakhand,5,Uttarakhand,47,Chamoli,-,-,-,-,-,-,-,-,-,30.04500000,79.28550000,25-08-2026 06:00,0.5
1960,Gola_1,Uttarakhand,5,Uttarakhand,51,Nainital,-,-,-,-,-,-,-,-,-,29.27136111,79.54743333,28-04-2026 22:00,169
1961,Gola_1,Uttarakhand,5,Uttarakhand,51,Nainital,-,-,-,-,-,-,-,-,-,29.27136111,79.54743333,29-04-2026 15:30,312
1962,Guptkashi_1,Uttarakhand,5,Uttarakhand,54,Rudraprayag,-,-,-,-,-,-,-,-,-,30.52863889,79.08508333,28-01-2026 09:00,0.5
1963,Guptkashi_1,Uttarakhand,5,Uttarakhand,54,Rudraprayag,-,-,-,-,-,-,-,-,-,30.52863889,79.08508333,31-07-2026 22:00,21
1964,Guptkashi_1,Uttarakhand,5,Uttarakhand,54,Rudraprayag,-,-,-,-,-,-,-,-,-,30.52863889,79.08508333,01-08-2026 11:00,0.5
1965,Guptkashi_1,Uttarakhand,5,Uttarakhand,54,Rudraprayag,-,-,-,-,-,-,-,-,-,30.52863889,79.08508333,01-08-2026 13:00,1.5
1966,Guptkashi_1,Uttarakhand,5,Uttarakhand,54,Rudraprayag,-,-,-,-,-,-,-,-,-,30.52863889,79.08508333,01-08-2026 15:00,0.5
1967,Guptkashi_1,Uttarakhand,5,Uttarakhand,54,Rudraprayag,-,-,-,-,-,-,-,-,-,30.52863889,79.08508333,11-08-2026 19:00,5.5
1968,Guptkashi_1,Uttarakhand,5,Uttarakhand,54,Rudraprayag,-,-,-,-,-,-,-,-,-,30.52863889,79.08508333,13-08-2026 21:00,1
1969,Guptkashi_1,Uttarakhand,5,Uttarakhand,54,Rudraprayag,-,-,-,-,-,-,-,-,-,30.52863889,79.08508333,13-08-2026 23:00,1
1970,Guptkashi_1,Uttarakhand,5,Uttarakhand,54,Rudraprayag,-,-,-,-,-,-,-,-,-,30.52863889,79.08508333,14-08-2026 03:00,0.5
1971,Guptkashi_1,Uttarakhand,5,Uttarakhand,54,Rudraprayag,-,-,-,-,-,-,-,-,-,30.52863889,79.08508333,14-08-2026 05:00,0.5
1972,Guptkashi_1,Uttarakhand,5,Uttarakhand,54,Rudraprayag,-,-,-,-,-,-,-,-,-,30.52863889,79.08508333,14-08-2026 14:00,2
1973,Guptkashi_1,Uttarakhand,5,Uttarakhand,54,Rudraprayag,-,-,-,-,-,-,-,-,-,30.52863889,79.08508333,14-08-2026 15:00,7
1974,Guptkashi_1,Uttarakhand,5,Uttarakhand,54,Rudraprayag,-,-,-,-,-,-,-,-,-,30.52863889,79.08508333,14-08-2026 16:00,4.5
1975,Guptkashi_1,Uttarakhand,5,Uttarakhand,54,Rudraprayag,-,-,-,-,-,-,-,-,-,30.52863889,79.08508333,14-08-2026 17:00,0.5
1976,Guptkashi_1,Uttarakhand,5,Uttarakhand,54,Rudraprayag,-,-,-,-,-,-,-,-,-,30.52863889,79.08508333,14-08-2026 23:00,1.5
1977,Guptkashi_1,Uttarakhand,5,Uttarakhand,54,Rudraprayag,-,-,-,-,-,-,-,-,-,30.52863889,79.08508333,15-08-2026 00:00,0.5
1978,Guptkashi_1,Uttarakhand,5,Uttarakhand,54,Rudraprayag,-,-,-,-,-,-,-,-,-,30.52863889,79.08508333,15-08-2026 04:00,1
1979,Guptkashi_1,Uttarakhand,5,Uttarakhand,54,Rudraprayag,-,-,-,-,-,-,-,-,-,30.52863889,79.08508333,15-08-2026 05:00,9.5
1980,Guptkashi_1,Uttarakhand,5,Uttarakhand,54,Rudraprayag,-,-,-,-,-,-,-,-,-,30.52863889,79.08508333,15-08-2026 06:00,11.5
1981,Guptkashi_1,Uttarakhand,5,Uttarakhand,54,Rudraprayag,-,-,-,-,-,-,-,-,-,30.52863889,79.08508333,15-08-2026 07:00,5
1982,Guptkashi_1,Uttarakhand,5,Uttarakhand,54,Rudraprayag,-,-,-,-,-,-,-,-,-,30.52863889,79.08508333,15-08-2026 08:00,8.5
1983,Guptkashi_1,Uttarakhand,5,Uttarakhand,54,Rudraprayag,-,-,-,-,-,-,-,-,-,30.52863889,79.08508333,15-08-2026 09:00,5
1984,Guptkashi_1,Uttarakhand,5,Uttarakhand,54,Rudraprayag,-,-,-,-,-,-,-,-,-,30.52863889,79.08508333,15-08-2026 10:00,1.5
1985,Guptkashi_1,Uttarakhand,5,Uttarakhand,54,Rudraprayag,-,-,-,-,-,-,-,-,-,30.52863889,79.08508333,15-08-2026 14:00,0.5
1986,Guptkashi_1,Uttarakhand,5,Uttarakhand,54,Rudraprayag,-,-,-,-,-,-,-,-,-,30.52863889,79.08508333,15-08-2026 21:00,1.5
1987,Guptkashi_1,Uttarakhand,5,Uttarakhand,54,Rudraprayag,-,-,-,-,-,-,-,-,-,30.52863889,79.08508333,15-08-2026 22:00,2.5
1988,Guptkashi_1,Uttarakhand,5,Uttarakhand,54,Rudraprayag,-,-,-,-,-,-,-,-,-,30.52863889,79.08508333,15-08-2026 23:00,3
1989,Guptkashi_1,Uttarakhand,5,Uttarakhand,54,Rudraprayag,-,-,-,-,-,-,-,-,-,30.52863889,79.08508333,16-08-2026 00:00,3.5
1990,Guptkashi_1,Uttarakhand,5,Uttarakhand,54,Rudraprayag,-,-,-,-,-,-,-,-,-,30.52863889,79.08508333,16-08-2026 01:00,15.5
1991,Guptkashi_1,Uttarakhand,5,Uttarakhand,54,Rudraprayag,-,-,-,-,-,-,-,-,-,30.52863889,79.08508333,16-08-2026 02:00,8.5
1992,Guptkashi_1,Uttarakhand,5,Uttarakhand,54,Rudraprayag,-,-,-,-,-,-,-,-,-,30.52863889,79.08508333,16-08-2026 03:00,9
1993,Guptkashi_1,Uttarakhand,5,Uttarakhand,54,Rudraprayag,-,-,-,-,-,-,-,-,-,30.52863889,79.08508333,16-08-2026 04:00,6
1994,Guptkashi_1,Uttarakhand,5,Uttarakhand,54,Rudraprayag,-,-,-,-,-,-,-,-,-,30.52863889,79.08508333,16-08-2026 05:00,2.5
1995,Guptkashi_1,Uttarakhand,5,Uttarakhand,54,Rudraprayag,-,-,-,-,-,-,-,-,-,30.52863889,79.08508333,16-08-2026 19:00,2
1996,Guptkashi_1,Uttarakhand,5,Uttarakhand,54,Rudraprayag,-,-,-,-,-,-,-,-,-,30.52863889,79.08508333,16-08-2026 21:00,0.5
1997,Guptkashi_1,Uttarakhand,5,Uttarakhand,54,Rudraprayag,-,-,-,-,-,-,-,-,-,30.52863889,79.08508333,17-08-2026 03:00,5
1998,Guptkashi_1,Uttarakhand,5,Uttarakhand,54,Rudraprayag,-,-,-,-,-,-,-,-,-,30.52863889,79.08508333,17-08-2026 04:00,1
1999,Guptkashi_1,Uttarakhand,5,Uttarakhand,54,Rudraprayag,-,-,-,-,-,-,-,-,-,30.52863889,79.08508333,17-08-2026 07:00,0.5
2000,Guptkashi_1,Uttarakhand,5,Uttarakhand,54,Rudraprayag,-,-,-,-,-,-,-,-,-,30.52863889,79.08508333,17-08-2026 08:00,0.5
2001,Guptkashi_1,Uttarakhand,5,Uttarakhand,54,Rudraprayag,-,-,-,-,-,-,-,-,-,30.52863889,79.08508333,17-08-2026 09:00,0.5
2002,Guptkashi_1,Uttarakhand,5,Uttarakhand,54,Rudraprayag,-,-,-,-,-,-,-,-,-,30.52863889,79.08508333,17-08-2026 15:00,11
2003,Guptkashi_1,Uttarakhand,5,Uttarakhand,54,Rudraprayag,-,-,-,-,-,-,-,-,-,30.52863889,79.08508333,17-08-2026 16:00,6.5
2004,Guptkashi_1,Uttarakhand,5,Uttarakhand,54,Rudraprayag,-,-,-,-,-,-,-,-,-,30.52863889,79.08508333,17-08-2026 17:00,2
2005,Guptkashi_1,Uttarakhand,5,Uttarakhand,54,Rudraprayag,-,-,-,-,-,-,-,-,-,30.52863889,79.08508333,17-08-2026 18:00,18
2006,Guptkashi_1,Uttarakhand,5,Uttarakhand,54,Rudraprayag,-,-,-,-,-,-,-,-,-,30.52863889,79.08508333,17-08-2026 19:00,19.5
2007,Guptkashi_1,Uttarakhand,5,Uttarakhand,54,Rudraprayag,-,-,-,-,-,-,-,-,-,30.52863889,79.08508333,17-08-2026 20:00,0.5
2008,Guptkashi_1,Uttarakhand,5,Uttarakhand,54,Rudraprayag,-,-,-,-,-,-,-,-,-,30.52863889,79.08508333,17-08-2026 23:00,0.5
2009,Guptkashi_1,Uttarakhand,5,Uttarakhand,54,Rudraprayag,-,-,-,-,-,-,-,-,-,30.52863889,79.08508333,18-08-2026 09:00,1.5
2010,Guptkashi_1,Uttarakhand,5,Uttarakhand,54,Rudraprayag,-,-,-,-,-,-,-,-,-,30.52863889,79.08508333,18-08-2026 10:00,1
2011,Guptkashi_1,Uttarakhand,5,Uttarakhand,54,Rudraprayag,-,-,-,-,-,-,-,-,-,30.52863889,79.08508333,18-08-2026 11:00,2
2012,Guptkashi_1,Uttarakhand,5,Uttarakhand,54,Rudraprayag,-,-,-,-,-,-,-,-,-,30.52863889,79.08508333,18-08-2026 12:00,2
2013,Guptkashi_1,Uttarakhand,5,Uttarakhand,54,Rudraprayag,-,-,-,-,-,-,-,-,-,30.52863889,79.08508333,18-08-2026 13:00,0.5
2014,Guptkashi_1,Uttarakhand,5,Uttarakhand,54,Rudraprayag,-,-,-,-,-,-,-,-,-,30.52863889,79.08508333,18-08-2026 22:00,1.5
2015,Guptkashi_1,Uttarakhand,5,Uttarakhand,54,Rudraprayag,-,-,-,-,-,-,-,-,-,30.52863889,79.08508333,18-08-2026 23:00,0.5
2016,Guptkashi_1,Uttarakhand,5,Uttarakhand,54,Rudraprayag,-,-,-,-,-,-,-,-,-,30.52863889,79.08508333,19-08-2026 00:00,0.5
2017,Guptkashi_1,Uttarakhand,5,Uttarakhand,54,Rudraprayag,-,-,-,-,-,-,-,-,-,30.52863889,79.08508333,20-08-2026 14:00,0.5
2018,Guptkashi_1,Uttarakhand,5,Uttarakhand,54,Rudraprayag,-,-,-,-,-,-,-,-,-,30.52863889,79.08508333,20-08-2026 19:00,16
2019,Guptkashi_1,Uttarakhand,5,Uttarakhand,54,Rudraprayag,-,-,-,-,-,-,-,-,-,30.52863889,79.08508333,20-08-2026 20:00,9.5
2020,Guptkashi_1,Uttarakhand,5,Uttarakhand,54,Rudraprayag,-,-,-,-,-,-,-,-,-,30.52863889,79.08508333,20-08-2026 23:00,10
2021,Guptkashi_1,Uttarakhand,5,Uttarakhand,54,Rudraprayag,-,-,-,-,-,-,-,-,-,30.52863889,79.08508333,21-08-2026 00:00,12
2022,Guptkashi_1,Uttarakhand,5,Uttarakhand,54,Rudraprayag,-,-,-,-,-,-,-,-,-,30.52863889,79.08508333,21-08-2026 01:00,3
2023,Guptkashi_1,Uttarakhand,5,Uttarakhand,54,Rudraprayag,-,-,-,-,-,-,-,-,-,30.52863889,79.08508333,21-08-2026 15:00,0.5
2024,Guptkashi_1,Uttarakhand,5,Uttarakhand,54,Rudraprayag,-,-,-,-,-,-,-,-,-,30.52863889,79.08508333,21-08-2026 17:00,1.5
2025,Guptkashi_1,Uttarakhand,5,Uttarakhand,54,Rudraprayag,-,-,-,-,-,-,-,-,-,30.52863889,79.08508333,21-08-2026 18:00,0.5
2026,Guptkashi_1,Uttarakhand,5,Uttarakhand,54,Rudraprayag,-,-,-,-,-,-,-,-,-,30.52863889,79.08508333,22-08-2026 21:00,14.5
2027,Guptkashi_1,Uttarakhand,5,Uttarakhand,54,Rudraprayag,-,-,-,-,-,-,-,-,-,30.52863889,79.08508333,22-08-2026 22:00,3.5
2028,Guptkashi_1,Uttarakhand,5,Uttarakhand,54,Rudraprayag,-,-,-,-,-,-,-,-,-,30.52863889,79.08508333,22-08-2026 23:00,1
2029,Guptkashi_1,Uttarakhand,5,Uttarakhand,54,Rudraprayag,-,-,-,-,-,-,-,-,-,30.52863889,79.08508333,23-08-2026 00:00,0.5
2030,Guptkashi_1,Uttarakhand,5,Uttarakhand,54,Rudraprayag,-,-,-,-,-,-,-,-,-,30.52863889,79.08508333,23-08-2026 01:00,0.5
2031,Guptkashi_1,Uttarakhand,5,Uttarakhand,54,Rudraprayag,-,-,-,-,-,-,-,-,-,30.52863889,79.08508333,23-08-2026 02:00,27.5
2032,Guptkashi_1,Uttarakhand,5,Uttarakhand,54,Rudraprayag,-,-,-,-,-,-,-,-,-,30.52863889,79.08508333,23-08-2026 03:00,5
2033,Guptkashi_1,Uttarakhand,5,Uttarakhand,54,Rudraprayag,-,-,-,-,-,-,-,-,-,30.52863889,79.08508333,23-08-2026 04:00,6
2034,Guptkashi_1,Uttarakhand,5,Uttarakhand,54,Rudraprayag,-,-,-,-,-,-,-,-,-,30.52863889,79.08508333,23-08-2026 05:00,3.5
2035,Guptkashi_1,Uttarakhand,5,Uttarakhand,54,Rudraprayag,-,-,-,-,-,-,-,-,-,30.52863889,79.08508333,23-08-2026 06:00,0.5
2036,Guptkashi_1,Uttarakhand,5,Uttarakhand,54,Rudraprayag,-,-,-,-,-,-,-,-,-,30.52863889,79.08508333,23-08-2026 08:00,0.5
2037,Guptkashi_1,Uttarakhand,5,Uttarakhand,54,Rudraprayag,-,-,-,-,-,-,-,-,-,30.52863889,79.08508333,24-08-2026 09:00,0.5
2038,Guptkashi_1,Uttarakhand,5,Uttarakhand,54,Rudraprayag,-,-,-,-,-,-,-,-,-,30.52863889,79.08508333,24-08-2026 10:00,1.5
2039,Guptkashi_1,Uttarakhand,5,Uttarakhand,54,Rudraprayag,-,-,-,-,-,-,-,-,-,30.52863889,79.08508333,24-08-2026 11:00,3.5
2040,Guptkashi_1,Uttarakhand,5,Uttarakhand,54,Rudraprayag,-,-,-,-,-,-,-,-,-,30.52863889,79.08508333,24-08-2026 12:00,0.5
2041,Guptkashi_1,Uttarakhand,5,Uttarakhand,54,Rudraprayag,-,-,-,-,-,-,-,-,-,30.52863889,79.08508333,27-08-2026 06:00,0.5
2042,Guptkashi_1,Uttarakhand,5,Uttarakhand,54,Rudraprayag,-,-,-,-,-,-,-,-,-,30.52863889,79.08508333,27-08-2026 08:00,0.5
2043,Haldwani_1,Uttarakhand,5,Uttarakhand,51,Nainital,-,-,-,-,-,-,-,-,-,29.21472500,79.52400278,28-01-2026 07:00,0.5
2044,Haldwani_1,Uttarakhand,5,Uttarakhand,51,Nainital,-,-,-,-,-,-,-,-,-,29.21472500,79.52400278,15-02-2026 15:00,-501.5
2045,Haldwani_1,Uttarakhand,5,Uttarakhand,51,Nainital,-,-,-,-,-,-,-,-,-,29.21472500,79.52400278,15-02-2026 16:00,40.5
2046,Haldwani_1,Uttarakhand,5,Uttarakhand,51,Nainital,-,-,-,-,-,-,-,-,-,29.21472500,79.52400278,20-03-2026 03:00,0.5
2047,Haldwani_1,Uttarakhand,5,Uttarakhand,51,Nainital,-,-,-,-,-,-,-,-,-,29.21472500,79.52400278,20-03-2026 04:00,2
2048,Haldwani_1,Uttarakhand,5,Uttarakhand,51,Nainital,-,-,-,-,-,-,-,-,-,29.21472500,79.52400278,20-03-2026 06:00,0.5
2049,Haldwani_1,Uttarakhand,5,Uttarakhand,51,Nainital,-,-,-,-,-,-,-,-,-,29.21472500,79.52400278,20-03-2026 11:00,1.5
2050,Haldwani_1,Uttarakhand,5,Uttarakhand,51,Nainital,-,-,-,-,-,-,-,-,-,29.21472500,79.52400278,20-03-2026 12:00,1.5
2051,Haldwani_1,Uttarakhand,5,Uttarakhand,51,Nainital,-,-,-,-,-,-,-,-,-,29.21472500,79.52400278,20-03-2026 13:00,0.5
2052,Haldwani_1,Uttarakhand,5,Uttarakhand,51,Nainital,-,-,-,-,-,-,-,-,-,29.21472500,79.52400278,20-03-2026 16:00,1
2053,Haldwani_1,Uttarakhand,5,Uttarakhand,51,Nainital,-,-,-,-,-,-,-,-,-,29.21472500,79.52400278,20-03-2026 22:00,1
2054,Haldwani_1,Uttarakhand,5,Uttarakhand,51,Nainital,-,-,-,-,-,-,-,-,-,29.21472500,79.52400278,21-03-2026 04:00,0.5
2055,Haldwani_1,Uttarakhand,5,Uttarakhand,51,Nainital,-,-,-,-,-,-,-,-,-,29.21472500,79.52400278,21-03-2026 05:00,0.5
2056,Haldwani_1,Uttarakhand,5,Uttarakhand,51,Nainital,-,-,-,-,-,-,-,-,-,29.21472500,79.52400278,30-04-2026 19:00,7.5
2057,Haldwani_1,Uttarakhand,5,Uttarakhand,51,Nainital,-,-,-,-,-,-,-,-,-,29.21472500,79.52400278,30-04-2026 20:00,9
2058,Haldwani_1,Uttarakhand,5,Uttarakhand,51,Nainital,-,-,-,-,-,-,-,-,-,29.21472500,79.52400278,30-04-2026 21:00,0.5
2059,Haldwani_1,Uttarakhand,5,Uttarakhand,51,Nainital,-,-,-,-,-,-,-,-,-,29.21472500,79.52400278,11-06-2026 04:00,0.5
2060,Haldwani_1,Uttarakhand,5,Uttarakhand,51,Nainital,-,-,-,-,-,-,-,-,-,29.21472500,79.52400278,11-06-2026 05:00,1
2061,Haldwani_1,Uttarakhand,5,Uttarakhand,51,Nainital,-,-,-,-,-,-,-,-,-,29.21472500,79.52400278,11-06-2026 11:00,1
2062,Haldwani_1,Uttarakhand,5,Uttarakhand,51,Nainital,-,-,-,-,-,-,-,-,-,29.21472500,79.52400278,11-06-2026 12:00,0.5
2063,Haldwani_1,Uttarakhand,5,Uttarakhand,51,Nainital,-,-,-,-,-,-,-,-,-,29.21472500,79.52400278,12-06-2026 01:00,0.5
2064,Haldwani_1,Uttarakhand,5,Uttarakhand,51,Nainital,-,-,-,-,-,-,-,-,-,29.21472500,79.52400278,28-06-2026 16:00,1.5
2065,Haldwani_1,Uttarakhand,5,Uttarakhand,51,Nainital,-,-,-,-,-,-,-,-,-,29.21472500,79.52400278,29-06-2026 04:00,33.5
2066,Haldwani_1,Uttarakhand,5,Uttarakhand,51,Nainital,-,-,-,-,-,-,-,-,-,29.21472500,79.52400278,30-06-2026 03:00,3.5
2067,Haldwani_1,Uttarakhand,5,Uttarakhand,51,Nainital,-,-,-,-,-,-,-,-,-,29.21472500,79.52400278,30-06-2026 08:00,1
2068,Haldwani_1,Uttarakhand,5,Uttarakhand,51,Nainital,-,-,-,-,-,-,-,-,-,29.21472500,79.52400278,30-06-2026 09:00,1
2069,Haldwani_1,Uttarakhand,5,Uttarakhand,51,Nainital,-,-,-,-,-,-,-,-,-,29.21472500,79.52400278,30-06-2026 10:00,2
2070,Haldwani_1,Uttarakhand,5,Uttarakhand,51,Nainital,-,-,-,-,-,-,-,-,-,29.21472500,79.52400278,30-06-2026 11:00,1.5
2071,Haldwani_1,Uttarakhand,5,Uttarakhand,51,Nainital,-,-,-,-,-,-,-,-,-,29.21472500,79.52400278,30-06-2026 12:00,0.5
2072,Haldwani_1,Uttarakhand,5,Uttarakhand,51,Nainital,-,-,-,-,-,-,-,-,-,29.21472500,79.52400278,30-06-2026 13:00,0.5
2073,Haldwani_1,Uttarakhand,5,Uttarakhand,51,Nainital,-,-,-,-,-,-,-,-,-,29.21472500,79.52400278,30-06-2026 14:00,2.5
2074,Haldwani_1,Uttarakhand,5,Uttarakhand,51,Nainital,-,-,-,-,-,-,-,-,-,29.21472500,79.52400278,30-06-2026 15:00,3.5
2075,Haldwani_1,Uttarakhand,5,Uttarakhand,51,Nainital,-,-,-,-,-,-,-,-,-,29.21472500,79.52400278,30-06-2026 16:00,2.5
2076,Haldwani_1,Uttarakhand,5,Uttarakhand,51,Nainital,-,-,-,-,-,-,-,-,-,29.21472500,79.52400278,01-07-2026 07:00,0.5
2077,Haldwani_1,Uttarakhand,5,Uttarakhand,51,Nainital,-,-,-,-,-,-,-,-,-,29.21472500,79.52400278,01-07-2026 11:00,3
2078,Haldwani_1,Uttarakhand,5,Uttarakhand,51,Nainital,-,-,-,-,-,-,-,-,-,29.21472500,79.52400278,01-07-2026 12:00,29.5
2079,Haldwani_1,Uttarakhand,5,Uttarakhand,51,Nainital,-,-,-,-,-,-,-,-,-,29.21472500,79.52400278,01-07-2026 13:00,2
2080,Haldwani_1,Uttarakhand,5,Uttarakhand,51,Nainital,-,-,-,-,-,-,-,-,-,29.21472500,79.52400278,02-07-2026 04:00,0.5
2081,Haldwani_1,Uttarakhand,5,Uttarakhand,51,Nainital,-,-,-,-,-,-,-,-,-,29.21472500,79.52400278,02-07-2026 05:00,4
2082,Haldwani_1,Uttarakhand,5,Uttarakhand,51,Nainital,-,-,-,-,-,-,-,-,-,29.21472500,79.52400278,02-07-2026 06:00,2
2083,Haldwani_1,Uttarakhand,5,Uttarakhand,51,Nainital,-,-,-,-,-,-,-,-,-,29.21472500,79.52400278,04-07-2026 16:00,2.5
2084,Haldwani_1,Uttarakhand,5,Uttarakhand,51,Nainital,-,-,-,-,-,-,-,-,-,29.21472500,79.52400278,04-07-2026 17:00,1
2085,Haldwani_1,Uttarakhand,5,Uttarakhand,51,Nainital,-,-,-,-,-,-,-,-,-,29.21472500,79.52400278,07-07-2026 07:00,2
2086,Haldwani_1,Uttarakhand,5,Uttarakhand,51,Nainital,-,-,-,-,-,-,-,-,-,29.21472500,79.52400278,07-07-2026 09:00,2
2087,Haldwani_1,Uttarakhand,5,Uttarakhand,51,Nainital,-,-,-,-,-,-,-,-,-,29.21472500,79.52400278,07-07-2026 10:00,3
2088,Haldwani_1,Uttarakhand,5,Uttarakhand,51,Nainital,-,-,-,-,-,-,-,-,-,29.21472500,79.52400278,07-07-2026 11:00,1
2089,Haldwani_1,Uttarakhand,5,Uttarakhand,51,Nainital,-,-,-,-,-,-,-,-,-,29.21472500,79.52400278,07-07-2026 13:00,0.5
2090,Haldwani_1,Uttarakhand,5,Uttarakhand,51,Nainital,-,-,-,-,-,-,-,-,-,29.21472500,79.52400278,08-07-2026 01:00,1
2091,Haldwani_1,Uttarakhand,5,Uttarakhand,51,Nainital,-,-,-,-,-,-,-,-,-,29.21472500,79.52400278,08-07-2026 03:00,1
2092,Haldwani_1,Uttarakhand,5,Uttarakhand,51,Nainital,-,-,-,-,-,-,-,-,-,29.21472500,79.52400278,08-07-2026 06:00,0.5
2093,Haldwani_1,Uttarakhand,5,Uttarakhand,51,Nainital,-,-,-,-,-,-,-,-,-,29.21472500,79.52400278,08-07-2026 07:00,3
2094,Haldwani_1,Uttarakhand,5,Uttarakhand,51,Nainital,-,-,-,-,-,-,-,-,-,29.21472500,79.52400278,08-07-2026 08:00,0.5
2095,Haldwani_1,Uttarakhand,5,Uttarakhand,51,Nainital,-,-,-,-,-,-,-,-,-,29.21472500,79.52400278,08-07-2026 09:00,4.5
2096,Haldwani_1,Uttarakhand,5,Uttarakhand,51,Nainital,-,-,-,-,-,-,-,-,-,29.21472500,79.52400278,08-07-2026 10:00,26
2097,Haldwani_1,Uttarakhand,5,Uttarakhand,51,Nainital,-,-,-,-,-,-,-,-,-,29.21472500,79.52400278,08-07-2026 11:00,1.5
2098,Haldwani_1,Uttarakhand,5,Uttarakhand,51,Nainital,-,-,-,-,-,-,-,-,-,29.21472500,79.52400278,08-07-2026 22:00,2
2099,Haldwani_1,Uttarakhand,5,Uttarakhand,51,Nainital,-,-,-,-,-,-,-,-,-,29.21472500,79.52400278,08-07-2026 23:00,7.5
2100,Haldwani_1,Uttarakhand,5,Uttarakhand,51,Nainital,-,-,-,-,-,-,-,-,-,29.21472500,79.52400278,09-07-2026 00:00,7
2101,Haldwani_1,Uttarakhand,5,Uttarakhand,51,Nainital,-,-,-,-,-,-,-,-,-,29.21472500,79.52400278,09-07-2026 01:00,6
2102,Haldwani_1,Uttarakhand,5,Uttarakhand,51,Nainital,-,-,-,-,-,-,-,-,-,29.21472500,79.52400278,09-07-2026 02:00,8.5
2103,Haldwani_1,Uttarakhand,5,Uttarakhand,51,Nainital,-,-,-,-,-,-,-,-,-,29.21472500,79.52400278,09-07-2026 03:00,8
2104,Haldwani_1,Uttarakhand,5,Uttarakhand,51,Nainital,-,-,-,-,-,-,-,-,-,29.21472500,79.52400278,09-07-2026 04:00,3.5
2105,Haldwani_1,Uttarakhand,5,Uttarakhand,51,Nainital,-,-,-,-,-,-,-,-,-,29.21472500,79.52400278,09-07-2026 06:00,1
2106,Haldwani_1,Uttarakhand,5,Uttarakhand,51,Nainital,-,-,-,-,-,-,-,-,-,29.21472500,79.52400278,09-07-2026 07:00,2.5
2107,Haldwani_1,Uttarakhand,5,Uttarakhand,51,Nainital,-,-,-,-,-,-,-,-,-,29.21472500,79.52400278,09-07-2026 09:00,1.5
2108,Haldwani_1,Uttarakhand,5,Uttarakhand,51,Nainital,-,-,-,-,-,-,-,-,-,29.21472500,79.52400278,09-07-2026 10:00,1.5
2109,Haldwani_1,Uttarakhand,5,Uttarakhand,51,Nainital,-,-,-,-,-,-,-,-,-,29.21472500,79.52400278,09-07-2026 16:00,0.5
2110,Haldwani_1,Uttarakhand,5,Uttarakhand,51,Nainital,-,-,-,-,-,-,-,-,-,29.21472500,79.52400278,09-07-2026 21:00,1.5
2111,Haldwani_1,Uttarakhand,5,Uttarakhand,51,Nainital,-,-,-,-,-,-,-,-,-,29.21472500,79.52400278,10-07-2026 03:00,0.5
2112,Haldwani_1,Uttarakhand,5,Uttarakhand,51,Nainital,-,-,-,-,-,-,-,-,-,29.21472500,79.52400278,10-07-2026 04:00,1.5
2113,Haldwani_1,Uttarakhand,5,Uttarakhand,51,Nainital,-,-,-,-,-,-,-,-,-,29.21472500,79.52400278,10-07-2026 05:00,5.5
2114,Haldwani_1,Uttarakhand,5,Uttarakhand,51,Nainital,-,-,-,-,-,-,-,-,-,29.21472500,79.52400278,10-07-2026 06:00,13.5
2115,Haldwani_1,Uttarakhand,5,Uttarakhand,51,Nainital,-,-,-,-,-,-,-,-,-,29.21472500,79.52400278,10-07-2026 07:00,8.5
2116,Haldwani_1,Uttarakhand,5,Uttarakhand,51,Nainital,-,-,-,-,-,-,-,-,-,29.21472500,79.52400278,10-07-2026 08:00,25.5
2117,Haldwani_1,Uttarakhand,5,Uttarakhand,51,Nainital,-,-,-,-,-,-,-,-,-,29.21472500,79.52400278,10-07-2026 09:00,2.5
2118,Haldwani_1,Uttarakhand,5,Uttarakhand,51,Nainital,-,-,-,-,-,-,-,-,-,29.21472500,79.52400278,10-07-2026 10:00,1
2119,Haldwani_1,Uttarakhand,5,Uttarakhand,51,Nainital,-,-,-,-,-,-,-,-,-,29.21472500,79.52400278,10-07-2026 16:00,0.5
2120,Haldwani_1,Uttarakhand,5,Uttarakhand,51,Nainital,-,-,-,-,-,-,-,-,-,29.21472500,79.52400278,11-07-2026 22:00,4
2121,Haldwani_1,Uttarakhand,5,Uttarakhand,51,Nainital,-,-,-,-,-,-,-,-,-,29.21472500,79.52400278,11-07-2026 23:00,0.5
2122,Haldwani_1,Uttarakhand,5,Uttarakhand,51,Nainital,-,-,-,-,-,-,-,-,-,29.21472500,79.52400278,12-07-2026 06:00,4
2123,Haldwani_1,Uttarakhand,5,Uttarakhand,51,Nainital,-,-,-,-,-,-,-,-,-,29.21472500,79.52400278,12-07-2026 07:00,1.5
2124,Haldwani_1,Uttarakhand,5,Uttarakhand,51,Nainital,-,-,-,-,-,-,-,-,-,29.21472500,79.52400278,14-07-2026 17:00,0.5
2125,Haldwani_1,Uttarakhand,5,Uttarakhand,51,Nainital,-,-,-,-,-,-,-,-,-,29.21472500,79.52400278,16-07-2026 01:00,14
2126,Haldwani_1,Uttarakhand,5,Uttarakhand,51,Nainital,-,-,-,-,-,-,-,-,-,29.21472500,79.52400278,16-07-2026 02:00,2
2127,Haldwani_1,Uttarakhand,5,Uttarakhand,51,Nainital,-,-,-,-,-,-,-,-,-,29.21472500,79.52400278,16-07-2026 14:00,27.5
2128,Haldwani_1,Uttarakhand,5,Uttarakhand,51,Nainital,-,-,-,-,-,-,-,-,-,29.21472500,79.52400278,16-07-2026 15:00,4.5
2129,Haldwani_1,Uttarakhand,5,Uttarakhand,51,Nainital,-,-,-,-,-,-,-,-,-,29.21472500,79.52400278,17-07-2026 17:00,2.5
2130,Haldwani_1,Uttarakhand,5,Uttarakhand,51,Nainital,-,-,-,-,-,-,-,-,-,29.21472500,79.52400278,17-07-2026 18:00,0.5
2131,Haldwani_1,Uttarakhand,5,Uttarakhand,51,Nainital,-,-,-,-,-,-,-,-,-,29.21472500,79.52400278,17-07-2026 23:00,0.5
2132,Haldwani_1,Uttarakhand,5,Uttarakhand,51,Nainital,-,-,-,-,-,-,-,-,-,29.21472500,79.52400278,18-07-2026 00:00,1
2133,Haldwani_1,Uttarakhand,5,Uttarakhand,51,Nainital,-,-,-,-,-,-,-,-,-,29.21472500,79.52400278,18-07-2026 02:00,3
2134,Haldwani_1,Uttarakhand,5,Uttarakhand,51,Nainital,-,-,-,-,-,-,-,-,-,29.21472500,79.52400278,18-07-2026 11:00,0.5
2135,Haldwani_1,Uttarakhand,5,Uttarakhand,51,Nainital,-,-,-,-,-,-,-,-,-,29.21472500,79.52400278,18-07-2026 17:00,8.5
2136,Haldwani_1,Uttarakhand,5,Uttarakhand,51,Nainital,-,-,-,-,-,-,-,-,-,29.21472500,79.52400278,18-07-2026 18:00,37
2137,Haldwani_1,Uttarakhand,5,Uttarakhand,51,Nainital,-,-,-,-,-,-,-,-,-,29.21472500,79.52400278,18-07-2026 19:00,1.5
2138,Haldwani_1,Uttarakhand,5,Uttarakhand,51,Nainital,-,-,-,-,-,-,-,-,-,29.21472500,79.52400278,18-07-2026 20:00,3
2139,Haldwani_1,Uttarakhand,5,Uttarakhand,51,Nainital,-,-,-,-,-,-,-,-,-,29.21472500,79.52400278,18-07-2026 21:00,1
2140,Haldwani_1,Uttarakhand,5,Uttarakhand,51,Nainital,-,-,-,-,-,-,-,-,-,29.21472500,79.52400278,18-07-2026 22:00,25.5
2141,Haldwani_1,Uttarakhand,5,Uttarakhand,51,Nainital,-,-,-,-,-,-,-,-,-,29.21472500,79.52400278,18-07-2026 23:00,17
2142,Haldwani_1,Uttarakhand,5,Uttarakhand,51,Nainital,-,-,-,-,-,-,-,-,-,29.21472500,79.52400278,19-07-2026 00:00,4
2143,Haldwani_1,Uttarakhand,5,Uttarakhand,51,Nainital,-,-,-,-,-,-,-,-,-,29.21472500,79.52400278,19-07-2026 01:00,0.5
2144,Haldwani_1,Uttarakhand,5,Uttarakhand,51,Nainital,-,-,-,-,-,-,-,-,-,29.21472500,79.52400278,19-07-2026 04:00,0.5
2145,Haldwani_1,Uttarakhand,5,Uttarakhand,51,Nainital,-,-,-,-,-,-,-,-,-,29.21472500,79.52400278,19-07-2026 05:00,1.5
2146,Haldwani_1,Uttarakhand,5,Uttarakhand,51,Nainital,-,-,-,-,-,-,-,-,-,29.21472500,79.52400278,19-07-2026 06:00,0.5
2147,Haldwani_1,Uttarakhand,5,Uttarakhand,51,Nainital,-,-,-,-,-,-,-,-,-,29.21472500,79.52400278,19-07-2026 09:00,0.5
2148,Haldwani_1,Uttarakhand,5,Uttarakhand,51,Nainital,-,-,-,-,-,-,-,-,-,29.21472500,79.52400278,20-07-2026 03:00,0.5
2149,Haldwani_1,Uttarakhand,5,Uttarakhand,51,Nainital,-,-,-,-,-,-,-,-,-,29.21472500,79.52400278,20-07-2026 04:00,1
2150,Haldwani_1,Uttarakhand,5,Uttarakhand,51,Nainital,-,-,-,-,-,-,-,-,-,29.21472500,79.52400278,20-07-2026 05:00,2
2151,Haldwani_1,Uttarakhand,5,Uttarakhand,51,Nainital,-,-,-,-,-,-,-,-,-,29.21472500,79.52400278,20-07-2026 06:00,4.5
2152,Haldwani_1,Uttarakhand,5,Uttarakhand,51,Nainital,-,-,-,-,-,-,-,-,-,29.21472500,79.52400278,20-07-2026 07:00,6.5
2153,Haldwani_1,Uttarakhand,5,Uttarakhand,51,Nainital,-,-,-,-,-,-,-,-,-,29.21472500,79.52400278,20-07-2026 08:00,5
2154,Haldwani_1,Uttarakhand,5,Uttarakhand,51,Nainital,-,-,-,-,-,-,-,-,-,29.21472500,79.52400278,20-07-2026 09:00,3.5
2155,Haldwani_1,Uttarakhand,5,Uttarakhand,51,Nainital,-,-,-,-,-,-,-,-,-,29.21472500,79.52400278,20-07-2026 10:00,3
2156,Haldwani_1,Uttarakhand,5,Uttarakhand,51,Nainital,-,-,-,-,-,-,-,-,-,29.21472500,79.52400278,20-07-2026 11:00,2
2157,Haldwani_1,Uttarakhand,5,Uttarakhand,51,Nainital,-,-,-,-,-,-,-,-,-,29.21472500,79.52400278,20-07-2026 15:00,1.5
2158,Haldwani_1,Uttarakhand,5,Uttarakhand,51,Nainital,-,-,-,-,-,-,-,-,-,29.21472500,79.52400278,21-07-2026 04:00,1
2159,Haldwani_1,Uttarakhand,5,Uttarakhand,51,Nainital,-,-,-,-,-,-,-,-,-,29.21472500,79.52400278,22-07-2026 01:00,2.5
2160,Haldwani_1,Uttarakhand,5,Uttarakhand,51,Nainital,-,-,-,-,-,-,-,-,-,29.21472500,79.52400278,22-07-2026 03:00,0.5
2161,Haldwani_1,Uttarakhand,5,Uttarakhand,51,Nainital,-,-,-,-,-,-,-,-,-,29.21472500,79.52400278,23-07-2026 03:00,5.5
2162,Haldwani_1,Uttarakhand,5,Uttarakhand,51,Nainital,-,-,-,-,-,-,-,-,-,29.21472500,79.52400278,23-07-2026 04:00,4
2163,Haldwani_1,Uttarakhand,5,Uttarakhand,51,Nainital,-,-,-,-,-,-,-,-,-,29.21472500,79.52400278,23-07-2026 05:00,1
2164,Haldwani_1,Uttarakhand,5,Uttarakhand,51,Nainital,-,-,-,-,-,-,-,-,-,29.21472500,79.52400278,23-07-2026 17:00,1.5
2165,Haldwani_1,Uttarakhand,5,Uttarakhand,51,Nainital,-,-,-,-,-,-,-,-,-,29.21472500,79.52400278,24-07-2026 00:00,1.5
2166,Haldwani_1,Uttarakhand,5,Uttarakhand,51,Nainital,-,-,-,-,-,-,-,-,-,29.21472500,79.52400278,24-07-2026 01:00,0.5
2167,Haldwani_1,Uttarakhand,5,Uttarakhand,51,Nainital,-,-,-,-,-,-,-,-,-,29.21472500,79.52400278,24-07-2026 17:00,7.5
2168,Haldwani_1,Uttarakhand,5,Uttarakhand,51,Nainital,-,-,-,-,-,-,-,-,-,29.21472500,79.52400278,25-07-2026 07:00,1
2169,Haldwani_1,Uttarakhand,5,Uttarakhand,51,Nainital,-,-,-,-,-,-,-,-,-,29.21472500,79.52400278,25-07-2026 08:00,16.5
2170,Haldwani_1,Uttarakhand,5,Uttarakhand,51,Nainital,-,-,-,-,-,-,-,-,-,29.21472500,79.52400278,25-07-2026 09:00,3.5
2171,Haldwani_1,Uttarakhand,5,Uttarakhand,51,Nainital,-,-,-,-,-,-,-,-,-,29.21472500,79.52400278,27-07-2026 16:00,3
2172,Haldwani_1,Uttarakhand,5,Uttarakhand,51,Nainital,-,-,-,-,-,-,-,-,-,29.21472500,79.52400278,27-07-2026 17:00,25
2173,Haldwani_1,Uttarakhand,5,Uttarakhand,51,Nainital,-,-,-,-,-,-,-,-,-,29.21472500,79.52400278,27-07-2026 18:00,9
2174,Haldwani_1,Uttarakhand,5,Uttarakhand,51,Nainital,-,-,-,-,-,-,-,-,-,29.21472500,79.52400278,28-07-2026 06:00,1
2175,Haldwani_1,Uttarakhand,5,Uttarakhand,51,Nainital,-,-,-,-,-,-,-,-,-,29.21472500,79.52400278,30-07-2026 11:00,4.5
2176,Haldwani_1,Uttarakhand,5,Uttarakhand,51,Nainital,-,-,-,-,-,-,-,-,-,29.21472500,79.52400278,01-08-2026 04:00,1
2177,Haldwani_1,Uttarakhand,5,Uttarakhand,51,Nainital,-,-,-,-,-,-,-,-,-,29.21472500,79.52400278,01-08-2026 05:00,8.5
2178,Haldwani_1,Uttarakhand,5,Uttarakhand,51,Nainital,-,-,-,-,-,-,-,-,-,29.21472500,79.52400278,01-08-2026 06:00,1
2179,Haldwani_1,Uttarakhand,5,Uttarakhand,51,Nainital,-,-,-,-,-,-,-,-,-,29.21472500,79.52400278,02-08-2026 01:00,7.5
2180,Haldwani_1,Uttarakhand,5,Uttarakhand,51,Nainital,-,-,-,-,-,-,-,-,-,29.21472500,79.52400278,02-08-2026 02:00,1
2181,Haldwani_1,Uttarakhand,5,Uttarakhand,51,Nainital,-,-,-,-,-,-,-,-,-,29.21472500,79.52400278,02-08-2026 03:00,4.5
2182,Haldwani_1,Uttarakhand,5,Uttarakhand,51,Nainital,-,-,-,-,-,-,-,-,-,29.21472500,79.52400278,02-08-2026 04:00,9
2183,Haldwani_1,Uttarakhand,5,Uttarakhand,51,Nainital,-,-,-,-,-,-,-,-,-,29.21472500,79.52400278,02-08-2026 05:00,0.5
2184,Haldwani_1,Uttarakhand,5,Uttarakhand,51,Nainital,-,-,-,-,-,-,-,-,-,29.21472500,79.52400278,02-08-2026 10:00,0.5
2185,Haldwani_1,Uttarakhand,5,Uttarakhand,51,Nainital,-,-,-,-,-,-,-,-,-,29.21472500,79.52400278,05-08-2026 15:00,3.5
2186,Haldwani_1,Uttarakhand,5,Uttarakhand,51,Nainital,-,-,-,-,-,-,-,-,-,29.21472500,79.52400278,05-08-2026 16:00,1.5
2187,Haldwani_1,Uttarakhand,5,Uttarakhand,51,Nainital,-,-,-,-,-,-,-,-,-,29.21472500,79.52400278,06-08-2026 04:00,13.5
2188,Haldwani_1,Uttarakhand,5,Uttarakhand,51,Nainital,-,-,-,-,-,-,-,-,-,29.21472500,79.52400278,06-08-2026 05:00,17
2189,Haldwani_1,Uttarakhand,5,Uttarakhand,51,Nainital,-,-,-,-,-,-,-,-,-,29.21472500,79.52400278,06-08-2026 06:00,5.5
2190,Haldwani_1,Uttarakhand,5,Uttarakhand,51,Nainital,-,-,-,-,-,-,-,-,-,29.21472500,79.52400278,06-08-2026 07:00,10.5
2191,Haldwani_1,Uttarakhand,5,Uttarakhand,51,Nainital,-,-,-,-,-,-,-,-,-,29.21472500,79.52400278,10-08-2026 07:00,1
2192,Haldwani_1,Uttarakhand,5,Uttarakhand,51,Nainital,-,-,-,-,-,-,-,-,-,29.21472500,79.52400278,10-08-2026 08:00,1.5
2193,Haldwani_1,Uttarakhand,5,Uttarakhand,51,Nainital,-,-,-,-,-,-,-,-,-,29.21472500,79.52400278,10-08-2026 09:00,0.5
2194,Haldwani_1,Uttarakhand,5,Uttarakhand,51,Nainital,-,-,-,-,-,-,-,-,-,29.21472500,79.52400278,10-08-2026 10:00,0.5
2195,Haldwani_1,Uttarakhand,5,Uttarakhand,51,Nainital,-,-,-,-,-,-,-,-,-,29.21472500,79.52400278,10-08-2026 13:00,1
2196,Haldwani_1,Uttarakhand,5,Uttarakhand,51,Nainital,-,-,-,-,-,-,-,-,-,29.21472500,79.52400278,10-08-2026 14:00,0.5
2197,Haldwani_1,Uttarakhand,5,Uttarakhand,51,Nainital,-,-,-,-,-,-,-,-,-,29.21472500,79.52400278,11-08-2026 05:00,0.5
2198,Haldwani_1,Uttarakhand,5,Uttarakhand,51,Nainital,-,-,-,-,-,-,-,-,-,29.21472500,79.52400278,11-08-2026 06:00,4
2199,Haldwani_1,Uttarakhand,5,Uttarakhand,51,Nainital,-,-,-,-,-,-,-,-,-,29.21472500,79.52400278,11-08-2026 07:00,1
2200,Haldwani_1,Uttarakhand,5,Uttarakhand,51,Nainital,-,-,-,-,-,-,-,-,-,29.21472500,79.52400278,14-08-2026 04:00,50
2201,Haldwani_1,Uttarakhand,5,Uttarakhand,51,Nainital,-,-,-,-,-,-,-,-,-,29.21472500,79.52400278,14-08-2026 05:00,24
2202,Haldwani_1,Uttarakhand,5,Uttarakhand,51,Nainital,-,-,-,-,-,-,-,-,-,29.21472500,79.52400278,14-08-2026 08:00,0.5
2203,Haldwani_1,Uttarakhand,5,Uttarakhand,51,Nainital,-,-,-,-,-,-,-,-,-,29.21472500,79.52400278,14-08-2026 09:00,6.5
2204,Haldwani_1,Uttarakhand,5,Uttarakhand,51,Nainital,-,-,-,-,-,-,-,-,-,29.21472500,79.52400278,14-08-2026 11:00,0.5
2205,Haldwani_1,Uttarakhand,5,Uttarakhand,51,Nainital,-,-,-,-,-,-,-,-,-,29.21472500,79.52400278,14-08-2026 12:00,1.5
2206,Haldwani_1,Uttarakhand,5,Uttarakhand,51,Nainital,-,-,-,-,-,-,-,-,-,29.21472500,79.52400278,14-08-2026 13:00,3
2207,Haldwani_1,Uttarakhand,5,Uttarakhand,51,Nainital,-,-,-,-,-,-,-,-,-,29.21472500,79.52400278,14-08-2026 14:00,2
2208,Haldwani_1,Uttarakhand,5,Uttarakhand,51,Nainital,-,-,-,-,-,-,-,-,-,29.21472500,79.52400278,14-08-2026 15:00,0.5
2209,Haldwani_1,Uttarakhand,5,Uttarakhand,51,Nainital,-,-,-,-,-,-,-,-,-,29.21472500,79.52400278,15-08-2026 17:00,1.5
2210,Haldwani_1,Uttarakhand,5,Uttarakhand,51,Nainital,-,-,-,-,-,-,-,-,-,29.21472500,79.52400278,15-08-2026 18:00,12
2211,Haldwani_1,Uttarakhand,5,Uttarakhand,51,Nainital,-,-,-,-,-,-,-,-,-,29.21472500,79.52400278,15-08-2026 20:00,21.5
2212,Haldwani_1,Uttarakhand,5,Uttarakhand,51,Nainital,-,-,-,-,-,-,-,-,-,29.21472500,79.52400278,15-08-2026 21:00,10.5
2213,Haldwani_1,Uttarakhand,5,Uttarakhand,51,Nainital,-,-,-,-,-,-,-,-,-,29.21472500,79.52400278,15-08-2026 22:00,9
2214,Haldwani_1,Uttarakhand,5,Uttarakhand,51,Nainital,-,-,-,-,-,-,-,-,-,29.21472500,79.52400278,15-08-2026 23:00,1
2215,Haldwani_1,Uttarakhand,5,Uttarakhand,51,Nainital,-,-,-,-,-,-,-,-,-,29.21472500,79.52400278,16-08-2026 00:00,0.5
2216,Haldwani_1,Uttarakhand,5,Uttarakhand,51,Nainital,-,-,-,-,-,-,-,-,-,29.21472500,79.52400278,19-08-2026 17:00,39.5
2217,Haldwani_1,Uttarakhand,5,Uttarakhand,51,Nainital,-,-,-,-,-,-,-,-,-,29.21472500,79.52400278,19-08-2026 18:00,8.5
2218,Haldwani_1,Uttarakhand,5,Uttarakhand,51,Nainital,-,-,-,-,-,-,-,-,-,29.21472500,79.52400278,21-08-2026 06:00,1
2219,Haldwani_1,Uttarakhand,5,Uttarakhand,51,Nainital,-,-,-,-,-,-,-,-,-,29.21472500,79.52400278,21-08-2026 07:00,1.5
2220,Haldwani_1,Uttarakhand,5,Uttarakhand,51,Nainital,-,-,-,-,-,-,-,-,-,29.21472500,79.52400278,21-08-2026 13:00,1.5
2221,Haldwani_1,Uttarakhand,5,Uttarakhand,51,Nainital,-,-,-,-,-,-,-,-,-,29.21472500,79.52400278,21-08-2026 14:00,53.5
2222,Haldwani_1,Uttarakhand,5,Uttarakhand,51,Nainital,-,-,-,-,-,-,-,-,-,29.21472500,79.52400278,21-08-2026 15:00,7.5
2223,Haldwani_1,Uttarakhand,5,Uttarakhand,51,Nainital,-,-,-,-,-,-,-,-,-,29.21472500,79.52400278,22-08-2026 06:00,1
2224,Haldwani_1,Uttarakhand,5,Uttarakhand,51,Nainital,-,-,-,-,-,-,-,-,-,29.21472500,79.52400278,22-08-2026 06:00,1
2225,Haldwani_1,Uttarakhand,5,Uttarakhand,51,Nainital,-,-,-,-,-,-,-,-,-,29.21472500,79.52400278,22-08-2026 14:00,1.5
2226,Haldwani_1,Uttarakhand,5,Uttarakhand,51,Nainital,-,-,-,-,-,-,-,-,-,29.21472500,79.52400278,22-08-2026 14:00,1.5
2227,Haldwani_1,Uttarakhand,5,Uttarakhand,51,Nainital,-,-,-,-,-,-,-,-,-,29.21472500,79.52400278,22-08-2026 15:00,0.5
2228,Haldwani_1,Uttarakhand,5,Uttarakhand,51,Nainital,-,-,-,-,-,-,-,-,-,29.21472500,79.52400278,22-08-2026 15:00,0.5
2229,Haldwani_1,Uttarakhand,5,Uttarakhand,51,Nainital,-,-,-,-,-,-,-,-,-,29.21472500,79.52400278,23-08-2026 15:00,2
2230,Haldwani_1,Uttarakhand,5,Uttarakhand,51,Nainital,-,-,-,-,-,-,-,-,-,29.21472500,79.52400278,23-08-2026 15:00,2
2231,Haldwani_1,Uttarakhand,5,Uttarakhand,51,Nainital,-,-,-,-,-,-,-,-,-,29.21472500,79.52400278,23-08-2026 16:00,7.5
2232,Haldwani_1,Uttarakhand,5,Uttarakhand,51,Nainital,-,-,-,-,-,-,-,-,-,29.21472500,79.52400278,23-08-2026 16:00,7.5
2233,Haldwani_1,Uttarakhand,5,Uttarakhand,51,Nainital,-,-,-,-,-,-,-,-,-,29.21472500,79.52400278,24-08-2026 20:00,0.5
2234,Haldwani_1,Uttarakhand,5,Uttarakhand,51,Nainital,-,-,-,-,-,-,-,-,-,29.21472500,79.52400278,24-08-2026 20:00,0.5
2235,Haldwani_1,Uttarakhand,5,Uttarakhand,51,Nainital,-,-,-,-,-,-,-,-,-,29.21472500,79.52400278,24-08-2026 22:00,1
2236,Haldwani_1,Uttarakhand,5,Uttarakhand,51,Nainital,-,-,-,-,-,-,-,-,-,29.21472500,79.52400278,24-08-2026 22:00,1
2237,Haldwani_1,Uttarakhand,5,Uttarakhand,51,Nainital,-,-,-,-,-,-,-,-,-,29.21472500,79.52400278,24-08-2026 23:00,0.5
2238,Haldwani_1,Uttarakhand,5,Uttarakhand,51,Nainital,-,-,-,-,-,-,-,-,-,29.21472500,79.52400278,24-08-2026 23:00,0.5
2239,Haldwani_1,Uttarakhand,5,Uttarakhand,51,Nainital,-,-,-,-,-,-,-,-,-,29.21472500,79.52400278,25-08-2026 10:00,0.5
2240,Haldwani_1,Uttarakhand,5,Uttarakhand,51,Nainital,-,-,-,-,-,-,-,-,-,29.21472500,79.52400278,25-08-2026 10:00,0.5
2241,Haldwani_1,Uttarakhand,5,Uttarakhand,51,Nainital,-,-,-,-,-,-,-,-,-,29.21472500,79.52400278,25-08-2026 13:00,0.5
2242,Haldwani_1,Uttarakhand,5,Uttarakhand,51,Nainital,-,-,-,-,-,-,-,-,-,29.21472500,79.52400278,25-08-2026 13:00,0.5
2243,Haldwani_1,Uttarakhand,5,Uttarakhand,51,Nainital,-,-,-,-,-,-,-,-,-,29.21472500,79.52400278,27-08-2026 00:00,8.5
2244,Haldwani_1,Uttarakhand,5,Uttarakhand,51,Nainital,-,-,-,-,-,-,-,-,-,29.21472500,79.52400278,27-08-2026 00:00,8.5
2245,Haldwani_1,Uttarakhand,5,Uttarakhand,51,Nainital,-,-,-,-,-,-,-,-,-,29.21472500,79.52400278,27-08-2026 01:00,1
2246,Haldwani_1,Uttarakhand,5,Uttarakhand,51,Nainital,-,-,-,-,-,-,-,-,-,29.21472500,79.52400278,27-08-2026 01:00,1
2247,Haldwani_1,Uttarakhand,5,Uttarakhand,51,Nainital,-,-,-,-,-,-,-,-,-,29.21472500,79.52400278,27-08-2026 03:00,0.5
2248,Haldwani_1,Uttarakhand,5,Uttarakhand,51,Nainital,-,-,-,-,-,-,-,-,-,29.21472500,79.52400278,27-08-2026 03:00,0.5
2249,Haldwani_1,Uttarakhand,5,Uttarakhand,51,Nainital,-,-,-,-,-,-,-,-,-,29.21472500,79.52400278,27-08-2026 07:00,27
2250,Haldwani_1,Uttarakhand,5,Uttarakhand,51,Nainital,-,-,-,-,-,-,-,-,-,29.21472500,79.52400278,27-08-2026 07:00,27
2251,Haldwani_1,Uttarakhand,5,Uttarakhand,51,Nainital,-,-,-,-,-,-,-,-,-,29.21472500,79.52400278,27-08-2026 08:00,2
2252,Haldwani_1,Uttarakhand,5,Uttarakhand,51,Nainital,-,-,-,-,-,-,-,-,-,29.21472500,79.52400278,27-08-2026 08:00,2
2253,Haldwani_1,Uttarakhand,5,Uttarakhand,51,Nainital,-,-,-,-,-,-,-,-,-,29.21472500,79.52400278,27-08-2026 09:00,0.5
2254,Haldwani_1,Uttarakhand,5,Uttarakhand,51,Nainital,-,-,-,-,-,-,-,-,-,29.21472500,79.52400278,27-08-2026 09:00,0.5
2255,Haldwani_1,Uttarakhand,5,Uttarakhand,51,Nainital,-,-,-,-,-,-,-,-,-,29.21472500,79.52400278,27-08-2026 10:00,3.5
2256,Haldwani_1,Uttarakhand,5,Uttarakhand,51,Nainital,-,-,-,-,-,-,-,-,-,29.21472500,79.52400278,27-08-2026 10:00,3.5
2257,Haldwani_1,Uttarakhand,5,Uttarakhand,51,Nainital,-,-,-,-,-,-,-,-,-,29.21472500,79.52400278,27-08-2026 11:00,1
2258,Haldwani_1,Uttarakhand,5,Uttarakhand,51,Nainital,-,-,-,-,-,-,-,-,-,29.21472500,79.52400278,27-08-2026 11:00,1
2259,Haripura_2,Uttarakhand,5,Uttarakhand,56,UDHAM SINGH NAGAR,Gadarpur,-,-,-,-,-,-,-,-,29.13151944,79.25965556,11-06-2026 12:00,11.5
2260,Haripura_2,Uttarakhand,5,Uttarakhand,56,UDHAM SINGH NAGAR,Gadarpur,-,-,-,-,-,-,-,-,29.13151944,79.25965556,01-07-2026 12:00,10
2261,Haripura_2,Uttarakhand,5,Uttarakhand,56,UDHAM SINGH NAGAR,Gadarpur,-,-,-,-,-,-,-,-,29.13151944,79.25965556,01-07-2026 13:00,18.5
2262,Haripura_2,Uttarakhand,5,Uttarakhand,56,UDHAM SINGH NAGAR,Gadarpur,-,-,-,-,-,-,-,-,29.13151944,79.25965556,01-07-2026 14:00,2.5
2263,Haripura_2,Uttarakhand,5,Uttarakhand,56,UDHAM SINGH NAGAR,Gadarpur,-,-,-,-,-,-,-,-,29.13151944,79.25965556,02-07-2026 04:00,15.5
2264,Haripura_2,Uttarakhand,5,Uttarakhand,56,UDHAM SINGH NAGAR,Gadarpur,-,-,-,-,-,-,-,-,29.13151944,79.25965556,02-07-2026 05:00,7.5
2265,Haripura_2,Uttarakhand,5,Uttarakhand,56,UDHAM SINGH NAGAR,Gadarpur,-,-,-,-,-,-,-,-,29.13151944,79.25965556,02-07-2026 06:00,8
2266,Haripura_2,Uttarakhand,5,Uttarakhand,56,UDHAM SINGH NAGAR,Gadarpur,-,-,-,-,-,-,-,-,29.13151944,79.25965556,07-07-2026 09:00,3.5
2267,Haripura_2,Uttarakhand,5,Uttarakhand,56,UDHAM SINGH NAGAR,Gadarpur,-,-,-,-,-,-,-,-,29.13151944,79.25965556,07-07-2026 10:00,7.5
2268,Haripura_2,Uttarakhand,5,Uttarakhand,56,UDHAM SINGH NAGAR,Gadarpur,-,-,-,-,-,-,-,-,29.13151944,79.25965556,07-07-2026 11:00,1.5
2269,Haripura_2,Uttarakhand,5,Uttarakhand,56,UDHAM SINGH NAGAR,Gadarpur,-,-,-,-,-,-,-,-,29.13151944,79.25965556,08-07-2026 02:00,0.5
2270,Haripura_2,Uttarakhand,5,Uttarakhand,56,UDHAM SINGH NAGAR,Gadarpur,-,-,-,-,-,-,-,-,29.13151944,79.25965556,08-07-2026 07:00,0.5
2271,Haripura_2,Uttarakhand,5,Uttarakhand,56,UDHAM SINGH NAGAR,Gadarpur,-,-,-,-,-,-,-,-,29.13151944,79.25965556,08-07-2026 09:00,4
2272,Haripura_2,Uttarakhand,5,Uttarakhand,56,UDHAM SINGH NAGAR,Gadarpur,-,-,-,-,-,-,-,-,29.13151944,79.25965556,08-07-2026 10:00,7.5
2273,Haripura_2,Uttarakhand,5,Uttarakhand,56,UDHAM SINGH NAGAR,Gadarpur,-,-,-,-,-,-,-,-,29.13151944,79.25965556,08-07-2026 11:00,0.5
2274,Haripura_2,Uttarakhand,5,Uttarakhand,56,UDHAM SINGH NAGAR,Gadarpur,-,-,-,-,-,-,-,-,29.13151944,79.25965556,08-07-2026 19:00,0.5
2275,Haripura_2,Uttarakhand,5,Uttarakhand,56,UDHAM SINGH NAGAR,Gadarpur,-,-,-,-,-,-,-,-,29.13151944,79.25965556,08-07-2026 21:00,1
2276,Haripura_2,Uttarakhand,5,Uttarakhand,56,UDHAM SINGH NAGAR,Gadarpur,-,-,-,-,-,-,-,-,29.13151944,79.25965556,08-07-2026 22:00,27
2277,Haripura_2,Uttarakhand,5,Uttarakhand,56,UDHAM SINGH NAGAR,Gadarpur,-,-,-,-,-,-,-,-,29.13151944,79.25965556,08-07-2026 23:00,1.5
2278,Haripura_2,Uttarakhand,5,Uttarakhand,56,UDHAM SINGH NAGAR,Gadarpur,-,-,-,-,-,-,-,-,29.13151944,79.25965556,09-07-2026 00:00,3.5
2279,Haripura_2,Uttarakhand,5,Uttarakhand,56,UDHAM SINGH NAGAR,Gadarpur,-,-,-,-,-,-,-,-,29.13151944,79.25965556,09-07-2026 01:00,1.5
2280,Haripura_2,Uttarakhand,5,Uttarakhand,56,UDHAM SINGH NAGAR,Gadarpur,-,-,-,-,-,-,-,-,29.13151944,79.25965556,09-07-2026 02:00,0.5
2281,Haripura_2,Uttarakhand,5,Uttarakhand,56,UDHAM SINGH NAGAR,Gadarpur,-,-,-,-,-,-,-,-,29.13151944,79.25965556,09-07-2026 18:00,0.5
2282,Haripura_2,Uttarakhand,5,Uttarakhand,56,UDHAM SINGH NAGAR,Gadarpur,-,-,-,-,-,-,-,-,29.13151944,79.25965556,10-07-2026 05:00,1
2283,Haripura_2,Uttarakhand,5,Uttarakhand,56,UDHAM SINGH NAGAR,Gadarpur,-,-,-,-,-,-,-,-,29.13151944,79.25965556,10-07-2026 06:00,9
2284,Haripura_2,Uttarakhand,5,Uttarakhand,56,UDHAM SINGH NAGAR,Gadarpur,-,-,-,-,-,-,-,-,29.13151944,79.25965556,10-07-2026 07:00,0.5
2285,Haripura_2,Uttarakhand,5,Uttarakhand,56,UDHAM SINGH NAGAR,Gadarpur,-,-,-,-,-,-,-,-,29.13151944,79.25965556,10-07-2026 09:00,1
2286,Haripura_2,Uttarakhand,5,Uttarakhand,56,UDHAM SINGH NAGAR,Gadarpur,-,-,-,-,-,-,-,-,29.13151944,79.25965556,10-07-2026 10:00,3
2287,Haripura_2,Uttarakhand,5,Uttarakhand,56,UDHAM SINGH NAGAR,Gadarpur,-,-,-,-,-,-,-,-,29.13151944,79.25965556,10-07-2026 16:00,0.5
2288,Haripura_2,Uttarakhand,5,Uttarakhand,56,UDHAM SINGH NAGAR,Gadarpur,-,-,-,-,-,-,-,-,29.13151944,79.25965556,11-07-2026 01:00,1.5
2289,Haripura_2,Uttarakhand,5,Uttarakhand,56,UDHAM SINGH NAGAR,Gadarpur,-,-,-,-,-,-,-,-,29.13151944,79.25965556,11-07-2026 06:00,0.5
2290,Haripura_2,Uttarakhand,5,Uttarakhand,56,UDHAM SINGH NAGAR,Gadarpur,-,-,-,-,-,-,-,-,29.13151944,79.25965556,12-07-2026 04:00,1.5
2291,Haripura_2,Uttarakhand,5,Uttarakhand,56,UDHAM SINGH NAGAR,Gadarpur,-,-,-,-,-,-,-,-,29.13151944,79.25965556,12-07-2026 05:00,2
2292,Haripura_2,Uttarakhand,5,Uttarakhand,56,UDHAM SINGH NAGAR,Gadarpur,-,-,-,-,-,-,-,-,29.13151944,79.25965556,12-07-2026 06:00,18.5
2293,Haripura_2,Uttarakhand,5,Uttarakhand,56,UDHAM SINGH NAGAR,Gadarpur,-,-,-,-,-,-,-,-,29.13151944,79.25965556,18-07-2026 04:00,18
2294,Haripura_2,Uttarakhand,5,Uttarakhand,56,UDHAM SINGH NAGAR,Gadarpur,-,-,-,-,-,-,-,-,29.13151944,79.25965556,18-07-2026 05:00,0.5
2295,Haripura_2,Uttarakhand,5,Uttarakhand,56,UDHAM SINGH NAGAR,Gadarpur,-,-,-,-,-,-,-,-,29.13151944,79.25965556,18-07-2026 21:00,15.5
2296,Haripura_2,Uttarakhand,5,Uttarakhand,56,UDHAM SINGH NAGAR,Gadarpur,-,-,-,-,-,-,-,-,29.13151944,79.25965556,18-07-2026 22:00,4.5
2297,Haripura_2,Uttarakhand,5,Uttarakhand,56,UDHAM SINGH NAGAR,Gadarpur,-,-,-,-,-,-,-,-,29.13151944,79.25965556,19-07-2026 03:00,0.5
2298,Haripura_2,Uttarakhand,5,Uttarakhand,56,UDHAM SINGH NAGAR,Gadarpur,-,-,-,-,-,-,-,-,29.13151944,79.25965556,19-07-2026 04:00,3
2299,Haripura_2,Uttarakhand,5,Uttarakhand,56,UDHAM SINGH NAGAR,Gadarpur,-,-,-,-,-,-,-,-,29.13151944,79.25965556,19-07-2026 05:00,2
2300,Haripura_2,Uttarakhand,5,Uttarakhand,56,UDHAM SINGH NAGAR,Gadarpur,-,-,-,-,-,-,-,-,29.13151944,79.25965556,19-07-2026 06:00,2
2301,Haripura_2,Uttarakhand,5,Uttarakhand,56,UDHAM SINGH NAGAR,Gadarpur,-,-,-,-,-,-,-,-,29.13151944,79.25965556,19-07-2026 08:00,3
2302,Haripura_2,Uttarakhand,5,Uttarakhand,56,UDHAM SINGH NAGAR,Gadarpur,-,-,-,-,-,-,-,-,29.13151944,79.25965556,19-07-2026 09:00,5
2303,Haripura_2,Uttarakhand,5,Uttarakhand,56,UDHAM SINGH NAGAR,Gadarpur,-,-,-,-,-,-,-,-,29.13151944,79.25965556,19-07-2026 10:00,10.5
2304,Haripura_2,Uttarakhand,5,Uttarakhand,56,UDHAM SINGH NAGAR,Gadarpur,-,-,-,-,-,-,-,-,29.13151944,79.25965556,19-07-2026 11:00,2
2305,Haripura_2,Uttarakhand,5,Uttarakhand,56,UDHAM SINGH NAGAR,Gadarpur,-,-,-,-,-,-,-,-,29.13151944,79.25965556,19-07-2026 12:00,1.5
2306,Haripura_2,Uttarakhand,5,Uttarakhand,56,UDHAM SINGH NAGAR,Gadarpur,-,-,-,-,-,-,-,-,29.13151944,79.25965556,19-07-2026 13:00,2.5
2307,Haripura_2,Uttarakhand,5,Uttarakhand,56,UDHAM SINGH NAGAR,Gadarpur,-,-,-,-,-,-,-,-,29.13151944,79.25965556,19-07-2026 14:00,0.5
2308,Haripura_2,Uttarakhand,5,Uttarakhand,56,UDHAM SINGH NAGAR,Gadarpur,-,-,-,-,-,-,-,-,29.13151944,79.25965556,19-07-2026 15:00,0.5
2309,Haripura_2,Uttarakhand,5,Uttarakhand,56,UDHAM SINGH NAGAR,Gadarpur,-,-,-,-,-,-,-,-,29.13151944,79.25965556,20-07-2026 03:00,1
2310,Haripura_2,Uttarakhand,5,Uttarakhand,56,UDHAM SINGH NAGAR,Gadarpur,-,-,-,-,-,-,-,-,29.13151944,79.25965556,20-07-2026 04:00,2
2311,Haripura_2,Uttarakhand,5,Uttarakhand,56,UDHAM SINGH NAGAR,Gadarpur,-,-,-,-,-,-,-,-,29.13151944,79.25965556,20-07-2026 05:00,2
2312,Haripura_2,Uttarakhand,5,Uttarakhand,56,UDHAM SINGH NAGAR,Gadarpur,-,-,-,-,-,-,-,-,29.13151944,79.25965556,20-07-2026 06:00,20.5
2313,Haripura_2,Uttarakhand,5,Uttarakhand,56,UDHAM SINGH NAGAR,Gadarpur,-,-,-,-,-,-,-,-,29.13151944,79.25965556,20-07-2026 07:00,12.5
2314,Haripura_2,Uttarakhand,5,Uttarakhand,56,UDHAM SINGH NAGAR,Gadarpur,-,-,-,-,-,-,-,-,29.13151944,79.25965556,20-07-2026 08:00,5
2315,Haripura_2,Uttarakhand,5,Uttarakhand,56,UDHAM SINGH NAGAR,Gadarpur,-,-,-,-,-,-,-,-,29.13151944,79.25965556,20-07-2026 09:00,1
2316,Haripura_2,Uttarakhand,5,Uttarakhand,56,UDHAM SINGH NAGAR,Gadarpur,-,-,-,-,-,-,-,-,29.13151944,79.25965556,20-07-2026 10:00,1
2317,Haripura_2,Uttarakhand,5,Uttarakhand,56,UDHAM SINGH NAGAR,Gadarpur,-,-,-,-,-,-,-,-,29.13151944,79.25965556,21-07-2026 21:00,1.5
2318,Haripura_2,Uttarakhand,5,Uttarakhand,56,UDHAM SINGH NAGAR,Gadarpur,-,-,-,-,-,-,-,-,29.13151944,79.25965556,21-07-2026 22:00,1
2319,Haripura_2,Uttarakhand,5,Uttarakhand,56,UDHAM SINGH NAGAR,Gadarpur,-,-,-,-,-,-,-,-,29.13151944,79.25965556,22-07-2026 03:00,1.5
2320,Haripura_2,Uttarakhand,5,Uttarakhand,56,UDHAM SINGH NAGAR,Gadarpur,-,-,-,-,-,-,-,-,29.13151944,79.25965556,24-07-2026 15:00,1.5
2321,Haripura_2,Uttarakhand,5,Uttarakhand,56,UDHAM SINGH NAGAR,Gadarpur,-,-,-,-,-,-,-,-,29.13151944,79.25965556,01-08-2026 18:00,4
2322,Haripura_2,Uttarakhand,5,Uttarakhand,56,UDHAM SINGH NAGAR,Gadarpur,-,-,-,-,-,-,-,-,29.13151944,79.25965556,05-08-2026 20:00,9
2323,Haripura_2,Uttarakhand,5,Uttarakhand,56,UDHAM SINGH NAGAR,Gadarpur,-,-,-,-,-,-,-,-,29.13151944,79.25965556,05-08-2026 21:00,0.5
2324,Haripura_2,Uttarakhand,5,Uttarakhand,56,UDHAM SINGH NAGAR,Gadarpur,-,-,-,-,-,-,-,-,29.13151944,79.25965556,06-08-2026 00:00,0.5
2325,Haripura_2,Uttarakhand,5,Uttarakhand,56,UDHAM SINGH NAGAR,Gadarpur,-,-,-,-,-,-,-,-,29.13151944,79.25965556,06-08-2026 01:00,0.5
2326,Haripura_2,Uttarakhand,5,Uttarakhand,56,UDHAM SINGH NAGAR,Gadarpur,-,-,-,-,-,-,-,-,29.13151944,79.25965556,06-08-2026 12:00,0.5
2327,Haripura_2,Uttarakhand,5,Uttarakhand,56,UDHAM SINGH NAGAR,Gadarpur,-,-,-,-,-,-,-,-,29.13151944,79.25965556,06-08-2026 13:00,2
2328,Haripura_2,Uttarakhand,5,Uttarakhand,56,UDHAM SINGH NAGAR,Gadarpur,-,-,-,-,-,-,-,-,29.13151944,79.25965556,06-08-2026 15:00,0.5
2329,Haripura_2,Uttarakhand,5,Uttarakhand,56,UDHAM SINGH NAGAR,Gadarpur,-,-,-,-,-,-,-,-,29.13151944,79.25965556,11-08-2026 07:00,0.5
2330,Haripura_2,Uttarakhand,5,Uttarakhand,56,UDHAM SINGH NAGAR,Gadarpur,-,-,-,-,-,-,-,-,29.13151944,79.25965556,14-08-2026 05:00,13
2331,Haripura_2,Uttarakhand,5,Uttarakhand,56,UDHAM SINGH NAGAR,Gadarpur,-,-,-,-,-,-,-,-,29.13151944,79.25965556,14-08-2026 06:00,2
2332,Haripura_2,Uttarakhand,5,Uttarakhand,56,UDHAM SINGH NAGAR,Gadarpur,-,-,-,-,-,-,-,-,29.13151944,79.25965556,14-08-2026 07:00,0.5
2333,Haripura_2,Uttarakhand,5,Uttarakhand,56,UDHAM SINGH NAGAR,Gadarpur,-,-,-,-,-,-,-,-,29.13151944,79.25965556,14-08-2026 08:00,2
2334,Haripura_2,Uttarakhand,5,Uttarakhand,56,UDHAM SINGH NAGAR,Gadarpur,-,-,-,-,-,-,-,-,29.13151944,79.25965556,14-08-2026 09:00,3.5
2335,Haripura_2,Uttarakhand,5,Uttarakhand,56,UDHAM SINGH NAGAR,Gadarpur,-,-,-,-,-,-,-,-,29.13151944,79.25965556,14-08-2026 10:00,6.5
2336,Haripura_2,Uttarakhand,5,Uttarakhand,56,UDHAM SINGH NAGAR,Gadarpur,-,-,-,-,-,-,-,-,29.13151944,79.25965556,14-08-2026 11:00,1
2337,Haripura_2,Uttarakhand,5,Uttarakhand,56,UDHAM SINGH NAGAR,Gadarpur,-,-,-,-,-,-,-,-,29.13151944,79.25965556,14-08-2026 12:00,1.5
2338,Haripura_2,Uttarakhand,5,Uttarakhand,56,UDHAM SINGH NAGAR,Gadarpur,-,-,-,-,-,-,-,-,29.13151944,79.25965556,14-08-2026 13:00,0.5
2339,Haripura_2,Uttarakhand,5,Uttarakhand,56,UDHAM SINGH NAGAR,Gadarpur,-,-,-,-,-,-,-,-,29.13151944,79.25965556,14-08-2026 14:00,1
2340,Haripura_2,Uttarakhand,5,Uttarakhand,56,UDHAM SINGH NAGAR,Gadarpur,-,-,-,-,-,-,-,-,29.13151944,79.25965556,16-08-2026 10:00,6
2341,Haripura_2,Uttarakhand,5,Uttarakhand,56,UDHAM SINGH NAGAR,Gadarpur,-,-,-,-,-,-,-,-,29.13151944,79.25965556,16-08-2026 11:00,9.5
2342,Haripura_2,Uttarakhand,5,Uttarakhand,56,UDHAM SINGH NAGAR,Gadarpur,-,-,-,-,-,-,-,-,29.13151944,79.25965556,16-08-2026 12:00,0.5
2343,Haripura_2,Uttarakhand,5,Uttarakhand,56,UDHAM SINGH NAGAR,Gadarpur,-,-,-,-,-,-,-,-,29.13151944,79.25965556,17-08-2026 01:00,5.5
2344,Haripura_2,Uttarakhand,5,Uttarakhand,56,UDHAM SINGH NAGAR,Gadarpur,-,-,-,-,-,-,-,-,29.13151944,79.25965556,17-08-2026 02:00,2
2345,Haripura_2,Uttarakhand,5,Uttarakhand,56,UDHAM SINGH NAGAR,Gadarpur,-,-,-,-,-,-,-,-,29.13151944,79.25965556,17-08-2026 03:00,0.5
2346,Haripura_2,Uttarakhand,5,Uttarakhand,56,UDHAM SINGH NAGAR,Gadarpur,-,-,-,-,-,-,-,-,29.13151944,79.25965556,17-08-2026 04:00,0.5
2347,Haripura_2,Uttarakhand,5,Uttarakhand,56,UDHAM SINGH NAGAR,Gadarpur,-,-,-,-,-,-,-,-,29.13151944,79.25965556,17-08-2026 06:00,0.5
2348,Haripura_2,Uttarakhand,5,Uttarakhand,56,UDHAM SINGH NAGAR,Gadarpur,-,-,-,-,-,-,-,-,29.13151944,79.25965556,17-08-2026 09:00,6.5
2349,Haripura_2,Uttarakhand,5,Uttarakhand,56,UDHAM SINGH NAGAR,Gadarpur,-,-,-,-,-,-,-,-,29.13151944,79.25965556,17-08-2026 10:00,1.5
2350,Haripura_2,Uttarakhand,5,Uttarakhand,56,UDHAM SINGH NAGAR,Gadarpur,-,-,-,-,-,-,-,-,29.13151944,79.25965556,18-08-2026 08:00,2
2351,Haripura_2,Uttarakhand,5,Uttarakhand,56,UDHAM SINGH NAGAR,Gadarpur,-,-,-,-,-,-,-,-,29.13151944,79.25965556,18-08-2026 09:00,3
2352,Haripura_2,Uttarakhand,5,Uttarakhand,56,UDHAM SINGH NAGAR,Gadarpur,-,-,-,-,-,-,-,-,29.13151944,79.25965556,18-08-2026 10:00,1
2353,Haripura_2,Uttarakhand,5,Uttarakhand,56,UDHAM SINGH NAGAR,Gadarpur,-,-,-,-,-,-,-,-,29.13151944,79.25965556,18-08-2026 11:00,1.5
2354,Haripura_2,Uttarakhand,5,Uttarakhand,56,UDHAM SINGH NAGAR,Gadarpur,-,-,-,-,-,-,-,-,29.13151944,79.25965556,20-08-2026 14:00,5.5
2355,Haripura_2,Uttarakhand,5,Uttarakhand,56,UDHAM SINGH NAGAR,Gadarpur,-,-,-,-,-,-,-,-,29.13151944,79.25965556,22-08-2026 03:00,52
2356,Haripura_2,Uttarakhand,5,Uttarakhand,56,UDHAM SINGH NAGAR,Gadarpur,-,-,-,-,-,-,-,-,29.13151944,79.25965556,22-08-2026 04:00,5.5
2357,Haripura_2,Uttarakhand,5,Uttarakhand,56,UDHAM SINGH NAGAR,Gadarpur,-,-,-,-,-,-,-,-,29.13151944,79.25965556,23-08-2026 17:00,0.5
2358,Haripura_2,Uttarakhand,5,Uttarakhand,56,UDHAM SINGH NAGAR,Gadarpur,-,-,-,-,-,-,-,-,29.13151944,79.25965556,24-08-2026 02:00,1
2359,Haripura_2,Uttarakhand,5,Uttarakhand,56,UDHAM SINGH NAGAR,Gadarpur,-,-,-,-,-,-,-,-,29.13151944,79.25965556,24-08-2026 04:00,0.5
2360,Haripura_2,Uttarakhand,5,Uttarakhand,56,UDHAM SINGH NAGAR,Gadarpur,-,-,-,-,-,-,-,-,29.13151944,79.25965556,24-08-2026 06:00,0.5
2361,Haripura_2,Uttarakhand,5,Uttarakhand,56,UDHAM SINGH NAGAR,Gadarpur,-,-,-,-,-,-,-,-,29.13151944,79.25965556,24-08-2026 16:00,1
2362,Haripura_2,Uttarakhand,5,Uttarakhand,56,UDHAM SINGH NAGAR,Gadarpur,-,-,-,-,-,-,-,-,29.13151944,79.25965556,24-08-2026 17:00,2.5
2363,Haripura_2,Uttarakhand,5,Uttarakhand,56,UDHAM SINGH NAGAR,Gadarpur,-,-,-,-,-,-,-,-,29.13151944,79.25965556,24-08-2026 19:00,0.5
2364,Haripura_2,Uttarakhand,5,Uttarakhand,56,UDHAM SINGH NAGAR,Gadarpur,-,-,-,-,-,-,-,-,29.13151944,79.25965556,24-08-2026 20:00,1.5
2365,Haripura_2,Uttarakhand,5,Uttarakhand,56,UDHAM SINGH NAGAR,Gadarpur,-,-,-,-,-,-,-,-,29.13151944,79.25965556,24-08-2026 23:00,0.5
2366,Haripura_2,Uttarakhand,5,Uttarakhand,56,UDHAM SINGH NAGAR,Gadarpur,-,-,-,-,-,-,-,-,29.13151944,79.25965556,27-08-2026 07:00,3
2367,Haripura_2,Uttarakhand,5,Uttarakhand,56,UDHAM SINGH NAGAR,Gadarpur,-,-,-,-,-,-,-,-,29.13151944,79.25965556,27-08-2026 09:00,2
2368,Jhala_1,Uttarakhand,5,Uttarakhand,57,Uttarkashi,-,-,-,-,-,-,-,-,-,31.01533333,78.71222222,13-06-2026 15:00,0.5
2369,Jhala_1,Uttarakhand,5,Uttarakhand,57,Uttarkashi,-,-,-,-,-,-,-,-,-,31.01533333,78.71222222,19-06-2026 23:00,1
2370,Jhala_1,Uttarakhand,5,Uttarakhand,57,Uttarkashi,-,-,-,-,-,-,-,-,-,31.01533333,78.71222222,02-07-2026 22:00,1
2371,Jhala_1,Uttarakhand,5,Uttarakhand,57,Uttarkashi,-,-,-,-,-,-,-,-,-,31.01533333,78.71222222,02-07-2026 23:00,0.5
2372,Jhala_1,Uttarakhand,5,Uttarakhand,57,Uttarkashi,-,-,-,-,-,-,-,-,-,31.01533333,78.71222222,03-07-2026 00:00,1.5
2373,Jhala_1,Uttarakhand,5,Uttarakhand,57,Uttarkashi,-,-,-,-,-,-,-,-,-,31.01533333,78.71222222,03-07-2026 01:00,1
2374,Jhala_1,Uttarakhand,5,Uttarakhand,57,Uttarkashi,-,-,-,-,-,-,-,-,-,31.01533333,78.71222222,03-07-2026 03:00,0.5
2375,Jhala_1,Uttarakhand,5,Uttarakhand,57,Uttarkashi,-,-,-,-,-,-,-,-,-,31.01533333,78.71222222,03-07-2026 05:00,9.5
2376,Jhala_1,Uttarakhand,5,Uttarakhand,57,Uttarkashi,-,-,-,-,-,-,-,-,-,31.01533333,78.71222222,03-07-2026 06:00,0.5
2377,Jhala_1,Uttarakhand,5,Uttarakhand,57,Uttarkashi,-,-,-,-,-,-,-,-,-,31.01533333,78.71222222,03-07-2026 18:00,1.5
2378,Jhala_1,Uttarakhand,5,Uttarakhand,57,Uttarkashi,-,-,-,-,-,-,-,-,-,31.01533333,78.71222222,03-07-2026 19:00,0.5
2379,Jhala_1,Uttarakhand,5,Uttarakhand,57,Uttarkashi,-,-,-,-,-,-,-,-,-,31.01533333,78.71222222,06-07-2026 00:00,4.5
2380,Jhala_1,Uttarakhand,5,Uttarakhand,57,Uttarkashi,-,-,-,-,-,-,-,-,-,31.01533333,78.71222222,06-07-2026 01:00,2
2381,Jhala_1,Uttarakhand,5,Uttarakhand,57,Uttarkashi,-,-,-,-,-,-,-,-,-,31.01533333,78.71222222,06-07-2026 02:00,2.5
2382,Jhala_1,Uttarakhand,5,Uttarakhand,57,Uttarkashi,-,-,-,-,-,-,-,-,-,31.01533333,78.71222222,06-07-2026 03:00,2.5
2383,Jhala_1,Uttarakhand,5,Uttarakhand,57,Uttarkashi,-,-,-,-,-,-,-,-,-,31.01533333,78.71222222,06-07-2026 04:00,1
2384,Jhala_1,Uttarakhand,5,Uttarakhand,57,Uttarkashi,-,-,-,-,-,-,-,-,-,31.01533333,78.71222222,07-07-2026 02:00,1.5
2385,Jhala_1,Uttarakhand,5,Uttarakhand,57,Uttarkashi,-,-,-,-,-,-,-,-,-,31.01533333,78.71222222,07-07-2026 03:00,5.5
2386,Jhala_1,Uttarakhand,5,Uttarakhand,57,Uttarkashi,-,-,-,-,-,-,-,-,-,31.01533333,78.71222222,07-07-2026 04:00,2
2387,Jhala_1,Uttarakhand,5,Uttarakhand,57,Uttarkashi,-,-,-,-,-,-,-,-,-,31.01533333,78.71222222,08-07-2026 09:00,0.5
2388,Jhala_1,Uttarakhand,5,Uttarakhand,57,Uttarkashi,-,-,-,-,-,-,-,-,-,31.01533333,78.71222222,08-07-2026 15:00,1
2389,Jhala_1,Uttarakhand,5,Uttarakhand,57,Uttarkashi,-,-,-,-,-,-,-,-,-,31.01533333,78.71222222,08-07-2026 16:00,1
2390,Jhala_1,Uttarakhand,5,Uttarakhand,57,Uttarkashi,-,-,-,-,-,-,-,-,-,31.01533333,78.71222222,08-07-2026 19:00,0.5
2391,Jhala_1,Uttarakhand,5,Uttarakhand,57,Uttarkashi,-,-,-,-,-,-,-,-,-,31.01533333,78.71222222,09-07-2026 10:00,1
2392,Jhala_1,Uttarakhand,5,Uttarakhand,57,Uttarkashi,-,-,-,-,-,-,-,-,-,31.01533333,78.71222222,09-07-2026 11:00,0.5
2393,Jhala_1,Uttarakhand,5,Uttarakhand,57,Uttarkashi,-,-,-,-,-,-,-,-,-,31.01533333,78.71222222,09-07-2026 16:00,0.5
2394,Jhala_1,Uttarakhand,5,Uttarakhand,57,Uttarkashi,-,-,-,-,-,-,-,-,-,31.01533333,78.71222222,09-07-2026 20:00,1
2395,Jhala_1,Uttarakhand,5,Uttarakhand,57,Uttarkashi,-,-,-,-,-,-,-,-,-,31.01533333,78.71222222,09-07-2026 21:00,1
2396,Jhala_1,Uttarakhand,5,Uttarakhand,57,Uttarkashi,-,-,-,-,-,-,-,-,-,31.01533333,78.71222222,10-07-2026 06:00,0.5
2397,Jhala_1,Uttarakhand,5,Uttarakhand,57,Uttarkashi,-,-,-,-,-,-,-,-,-,31.01533333,78.71222222,10-07-2026 13:00,0.5
2398,Jhala_1,Uttarakhand,5,Uttarakhand,57,Uttarkashi,-,-,-,-,-,-,-,-,-,31.01533333,78.71222222,10-07-2026 23:00,0.5
2399,Jhala_1,Uttarakhand,5,Uttarakhand,57,Uttarkashi,-,-,-,-,-,-,-,-,-,31.01533333,78.71222222,11-07-2026 12:00,0.5
2400,Jhala_1,Uttarakhand,5,Uttarakhand,57,Uttarkashi,-,-,-,-,-,-,-,-,-,31.01533333,78.71222222,11-07-2026 13:00,2.5
2401,Jhala_1,Uttarakhand,5,Uttarakhand,57,Uttarkashi,-,-,-,-,-,-,-,-,-,31.01533333,78.71222222,12-07-2026 18:00,0.5
2402,Jhala_1,Uttarakhand,5,Uttarakhand,57,Uttarkashi,-,-,-,-,-,-,-,-,-,31.01533333,78.71222222,17-07-2026 19:00,2
2403,Jhala_1,Uttarakhand,5,Uttarakhand,57,Uttarkashi,-,-,-,-,-,-,-,-,-,31.01533333,78.71222222,17-07-2026 20:00,1
2404,Jhala_1,Uttarakhand,5,Uttarakhand,57,Uttarkashi,-,-,-,-,-,-,-,-,-,31.01533333,78.71222222,19-07-2026 17:00,0.5
2405,Jhala_1,Uttarakhand,5,Uttarakhand,57,Uttarkashi,-,-,-,-,-,-,-,-,-,31.01533333,78.71222222,20-07-2026 14:00,2.5
2406,Jhala_1,Uttarakhand,5,Uttarakhand,57,Uttarkashi,-,-,-,-,-,-,-,-,-,31.01533333,78.71222222,20-07-2026 15:00,0.5
2407,Jhala_1,Uttarakhand,5,Uttarakhand,57,Uttarkashi,-,-,-,-,-,-,-,-,-,31.01533333,78.71222222,21-07-2026 04:00,1.5
2408,Jhala_1,Uttarakhand,5,Uttarakhand,57,Uttarkashi,-,-,-,-,-,-,-,-,-,31.01533333,78.71222222,21-07-2026 05:00,3
2409,Jhala_1,Uttarakhand,5,Uttarakhand,57,Uttarkashi,-,-,-,-,-,-,-,-,-,31.01533333,78.71222222,21-07-2026 07:00,0.5
2410,Jhala_1,Uttarakhand,5,Uttarakhand,57,Uttarkashi,-,-,-,-,-,-,-,-,-,31.01533333,78.71222222,22-07-2026 00:00,2.5
2411,Jhala_1,Uttarakhand,5,Uttarakhand,57,Uttarkashi,-,-,-,-,-,-,-,-,-,31.01533333,78.71222222,22-07-2026 01:00,2.5
2412,Jhala_1,Uttarakhand,5,Uttarakhand,57,Uttarkashi,-,-,-,-,-,-,-,-,-,31.01533333,78.71222222,22-07-2026 02:00,3.5
2413,Jhala_1,Uttarakhand,5,Uttarakhand,57,Uttarkashi,-,-,-,-,-,-,-,-,-,31.01533333,78.71222222,22-07-2026 03:00,2
2414,Jhala_1,Uttarakhand,5,Uttarakhand,57,Uttarkashi,-,-,-,-,-,-,-,-,-,31.01533333,78.71222222,22-07-2026 04:00,1
2415,Jhala_1,Uttarakhand,5,Uttarakhand,57,Uttarkashi,-,-,-,-,-,-,-,-,-,31.01533333,78.71222222,22-07-2026 14:00,0.5
2416,Jhala_1,Uttarakhand,5,Uttarakhand,57,Uttarkashi,-,-,-,-,-,-,-,-,-,31.01533333,78.71222222,22-07-2026 15:00,0.5
2417,Jhala_1,Uttarakhand,5,Uttarakhand,57,Uttarkashi,-,-,-,-,-,-,-,-,-,31.01533333,78.71222222,22-07-2026 20:00,0.5
2418,Jhala_1,Uttarakhand,5,Uttarakhand,57,Uttarkashi,-,-,-,-,-,-,-,-,-,31.01533333,78.71222222,23-07-2026 16:00,0.5
2419,Jhala_1,Uttarakhand,5,Uttarakhand,57,Uttarkashi,-,-,-,-,-,-,-,-,-,31.01533333,78.71222222,23-07-2026 17:00,0.5
2420,Jhala_1,Uttarakhand,5,Uttarakhand,57,Uttarkashi,-,-,-,-,-,-,-,-,-,31.01533333,78.71222222,23-07-2026 23:00,4
2421,Jhala_1,Uttarakhand,5,Uttarakhand,57,Uttarkashi,-,-,-,-,-,-,-,-,-,31.01533333,78.71222222,24-07-2026 00:00,1
2422,Jhala_1,Uttarakhand,5,Uttarakhand,57,Uttarkashi,-,-,-,-,-,-,-,-,-,31.01533333,78.71222222,24-07-2026 01:00,2.5
2423,Jhala_1,Uttarakhand,5,Uttarakhand,57,Uttarkashi,-,-,-,-,-,-,-,-,-,31.01533333,78.71222222,24-07-2026 02:00,0.5
2424,Jhala_1,Uttarakhand,5,Uttarakhand,57,Uttarkashi,-,-,-,-,-,-,-,-,-,31.01533333,78.71222222,25-07-2026 04:00,0.5
2425,Jhala_1,Uttarakhand,5,Uttarakhand,57,Uttarkashi,-,-,-,-,-,-,-,-,-,31.01533333,78.71222222,25-07-2026 05:00,1
2426,Jhala_1,Uttarakhand,5,Uttarakhand,57,Uttarkashi,-,-,-,-,-,-,-,-,-,31.01533333,78.71222222,26-07-2026 02:00,0.5
2427,Jhala_1,Uttarakhand,5,Uttarakhand,57,Uttarkashi,-,-,-,-,-,-,-,-,-,31.01533333,78.71222222,26-07-2026 17:00,0.5
2428,Jhala_1,Uttarakhand,5,Uttarakhand,57,Uttarkashi,-,-,-,-,-,-,-,-,-,31.01533333,78.71222222,26-07-2026 18:00,1
2429,Jhala_1,Uttarakhand,5,Uttarakhand,57,Uttarkashi,-,-,-,-,-,-,-,-,-,31.01533333,78.71222222,26-07-2026 19:00,1.5
2430,Jhala_1,Uttarakhand,5,Uttarakhand,57,Uttarkashi,-,-,-,-,-,-,-,-,-,31.01533333,78.71222222,27-07-2026 20:00,0.5
2431,Jhala_1,Uttarakhand,5,Uttarakhand,57,Uttarkashi,-,-,-,-,-,-,-,-,-,31.01533333,78.71222222,27-07-2026 21:00,0.5
2432,Jhala_1,Uttarakhand,5,Uttarakhand,57,Uttarkashi,-,-,-,-,-,-,-,-,-,31.01533333,78.71222222,28-07-2026 02:00,5
2433,Jhala_1,Uttarakhand,5,Uttarakhand,57,Uttarkashi,-,-,-,-,-,-,-,-,-,31.01533333,78.71222222,28-07-2026 03:00,4
2434,Jhala_1,Uttarakhand,5,Uttarakhand,57,Uttarkashi,-,-,-,-,-,-,-,-,-,31.01533333,78.71222222,28-07-2026 04:00,1
2435,Jhala_1,Uttarakhand,5,Uttarakhand,57,Uttarkashi,-,-,-,-,-,-,-,-,-,31.01533333,78.71222222,28-07-2026 05:00,1
2436,Jhala_1,Uttarakhand,5,Uttarakhand,57,Uttarkashi,-,-,-,-,-,-,-,-,-,31.01533333,78.71222222,29-07-2026 01:00,1
2437,Jhala_1,Uttarakhand,5,Uttarakhand,57,Uttarkashi,-,-,-,-,-,-,-,-,-,31.01533333,78.71222222,29-07-2026 03:00,4.5
2438,Jhala_1,Uttarakhand,5,Uttarakhand,57,Uttarkashi,-,-,-,-,-,-,-,-,-,31.01533333,78.71222222,29-07-2026 04:00,1
2439,Jhala_1,Uttarakhand,5,Uttarakhand,57,Uttarkashi,-,-,-,-,-,-,-,-,-,31.01533333,78.71222222,29-07-2026 07:00,0.5
2440,Jhala_1,Uttarakhand,5,Uttarakhand,57,Uttarkashi,-,-,-,-,-,-,-,-,-,31.01533333,78.71222222,29-07-2026 22:00,0.5
2441,Jhala_1,Uttarakhand,5,Uttarakhand,57,Uttarkashi,-,-,-,-,-,-,-,-,-,31.01533333,78.71222222,29-07-2026 23:00,0.5
2442,Jhala_1,Uttarakhand,5,Uttarakhand,57,Uttarkashi,-,-,-,-,-,-,-,-,-,31.01533333,78.71222222,30-07-2026 01:00,1
2443,Jhala_1,Uttarakhand,5,Uttarakhand,57,Uttarkashi,-,-,-,-,-,-,-,-,-,31.01533333,78.71222222,30-07-2026 03:00,3.5
2444,Jhala_1,Uttarakhand,5,Uttarakhand,57,Uttarkashi,-,-,-,-,-,-,-,-,-,31.01533333,78.71222222,30-07-2026 04:00,7.5
2445,Jhala_1,Uttarakhand,5,Uttarakhand,57,Uttarkashi,-,-,-,-,-,-,-,-,-,31.01533333,78.71222222,02-08-2026 00:00,1.5
2446,Jhala_1,Uttarakhand,5,Uttarakhand,57,Uttarkashi,-,-,-,-,-,-,-,-,-,31.01533333,78.71222222,02-08-2026 01:00,2.5
2447,Jhala_1,Uttarakhand,5,Uttarakhand,57,Uttarkashi,-,-,-,-,-,-,-,-,-,31.01533333,78.71222222,02-08-2026 02:00,2
2448,Jhala_1,Uttarakhand,5,Uttarakhand,57,Uttarkashi,-,-,-,-,-,-,-,-,-,31.01533333,78.71222222,02-08-2026 05:00,1.5
2449,Jhala_1,Uttarakhand,5,Uttarakhand,57,Uttarkashi,-,-,-,-,-,-,-,-,-,31.01533333,78.71222222,02-08-2026 06:00,0.5
2450,Jhala_1,Uttarakhand,5,Uttarakhand,57,Uttarkashi,-,-,-,-,-,-,-,-,-,31.01533333,78.71222222,03-08-2026 00:00,6
2451,Jhala_1,Uttarakhand,5,Uttarakhand,57,Uttarkashi,-,-,-,-,-,-,-,-,-,31.01533333,78.71222222,03-08-2026 01:00,7
2452,Jhala_1,Uttarakhand,5,Uttarakhand,57,Uttarkashi,-,-,-,-,-,-,-,-,-,31.01533333,78.71222222,03-08-2026 02:00,5.5
2453,Jhala_1,Uttarakhand,5,Uttarakhand,57,Uttarkashi,-,-,-,-,-,-,-,-,-,31.01533333,78.71222222,03-08-2026 03:00,3.5
2454,Jhala_1,Uttarakhand,5,Uttarakhand,57,Uttarkashi,-,-,-,-,-,-,-,-,-,31.01533333,78.71222222,03-08-2026 04:00,0.5
2455,Jhala_1,Uttarakhand,5,Uttarakhand,57,Uttarkashi,-,-,-,-,-,-,-,-,-,31.01533333,78.71222222,04-08-2026 15:00,2
2456,Jhala_1,Uttarakhand,5,Uttarakhand,57,Uttarkashi,-,-,-,-,-,-,-,-,-,31.01533333,78.71222222,04-08-2026 16:00,0.5
2457,Jhala_1,Uttarakhand,5,Uttarakhand,57,Uttarkashi,-,-,-,-,-,-,-,-,-,31.01533333,78.71222222,04-08-2026 21:00,0.5
2458,Jhala_1,Uttarakhand,5,Uttarakhand,57,Uttarkashi,-,-,-,-,-,-,-,-,-,31.01533333,78.71222222,05-08-2026 15:00,0.5
2459,Jhala_1,Uttarakhand,5,Uttarakhand,57,Uttarkashi,-,-,-,-,-,-,-,-,-,31.01533333,78.71222222,05-08-2026 16:00,0.5
2460,Jhala_1,Uttarakhand,5,Uttarakhand,57,Uttarkashi,-,-,-,-,-,-,-,-,-,31.01533333,78.71222222,05-08-2026 19:00,4
2461,Jhala_1,Uttarakhand,5,Uttarakhand,57,Uttarkashi,-,-,-,-,-,-,-,-,-,31.01533333,78.71222222,05-08-2026 20:00,2
2462,Jhala_1,Uttarakhand,5,Uttarakhand,57,Uttarkashi,-,-,-,-,-,-,-,-,-,31.01533333,78.71222222,05-08-2026 21:00,2
2463,Jhala_1,Uttarakhand,5,Uttarakhand,57,Uttarkashi,-,-,-,-,-,-,-,-,-,31.01533333,78.71222222,05-08-2026 22:00,0.5
2464,Jhala_1,Uttarakhand,5,Uttarakhand,57,Uttarkashi,-,-,-,-,-,-,-,-,-,31.01533333,78.71222222,05-08-2026 23:00,1.5
2465,Jhala_1,Uttarakhand,5,Uttarakhand,57,Uttarkashi,-,-,-,-,-,-,-,-,-,31.01533333,78.71222222,06-08-2026 00:00,4.5
2466,Jhala_1,Uttarakhand,5,Uttarakhand,57,Uttarkashi,-,-,-,-,-,-,-,-,-,31.01533333,78.71222222,06-08-2026 01:00,1.5
2467,Jhala_1,Uttarakhand,5,Uttarakhand,57,Uttarkashi,-,-,-,-,-,-,-,-,-,31.01533333,78.71222222,06-08-2026 02:00,2
2468,Jhala_1,Uttarakhand,5,Uttarakhand,57,Uttarkashi,-,-,-,-,-,-,-,-,-,31.01533333,78.71222222,06-08-2026 03:00,0.5
2469,Jhala_1,Uttarakhand,5,Uttarakhand,57,Uttarkashi,-,-,-,-,-,-,-,-,-,31.01533333,78.71222222,06-08-2026 05:00,0.5
2470,Jhala_1,Uttarakhand,5,Uttarakhand,57,Uttarkashi,-,-,-,-,-,-,-,-,-,31.01533333,78.71222222,06-08-2026 06:00,3
2471,Jhala_1,Uttarakhand,5,Uttarakhand,57,Uttarkashi,-,-,-,-,-,-,-,-,-,31.01533333,78.71222222,06-08-2026 07:00,0.5
2472,Jhala_1,Uttarakhand,5,Uttarakhand,57,Uttarkashi,-,-,-,-,-,-,-,-,-,31.01533333,78.71222222,06-08-2026 08:00,0.5
2473,Jhala_1,Uttarakhand,5,Uttarakhand,57,Uttarkashi,-,-,-,-,-,-,-,-,-,31.01533333,78.71222222,06-08-2026 09:00,0.5
2474,Jhala_1,Uttarakhand,5,Uttarakhand,57,Uttarkashi,-,-,-,-,-,-,-,-,-,31.01533333,78.71222222,06-08-2026 11:00,0.5
2475,Jhala_1,Uttarakhand,5,Uttarakhand,57,Uttarkashi,-,-,-,-,-,-,-,-,-,31.01533333,78.71222222,06-08-2026 12:00,1.5
2476,Jhala_1,Uttarakhand,5,Uttarakhand,57,Uttarkashi,-,-,-,-,-,-,-,-,-,31.01533333,78.71222222,06-08-2026 13:00,6
2477,Jhala_1,Uttarakhand,5,Uttarakhand,57,Uttarkashi,-,-,-,-,-,-,-,-,-,31.01533333,78.71222222,06-08-2026 14:00,3.5
2478,Jhala_1,Uttarakhand,5,Uttarakhand,57,Uttarkashi,-,-,-,-,-,-,-,-,-,31.01533333,78.71222222,06-08-2026 15:00,4
2479,Jhala_1,Uttarakhand,5,Uttarakhand,57,Uttarkashi,-,-,-,-,-,-,-,-,-,31.01533333,78.71222222,06-08-2026 16:00,1
2480,Jhala_1,Uttarakhand,5,Uttarakhand,57,Uttarkashi,-,-,-,-,-,-,-,-,-,31.01533333,78.71222222,06-08-2026 17:00,0.5
2481,Jhala_1,Uttarakhand,5,Uttarakhand,57,Uttarkashi,-,-,-,-,-,-,-,-,-,31.01533333,78.71222222,06-08-2026 18:00,1.5
2482,Jhala_1,Uttarakhand,5,Uttarakhand,57,Uttarkashi,-,-,-,-,-,-,-,-,-,31.01533333,78.71222222,06-08-2026 19:00,1
2483,Jhala_1,Uttarakhand,5,Uttarakhand,57,Uttarkashi,-,-,-,-,-,-,-,-,-,31.01533333,78.71222222,09-08-2026 03:00,1
2484,Jhala_1,Uttarakhand,5,Uttarakhand,57,Uttarkashi,-,-,-,-,-,-,-,-,-,31.01533333,78.71222222,10-08-2026 05:00,0.5
2485,Jhala_1,Uttarakhand,5,Uttarakhand,57,Uttarkashi,-,-,-,-,-,-,-,-,-,31.01533333,78.71222222,10-08-2026 07:00,0.5
2486,Jhala_1,Uttarakhand,5,Uttarakhand,57,Uttarkashi,-,-,-,-,-,-,-,-,-,31.01533333,78.71222222,10-08-2026 08:00,0.5
2487,Jhala_1,Uttarakhand,5,Uttarakhand,57,Uttarkashi,-,-,-,-,-,-,-,-,-,31.01533333,78.71222222,10-08-2026 21:00,0.5
2488,Jhala_1,Uttarakhand,5,Uttarakhand,57,Uttarkashi,-,-,-,-,-,-,-,-,-,31.01533333,78.71222222,11-08-2026 15:00,1.5
2489,Jhala_1,Uttarakhand,5,Uttarakhand,57,Uttarkashi,-,-,-,-,-,-,-,-,-,31.01533333,78.71222222,11-08-2026 16:00,2
2490,Jhala_1,Uttarakhand,5,Uttarakhand,57,Uttarkashi,-,-,-,-,-,-,-,-,-,31.01533333,78.71222222,11-08-2026 17:00,2
2491,Jhala_1,Uttarakhand,5,Uttarakhand,57,Uttarkashi,-,-,-,-,-,-,-,-,-,31.01533333,78.71222222,11-08-2026 18:00,0.5
2492,Jhala_1,Uttarakhand,5,Uttarakhand,57,Uttarkashi,-,-,-,-,-,-,-,-,-,31.01533333,78.71222222,15-08-2026 22:00,1
2493,Jhala_1,Uttarakhand,5,Uttarakhand,57,Uttarkashi,-,-,-,-,-,-,-,-,-,31.01533333,78.71222222,19-08-2026 15:00,1.5
2494,Jhala_1,Uttarakhand,5,Uttarakhand,57,Uttarkashi,-,-,-,-,-,-,-,-,-,31.01533333,78.71222222,19-08-2026 16:00,1
2495,Jhala_1,Uttarakhand,5,Uttarakhand,57,Uttarkashi,-,-,-,-,-,-,-,-,-,31.01533333,78.71222222,19-08-2026 17:00,0.5
2496,Jhala_1,Uttarakhand,5,Uttarakhand,57,Uttarkashi,-,-,-,-,-,-,-,-,-,31.01533333,78.71222222,19-08-2026 19:00,2
2497,Jhala_1,Uttarakhand,5,Uttarakhand,57,Uttarkashi,-,-,-,-,-,-,-,-,-,31.01533333,78.71222222,19-08-2026 20:00,0.5
2498,Jhala_1,Uttarakhand,5,Uttarakhand,57,Uttarkashi,-,-,-,-,-,-,-,-,-,31.01533333,78.71222222,19-08-2026 23:00,1.5
2499,Jhala_1,Uttarakhand,5,Uttarakhand,57,Uttarkashi,-,-,-,-,-,-,-,-,-,31.01533333,78.71222222,20-08-2026 06:00,0.5
2500,Jhala_1,Uttarakhand,5,Uttarakhand,57,Uttarkashi,-,-,-,-,-,-,-,-,-,31.01533333,78.71222222,22-08-2026 02:00,0.5
2501,Jhala_1,Uttarakhand,5,Uttarakhand,57,Uttarkashi,-,-,-,-,-,-,-,-,-,31.01533333,78.71222222,22-08-2026 21:00,0.5
2502,Jhala_1,Uttarakhand,5,Uttarakhand,57,Uttarkashi,-,-,-,-,-,-,-,-,-,31.01533333,78.71222222,22-08-2026 23:00,0.5
2503,Jhala_1,Uttarakhand,5,Uttarakhand,57,Uttarkashi,-,-,-,-,-,-,-,-,-,31.01533333,78.71222222,23-08-2026 06:00,0.5
2504,Jhala_1,Uttarakhand,5,Uttarakhand,57,Uttarkashi,-,-,-,-,-,-,-,-,-,31.01533333,78.71222222,23-08-2026 12:00,0.5
2505,Jhala_1,Uttarakhand,5,Uttarakhand,57,Uttarkashi,-,-,-,-,-,-,-,-,-,31.01533333,78.71222222,23-08-2026 15:00,0.5
2506,Jhala_1,Uttarakhand,5,Uttarakhand,57,Uttarkashi,-,-,-,-,-,-,-,-,-,31.01533333,78.71222222,24-08-2026 23:00,6
2507,Jhala_1,Uttarakhand,5,Uttarakhand,57,Uttarkashi,-,-,-,-,-,-,-,-,-,31.01533333,78.71222222,26-08-2026 17:00,1.5
2508,Jhala_1,Uttarakhand,5,Uttarakhand,57,Uttarkashi,-,-,-,-,-,-,-,-,-,31.01533333,78.71222222,27-08-2026 16:00,0.5
2509,Jhala_1,Uttarakhand,5,Uttarakhand,57,Uttarkashi,-,-,-,-,-,-,-,-,-,31.01533333,78.71222222,27-08-2026 17:00,6
2510,Jhala_1,Uttarakhand,5,Uttarakhand,57,Uttarkashi,-,-,-,-,-,-,-,-,-,31.01533333,78.71222222,27-08-2026 18:00,0.5
2511,Joshiyara,Uttarakhand,5,Uttarakhand,57,Uttarkashi,-,-,-,-,-,-,-,-,-,30.73122222,78.42733333,06-07-2026 03:00,0.5
2512,Kapkot (Saryu),Uttarakhand,5,Uttarakhand,46,Bageshwar,-,-,-,-,-,-,-,-,-,29.94516667,79.90250000,06-02-2026 12:00,-418
2513,Kapkot (Saryu),Uttarakhand,5,Uttarakhand,46,Bageshwar,-,-,-,-,-,-,-,-,-,29.94516667,79.90250000,07-07-2026 09:00,14
2514,Kapkot (Saryu),Uttarakhand,5,Uttarakhand,46,Bageshwar,-,-,-,-,-,-,-,-,-,29.94516667,79.90250000,07-07-2026 10:00,1.5
2515,Kapkot (Saryu),Uttarakhand,5,Uttarakhand,46,Bageshwar,-,-,-,-,-,-,-,-,-,29.94516667,79.90250000,08-07-2026 04:00,5.5
2516,Kapkot (Saryu),Uttarakhand,5,Uttarakhand,46,Bageshwar,-,-,-,-,-,-,-,-,-,29.94516667,79.90250000,08-07-2026 05:00,1.5
2517,Kapkot (Saryu),Uttarakhand,5,Uttarakhand,46,Bageshwar,-,-,-,-,-,-,-,-,-,29.94516667,79.90250000,08-07-2026 06:00,0.5
2518,Kapkot (Saryu),Uttarakhand,5,Uttarakhand,46,Bageshwar,-,-,-,-,-,-,-,-,-,29.94516667,79.90250000,08-07-2026 07:00,0.5
2519,Kapkot (Saryu),Uttarakhand,5,Uttarakhand,46,Bageshwar,-,-,-,-,-,-,-,-,-,29.94516667,79.90250000,10-07-2026 21:00,0.5
2520,Kapkot (Saryu),Uttarakhand,5,Uttarakhand,46,Bageshwar,-,-,-,-,-,-,-,-,-,29.94516667,79.90250000,10-07-2026 22:00,0.5
2521,Kapkot (Saryu),Uttarakhand,5,Uttarakhand,46,Bageshwar,-,-,-,-,-,-,-,-,-,29.94516667,79.90250000,11-07-2026 01:00,1
2522,Kapkot (Saryu),Uttarakhand,5,Uttarakhand,46,Bageshwar,-,-,-,-,-,-,-,-,-,29.94516667,79.90250000,11-07-2026 02:00,3.5
2523,Kapkot (Saryu),Uttarakhand,5,Uttarakhand,46,Bageshwar,-,-,-,-,-,-,-,-,-,29.94516667,79.90250000,11-07-2026 03:00,2.5
2524,Kapkot (Saryu),Uttarakhand,5,Uttarakhand,46,Bageshwar,-,-,-,-,-,-,-,-,-,29.94516667,79.90250000,11-07-2026 04:00,1
2525,Kapkot (Saryu),Uttarakhand,5,Uttarakhand,46,Bageshwar,-,-,-,-,-,-,-,-,-,29.94516667,79.90250000,11-07-2026 13:00,4
2526,Kapkot (Saryu),Uttarakhand,5,Uttarakhand,46,Bageshwar,-,-,-,-,-,-,-,-,-,29.94516667,79.90250000,11-07-2026 15:00,0.5
2527,Kapkot (Saryu),Uttarakhand,5,Uttarakhand,46,Bageshwar,-,-,-,-,-,-,-,-,-,29.94516667,79.90250000,11-07-2026 22:00,0.5
2528,Kapkot (Saryu),Uttarakhand,5,Uttarakhand,46,Bageshwar,-,-,-,-,-,-,-,-,-,29.94516667,79.90250000,12-07-2026 01:00,5.5
2529,Kapkot (Saryu),Uttarakhand,5,Uttarakhand,46,Bageshwar,-,-,-,-,-,-,-,-,-,29.94516667,79.90250000,12-07-2026 02:00,2.5
2530,Kapkot (Saryu),Uttarakhand,5,Uttarakhand,46,Bageshwar,-,-,-,-,-,-,-,-,-,29.94516667,79.90250000,12-07-2026 03:00,5.5
2531,Kapkot (Saryu),Uttarakhand,5,Uttarakhand,46,Bageshwar,-,-,-,-,-,-,-,-,-,29.94516667,79.90250000,12-07-2026 07:00,4
2532,Kapkot (Saryu),Uttarakhand,5,Uttarakhand,46,Bageshwar,-,-,-,-,-,-,-,-,-,29.94516667,79.90250000,12-07-2026 08:00,14
2533,Kapkot (Saryu),Uttarakhand,5,Uttarakhand,46,Bageshwar,-,-,-,-,-,-,-,-,-,29.94516667,79.90250000,12-07-2026 09:00,1.5
2534,Kapkot (Saryu),Uttarakhand,5,Uttarakhand,46,Bageshwar,-,-,-,-,-,-,-,-,-,29.94516667,79.90250000,15-07-2026 18:00,8.5
2535,Kapkot (Saryu),Uttarakhand,5,Uttarakhand,46,Bageshwar,-,-,-,-,-,-,-,-,-,29.94516667,79.90250000,15-07-2026 19:00,4
2536,Kapkot (Saryu),Uttarakhand,5,Uttarakhand,46,Bageshwar,-,-,-,-,-,-,-,-,-,29.94516667,79.90250000,15-07-2026 20:00,4
2537,Kapkot (Saryu),Uttarakhand,5,Uttarakhand,46,Bageshwar,-,-,-,-,-,-,-,-,-,29.94516667,79.90250000,15-07-2026 21:00,1.5
2538,Kapkot (Saryu),Uttarakhand,5,Uttarakhand,46,Bageshwar,-,-,-,-,-,-,-,-,-,29.94516667,79.90250000,15-07-2026 22:00,2.5
2539,Kapkot (Saryu),Uttarakhand,5,Uttarakhand,46,Bageshwar,-,-,-,-,-,-,-,-,-,29.94516667,79.90250000,15-07-2026 23:00,2
2540,Kapkot (Saryu),Uttarakhand,5,Uttarakhand,46,Bageshwar,-,-,-,-,-,-,-,-,-,29.94516667,79.90250000,16-07-2026 18:00,0.5
2541,Kapkot (Saryu),Uttarakhand,5,Uttarakhand,46,Bageshwar,-,-,-,-,-,-,-,-,-,29.94516667,79.90250000,16-07-2026 19:00,0.5
2542,Kapkot (Saryu),Uttarakhand,5,Uttarakhand,46,Bageshwar,-,-,-,-,-,-,-,-,-,29.94516667,79.90250000,16-07-2026 20:00,22
2543,Kapkot (Saryu),Uttarakhand,5,Uttarakhand,46,Bageshwar,-,-,-,-,-,-,-,-,-,29.94516667,79.90250000,16-07-2026 21:00,4.5
2544,Kapkot (Saryu),Uttarakhand,5,Uttarakhand,46,Bageshwar,-,-,-,-,-,-,-,-,-,29.94516667,79.90250000,16-07-2026 22:00,4.5
2545,Kapkot (Saryu),Uttarakhand,5,Uttarakhand,46,Bageshwar,-,-,-,-,-,-,-,-,-,29.94516667,79.90250000,16-07-2026 23:00,4
2546,Kapkot (Saryu),Uttarakhand,5,Uttarakhand,46,Bageshwar,-,-,-,-,-,-,-,-,-,29.94516667,79.90250000,17-07-2026 00:00,11
2547,Kapkot (Saryu),Uttarakhand,5,Uttarakhand,46,Bageshwar,-,-,-,-,-,-,-,-,-,29.94516667,79.90250000,17-07-2026 01:00,17.5
2548,Kapkot (Saryu),Uttarakhand,5,Uttarakhand,46,Bageshwar,-,-,-,-,-,-,-,-,-,29.94516667,79.90250000,17-07-2026 02:00,9.5
2549,Kapkot (Saryu),Uttarakhand,5,Uttarakhand,46,Bageshwar,-,-,-,-,-,-,-,-,-,29.94516667,79.90250000,17-07-2026 03:00,18
2550,Kapkot (Saryu),Uttarakhand,5,Uttarakhand,46,Bageshwar,-,-,-,-,-,-,-,-,-,29.94516667,79.90250000,17-07-2026 04:00,6
2551,Kapkot (Saryu),Uttarakhand,5,Uttarakhand,46,Bageshwar,-,-,-,-,-,-,-,-,-,29.94516667,79.90250000,17-07-2026 05:00,0.5
2552,Kapkot (Saryu),Uttarakhand,5,Uttarakhand,46,Bageshwar,-,-,-,-,-,-,-,-,-,29.94516667,79.90250000,17-07-2026 07:00,0.5
2553,Kapkot (Saryu),Uttarakhand,5,Uttarakhand,46,Bageshwar,-,-,-,-,-,-,-,-,-,29.94516667,79.90250000,17-07-2026 19:00,1.5
2554,Kapkot (Saryu),Uttarakhand,5,Uttarakhand,46,Bageshwar,-,-,-,-,-,-,-,-,-,29.94516667,79.90250000,17-07-2026 20:00,1
2555,Kapkot (Saryu),Uttarakhand,5,Uttarakhand,46,Bageshwar,-,-,-,-,-,-,-,-,-,29.94516667,79.90250000,17-07-2026 22:00,1
2556,Kapkot (Saryu),Uttarakhand,5,Uttarakhand,46,Bageshwar,-,-,-,-,-,-,-,-,-,29.94516667,79.90250000,17-07-2026 23:00,5.5
2557,Kapkot (Saryu),Uttarakhand,5,Uttarakhand,46,Bageshwar,-,-,-,-,-,-,-,-,-,29.94516667,79.90250000,18-07-2026 00:00,0.5
2558,Kapkot (Saryu),Uttarakhand,5,Uttarakhand,46,Bageshwar,-,-,-,-,-,-,-,-,-,29.94516667,79.90250000,18-07-2026 02:00,0.5
2559,Kapkot (Saryu),Uttarakhand,5,Uttarakhand,46,Bageshwar,-,-,-,-,-,-,-,-,-,29.94516667,79.90250000,18-07-2026 03:00,0.5
2560,Kapkot (Saryu),Uttarakhand,5,Uttarakhand,46,Bageshwar,-,-,-,-,-,-,-,-,-,29.94516667,79.90250000,18-07-2026 04:00,1.5
2561,Kapkot (Saryu),Uttarakhand,5,Uttarakhand,46,Bageshwar,-,-,-,-,-,-,-,-,-,29.94516667,79.90250000,18-07-2026 05:00,3.5
2562,Kapkot (Saryu),Uttarakhand,5,Uttarakhand,46,Bageshwar,-,-,-,-,-,-,-,-,-,29.94516667,79.90250000,18-07-2026 06:00,0.5
2563,Kapkot (Saryu),Uttarakhand,5,Uttarakhand,46,Bageshwar,-,-,-,-,-,-,-,-,-,29.94516667,79.90250000,18-07-2026 07:00,0.5
2564,Kapkot (Saryu),Uttarakhand,5,Uttarakhand,46,Bageshwar,-,-,-,-,-,-,-,-,-,29.94516667,79.90250000,18-07-2026 08:00,5
2565,Kapkot (Saryu),Uttarakhand,5,Uttarakhand,46,Bageshwar,-,-,-,-,-,-,-,-,-,29.94516667,79.90250000,18-07-2026 21:00,7.5
2566,Kapkot (Saryu),Uttarakhand,5,Uttarakhand,46,Bageshwar,-,-,-,-,-,-,-,-,-,29.94516667,79.90250000,18-07-2026 22:00,24
2567,Kapkot (Saryu),Uttarakhand,5,Uttarakhand,46,Bageshwar,-,-,-,-,-,-,-,-,-,29.94516667,79.90250000,18-07-2026 23:00,13.5
2568,Kapkot (Saryu),Uttarakhand,5,Uttarakhand,46,Bageshwar,-,-,-,-,-,-,-,-,-,29.94516667,79.90250000,19-07-2026 00:00,12.5
2569,Kapkot (Saryu),Uttarakhand,5,Uttarakhand,46,Bageshwar,-,-,-,-,-,-,-,-,-,29.94516667,79.90250000,19-07-2026 01:00,15
2570,Kapkot (Saryu),Uttarakhand,5,Uttarakhand,46,Bageshwar,-,-,-,-,-,-,-,-,-,29.94516667,79.90250000,19-07-2026 02:00,10.5
2571,Kapkot (Saryu),Uttarakhand,5,Uttarakhand,46,Bageshwar,-,-,-,-,-,-,-,-,-,29.94516667,79.90250000,19-07-2026 03:00,1.5
2572,Kapkot (Saryu),Uttarakhand,5,Uttarakhand,46,Bageshwar,-,-,-,-,-,-,-,-,-,29.94516667,79.90250000,19-07-2026 06:00,1
2573,Kapkot (Saryu),Uttarakhand,5,Uttarakhand,46,Bageshwar,-,-,-,-,-,-,-,-,-,29.94516667,79.90250000,19-07-2026 07:00,0.5
2574,Kapkot (Saryu),Uttarakhand,5,Uttarakhand,46,Bageshwar,-,-,-,-,-,-,-,-,-,29.94516667,79.90250000,19-07-2026 10:00,0.5
2575,Kapkot (Saryu),Uttarakhand,5,Uttarakhand,46,Bageshwar,-,-,-,-,-,-,-,-,-,29.94516667,79.90250000,19-07-2026 11:00,0.5
2576,Kapkot (Saryu),Uttarakhand,5,Uttarakhand,46,Bageshwar,-,-,-,-,-,-,-,-,-,29.94516667,79.90250000,19-07-2026 15:00,1.5
2577,Kapkot (Saryu),Uttarakhand,5,Uttarakhand,46,Bageshwar,-,-,-,-,-,-,-,-,-,29.94516667,79.90250000,19-07-2026 16:00,4.5
2578,Kapkot (Saryu),Uttarakhand,5,Uttarakhand,46,Bageshwar,-,-,-,-,-,-,-,-,-,29.94516667,79.90250000,19-07-2026 17:00,3.5
2579,Kapkot (Saryu),Uttarakhand,5,Uttarakhand,46,Bageshwar,-,-,-,-,-,-,-,-,-,29.94516667,79.90250000,19-07-2026 19:00,6
2580,Kapkot (Saryu),Uttarakhand,5,Uttarakhand,46,Bageshwar,-,-,-,-,-,-,-,-,-,29.94516667,79.90250000,19-07-2026 20:00,1.5
2581,Kapkot (Saryu),Uttarakhand,5,Uttarakhand,46,Bageshwar,-,-,-,-,-,-,-,-,-,29.94516667,79.90250000,19-07-2026 21:00,0.5
2582,Kapkot (Saryu),Uttarakhand,5,Uttarakhand,46,Bageshwar,-,-,-,-,-,-,-,-,-,29.94516667,79.90250000,19-07-2026 22:00,6.5
2583,Kapkot (Saryu),Uttarakhand,5,Uttarakhand,46,Bageshwar,-,-,-,-,-,-,-,-,-,29.94516667,79.90250000,19-07-2026 23:00,35
2584,Kapkot (Saryu),Uttarakhand,5,Uttarakhand,46,Bageshwar,-,-,-,-,-,-,-,-,-,29.94516667,79.90250000,20-07-2026 00:00,28.5
2585,Kapkot (Saryu),Uttarakhand,5,Uttarakhand,46,Bageshwar,-,-,-,-,-,-,-,-,-,29.94516667,79.90250000,20-07-2026 01:00,22
2586,Kapkot (Saryu),Uttarakhand,5,Uttarakhand,46,Bageshwar,-,-,-,-,-,-,-,-,-,29.94516667,79.90250000,20-07-2026 02:00,10
2587,Kapkot (Saryu),Uttarakhand,5,Uttarakhand,46,Bageshwar,-,-,-,-,-,-,-,-,-,29.94516667,79.90250000,20-07-2026 03:00,5.5
2588,Kapkot (Saryu),Uttarakhand,5,Uttarakhand,46,Bageshwar,-,-,-,-,-,-,-,-,-,29.94516667,79.90250000,20-07-2026 04:00,4
2589,Kapkot (Saryu),Uttarakhand,5,Uttarakhand,46,Bageshwar,-,-,-,-,-,-,-,-,-,29.94516667,79.90250000,20-07-2026 05:00,2.5
2590,Kapkot (Saryu),Uttarakhand,5,Uttarakhand,46,Bageshwar,-,-,-,-,-,-,-,-,-,29.94516667,79.90250000,20-07-2026 06:00,1.5
2591,Kapkot (Saryu),Uttarakhand,5,Uttarakhand,46,Bageshwar,-,-,-,-,-,-,-,-,-,29.94516667,79.90250000,20-07-2026 08:00,2
2592,Kapkot (Saryu),Uttarakhand,5,Uttarakhand,46,Bageshwar,-,-,-,-,-,-,-,-,-,29.94516667,79.90250000,20-07-2026 09:00,0.5
2593,Kapkot (Saryu),Uttarakhand,5,Uttarakhand,46,Bageshwar,-,-,-,-,-,-,-,-,-,29.94516667,79.90250000,20-07-2026 18:00,11
2594,Kapkot (Saryu),Uttarakhand,5,Uttarakhand,46,Bageshwar,-,-,-,-,-,-,-,-,-,29.94516667,79.90250000,20-07-2026 19:00,2
2595,Kapkot (Saryu),Uttarakhand,5,Uttarakhand,46,Bageshwar,-,-,-,-,-,-,-,-,-,29.94516667,79.90250000,20-07-2026 20:00,2.5
2596,Kapkot (Saryu),Uttarakhand,5,Uttarakhand,46,Bageshwar,-,-,-,-,-,-,-,-,-,29.94516667,79.90250000,20-07-2026 21:00,1
2597,Kapkot (Saryu),Uttarakhand,5,Uttarakhand,46,Bageshwar,-,-,-,-,-,-,-,-,-,29.94516667,79.90250000,20-07-2026 22:00,5
2598,Kapkot (Saryu),Uttarakhand,5,Uttarakhand,46,Bageshwar,-,-,-,-,-,-,-,-,-,29.94516667,79.90250000,20-07-2026 23:00,5
2599,Kapkot (Saryu),Uttarakhand,5,Uttarakhand,46,Bageshwar,-,-,-,-,-,-,-,-,-,29.94516667,79.90250000,21-07-2026 00:00,2
2600,Kapkot (Saryu),Uttarakhand,5,Uttarakhand,46,Bageshwar,-,-,-,-,-,-,-,-,-,29.94516667,79.90250000,21-07-2026 01:00,1
2601,Kapkot (Saryu),Uttarakhand,5,Uttarakhand,46,Bageshwar,-,-,-,-,-,-,-,-,-,29.94516667,79.90250000,21-07-2026 02:00,4.5
2602,Kapkot (Saryu),Uttarakhand,5,Uttarakhand,46,Bageshwar,-,-,-,-,-,-,-,-,-,29.94516667,79.90250000,21-07-2026 03:00,1.5
2603,Kapkot (Saryu),Uttarakhand,5,Uttarakhand,46,Bageshwar,-,-,-,-,-,-,-,-,-,29.94516667,79.90250000,21-07-2026 16:00,1
2604,Kapkot (Saryu),Uttarakhand,5,Uttarakhand,46,Bageshwar,-,-,-,-,-,-,-,-,-,29.94516667,79.90250000,21-07-2026 17:00,4.5
2605,Kapkot (Saryu),Uttarakhand,5,Uttarakhand,46,Bageshwar,-,-,-,-,-,-,-,-,-,29.94516667,79.90250000,22-07-2026 02:00,16
2606,Kapkot (Saryu),Uttarakhand,5,Uttarakhand,46,Bageshwar,-,-,-,-,-,-,-,-,-,29.94516667,79.90250000,22-07-2026 03:00,8
2607,Kapkot (Saryu),Uttarakhand,5,Uttarakhand,46,Bageshwar,-,-,-,-,-,-,-,-,-,29.94516667,79.90250000,22-07-2026 04:00,20.5
2608,Kapkot (Saryu),Uttarakhand,5,Uttarakhand,46,Bageshwar,-,-,-,-,-,-,-,-,-,29.94516667,79.90250000,22-07-2026 05:00,1
2609,Kapkot (Saryu),Uttarakhand,5,Uttarakhand,46,Bageshwar,-,-,-,-,-,-,-,-,-,29.94516667,79.90250000,22-07-2026 07:00,0.5
2610,Kapkot (Saryu),Uttarakhand,5,Uttarakhand,46,Bageshwar,-,-,-,-,-,-,-,-,-,29.94516667,79.90250000,22-07-2026 18:00,0.5
2611,Kapkot (Saryu),Uttarakhand,5,Uttarakhand,46,Bageshwar,-,-,-,-,-,-,-,-,-,29.94516667,79.90250000,22-07-2026 19:00,0.5
2612,Kapkot (Saryu),Uttarakhand,5,Uttarakhand,46,Bageshwar,-,-,-,-,-,-,-,-,-,29.94516667,79.90250000,22-07-2026 23:00,30
2613,Kapkot (Saryu),Uttarakhand,5,Uttarakhand,46,Bageshwar,-,-,-,-,-,-,-,-,-,29.94516667,79.90250000,23-07-2026 00:00,2.5
2614,Kapkot (Saryu),Uttarakhand,5,Uttarakhand,46,Bageshwar,-,-,-,-,-,-,-,-,-,29.94516667,79.90250000,23-07-2026 20:00,1
2615,Kapkot (Saryu),Uttarakhand,5,Uttarakhand,46,Bageshwar,-,-,-,-,-,-,-,-,-,29.94516667,79.90250000,23-07-2026 21:00,4
2616,Kapkot (Saryu),Uttarakhand,5,Uttarakhand,46,Bageshwar,-,-,-,-,-,-,-,-,-,29.94516667,79.90250000,23-07-2026 22:00,1
2617,Kapkot (Saryu),Uttarakhand,5,Uttarakhand,46,Bageshwar,-,-,-,-,-,-,-,-,-,29.94516667,79.90250000,23-07-2026 23:00,25
2618,Kapkot (Saryu),Uttarakhand,5,Uttarakhand,46,Bageshwar,-,-,-,-,-,-,-,-,-,29.94516667,79.90250000,24-07-2026 00:00,4.5
2619,Kapkot (Saryu),Uttarakhand,5,Uttarakhand,46,Bageshwar,-,-,-,-,-,-,-,-,-,29.94516667,79.90250000,24-07-2026 01:00,2
2620,Kapkot (Saryu),Uttarakhand,5,Uttarakhand,46,Bageshwar,-,-,-,-,-,-,-,-,-,29.94516667,79.90250000,24-07-2026 02:00,7
2621,Kapkot (Saryu),Uttarakhand,5,Uttarakhand,46,Bageshwar,-,-,-,-,-,-,-,-,-,29.94516667,79.90250000,24-07-2026 03:00,4.5
2622,Kapkot (Saryu),Uttarakhand,5,Uttarakhand,46,Bageshwar,-,-,-,-,-,-,-,-,-,29.94516667,79.90250000,24-07-2026 04:00,0.5
2623,Kapkot (Saryu),Uttarakhand,5,Uttarakhand,46,Bageshwar,-,-,-,-,-,-,-,-,-,29.94516667,79.90250000,24-07-2026 16:00,6.5
2624,Kapkot (Saryu),Uttarakhand,5,Uttarakhand,46,Bageshwar,-,-,-,-,-,-,-,-,-,29.94516667,79.90250000,24-07-2026 17:00,5.5
2625,Kapkot (Saryu),Uttarakhand,5,Uttarakhand,46,Bageshwar,-,-,-,-,-,-,-,-,-,29.94516667,79.90250000,25-07-2026 03:00,0.5
2626,Kapkot (Saryu),Uttarakhand,5,Uttarakhand,46,Bageshwar,-,-,-,-,-,-,-,-,-,29.94516667,79.90250000,25-07-2026 05:00,3
2627,Kapkot (Saryu),Uttarakhand,5,Uttarakhand,46,Bageshwar,-,-,-,-,-,-,-,-,-,29.94516667,79.90250000,25-07-2026 06:00,6
2628,Kapkot (Saryu),Uttarakhand,5,Uttarakhand,46,Bageshwar,-,-,-,-,-,-,-,-,-,29.94516667,79.90250000,25-07-2026 07:00,3
2629,Kapkot (Saryu),Uttarakhand,5,Uttarakhand,46,Bageshwar,-,-,-,-,-,-,-,-,-,29.94516667,79.90250000,25-07-2026 09:00,0.5
2630,Kapkot (Saryu),Uttarakhand,5,Uttarakhand,46,Bageshwar,-,-,-,-,-,-,-,-,-,29.94516667,79.90250000,26-07-2026 03:00,5
2631,Kapkot (Saryu),Uttarakhand,5,Uttarakhand,46,Bageshwar,-,-,-,-,-,-,-,-,-,29.94516667,79.90250000,26-07-2026 04:00,4.5
2632,Kapkot (Saryu),Uttarakhand,5,Uttarakhand,46,Bageshwar,-,-,-,-,-,-,-,-,-,29.94516667,79.90250000,27-07-2026 09:00,0.5
2633,Kapkot (Saryu),Uttarakhand,5,Uttarakhand,46,Bageshwar,-,-,-,-,-,-,-,-,-,29.94516667,79.90250000,27-07-2026 17:00,3.5
2634,Kapkot (Saryu),Uttarakhand,5,Uttarakhand,46,Bageshwar,-,-,-,-,-,-,-,-,-,29.94516667,79.90250000,27-07-2026 18:00,10
2635,Kapkot (Saryu),Uttarakhand,5,Uttarakhand,46,Bageshwar,-,-,-,-,-,-,-,-,-,29.94516667,79.90250000,27-07-2026 19:00,6
2636,Kapkot (Saryu),Uttarakhand,5,Uttarakhand,46,Bageshwar,-,-,-,-,-,-,-,-,-,29.94516667,79.90250000,27-07-2026 20:00,9.5
2637,Kapkot (Saryu),Uttarakhand,5,Uttarakhand,46,Bageshwar,-,-,-,-,-,-,-,-,-,29.94516667,79.90250000,27-07-2026 21:00,6
2638,Kapkot (Saryu),Uttarakhand,5,Uttarakhand,46,Bageshwar,-,-,-,-,-,-,-,-,-,29.94516667,79.90250000,27-07-2026 22:00,3
2639,Kapkot (Saryu),Uttarakhand,5,Uttarakhand,46,Bageshwar,-,-,-,-,-,-,-,-,-,29.94516667,79.90250000,27-07-2026 23:00,6
2640,Kapkot (Saryu),Uttarakhand,5,Uttarakhand,46,Bageshwar,-,-,-,-,-,-,-,-,-,29.94516667,79.90250000,28-07-2026 00:00,4
2641,Kapkot (Saryu),Uttarakhand,5,Uttarakhand,46,Bageshwar,-,-,-,-,-,-,-,-,-,29.94516667,79.90250000,28-07-2026 01:00,2.5
2642,Kapkot (Saryu),Uttarakhand,5,Uttarakhand,46,Bageshwar,-,-,-,-,-,-,-,-,-,29.94516667,79.90250000,28-07-2026 02:00,3
2643,Kapkot (Saryu),Uttarakhand,5,Uttarakhand,46,Bageshwar,-,-,-,-,-,-,-,-,-,29.94516667,79.90250000,28-07-2026 03:00,7
2644,Kapkot (Saryu),Uttarakhand,5,Uttarakhand,46,Bageshwar,-,-,-,-,-,-,-,-,-,29.94516667,79.90250000,28-07-2026 04:00,11
2645,Kapkot (Saryu),Uttarakhand,5,Uttarakhand,46,Bageshwar,-,-,-,-,-,-,-,-,-,29.94516667,79.90250000,28-07-2026 05:00,2
2646,Kapkot (Saryu),Uttarakhand,5,Uttarakhand,46,Bageshwar,-,-,-,-,-,-,-,-,-,29.94516667,79.90250000,28-07-2026 06:00,0.5
2647,Kapkot (Saryu),Uttarakhand,5,Uttarakhand,46,Bageshwar,-,-,-,-,-,-,-,-,-,29.94516667,79.90250000,28-07-2026 07:00,1.5
2648,Kapkot (Saryu),Uttarakhand,5,Uttarakhand,46,Bageshwar,-,-,-,-,-,-,-,-,-,29.94516667,79.90250000,29-07-2026 00:00,2.5
2649,Kapkot (Saryu),Uttarakhand,5,Uttarakhand,46,Bageshwar,-,-,-,-,-,-,-,-,-,29.94516667,79.90250000,29-07-2026 01:00,0.5
2650,Kapkot (Saryu),Uttarakhand,5,Uttarakhand,46,Bageshwar,-,-,-,-,-,-,-,-,-,29.94516667,79.90250000,29-07-2026 05:00,1.5
2651,Kapkot (Saryu),Uttarakhand,5,Uttarakhand,46,Bageshwar,-,-,-,-,-,-,-,-,-,29.94516667,79.90250000,29-07-2026 06:00,15.5
2652,Kapkot (Saryu),Uttarakhand,5,Uttarakhand,46,Bageshwar,-,-,-,-,-,-,-,-,-,29.94516667,79.90250000,29-07-2026 07:00,8.5
2653,Kapkot (Saryu),Uttarakhand,5,Uttarakhand,46,Bageshwar,-,-,-,-,-,-,-,-,-,29.94516667,79.90250000,29-07-2026 08:00,3.5
2654,Kapkot (Saryu),Uttarakhand,5,Uttarakhand,46,Bageshwar,-,-,-,-,-,-,-,-,-,29.94516667,79.90250000,29-07-2026 09:00,0.5
2655,Kapkot (Saryu),Uttarakhand,5,Uttarakhand,46,Bageshwar,-,-,-,-,-,-,-,-,-,29.94516667,79.90250000,29-07-2026 19:00,2.5
2656,Kapkot (Saryu),Uttarakhand,5,Uttarakhand,46,Bageshwar,-,-,-,-,-,-,-,-,-,29.94516667,79.90250000,29-07-2026 20:00,1
2657,Kapkot (Saryu),Uttarakhand,5,Uttarakhand,46,Bageshwar,-,-,-,-,-,-,-,-,-,29.94516667,79.90250000,30-07-2026 01:00,6
2658,Kapkot (Saryu),Uttarakhand,5,Uttarakhand,46,Bageshwar,-,-,-,-,-,-,-,-,-,29.94516667,79.90250000,30-07-2026 02:00,4
2659,Kapkot (Saryu),Uttarakhand,5,Uttarakhand,46,Bageshwar,-,-,-,-,-,-,-,-,-,29.94516667,79.90250000,30-07-2026 03:00,2
2660,Kapkot (Saryu),Uttarakhand,5,Uttarakhand,46,Bageshwar,-,-,-,-,-,-,-,-,-,29.94516667,79.90250000,30-07-2026 04:00,3.5
2661,Kapkot (Saryu),Uttarakhand,5,Uttarakhand,46,Bageshwar,-,-,-,-,-,-,-,-,-,29.94516667,79.90250000,30-07-2026 05:00,1.5
2662,Kapkot (Saryu),Uttarakhand,5,Uttarakhand,46,Bageshwar,-,-,-,-,-,-,-,-,-,29.94516667,79.90250000,30-07-2026 06:00,1.5
2663,Kapkot (Saryu),Uttarakhand,5,Uttarakhand,46,Bageshwar,-,-,-,-,-,-,-,-,-,29.94516667,79.90250000,30-07-2026 07:00,0.5
2664,Kapkot (Saryu),Uttarakhand,5,Uttarakhand,46,Bageshwar,-,-,-,-,-,-,-,-,-,29.94516667,79.90250000,31-07-2026 18:00,1.5
2665,Kapkot (Saryu),Uttarakhand,5,Uttarakhand,46,Bageshwar,-,-,-,-,-,-,-,-,-,29.94516667,79.90250000,31-07-2026 19:00,3
2666,Kapkot (Saryu),Uttarakhand,5,Uttarakhand,46,Bageshwar,-,-,-,-,-,-,-,-,-,29.94516667,79.90250000,01-08-2026 03:00,18.5
2667,Kapkot (Saryu),Uttarakhand,5,Uttarakhand,46,Bageshwar,-,-,-,-,-,-,-,-,-,29.94516667,79.90250000,01-08-2026 04:00,19
2668,Kapkot (Saryu),Uttarakhand,5,Uttarakhand,46,Bageshwar,-,-,-,-,-,-,-,-,-,29.94516667,79.90250000,01-08-2026 05:00,1.5
2669,Kapkot (Saryu),Uttarakhand,5,Uttarakhand,46,Bageshwar,-,-,-,-,-,-,-,-,-,29.94516667,79.90250000,01-08-2026 06:00,2
2670,Kapkot (Saryu),Uttarakhand,5,Uttarakhand,46,Bageshwar,-,-,-,-,-,-,-,-,-,29.94516667,79.90250000,01-08-2026 17:00,0.5
2671,Kapkot (Saryu),Uttarakhand,5,Uttarakhand,46,Bageshwar,-,-,-,-,-,-,-,-,-,29.94516667,79.90250000,01-08-2026 18:00,1.5
2672,Kapkot (Saryu),Uttarakhand,5,Uttarakhand,46,Bageshwar,-,-,-,-,-,-,-,-,-,29.94516667,79.90250000,01-08-2026 19:00,0.5
2673,Kapkot (Saryu),Uttarakhand,5,Uttarakhand,46,Bageshwar,-,-,-,-,-,-,-,-,-,29.94516667,79.90250000,01-08-2026 23:00,0.5
2674,Kapkot (Saryu),Uttarakhand,5,Uttarakhand,46,Bageshwar,-,-,-,-,-,-,-,-,-,29.94516667,79.90250000,02-08-2026 00:00,8.5
2675,Kapkot (Saryu),Uttarakhand,5,Uttarakhand,46,Bageshwar,-,-,-,-,-,-,-,-,-,29.94516667,79.90250000,02-08-2026 01:00,3.5
2676,Kapkot (Saryu),Uttarakhand,5,Uttarakhand,46,Bageshwar,-,-,-,-,-,-,-,-,-,29.94516667,79.90250000,02-08-2026 02:00,1
2677,Kapkot (Saryu),Uttarakhand,5,Uttarakhand,46,Bageshwar,-,-,-,-,-,-,-,-,-,29.94516667,79.90250000,02-08-2026 03:00,0.5
2678,Kapkot (Saryu),Uttarakhand,5,Uttarakhand,46,Bageshwar,-,-,-,-,-,-,-,-,-,29.94516667,79.90250000,03-08-2026 19:00,1
2679,Kapkot (Saryu),Uttarakhand,5,Uttarakhand,46,Bageshwar,-,-,-,-,-,-,-,-,-,29.94516667,79.90250000,03-08-2026 20:00,1.5
2680,Kapkot (Saryu),Uttarakhand,5,Uttarakhand,46,Bageshwar,-,-,-,-,-,-,-,-,-,29.94516667,79.90250000,03-08-2026 21:00,2.5
2681,Kapkot (Saryu),Uttarakhand,5,Uttarakhand,46,Bageshwar,-,-,-,-,-,-,-,-,-,29.94516667,79.90250000,03-08-2026 23:00,3
2682,Kapkot (Saryu),Uttarakhand,5,Uttarakhand,46,Bageshwar,-,-,-,-,-,-,-,-,-,29.94516667,79.90250000,04-08-2026 00:00,3.5
2683,Kapkot (Saryu),Uttarakhand,5,Uttarakhand,46,Bageshwar,-,-,-,-,-,-,-,-,-,29.94516667,79.90250000,04-08-2026 01:00,4
2684,Kapkot (Saryu),Uttarakhand,5,Uttarakhand,46,Bageshwar,-,-,-,-,-,-,-,-,-,29.94516667,79.90250000,04-08-2026 03:00,0.5
2685,Kapkot (Saryu),Uttarakhand,5,Uttarakhand,46,Bageshwar,-,-,-,-,-,-,-,-,-,29.94516667,79.90250000,04-08-2026 13:00,2
2686,Kapkot (Saryu),Uttarakhand,5,Uttarakhand,46,Bageshwar,-,-,-,-,-,-,-,-,-,29.94516667,79.90250000,04-08-2026 14:00,7
2687,Kapkot (Saryu),Uttarakhand,5,Uttarakhand,46,Bageshwar,-,-,-,-,-,-,-,-,-,29.94516667,79.90250000,04-08-2026 16:00,0.5
2688,Kapkot (Saryu),Uttarakhand,5,Uttarakhand,46,Bageshwar,-,-,-,-,-,-,-,-,-,29.94516667,79.90250000,05-08-2026 03:00,1
2689,Kapkot (Saryu),Uttarakhand,5,Uttarakhand,46,Bageshwar,-,-,-,-,-,-,-,-,-,29.94516667,79.90250000,05-08-2026 04:00,10.5
2690,Kapkot (Saryu),Uttarakhand,5,Uttarakhand,46,Bageshwar,-,-,-,-,-,-,-,-,-,29.94516667,79.90250000,05-08-2026 05:00,12
2691,Kapkot (Saryu),Uttarakhand,5,Uttarakhand,46,Bageshwar,-,-,-,-,-,-,-,-,-,29.94516667,79.90250000,05-08-2026 06:00,14.5
2692,Kapkot (Saryu),Uttarakhand,5,Uttarakhand,46,Bageshwar,-,-,-,-,-,-,-,-,-,29.94516667,79.90250000,05-08-2026 07:00,6
2693,Kapkot (Saryu),Uttarakhand,5,Uttarakhand,46,Bageshwar,-,-,-,-,-,-,-,-,-,29.94516667,79.90250000,05-08-2026 17:00,4
2694,Kapkot (Saryu),Uttarakhand,5,Uttarakhand,46,Bageshwar,-,-,-,-,-,-,-,-,-,29.94516667,79.90250000,05-08-2026 18:00,4
2695,Kapkot (Saryu),Uttarakhand,5,Uttarakhand,46,Bageshwar,-,-,-,-,-,-,-,-,-,29.94516667,79.90250000,05-08-2026 19:00,1.5
2696,Kapkot (Saryu),Uttarakhand,5,Uttarakhand,46,Bageshwar,-,-,-,-,-,-,-,-,-,29.94516667,79.90250000,05-08-2026 20:00,9
2697,Kapkot (Saryu),Uttarakhand,5,Uttarakhand,46,Bageshwar,-,-,-,-,-,-,-,-,-,29.94516667,79.90250000,05-08-2026 21:00,0.5
2698,Kapkot (Saryu),Uttarakhand,5,Uttarakhand,46,Bageshwar,-,-,-,-,-,-,-,-,-,29.94516667,79.90250000,05-08-2026 22:00,2
2699,Kapkot (Saryu),Uttarakhand,5,Uttarakhand,46,Bageshwar,-,-,-,-,-,-,-,-,-,29.94516667,79.90250000,05-08-2026 23:00,12
2700,Kapkot (Saryu),Uttarakhand,5,Uttarakhand,46,Bageshwar,-,-,-,-,-,-,-,-,-,29.94516667,79.90250000,06-08-2026 00:00,0.5
2701,Kapkot (Saryu),Uttarakhand,5,Uttarakhand,46,Bageshwar,-,-,-,-,-,-,-,-,-,29.94516667,79.90250000,06-08-2026 04:00,0.5
2702,Kapkot (Saryu),Uttarakhand,5,Uttarakhand,46,Bageshwar,-,-,-,-,-,-,-,-,-,29.94516667,79.90250000,06-08-2026 05:00,0.5
2703,Kapkot (Saryu),Uttarakhand,5,Uttarakhand,46,Bageshwar,-,-,-,-,-,-,-,-,-,29.94516667,79.90250000,06-08-2026 06:00,6
2704,Kapkot (Saryu),Uttarakhand,5,Uttarakhand,46,Bageshwar,-,-,-,-,-,-,-,-,-,29.94516667,79.90250000,06-08-2026 07:00,0.5
2705,Kapkot (Saryu),Uttarakhand,5,Uttarakhand,46,Bageshwar,-,-,-,-,-,-,-,-,-,29.94516667,79.90250000,06-08-2026 11:00,0.5
2706,Kapkot (Saryu),Uttarakhand,5,Uttarakhand,46,Bageshwar,-,-,-,-,-,-,-,-,-,29.94516667,79.90250000,06-08-2026 14:00,9
2707,Kapkot (Saryu),Uttarakhand,5,Uttarakhand,46,Bageshwar,-,-,-,-,-,-,-,-,-,29.94516667,79.90250000,06-08-2026 15:00,1
2708,Kapkot (Saryu),Uttarakhand,5,Uttarakhand,46,Bageshwar,-,-,-,-,-,-,-,-,-,29.94516667,79.90250000,08-08-2026 20:00,3.5
2709,Kapkot (Saryu),Uttarakhand,5,Uttarakhand,46,Bageshwar,-,-,-,-,-,-,-,-,-,29.94516667,79.90250000,08-08-2026 21:00,37.5
2710,Kapkot (Saryu),Uttarakhand,5,Uttarakhand,46,Bageshwar,-,-,-,-,-,-,-,-,-,29.94516667,79.90250000,08-08-2026 22:00,7.5
2711,Kapkot (Saryu),Uttarakhand,5,Uttarakhand,46,Bageshwar,-,-,-,-,-,-,-,-,-,29.94516667,79.90250000,09-08-2026 01:00,1.5
2712,Kapkot (Saryu),Uttarakhand,5,Uttarakhand,46,Bageshwar,-,-,-,-,-,-,-,-,-,29.94516667,79.90250000,09-08-2026 02:00,4
2713,Kapkot (Saryu),Uttarakhand,5,Uttarakhand,46,Bageshwar,-,-,-,-,-,-,-,-,-,29.94516667,79.90250000,09-08-2026 03:00,2.5
2714,Kapkot (Saryu),Uttarakhand,5,Uttarakhand,46,Bageshwar,-,-,-,-,-,-,-,-,-,29.94516667,79.90250000,09-08-2026 04:00,5.5
2715,Kapkot (Saryu),Uttarakhand,5,Uttarakhand,46,Bageshwar,-,-,-,-,-,-,-,-,-,29.94516667,79.90250000,09-08-2026 05:00,2
2716,Kapkot (Saryu),Uttarakhand,5,Uttarakhand,46,Bageshwar,-,-,-,-,-,-,-,-,-,29.94516667,79.90250000,09-08-2026 07:00,0.5
2717,Kapkot (Saryu),Uttarakhand,5,Uttarakhand,46,Bageshwar,-,-,-,-,-,-,-,-,-,29.94516667,79.90250000,09-08-2026 08:00,1
2718,Kapkot (Saryu),Uttarakhand,5,Uttarakhand,46,Bageshwar,-,-,-,-,-,-,-,-,-,29.94516667,79.90250000,09-08-2026 09:00,0.5
2719,Kapkot (Saryu),Uttarakhand,5,Uttarakhand,46,Bageshwar,-,-,-,-,-,-,-,-,-,29.94516667,79.90250000,09-08-2026 19:00,6
2720,Kapkot (Saryu),Uttarakhand,5,Uttarakhand,46,Bageshwar,-,-,-,-,-,-,-,-,-,29.94516667,79.90250000,09-08-2026 20:00,1
2721,Kapkot (Saryu),Uttarakhand,5,Uttarakhand,46,Bageshwar,-,-,-,-,-,-,-,-,-,29.94516667,79.90250000,09-08-2026 21:00,5.5
2722,Kapkot (Saryu),Uttarakhand,5,Uttarakhand,46,Bageshwar,-,-,-,-,-,-,-,-,-,29.94516667,79.90250000,09-08-2026 22:00,4.5
2723,Kapkot (Saryu),Uttarakhand,5,Uttarakhand,46,Bageshwar,-,-,-,-,-,-,-,-,-,29.94516667,79.90250000,09-08-2026 23:00,4
2724,Kapkot (Saryu),Uttarakhand,5,Uttarakhand,46,Bageshwar,-,-,-,-,-,-,-,-,-,29.94516667,79.90250000,10-08-2026 00:00,2.5
2725,Kapkot (Saryu),Uttarakhand,5,Uttarakhand,46,Bageshwar,-,-,-,-,-,-,-,-,-,29.94516667,79.90250000,10-08-2026 01:00,8.5
2726,Kapkot (Saryu),Uttarakhand,5,Uttarakhand,46,Bageshwar,-,-,-,-,-,-,-,-,-,29.94516667,79.90250000,10-08-2026 02:00,1.5
2727,Kapkot (Saryu),Uttarakhand,5,Uttarakhand,46,Bageshwar,-,-,-,-,-,-,-,-,-,29.94516667,79.90250000,10-08-2026 03:00,0.5
2728,Kapkot (Saryu),Uttarakhand,5,Uttarakhand,46,Bageshwar,-,-,-,-,-,-,-,-,-,29.94516667,79.90250000,10-08-2026 04:00,5.5
2729,Kapkot (Saryu),Uttarakhand,5,Uttarakhand,46,Bageshwar,-,-,-,-,-,-,-,-,-,29.94516667,79.90250000,10-08-2026 05:00,1
2730,Kapkot (Saryu),Uttarakhand,5,Uttarakhand,46,Bageshwar,-,-,-,-,-,-,-,-,-,29.94516667,79.90250000,10-08-2026 06:00,5.5
2731,Kapkot (Saryu),Uttarakhand,5,Uttarakhand,46,Bageshwar,-,-,-,-,-,-,-,-,-,29.94516667,79.90250000,10-08-2026 07:00,2.5
2732,Kapkot (Saryu),Uttarakhand,5,Uttarakhand,46,Bageshwar,-,-,-,-,-,-,-,-,-,29.94516667,79.90250000,10-08-2026 08:00,6.5
2733,Kapkot (Saryu),Uttarakhand,5,Uttarakhand,46,Bageshwar,-,-,-,-,-,-,-,-,-,29.94516667,79.90250000,10-08-2026 09:00,1
2734,Kapkot (Saryu),Uttarakhand,5,Uttarakhand,46,Bageshwar,-,-,-,-,-,-,-,-,-,29.94516667,79.90250000,10-08-2026 10:00,0.5
2735,Kapkot (Saryu),Uttarakhand,5,Uttarakhand,46,Bageshwar,-,-,-,-,-,-,-,-,-,29.94516667,79.90250000,10-08-2026 22:00,2
2736,Kapkot (Saryu),Uttarakhand,5,Uttarakhand,46,Bageshwar,-,-,-,-,-,-,-,-,-,29.94516667,79.90250000,10-08-2026 23:00,3.5
2737,Kapkot (Saryu),Uttarakhand,5,Uttarakhand,46,Bageshwar,-,-,-,-,-,-,-,-,-,29.94516667,79.90250000,11-08-2026 00:00,1
2738,Kapkot (Saryu),Uttarakhand,5,Uttarakhand,46,Bageshwar,-,-,-,-,-,-,-,-,-,29.94516667,79.90250000,11-08-2026 01:00,0.5
2739,Kapkot (Saryu),Uttarakhand,5,Uttarakhand,46,Bageshwar,-,-,-,-,-,-,-,-,-,29.94516667,79.90250000,11-08-2026 04:00,1.5
2740,Kapkot (Saryu),Uttarakhand,5,Uttarakhand,46,Bageshwar,-,-,-,-,-,-,-,-,-,29.94516667,79.90250000,11-08-2026 09:00,9
2741,Kapkot (Saryu),Uttarakhand,5,Uttarakhand,46,Bageshwar,-,-,-,-,-,-,-,-,-,29.94516667,79.90250000,11-08-2026 10:00,1.5
2742,Kapkot (Saryu),Uttarakhand,5,Uttarakhand,46,Bageshwar,-,-,-,-,-,-,-,-,-,29.94516667,79.90250000,15-08-2026 22:00,8
2743,Kapkot (Saryu),Uttarakhand,5,Uttarakhand,46,Bageshwar,-,-,-,-,-,-,-,-,-,29.94516667,79.90250000,16-08-2026 00:00,12.5
2744,Kapkot (Saryu),Uttarakhand,5,Uttarakhand,46,Bageshwar,-,-,-,-,-,-,-,-,-,29.94516667,79.90250000,16-08-2026 01:00,1
2745,Kapkot (Saryu),Uttarakhand,5,Uttarakhand,46,Bageshwar,-,-,-,-,-,-,-,-,-,29.94516667,79.90250000,16-08-2026 02:00,0.5
2746,Kapkot (Saryu),Uttarakhand,5,Uttarakhand,46,Bageshwar,-,-,-,-,-,-,-,-,-,29.94516667,79.90250000,16-08-2026 08:00,0.5
2747,Kapkot (Saryu),Uttarakhand,5,Uttarakhand,46,Bageshwar,-,-,-,-,-,-,-,-,-,29.94516667,79.90250000,16-08-2026 09:00,0.5
2748,Kapkot (Saryu),Uttarakhand,5,Uttarakhand,46,Bageshwar,-,-,-,-,-,-,-,-,-,29.94516667,79.90250000,16-08-2026 10:00,2.5
2749,Kapkot (Saryu),Uttarakhand,5,Uttarakhand,46,Bageshwar,-,-,-,-,-,-,-,-,-,29.94516667,79.90250000,17-08-2026 03:00,3
2750,Kapkot (Saryu),Uttarakhand,5,Uttarakhand,46,Bageshwar,-,-,-,-,-,-,-,-,-,29.94516667,79.90250000,17-08-2026 18:00,5
2751,Kapkot (Saryu),Uttarakhand,5,Uttarakhand,46,Bageshwar,-,-,-,-,-,-,-,-,-,29.94516667,79.90250000,17-08-2026 19:00,4
2752,Kapkot (Saryu),Uttarakhand,5,Uttarakhand,46,Bageshwar,-,-,-,-,-,-,-,-,-,29.94516667,79.90250000,18-08-2026 06:00,0.5
2753,Kapkot (Saryu),Uttarakhand,5,Uttarakhand,46,Bageshwar,-,-,-,-,-,-,-,-,-,29.94516667,79.90250000,18-08-2026 09:00,2.5
2754,Kapkot (Saryu),Uttarakhand,5,Uttarakhand,46,Bageshwar,-,-,-,-,-,-,-,-,-,29.94516667,79.90250000,18-08-2026 10:00,1
2755,Kapkot (Saryu),Uttarakhand,5,Uttarakhand,46,Bageshwar,-,-,-,-,-,-,-,-,-,29.94516667,79.90250000,18-08-2026 12:00,1.5
2756,Kapkot (Saryu),Uttarakhand,5,Uttarakhand,46,Bageshwar,-,-,-,-,-,-,-,-,-,29.94516667,79.90250000,18-08-2026 13:00,2.5
2757,Kapkot (Saryu),Uttarakhand,5,Uttarakhand,46,Bageshwar,-,-,-,-,-,-,-,-,-,29.94516667,79.90250000,18-08-2026 14:00,1
2758,Kapkot (Saryu),Uttarakhand,5,Uttarakhand,46,Bageshwar,-,-,-,-,-,-,-,-,-,29.94516667,79.90250000,18-08-2026 15:00,0.5
2759,Kapkot (Saryu),Uttarakhand,5,Uttarakhand,46,Bageshwar,-,-,-,-,-,-,-,-,-,29.94516667,79.90250000,19-08-2026 00:00,6
2760,Kapkot (Saryu),Uttarakhand,5,Uttarakhand,46,Bageshwar,-,-,-,-,-,-,-,-,-,29.94516667,79.90250000,19-08-2026 18:00,15
2761,Kapkot (Saryu),Uttarakhand,5,Uttarakhand,46,Bageshwar,-,-,-,-,-,-,-,-,-,29.94516667,79.90250000,19-08-2026 19:00,23.5
2762,Kapkot (Saryu),Uttarakhand,5,Uttarakhand,46,Bageshwar,-,-,-,-,-,-,-,-,-,29.94516667,79.90250000,19-08-2026 20:00,3.5
2763,Kapkot (Saryu),Uttarakhand,5,Uttarakhand,46,Bageshwar,-,-,-,-,-,-,-,-,-,29.94516667,79.90250000,19-08-2026 21:00,1.5
2764,Kapkot (Saryu),Uttarakhand,5,Uttarakhand,46,Bageshwar,-,-,-,-,-,-,-,-,-,29.94516667,79.90250000,19-08-2026 23:00,0.5
2765,Kapkot (Saryu),Uttarakhand,5,Uttarakhand,46,Bageshwar,-,-,-,-,-,-,-,-,-,29.94516667,79.90250000,21-08-2026 05:00,3
2766,Kapkot (Saryu),Uttarakhand,5,Uttarakhand,46,Bageshwar,-,-,-,-,-,-,-,-,-,29.94516667,79.90250000,24-08-2026 06:00,14.5
2767,Kapkot (Saryu),Uttarakhand,5,Uttarakhand,46,Bageshwar,-,-,-,-,-,-,-,-,-,29.94516667,79.90250000,24-08-2026 07:00,2.5
2768,Kapkot (Saryu),Uttarakhand,5,Uttarakhand,46,Bageshwar,-,-,-,-,-,-,-,-,-,29.94516667,79.90250000,24-08-2026 08:00,0.5
2769,Kapkot (Saryu),Uttarakhand,5,Uttarakhand,46,Bageshwar,-,-,-,-,-,-,-,-,-,29.94516667,79.90250000,24-08-2026 21:00,0.5
2770,Kapkot (Saryu),Uttarakhand,5,Uttarakhand,46,Bageshwar,-,-,-,-,-,-,-,-,-,29.94516667,79.90250000,25-08-2026 08:00,1.5
2771,Kapkot (Saryu),Uttarakhand,5,Uttarakhand,46,Bageshwar,-,-,-,-,-,-,-,-,-,29.94516667,79.90250000,25-08-2026 09:00,1
2772,Kapkot (Saryu),Uttarakhand,5,Uttarakhand,46,Bageshwar,-,-,-,-,-,-,-,-,-,29.94516667,79.90250000,25-08-2026 10:00,1.5
2773,Kapkot (Saryu),Uttarakhand,5,Uttarakhand,46,Bageshwar,-,-,-,-,-,-,-,-,-,29.94516667,79.90250000,27-08-2026 06:00,4.5
2774,Kapkot (Saryu),Uttarakhand,5,Uttarakhand,46,Bageshwar,-,-,-,-,-,-,-,-,-,29.94516667,79.90250000,27-08-2026 07:00,24
2775,Kapkot (Saryu),Uttarakhand,5,Uttarakhand,46,Bageshwar,-,-,-,-,-,-,-,-,-,29.94516667,79.90250000,27-08-2026 08:00,7.5
2776,Kapkot (Saryu),Uttarakhand,5,Uttarakhand,46,Bageshwar,-,-,-,-,-,-,-,-,-,29.94516667,79.90250000,27-08-2026 09:00,0.5
2777,Kapkot (Saryu),Uttarakhand,5,Uttarakhand,46,Bageshwar,-,-,-,-,-,-,-,-,-,29.94516667,79.90250000,27-08-2026 17:00,8
2778,Kapkot (Saryu),Uttarakhand,5,Uttarakhand,46,Bageshwar,-,-,-,-,-,-,-,-,-,29.94516667,79.90250000,27-08-2026 18:00,1
2779,Kempty,Uttarakhand,5,Uttarakhand,55,Tehri Garhwal,-,-,-,-,-,-,-,-,-,30.49075000,78.04738889,29-01-2026 03:00,386
2780,Kempty,Uttarakhand,5,Uttarakhand,55,Tehri Garhwal,-,-,-,-,-,-,-,-,-,30.49075000,78.04738889,31-01-2026 10:00,281
2781,Kempty,Uttarakhand,5,Uttarakhand,55,Tehri Garhwal,-,-,-,-,-,-,-,-,-,30.49075000,78.04738889,03-02-2026 12:00,18
2782,Kempty,Uttarakhand,5,Uttarakhand,55,Tehri Garhwal,-,-,-,-,-,-,-,-,-,30.49075000,78.04738889,09-02-2026 16:00,395.5
2783,Kempty,Uttarakhand,5,Uttarakhand,55,Tehri Garhwal,-,-,-,-,-,-,-,-,-,30.49075000,78.04738889,12-02-2026 05:00,365.5
2784,Kempty,Uttarakhand,5,Uttarakhand,55,Tehri Garhwal,-,-,-,-,-,-,-,-,-,30.49075000,78.04738889,13-02-2026 13:00,0.5
2785,Kempty,Uttarakhand,5,Uttarakhand,55,Tehri Garhwal,-,-,-,-,-,-,-,-,-,30.49075000,78.04738889,13-02-2026 14:00,232
2786,Kempty,Uttarakhand,5,Uttarakhand,55,Tehri Garhwal,-,-,-,-,-,-,-,-,-,30.49075000,78.04738889,15-02-2026 09:00,136
2787,Kempty,Uttarakhand,5,Uttarakhand,55,Tehri Garhwal,-,-,-,-,-,-,-,-,-,30.49075000,78.04738889,17-02-2026 18:00,1
2788,Kempty,Uttarakhand,5,Uttarakhand,55,Tehri Garhwal,-,-,-,-,-,-,-,-,-,30.49075000,78.04738889,17-02-2026 23:00,129.5
2789,Kempty,Uttarakhand,5,Uttarakhand,55,Tehri Garhwal,-,-,-,-,-,-,-,-,-,30.49075000,78.04738889,19-02-2026 13:00,160
2790,Kempty,Uttarakhand,5,Uttarakhand,55,Tehri Garhwal,-,-,-,-,-,-,-,-,-,30.49075000,78.04738889,19-03-2026 09:00,226
2791,Kempty,Uttarakhand,5,Uttarakhand,55,Tehri Garhwal,-,-,-,-,-,-,-,-,-,30.49075000,78.04738889,20-03-2026 09:00,192
2792,Kempty,Uttarakhand,5,Uttarakhand,55,Tehri Garhwal,-,-,-,-,-,-,-,-,-,30.49075000,78.04738889,16-04-2026 04:00,-36
2793,Kempty,Uttarakhand,5,Uttarakhand,55,Tehri Garhwal,-,-,-,-,-,-,-,-,-,30.49075000,78.04738889,16-04-2026 07:00,464
2794,Kempty,Uttarakhand,5,Uttarakhand,55,Tehri Garhwal,-,-,-,-,-,-,-,-,-,30.49075000,78.04738889,19-04-2026 05:00,63
2795,Kempty,Uttarakhand,5,Uttarakhand,55,Tehri Garhwal,-,-,-,-,-,-,-,-,-,30.49075000,78.04738889,23-04-2026 20:00,483
2796,Kempty,Uttarakhand,5,Uttarakhand,55,Tehri Garhwal,-,-,-,-,-,-,-,-,-,30.49075000,78.04738889,21-07-2026 14:00,6.5
2797,Kempty,Uttarakhand,5,Uttarakhand,55,Tehri Garhwal,-,-,-,-,-,-,-,-,-,30.49075000,78.04738889,21-07-2026 15:00,9.5
2798,Kempty,Uttarakhand,5,Uttarakhand,55,Tehri Garhwal,-,-,-,-,-,-,-,-,-,30.49075000,78.04738889,21-07-2026 16:00,2
2799,Kempty,Uttarakhand,5,Uttarakhand,55,Tehri Garhwal,-,-,-,-,-,-,-,-,-,30.49075000,78.04738889,21-07-2026 17:00,1.5
2800,Kempty,Uttarakhand,5,Uttarakhand,55,Tehri Garhwal,-,-,-,-,-,-,-,-,-,30.49075000,78.04738889,21-07-2026 22:00,1.5
2801,Kempty,Uttarakhand,5,Uttarakhand,55,Tehri Garhwal,-,-,-,-,-,-,-,-,-,30.49075000,78.04738889,21-07-2026 23:00,11
2802,Kempty,Uttarakhand,5,Uttarakhand,55,Tehri Garhwal,-,-,-,-,-,-,-,-,-,30.49075000,78.04738889,22-07-2026 00:00,3
2803,Kempty,Uttarakhand,5,Uttarakhand,55,Tehri Garhwal,-,-,-,-,-,-,-,-,-,30.49075000,78.04738889,22-07-2026 02:00,9
2804,Kempty,Uttarakhand,5,Uttarakhand,55,Tehri Garhwal,-,-,-,-,-,-,-,-,-,30.49075000,78.04738889,22-07-2026 03:00,1
2805,Kempty,Uttarakhand,5,Uttarakhand,55,Tehri Garhwal,-,-,-,-,-,-,-,-,-,30.49075000,78.04738889,22-07-2026 04:00,2.5
2806,Kempty,Uttarakhand,5,Uttarakhand,55,Tehri Garhwal,-,-,-,-,-,-,-,-,-,30.49075000,78.04738889,22-07-2026 07:00,0.5
2807,Kempty,Uttarakhand,5,Uttarakhand,55,Tehri Garhwal,-,-,-,-,-,-,-,-,-,30.49075000,78.04738889,22-07-2026 08:00,1
2808,Kempty,Uttarakhand,5,Uttarakhand,55,Tehri Garhwal,-,-,-,-,-,-,-,-,-,30.49075000,78.04738889,22-07-2026 14:00,1.5
2809,Kempty,Uttarakhand,5,Uttarakhand,55,Tehri Garhwal,-,-,-,-,-,-,-,-,-,30.49075000,78.04738889,22-07-2026 15:00,3.5
2810,Kempty,Uttarakhand,5,Uttarakhand,55,Tehri Garhwal,-,-,-,-,-,-,-,-,-,30.49075000,78.04738889,22-07-2026 16:00,1.5
2811,Kempty,Uttarakhand,5,Uttarakhand,55,Tehri Garhwal,-,-,-,-,-,-,-,-,-,30.49075000,78.04738889,23-07-2026 11:00,0.5
2812,Kempty,Uttarakhand,5,Uttarakhand,55,Tehri Garhwal,-,-,-,-,-,-,-,-,-,30.49075000,78.04738889,23-07-2026 12:00,1.5
2813,Kempty,Uttarakhand,5,Uttarakhand,55,Tehri Garhwal,-,-,-,-,-,-,-,-,-,30.49075000,78.04738889,23-07-2026 18:00,3.5
2814,Kempty,Uttarakhand,5,Uttarakhand,55,Tehri Garhwal,-,-,-,-,-,-,-,-,-,30.49075000,78.04738889,23-07-2026 19:00,13.5
2815,Kempty,Uttarakhand,5,Uttarakhand,55,Tehri Garhwal,-,-,-,-,-,-,-,-,-,30.49075000,78.04738889,23-07-2026 23:00,1.5
2816,Kempty,Uttarakhand,5,Uttarakhand,55,Tehri Garhwal,-,-,-,-,-,-,-,-,-,30.49075000,78.04738889,24-07-2026 22:00,0.5
2817,Kempty,Uttarakhand,5,Uttarakhand,55,Tehri Garhwal,-,-,-,-,-,-,-,-,-,30.49075000,78.04738889,24-07-2026 23:00,0.5
2818,Kempty,Uttarakhand,5,Uttarakhand,55,Tehri Garhwal,-,-,-,-,-,-,-,-,-,30.49075000,78.04738889,25-07-2026 15:00,5.5
2819,Kempty,Uttarakhand,5,Uttarakhand,55,Tehri Garhwal,-,-,-,-,-,-,-,-,-,30.49075000,78.04738889,25-07-2026 16:00,0.5
2820,Kempty,Uttarakhand,5,Uttarakhand,55,Tehri Garhwal,-,-,-,-,-,-,-,-,-,30.49075000,78.04738889,26-07-2026 14:00,1
2821,Kempty,Uttarakhand,5,Uttarakhand,55,Tehri Garhwal,-,-,-,-,-,-,-,-,-,30.49075000,78.04738889,27-07-2026 22:00,3
2822,Kempty,Uttarakhand,5,Uttarakhand,55,Tehri Garhwal,-,-,-,-,-,-,-,-,-,30.49075000,78.04738889,27-07-2026 23:00,6
2823,Kempty,Uttarakhand,5,Uttarakhand,55,Tehri Garhwal,-,-,-,-,-,-,-,-,-,30.49075000,78.04738889,28-07-2026 00:00,5
2824,Kempty,Uttarakhand,5,Uttarakhand,55,Tehri Garhwal,-,-,-,-,-,-,-,-,-,30.49075000,78.04738889,28-07-2026 02:00,1.5
2825,Kempty,Uttarakhand,5,Uttarakhand,55,Tehri Garhwal,-,-,-,-,-,-,-,-,-,30.49075000,78.04738889,28-07-2026 03:00,9
2826,Kempty,Uttarakhand,5,Uttarakhand,55,Tehri Garhwal,-,-,-,-,-,-,-,-,-,30.49075000,78.04738889,28-07-2026 04:00,22.5
2827,Kempty,Uttarakhand,5,Uttarakhand,55,Tehri Garhwal,-,-,-,-,-,-,-,-,-,30.49075000,78.04738889,28-07-2026 05:00,0.5
2828,Kempty,Uttarakhand,5,Uttarakhand,55,Tehri Garhwal,-,-,-,-,-,-,-,-,-,30.49075000,78.04738889,28-07-2026 06:00,9.5
2829,Kempty,Uttarakhand,5,Uttarakhand,55,Tehri Garhwal,-,-,-,-,-,-,-,-,-,30.49075000,78.04738889,28-07-2026 07:00,11
2830,Kempty,Uttarakhand,5,Uttarakhand,55,Tehri Garhwal,-,-,-,-,-,-,-,-,-,30.49075000,78.04738889,28-07-2026 08:00,2
2831,Kempty,Uttarakhand,5,Uttarakhand,55,Tehri Garhwal,-,-,-,-,-,-,-,-,-,30.49075000,78.04738889,28-07-2026 09:00,1.5
2832,Kempty,Uttarakhand,5,Uttarakhand,55,Tehri Garhwal,-,-,-,-,-,-,-,-,-,30.49075000,78.04738889,28-07-2026 10:00,1
2833,Kempty,Uttarakhand,5,Uttarakhand,55,Tehri Garhwal,-,-,-,-,-,-,-,-,-,30.49075000,78.04738889,28-07-2026 11:00,1
2834,Kempty,Uttarakhand,5,Uttarakhand,55,Tehri Garhwal,-,-,-,-,-,-,-,-,-,30.49075000,78.04738889,28-07-2026 12:00,0.5
2835,Kempty,Uttarakhand,5,Uttarakhand,55,Tehri Garhwal,-,-,-,-,-,-,-,-,-,30.49075000,78.04738889,28-07-2026 13:00,0.5
2836,Kempty,Uttarakhand,5,Uttarakhand,55,Tehri Garhwal,-,-,-,-,-,-,-,-,-,30.49075000,78.04738889,30-07-2026 11:00,1
2837,Kempty,Uttarakhand,5,Uttarakhand,55,Tehri Garhwal,-,-,-,-,-,-,-,-,-,30.49075000,78.04738889,03-08-2026 12:00,1.5
2838,Kempty,Uttarakhand,5,Uttarakhand,55,Tehri Garhwal,-,-,-,-,-,-,-,-,-,30.49075000,78.04738889,04-08-2026 03:00,1
2839,Kempty,Uttarakhand,5,Uttarakhand,55,Tehri Garhwal,-,-,-,-,-,-,-,-,-,30.49075000,78.04738889,04-08-2026 04:00,4.5
2840,Kempty,Uttarakhand,5,Uttarakhand,55,Tehri Garhwal,-,-,-,-,-,-,-,-,-,30.49075000,78.04738889,04-08-2026 05:00,0.5
2841,Kempty,Uttarakhand,5,Uttarakhand,55,Tehri Garhwal,-,-,-,-,-,-,-,-,-,30.49075000,78.04738889,04-08-2026 06:00,5
2842,Kempty,Uttarakhand,5,Uttarakhand,55,Tehri Garhwal,-,-,-,-,-,-,-,-,-,30.49075000,78.04738889,04-08-2026 07:00,18.5
2843,Kempty,Uttarakhand,5,Uttarakhand,55,Tehri Garhwal,-,-,-,-,-,-,-,-,-,30.49075000,78.04738889,04-08-2026 08:00,12.5
2844,Kempty,Uttarakhand,5,Uttarakhand,55,Tehri Garhwal,-,-,-,-,-,-,-,-,-,30.49075000,78.04738889,04-08-2026 09:00,21.5
2845,Kempty,Uttarakhand,5,Uttarakhand,55,Tehri Garhwal,-,-,-,-,-,-,-,-,-,30.49075000,78.04738889,04-08-2026 10:00,5.5
2846,Kempty,Uttarakhand,5,Uttarakhand,55,Tehri Garhwal,-,-,-,-,-,-,-,-,-,30.49075000,78.04738889,04-08-2026 11:00,12
2847,Kempty,Uttarakhand,5,Uttarakhand,55,Tehri Garhwal,-,-,-,-,-,-,-,-,-,30.49075000,78.04738889,04-08-2026 12:00,1
2848,Kempty,Uttarakhand,5,Uttarakhand,55,Tehri Garhwal,-,-,-,-,-,-,-,-,-,30.49075000,78.04738889,04-08-2026 19:00,9
2849,Kempty,Uttarakhand,5,Uttarakhand,55,Tehri Garhwal,-,-,-,-,-,-,-,-,-,30.49075000,78.04738889,04-08-2026 20:00,13
2850,Kempty,Uttarakhand,5,Uttarakhand,55,Tehri Garhwal,-,-,-,-,-,-,-,-,-,30.49075000,78.04738889,04-08-2026 21:00,1
2851,Kempty,Uttarakhand,5,Uttarakhand,55,Tehri Garhwal,-,-,-,-,-,-,-,-,-,30.49075000,78.04738889,05-08-2026 01:00,0.5
2852,Kempty,Uttarakhand,5,Uttarakhand,55,Tehri Garhwal,-,-,-,-,-,-,-,-,-,30.49075000,78.04738889,05-08-2026 02:00,14
2853,Kempty,Uttarakhand,5,Uttarakhand,55,Tehri Garhwal,-,-,-,-,-,-,-,-,-,30.49075000,78.04738889,05-08-2026 03:00,0.5
2854,Kempty,Uttarakhand,5,Uttarakhand,55,Tehri Garhwal,-,-,-,-,-,-,-,-,-,30.49075000,78.04738889,05-08-2026 05:00,0.5
2855,Kempty,Uttarakhand,5,Uttarakhand,55,Tehri Garhwal,-,-,-,-,-,-,-,-,-,30.49075000,78.04738889,05-08-2026 06:00,1.5
2856,Kempty,Uttarakhand,5,Uttarakhand,55,Tehri Garhwal,-,-,-,-,-,-,-,-,-,30.49075000,78.04738889,05-08-2026 07:00,0.5
2857,Kempty,Uttarakhand,5,Uttarakhand,55,Tehri Garhwal,-,-,-,-,-,-,-,-,-,30.49075000,78.04738889,05-08-2026 08:00,0.5
2858,Kempty,Uttarakhand,5,Uttarakhand,55,Tehri Garhwal,-,-,-,-,-,-,-,-,-,30.49075000,78.04738889,05-08-2026 09:00,1
2859,Kempty,Uttarakhand,5,Uttarakhand,55,Tehri Garhwal,-,-,-,-,-,-,-,-,-,30.49075000,78.04738889,05-08-2026 13:00,0.5
2860,Kempty,Uttarakhand,5,Uttarakhand,55,Tehri Garhwal,-,-,-,-,-,-,-,-,-,30.49075000,78.04738889,05-08-2026 14:00,2.5
2861,Kempty,Uttarakhand,5,Uttarakhand,55,Tehri Garhwal,-,-,-,-,-,-,-,-,-,30.49075000,78.04738889,06-08-2026 00:00,1
2862,Kempty,Uttarakhand,5,Uttarakhand,55,Tehri Garhwal,-,-,-,-,-,-,-,-,-,30.49075000,78.04738889,06-08-2026 01:00,3.5
2863,Kempty,Uttarakhand,5,Uttarakhand,55,Tehri Garhwal,-,-,-,-,-,-,-,-,-,30.49075000,78.04738889,06-08-2026 02:00,3
2864,Kempty,Uttarakhand,5,Uttarakhand,55,Tehri Garhwal,-,-,-,-,-,-,-,-,-,30.49075000,78.04738889,06-08-2026 03:00,2.5
2865,Kempty,Uttarakhand,5,Uttarakhand,55,Tehri Garhwal,-,-,-,-,-,-,-,-,-,30.49075000,78.04738889,06-08-2026 04:00,2
2866,Kempty,Uttarakhand,5,Uttarakhand,55,Tehri Garhwal,-,-,-,-,-,-,-,-,-,30.49075000,78.04738889,06-08-2026 05:00,1.5
2867,Kempty,Uttarakhand,5,Uttarakhand,55,Tehri Garhwal,-,-,-,-,-,-,-,-,-,30.49075000,78.04738889,06-08-2026 06:00,0.5
2868,Kempty,Uttarakhand,5,Uttarakhand,55,Tehri Garhwal,-,-,-,-,-,-,-,-,-,30.49075000,78.04738889,06-08-2026 07:00,0.5
2869,Kempty,Uttarakhand,5,Uttarakhand,55,Tehri Garhwal,-,-,-,-,-,-,-,-,-,30.49075000,78.04738889,06-08-2026 08:00,0.5
2870,Kempty,Uttarakhand,5,Uttarakhand,55,Tehri Garhwal,-,-,-,-,-,-,-,-,-,30.49075000,78.04738889,06-08-2026 09:00,2
2871,Kempty,Uttarakhand,5,Uttarakhand,55,Tehri Garhwal,-,-,-,-,-,-,-,-,-,30.49075000,78.04738889,06-08-2026 10:00,1.5
2872,Kempty,Uttarakhand,5,Uttarakhand,55,Tehri Garhwal,-,-,-,-,-,-,-,-,-,30.49075000,78.04738889,06-08-2026 11:00,1
2873,Kempty,Uttarakhand,5,Uttarakhand,55,Tehri Garhwal,-,-,-,-,-,-,-,-,-,30.49075000,78.04738889,06-08-2026 12:00,0.5
2874,Kempty,Uttarakhand,5,Uttarakhand,55,Tehri Garhwal,-,-,-,-,-,-,-,-,-,30.49075000,78.04738889,06-08-2026 13:00,2.5
2875,Kempty,Uttarakhand,5,Uttarakhand,55,Tehri Garhwal,-,-,-,-,-,-,-,-,-,30.49075000,78.04738889,06-08-2026 14:00,3
2876,Kempty,Uttarakhand,5,Uttarakhand,55,Tehri Garhwal,-,-,-,-,-,-,-,-,-,30.49075000,78.04738889,06-08-2026 15:00,1.5
2877,Kempty,Uttarakhand,5,Uttarakhand,55,Tehri Garhwal,-,-,-,-,-,-,-,-,-,30.49075000,78.04738889,06-08-2026 17:00,1.5
2878,Kempty,Uttarakhand,5,Uttarakhand,55,Tehri Garhwal,-,-,-,-,-,-,-,-,-,30.49075000,78.04738889,06-08-2026 18:00,0.5
2879,Kempty,Uttarakhand,5,Uttarakhand,55,Tehri Garhwal,-,-,-,-,-,-,-,-,-,30.49075000,78.04738889,06-08-2026 19:00,1
2880,Kempty,Uttarakhand,5,Uttarakhand,55,Tehri Garhwal,-,-,-,-,-,-,-,-,-,30.49075000,78.04738889,06-08-2026 20:00,0.5
2881,Kempty,Uttarakhand,5,Uttarakhand,55,Tehri Garhwal,-,-,-,-,-,-,-,-,-,30.49075000,78.04738889,08-08-2026 16:00,0.5
2882,Kempty,Uttarakhand,5,Uttarakhand,55,Tehri Garhwal,-,-,-,-,-,-,-,-,-,30.49075000,78.04738889,08-08-2026 20:00,0.5
2883,Kempty,Uttarakhand,5,Uttarakhand,55,Tehri Garhwal,-,-,-,-,-,-,-,-,-,30.49075000,78.04738889,10-08-2026 03:00,0.5
2884,Kempty,Uttarakhand,5,Uttarakhand,55,Tehri Garhwal,-,-,-,-,-,-,-,-,-,30.49075000,78.04738889,10-08-2026 06:00,0.5
2885,Kempty,Uttarakhand,5,Uttarakhand,55,Tehri Garhwal,-,-,-,-,-,-,-,-,-,30.49075000,78.04738889,10-08-2026 07:00,0.5
2886,Kempty,Uttarakhand,5,Uttarakhand,55,Tehri Garhwal,-,-,-,-,-,-,-,-,-,30.49075000,78.04738889,10-08-2026 08:00,1
2887,Kempty,Uttarakhand,5,Uttarakhand,55,Tehri Garhwal,-,-,-,-,-,-,-,-,-,30.49075000,78.04738889,10-08-2026 14:00,1
2888,Kempty,Uttarakhand,5,Uttarakhand,55,Tehri Garhwal,-,-,-,-,-,-,-,-,-,30.49075000,78.04738889,10-08-2026 15:00,0.5
2889,Kempty,Uttarakhand,5,Uttarakhand,55,Tehri Garhwal,-,-,-,-,-,-,-,-,-,30.49075000,78.04738889,10-08-2026 16:00,1.5
2890,Kempty,Uttarakhand,5,Uttarakhand,55,Tehri Garhwal,-,-,-,-,-,-,-,-,-,30.49075000,78.04738889,10-08-2026 17:00,0.5
2891,Kempty,Uttarakhand,5,Uttarakhand,55,Tehri Garhwal,-,-,-,-,-,-,-,-,-,30.49075000,78.04738889,10-08-2026 18:00,0.5
2892,Kempty,Uttarakhand,5,Uttarakhand,55,Tehri Garhwal,-,-,-,-,-,-,-,-,-,30.49075000,78.04738889,11-08-2026 02:00,0.5
2893,Kempty,Uttarakhand,5,Uttarakhand,55,Tehri Garhwal,-,-,-,-,-,-,-,-,-,30.49075000,78.04738889,11-08-2026 07:00,0.5
2894,Kempty,Uttarakhand,5,Uttarakhand,55,Tehri Garhwal,-,-,-,-,-,-,-,-,-,30.49075000,78.04738889,11-08-2026 08:00,4
2895,Kempty,Uttarakhand,5,Uttarakhand,55,Tehri Garhwal,-,-,-,-,-,-,-,-,-,30.49075000,78.04738889,11-08-2026 09:00,4.5
2896,Kempty,Uttarakhand,5,Uttarakhand,55,Tehri Garhwal,-,-,-,-,-,-,-,-,-,30.49075000,78.04738889,11-08-2026 10:00,3
2897,Kempty,Uttarakhand,5,Uttarakhand,55,Tehri Garhwal,-,-,-,-,-,-,-,-,-,30.49075000,78.04738889,11-08-2026 11:00,1.5
2898,Kempty,Uttarakhand,5,Uttarakhand,55,Tehri Garhwal,-,-,-,-,-,-,-,-,-,30.49075000,78.04738889,11-08-2026 15:00,2.5
2899,Kempty,Uttarakhand,5,Uttarakhand,55,Tehri Garhwal,-,-,-,-,-,-,-,-,-,30.49075000,78.04738889,11-08-2026 16:00,2.5
2900,Kempty,Uttarakhand,5,Uttarakhand,55,Tehri Garhwal,-,-,-,-,-,-,-,-,-,30.49075000,78.04738889,11-08-2026 17:00,0.5
2901,Kempty,Uttarakhand,5,Uttarakhand,55,Tehri Garhwal,-,-,-,-,-,-,-,-,-,30.49075000,78.04738889,11-08-2026 18:00,0.5
2902,Kempty,Uttarakhand,5,Uttarakhand,55,Tehri Garhwal,-,-,-,-,-,-,-,-,-,30.49075000,78.04738889,13-08-2026 21:00,2.5
2903,Kempty,Uttarakhand,5,Uttarakhand,55,Tehri Garhwal,-,-,-,-,-,-,-,-,-,30.49075000,78.04738889,15-08-2026 17:00,0.5
2904,Kempty,Uttarakhand,5,Uttarakhand,55,Tehri Garhwal,-,-,-,-,-,-,-,-,-,30.49075000,78.04738889,16-08-2026 19:00,1.5
2905,Kempty,Uttarakhand,5,Uttarakhand,55,Tehri Garhwal,-,-,-,-,-,-,-,-,-,30.49075000,78.04738889,16-08-2026 20:00,4
2906,Kempty,Uttarakhand,5,Uttarakhand,55,Tehri Garhwal,-,-,-,-,-,-,-,-,-,30.49075000,78.04738889,17-08-2026 19:00,4.5
2907,Kempty,Uttarakhand,5,Uttarakhand,55,Tehri Garhwal,-,-,-,-,-,-,-,-,-,30.49075000,78.04738889,17-08-2026 21:00,2
2908,Kempty,Uttarakhand,5,Uttarakhand,55,Tehri Garhwal,-,-,-,-,-,-,-,-,-,30.49075000,78.04738889,18-08-2026 00:00,0.5
2909,Kempty,Uttarakhand,5,Uttarakhand,55,Tehri Garhwal,-,-,-,-,-,-,-,-,-,30.49075000,78.04738889,18-08-2026 10:00,15.5
2910,Kempty,Uttarakhand,5,Uttarakhand,55,Tehri Garhwal,-,-,-,-,-,-,-,-,-,30.49075000,78.04738889,18-08-2026 11:00,1
2911,Kempty,Uttarakhand,5,Uttarakhand,55,Tehri Garhwal,-,-,-,-,-,-,-,-,-,30.49075000,78.04738889,18-08-2026 17:00,0.5
2912,Kempty,Uttarakhand,5,Uttarakhand,55,Tehri Garhwal,-,-,-,-,-,-,-,-,-,30.49075000,78.04738889,18-08-2026 18:00,8.5
2913,Kempty,Uttarakhand,5,Uttarakhand,55,Tehri Garhwal,-,-,-,-,-,-,-,-,-,30.49075000,78.04738889,18-08-2026 19:00,3
2914,Kempty,Uttarakhand,5,Uttarakhand,55,Tehri Garhwal,-,-,-,-,-,-,-,-,-,30.49075000,78.04738889,18-08-2026 20:00,1
2915,Kempty,Uttarakhand,5,Uttarakhand,55,Tehri Garhwal,-,-,-,-,-,-,-,-,-,30.49075000,78.04738889,19-08-2026 14:00,1.5
2916,Kempty,Uttarakhand,5,Uttarakhand,55,Tehri Garhwal,-,-,-,-,-,-,-,-,-,30.49075000,78.04738889,19-08-2026 19:00,0.5
2917,Kempty,Uttarakhand,5,Uttarakhand,55,Tehri Garhwal,-,-,-,-,-,-,-,-,-,30.49075000,78.04738889,19-08-2026 20:00,1.5
2918,Kempty,Uttarakhand,5,Uttarakhand,55,Tehri Garhwal,-,-,-,-,-,-,-,-,-,30.49075000,78.04738889,19-08-2026 21:00,9
2919,Kempty,Uttarakhand,5,Uttarakhand,55,Tehri Garhwal,-,-,-,-,-,-,-,-,-,30.49075000,78.04738889,19-08-2026 22:00,3
2920,Kempty,Uttarakhand,5,Uttarakhand,55,Tehri Garhwal,-,-,-,-,-,-,-,-,-,30.49075000,78.04738889,19-08-2026 23:00,0.5
2921,Kempty,Uttarakhand,5,Uttarakhand,55,Tehri Garhwal,-,-,-,-,-,-,-,-,-,30.49075000,78.04738889,23-08-2026 06:00,0.5
2922,Kempty,Uttarakhand,5,Uttarakhand,55,Tehri Garhwal,-,-,-,-,-,-,-,-,-,30.49075000,78.04738889,23-08-2026 07:00,1
2923,Kempty,Uttarakhand,5,Uttarakhand,55,Tehri Garhwal,-,-,-,-,-,-,-,-,-,30.49075000,78.04738889,24-08-2026 13:00,0.5
2924,Kempty,Uttarakhand,5,Uttarakhand,55,Tehri Garhwal,-,-,-,-,-,-,-,-,-,30.49075000,78.04738889,24-08-2026 14:00,0.5
2925,Kempty,Uttarakhand,5,Uttarakhand,55,Tehri Garhwal,-,-,-,-,-,-,-,-,-,30.49075000,78.04738889,24-08-2026 21:00,0.5
2926,Kempty,Uttarakhand,5,Uttarakhand,55,Tehri Garhwal,-,-,-,-,-,-,-,-,-,30.49075000,78.04738889,25-08-2026 06:00,0.5
2927,Kempty,Uttarakhand,5,Uttarakhand,55,Tehri Garhwal,-,-,-,-,-,-,-,-,-,30.49075000,78.04738889,25-08-2026 11:00,1
2928,Kempty,Uttarakhand,5,Uttarakhand,55,Tehri Garhwal,-,-,-,-,-,-,-,-,-,30.49075000,78.04738889,25-08-2026 14:00,1.5
2929,Kempty,Uttarakhand,5,Uttarakhand,55,Tehri Garhwal,-,-,-,-,-,-,-,-,-,30.49075000,78.04738889,25-08-2026 16:00,1
2930,Kempty,Uttarakhand,5,Uttarakhand,55,Tehri Garhwal,-,-,-,-,-,-,-,-,-,30.49075000,78.04738889,27-08-2026 06:00,9.5
2931,Khati_1,Uttarakhand,5,Uttarakhand,46,Bageshwar,-,-,-,-,-,-,-,-,-,30.11019722,79.94055833,11-06-2026 22:00,0.5
2932,Khati_1,Uttarakhand,5,Uttarakhand,46,Bageshwar,-,-,-,-,-,-,-,-,-,30.11019722,79.94055833,08-08-2026 10:00,5
2933,Khati_1,Uttarakhand,5,Uttarakhand,46,Bageshwar,-,-,-,-,-,-,-,-,-,30.11019722,79.94055833,10-08-2026 11:00,0.5
2934,Khati_1,Uttarakhand,5,Uttarakhand,46,Bageshwar,-,-,-,-,-,-,-,-,-,30.11019722,79.94055833,10-08-2026 12:00,0.5
2935,Khati_1,Uttarakhand,5,Uttarakhand,46,Bageshwar,-,-,-,-,-,-,-,-,-,30.11019722,79.94055833,10-08-2026 13:00,1
2936,Khati_1,Uttarakhand,5,Uttarakhand,46,Bageshwar,-,-,-,-,-,-,-,-,-,30.11019722,79.94055833,10-08-2026 14:00,0.5
2937,Khati_1,Uttarakhand,5,Uttarakhand,46,Bageshwar,-,-,-,-,-,-,-,-,-,30.11019722,79.94055833,11-08-2026 11:00,1
2938,Khati_1,Uttarakhand,5,Uttarakhand,46,Bageshwar,-,-,-,-,-,-,-,-,-,30.11019722,79.94055833,11-08-2026 14:00,0.5
2939,Khati_1,Uttarakhand,5,Uttarakhand,46,Bageshwar,-,-,-,-,-,-,-,-,-,30.11019722,79.94055833,14-08-2026 10:00,0.5
2940,Khati_1,Uttarakhand,5,Uttarakhand,46,Bageshwar,-,-,-,-,-,-,-,-,-,30.11019722,79.94055833,14-08-2026 11:00,0.5
2941,Khati_1,Uttarakhand,5,Uttarakhand,46,Bageshwar,-,-,-,-,-,-,-,-,-,30.11019722,79.94055833,15-08-2026 22:00,0.5
2942,Khati_1,Uttarakhand,5,Uttarakhand,46,Bageshwar,-,-,-,-,-,-,-,-,-,30.11019722,79.94055833,16-08-2026 10:00,3.5
2943,Khati_1,Uttarakhand,5,Uttarakhand,46,Bageshwar,-,-,-,-,-,-,-,-,-,30.11019722,79.94055833,16-08-2026 11:00,11.5
2944,Khati_1,Uttarakhand,5,Uttarakhand,46,Bageshwar,-,-,-,-,-,-,-,-,-,30.11019722,79.94055833,16-08-2026 12:00,1.5
2945,Khati_1,Uttarakhand,5,Uttarakhand,46,Bageshwar,-,-,-,-,-,-,-,-,-,30.11019722,79.94055833,16-08-2026 13:00,0.5
2946,Khati_1,Uttarakhand,5,Uttarakhand,46,Bageshwar,-,-,-,-,-,-,-,-,-,30.11019722,79.94055833,16-08-2026 15:00,0.5
2947,Khati_1,Uttarakhand,5,Uttarakhand,46,Bageshwar,-,-,-,-,-,-,-,-,-,30.11019722,79.94055833,16-08-2026 21:00,0.5
2948,Khati_1,Uttarakhand,5,Uttarakhand,46,Bageshwar,-,-,-,-,-,-,-,-,-,30.11019722,79.94055833,16-08-2026 22:00,6.5
2949,Khati_1,Uttarakhand,5,Uttarakhand,46,Bageshwar,-,-,-,-,-,-,-,-,-,30.11019722,79.94055833,16-08-2026 23:00,2.5
2950,Khati_1,Uttarakhand,5,Uttarakhand,46,Bageshwar,-,-,-,-,-,-,-,-,-,30.11019722,79.94055833,17-08-2026 00:00,5
2951,Khati_1,Uttarakhand,5,Uttarakhand,46,Bageshwar,-,-,-,-,-,-,-,-,-,30.11019722,79.94055833,17-08-2026 01:00,4
2952,Khati_1,Uttarakhand,5,Uttarakhand,46,Bageshwar,-,-,-,-,-,-,-,-,-,30.11019722,79.94055833,17-08-2026 02:00,4.5
2953,Khati_1,Uttarakhand,5,Uttarakhand,46,Bageshwar,-,-,-,-,-,-,-,-,-,30.11019722,79.94055833,17-08-2026 03:00,9
2954,Khati_1,Uttarakhand,5,Uttarakhand,46,Bageshwar,-,-,-,-,-,-,-,-,-,30.11019722,79.94055833,17-08-2026 04:00,2.5
2955,Khati_1,Uttarakhand,5,Uttarakhand,46,Bageshwar,-,-,-,-,-,-,-,-,-,30.11019722,79.94055833,17-08-2026 05:00,0.5
2956,Khati_1,Uttarakhand,5,Uttarakhand,46,Bageshwar,-,-,-,-,-,-,-,-,-,30.11019722,79.94055833,17-08-2026 13:00,1
2957,Khati_1,Uttarakhand,5,Uttarakhand,46,Bageshwar,-,-,-,-,-,-,-,-,-,30.11019722,79.94055833,17-08-2026 14:00,21
2958,Khati_1,Uttarakhand,5,Uttarakhand,46,Bageshwar,-,-,-,-,-,-,-,-,-,30.11019722,79.94055833,17-08-2026 15:00,6
2959,Khati_1,Uttarakhand,5,Uttarakhand,46,Bageshwar,-,-,-,-,-,-,-,-,-,30.11019722,79.94055833,18-08-2026 09:00,7.5
2960,Khati_1,Uttarakhand,5,Uttarakhand,46,Bageshwar,-,-,-,-,-,-,-,-,-,30.11019722,79.94055833,18-08-2026 10:00,2.5
2961,Khati_1,Uttarakhand,5,Uttarakhand,46,Bageshwar,-,-,-,-,-,-,-,-,-,30.11019722,79.94055833,18-08-2026 11:00,2.5
2962,Khati_1,Uttarakhand,5,Uttarakhand,46,Bageshwar,-,-,-,-,-,-,-,-,-,30.11019722,79.94055833,18-08-2026 12:00,0.5
2963,Khati_1,Uttarakhand,5,Uttarakhand,46,Bageshwar,-,-,-,-,-,-,-,-,-,30.11019722,79.94055833,18-08-2026 13:00,0.5
2964,Khati_1,Uttarakhand,5,Uttarakhand,46,Bageshwar,-,-,-,-,-,-,-,-,-,30.11019722,79.94055833,18-08-2026 20:00,0.5
2965,Khati_1,Uttarakhand,5,Uttarakhand,46,Bageshwar,-,-,-,-,-,-,-,-,-,30.11019722,79.94055833,18-08-2026 21:00,0.5
2966,Khati_1,Uttarakhand,5,Uttarakhand,46,Bageshwar,-,-,-,-,-,-,-,-,-,30.11019722,79.94055833,19-08-2026 15:00,4
2967,Khati_1,Uttarakhand,5,Uttarakhand,46,Bageshwar,-,-,-,-,-,-,-,-,-,30.11019722,79.94055833,19-08-2026 16:00,6.5
2968,Khati_1,Uttarakhand,5,Uttarakhand,46,Bageshwar,-,-,-,-,-,-,-,-,-,30.11019722,79.94055833,23-08-2026 13:00,1
2969,Khati_1,Uttarakhand,5,Uttarakhand,46,Bageshwar,-,-,-,-,-,-,-,-,-,30.11019722,79.94055833,23-08-2026 14:00,9.5
2970,Khati_1,Uttarakhand,5,Uttarakhand,46,Bageshwar,-,-,-,-,-,-,-,-,-,30.11019722,79.94055833,23-08-2026 15:00,11
2971,Khati_1,Uttarakhand,5,Uttarakhand,46,Bageshwar,-,-,-,-,-,-,-,-,-,30.11019722,79.94055833,24-08-2026 10:00,0.5
2972,Khati_1,Uttarakhand,5,Uttarakhand,46,Bageshwar,-,-,-,-,-,-,-,-,-,30.11019722,79.94055833,24-08-2026 15:00,11.5
2973,Khati_1,Uttarakhand,5,Uttarakhand,46,Bageshwar,-,-,-,-,-,-,-,-,-,30.11019722,79.94055833,24-08-2026 16:00,7.5
2974,Khati_1,Uttarakhand,5,Uttarakhand,46,Bageshwar,-,-,-,-,-,-,-,-,-,30.11019722,79.94055833,24-08-2026 17:00,0.5
2975,Khati_1,Uttarakhand,5,Uttarakhand,46,Bageshwar,-,-,-,-,-,-,-,-,-,30.11019722,79.94055833,24-08-2026 18:00,1
2976,Khati_1,Uttarakhand,5,Uttarakhand,46,Bageshwar,-,-,-,-,-,-,-,-,-,30.11019722,79.94055833,24-08-2026 19:00,2
2977,Khati_1,Uttarakhand,5,Uttarakhand,46,Bageshwar,-,-,-,-,-,-,-,-,-,30.11019722,79.94055833,24-08-2026 20:00,1
2978,Khati_1,Uttarakhand,5,Uttarakhand,46,Bageshwar,-,-,-,-,-,-,-,-,-,30.11019722,79.94055833,25-08-2026 12:00,8
2979,Khati_1,Uttarakhand,5,Uttarakhand,46,Bageshwar,-,-,-,-,-,-,-,-,-,30.11019722,79.94055833,25-08-2026 13:00,0.5
2980,Khati_1,Uttarakhand,5,Uttarakhand,46,Bageshwar,-,-,-,-,-,-,-,-,-,30.11019722,79.94055833,25-08-2026 16:00,13
2981,Khati_1,Uttarakhand,5,Uttarakhand,46,Bageshwar,-,-,-,-,-,-,-,-,-,30.11019722,79.94055833,25-08-2026 17:00,4.5
2982,Khati_1,Uttarakhand,5,Uttarakhand,46,Bageshwar,-,-,-,-,-,-,-,-,-,30.11019722,79.94055833,26-08-2026 04:00,0.5
2983,Khati_1,Uttarakhand,5,Uttarakhand,46,Bageshwar,-,-,-,-,-,-,-,-,-,30.11019722,79.94055833,26-08-2026 06:00,0.5
2984,Khati_1,Uttarakhand,5,Uttarakhand,46,Bageshwar,-,-,-,-,-,-,-,-,-,30.11019722,79.94055833,26-08-2026 15:00,0.5
2985,Khati_1,Uttarakhand,5,Uttarakhand,46,Bageshwar,-,-,-,-,-,-,-,-,-,30.11019722,79.94055833,26-08-2026 16:00,0.5
2986,Khati_1,Uttarakhand,5,Uttarakhand,46,Bageshwar,-,-,-,-,-,-,-,-,-,30.11019722,79.94055833,26-08-2026 18:00,0.5
2987,Khati_1,Uttarakhand,5,Uttarakhand,46,Bageshwar,-,-,-,-,-,-,-,-,-,30.11019722,79.94055833,27-08-2026 05:00,0.5
2988,Khati_1,Uttarakhand,5,Uttarakhand,46,Bageshwar,-,-,-,-,-,-,-,-,-,30.11019722,79.94055833,27-08-2026 06:00,2
2989,Khati_1,Uttarakhand,5,Uttarakhand,46,Bageshwar,-,-,-,-,-,-,-,-,-,30.11019722,79.94055833,27-08-2026 07:00,19.5
2990,Khati_1,Uttarakhand,5,Uttarakhand,46,Bageshwar,-,-,-,-,-,-,-,-,-,30.11019722,79.94055833,27-08-2026 10:00,0.5
2991,Kosi_1,Uttarakhand,5,Uttarakhand,45,Almora,-,-,-,-,-,-,-,-,-,29.61910000,79.62060833,10-06-2026 20:00,8
2992,Kosi_1,Uttarakhand,5,Uttarakhand,45,Almora,-,-,-,-,-,-,-,-,-,29.61910000,79.62060833,10-06-2026 21:00,2.5
2993,Kosi_1,Uttarakhand,5,Uttarakhand,45,Almora,-,-,-,-,-,-,-,-,-,29.61910000,79.62060833,10-06-2026 22:00,1
2994,Kosi_1,Uttarakhand,5,Uttarakhand,45,Almora,-,-,-,-,-,-,-,-,-,29.61910000,79.62060833,11-06-2026 09:00,6
2995,Kosi_1,Uttarakhand,5,Uttarakhand,45,Almora,-,-,-,-,-,-,-,-,-,29.61910000,79.62060833,11-06-2026 11:00,6
2996,Kosi_1,Uttarakhand,5,Uttarakhand,45,Almora,-,-,-,-,-,-,-,-,-,29.61910000,79.62060833,11-06-2026 12:00,11
2997,Kosi_1,Uttarakhand,5,Uttarakhand,45,Almora,-,-,-,-,-,-,-,-,-,29.61910000,79.62060833,12-06-2026 02:00,8
2998,Kosi_1,Uttarakhand,5,Uttarakhand,45,Almora,-,-,-,-,-,-,-,-,-,29.61910000,79.62060833,12-06-2026 03:00,11.5
2999,Kosi_1,Uttarakhand,5,Uttarakhand,45,Almora,-,-,-,-,-,-,-,-,-,29.61910000,79.62060833,12-06-2026 04:00,3
3000,Kosi_1,Uttarakhand,5,Uttarakhand,45,Almora,-,-,-,-,-,-,-,-,-,29.61910000,79.62060833,12-06-2026 05:00,1
3001,Kosi_1,Uttarakhand,5,Uttarakhand,45,Almora,-,-,-,-,-,-,-,-,-,29.61910000,79.62060833,12-06-2026 06:00,0.5
3002,Kosi_1,Uttarakhand,5,Uttarakhand,45,Almora,-,-,-,-,-,-,-,-,-,29.61910000,79.62060833,15-06-2026 20:00,0.5
3003,Kosi_1,Uttarakhand,5,Uttarakhand,45,Almora,-,-,-,-,-,-,-,-,-,29.61910000,79.62060833,17-06-2026 17:00,35.5
3004,Kosi_1,Uttarakhand,5,Uttarakhand,45,Almora,-,-,-,-,-,-,-,-,-,29.61910000,79.62060833,22-06-2026 14:00,0.5
3005,Kosi_1,Uttarakhand,5,Uttarakhand,45,Almora,-,-,-,-,-,-,-,-,-,29.61910000,79.62060833,29-06-2026 02:00,0.5
3006,Kosi_1,Uttarakhand,5,Uttarakhand,45,Almora,-,-,-,-,-,-,-,-,-,29.61910000,79.62060833,29-06-2026 04:00,11.5
3007,Kosi_1,Uttarakhand,5,Uttarakhand,45,Almora,-,-,-,-,-,-,-,-,-,29.61910000,79.62060833,29-06-2026 05:00,1
3008,Kosi_1,Uttarakhand,5,Uttarakhand,45,Almora,-,-,-,-,-,-,-,-,-,29.61910000,79.62060833,01-07-2026 06:00,15
3009,Kosi_1,Uttarakhand,5,Uttarakhand,45,Almora,-,-,-,-,-,-,-,-,-,29.61910000,79.62060833,01-07-2026 07:00,22
3010,Kosi_1,Uttarakhand,5,Uttarakhand,45,Almora,-,-,-,-,-,-,-,-,-,29.61910000,79.62060833,01-07-2026 13:00,0.5
3011,Kosi_1,Uttarakhand,5,Uttarakhand,45,Almora,-,-,-,-,-,-,-,-,-,29.61910000,79.62060833,01-07-2026 14:00,0.5
3012,Kosi_1,Uttarakhand,5,Uttarakhand,45,Almora,-,-,-,-,-,-,-,-,-,29.61910000,79.62060833,01-07-2026 15:00,0.5
3013,Kosi_1,Uttarakhand,5,Uttarakhand,45,Almora,-,-,-,-,-,-,-,-,-,29.61910000,79.62060833,02-07-2026 02:00,0.5
3014,Kosi_1,Uttarakhand,5,Uttarakhand,45,Almora,-,-,-,-,-,-,-,-,-,29.61910000,79.62060833,02-07-2026 06:00,1
3015,Kosi_1,Uttarakhand,5,Uttarakhand,45,Almora,-,-,-,-,-,-,-,-,-,29.61910000,79.62060833,02-07-2026 07:00,3.5
3016,Kosi_1,Uttarakhand,5,Uttarakhand,45,Almora,-,-,-,-,-,-,-,-,-,29.61910000,79.62060833,02-07-2026 08:00,1.5
3017,Kosi_1,Uttarakhand,5,Uttarakhand,45,Almora,-,-,-,-,-,-,-,-,-,29.61910000,79.62060833,02-07-2026 09:00,0.5
3018,Kosi_1,Uttarakhand,5,Uttarakhand,45,Almora,-,-,-,-,-,-,-,-,-,29.61910000,79.62060833,04-07-2026 17:00,2
3019,Kosi_1,Uttarakhand,5,Uttarakhand,45,Almora,-,-,-,-,-,-,-,-,-,29.61910000,79.62060833,05-07-2026 06:00,0.5
3020,Kosi_1,Uttarakhand,5,Uttarakhand,45,Almora,-,-,-,-,-,-,-,-,-,29.61910000,79.62060833,06-07-2026 13:00,1
3021,Kosi_1,Uttarakhand,5,Uttarakhand,45,Almora,-,-,-,-,-,-,-,-,-,29.61910000,79.62060833,07-07-2026 10:00,0.5
3022,Kosi_1,Uttarakhand,5,Uttarakhand,45,Almora,-,-,-,-,-,-,-,-,-,29.61910000,79.62060833,07-07-2026 11:00,4.5
3023,Kosi_1,Uttarakhand,5,Uttarakhand,45,Almora,-,-,-,-,-,-,-,-,-,29.61910000,79.62060833,07-07-2026 12:00,1
3024,Kosi_1,Uttarakhand,5,Uttarakhand,45,Almora,-,-,-,-,-,-,-,-,-,29.61910000,79.62060833,07-07-2026 13:00,2
3025,Kosi_1,Uttarakhand,5,Uttarakhand,45,Almora,-,-,-,-,-,-,-,-,-,29.61910000,79.62060833,07-07-2026 14:00,0.5
3026,Kosi_1,Uttarakhand,5,Uttarakhand,45,Almora,-,-,-,-,-,-,-,-,-,29.61910000,79.62060833,08-07-2026 03:00,2.5
3027,Kosi_1,Uttarakhand,5,Uttarakhand,45,Almora,-,-,-,-,-,-,-,-,-,29.61910000,79.62060833,08-07-2026 04:00,3
3028,Kosi_1,Uttarakhand,5,Uttarakhand,45,Almora,-,-,-,-,-,-,-,-,-,29.61910000,79.62060833,08-07-2026 05:00,1
3029,Kosi_1,Uttarakhand,5,Uttarakhand,45,Almora,-,-,-,-,-,-,-,-,-,29.61910000,79.62060833,08-07-2026 07:00,0.5
3030,Kosi_1,Uttarakhand,5,Uttarakhand,45,Almora,-,-,-,-,-,-,-,-,-,29.61910000,79.62060833,08-07-2026 08:00,0.5
3031,Kosi_1,Uttarakhand,5,Uttarakhand,45,Almora,-,-,-,-,-,-,-,-,-,29.61910000,79.62060833,08-07-2026 10:00,1.5
3032,Kosi_1,Uttarakhand,5,Uttarakhand,45,Almora,-,-,-,-,-,-,-,-,-,29.61910000,79.62060833,08-07-2026 11:00,6
3033,Kosi_1,Uttarakhand,5,Uttarakhand,45,Almora,-,-,-,-,-,-,-,-,-,29.61910000,79.62060833,08-07-2026 12:00,1
3034,Kosi_1,Uttarakhand,5,Uttarakhand,45,Almora,-,-,-,-,-,-,-,-,-,29.61910000,79.62060833,08-07-2026 13:00,6.5
3035,Kosi_1,Uttarakhand,5,Uttarakhand,45,Almora,-,-,-,-,-,-,-,-,-,29.61910000,79.62060833,08-07-2026 19:00,2
3036,Kosi_1,Uttarakhand,5,Uttarakhand,45,Almora,-,-,-,-,-,-,-,-,-,29.61910000,79.62060833,08-07-2026 23:00,1
3037,Kosi_1,Uttarakhand,5,Uttarakhand,45,Almora,-,-,-,-,-,-,-,-,-,29.61910000,79.62060833,09-07-2026 01:00,1
3038,Kosi_1,Uttarakhand,5,Uttarakhand,45,Almora,-,-,-,-,-,-,-,-,-,29.61910000,79.62060833,09-07-2026 02:00,2
3039,Kosi_1,Uttarakhand,5,Uttarakhand,45,Almora,-,-,-,-,-,-,-,-,-,29.61910000,79.62060833,09-07-2026 03:00,5.5
3040,Kosi_1,Uttarakhand,5,Uttarakhand,45,Almora,-,-,-,-,-,-,-,-,-,29.61910000,79.62060833,09-07-2026 04:00,3
3041,Kosi_1,Uttarakhand,5,Uttarakhand,45,Almora,-,-,-,-,-,-,-,-,-,29.61910000,79.62060833,09-07-2026 05:00,13.5
3042,Kosi_1,Uttarakhand,5,Uttarakhand,45,Almora,-,-,-,-,-,-,-,-,-,29.61910000,79.62060833,09-07-2026 06:00,8.5
3043,Kosi_1,Uttarakhand,5,Uttarakhand,45,Almora,-,-,-,-,-,-,-,-,-,29.61910000,79.62060833,09-07-2026 07:00,2.5
3044,Kosi_1,Uttarakhand,5,Uttarakhand,45,Almora,-,-,-,-,-,-,-,-,-,29.61910000,79.62060833,09-07-2026 08:00,3.5
3045,Kosi_1,Uttarakhand,5,Uttarakhand,45,Almora,-,-,-,-,-,-,-,-,-,29.61910000,79.62060833,09-07-2026 11:00,1
3046,Kosi_1,Uttarakhand,5,Uttarakhand,45,Almora,-,-,-,-,-,-,-,-,-,29.61910000,79.62060833,10-07-2026 08:00,0.5
3047,Kosi_1,Uttarakhand,5,Uttarakhand,45,Almora,-,-,-,-,-,-,-,-,-,29.61910000,79.62060833,11-07-2026 00:00,0.5
3048,Kosi_1,Uttarakhand,5,Uttarakhand,45,Almora,-,-,-,-,-,-,-,-,-,29.61910000,79.62060833,11-07-2026 04:00,1.5
3049,Kosi_1,Uttarakhand,5,Uttarakhand,45,Almora,-,-,-,-,-,-,-,-,-,29.61910000,79.62060833,11-07-2026 06:00,1
3050,Kosi_1,Uttarakhand,5,Uttarakhand,45,Almora,-,-,-,-,-,-,-,-,-,29.61910000,79.62060833,11-07-2026 15:00,9.5
3051,Kosi_1,Uttarakhand,5,Uttarakhand,45,Almora,-,-,-,-,-,-,-,-,-,29.61910000,79.62060833,11-07-2026 19:00,2
3052,Kosi_1,Uttarakhand,5,Uttarakhand,45,Almora,-,-,-,-,-,-,-,-,-,29.61910000,79.62060833,15-07-2026 17:00,0.5
3053,Kosi_1,Uttarakhand,5,Uttarakhand,45,Almora,-,-,-,-,-,-,-,-,-,29.61910000,79.62060833,19-07-2026 17:00,2
3054,Kosi_1,Uttarakhand,5,Uttarakhand,45,Almora,-,-,-,-,-,-,-,-,-,29.61910000,79.62060833,19-07-2026 18:00,1.5
3055,Kosi_1,Uttarakhand,5,Uttarakhand,45,Almora,-,-,-,-,-,-,-,-,-,29.61910000,79.62060833,20-07-2026 03:00,0.5
3056,Kosi_1,Uttarakhand,5,Uttarakhand,45,Almora,-,-,-,-,-,-,-,-,-,29.61910000,79.62060833,20-07-2026 04:00,4
3057,Kosi_1,Uttarakhand,5,Uttarakhand,45,Almora,-,-,-,-,-,-,-,-,-,29.61910000,79.62060833,20-07-2026 05:00,13.5
3058,Kosi_1,Uttarakhand,5,Uttarakhand,45,Almora,-,-,-,-,-,-,-,-,-,29.61910000,79.62060833,20-07-2026 06:00,20.5
3059,Kosi_1,Uttarakhand,5,Uttarakhand,45,Almora,-,-,-,-,-,-,-,-,-,29.61910000,79.62060833,20-07-2026 07:00,4.5
3060,Kosi_1,Uttarakhand,5,Uttarakhand,45,Almora,-,-,-,-,-,-,-,-,-,29.61910000,79.62060833,20-07-2026 08:00,3
3061,Kosi_1,Uttarakhand,5,Uttarakhand,45,Almora,-,-,-,-,-,-,-,-,-,29.61910000,79.62060833,20-07-2026 17:00,2
3062,Kosi_1,Uttarakhand,5,Uttarakhand,45,Almora,-,-,-,-,-,-,-,-,-,29.61910000,79.62060833,21-07-2026 00:00,1
3063,Kosi_1,Uttarakhand,5,Uttarakhand,45,Almora,-,-,-,-,-,-,-,-,-,29.61910000,79.62060833,21-07-2026 02:00,1
3064,Kosi_1,Uttarakhand,5,Uttarakhand,45,Almora,-,-,-,-,-,-,-,-,-,29.61910000,79.62060833,21-07-2026 07:00,0.5
3065,Kosi_1,Uttarakhand,5,Uttarakhand,45,Almora,-,-,-,-,-,-,-,-,-,29.61910000,79.62060833,21-07-2026 09:00,0.5
3066,Kosi_1,Uttarakhand,5,Uttarakhand,45,Almora,-,-,-,-,-,-,-,-,-,29.61910000,79.62060833,21-07-2026 23:00,1
3067,Kosi_1,Uttarakhand,5,Uttarakhand,45,Almora,-,-,-,-,-,-,-,-,-,29.61910000,79.62060833,22-07-2026 02:00,0.5
3068,Kosi_1,Uttarakhand,5,Uttarakhand,45,Almora,-,-,-,-,-,-,-,-,-,29.61910000,79.62060833,23-07-2026 10:00,2.5
3069,Kosi_1,Uttarakhand,5,Uttarakhand,45,Almora,-,-,-,-,-,-,-,-,-,29.61910000,79.62060833,25-07-2026 10:00,1.5
3070,Kosi_1,Uttarakhand,5,Uttarakhand,45,Almora,-,-,-,-,-,-,-,-,-,29.61910000,79.62060833,25-07-2026 11:00,0.5
3071,Kosi_1,Uttarakhand,5,Uttarakhand,45,Almora,-,-,-,-,-,-,-,-,-,29.61910000,79.62060833,26-07-2026 16:00,31.5
3072,Kosi_1,Uttarakhand,5,Uttarakhand,45,Almora,-,-,-,-,-,-,-,-,-,29.61910000,79.62060833,27-07-2026 16:00,4
3073,Kosi_1,Uttarakhand,5,Uttarakhand,45,Almora,-,-,-,-,-,-,-,-,-,29.61910000,79.62060833,27-07-2026 17:00,1.5
3074,Kosi_1,Uttarakhand,5,Uttarakhand,45,Almora,-,-,-,-,-,-,-,-,-,29.61910000,79.62060833,27-07-2026 18:00,0.5
3075,Kosi_1,Uttarakhand,5,Uttarakhand,45,Almora,-,-,-,-,-,-,-,-,-,29.61910000,79.62060833,02-08-2026 16:00,7.5
3076,Kosi_1,Uttarakhand,5,Uttarakhand,45,Almora,-,-,-,-,-,-,-,-,-,29.61910000,79.62060833,02-08-2026 17:00,1
3077,Kosi_1,Uttarakhand,5,Uttarakhand,45,Almora,-,-,-,-,-,-,-,-,-,29.61910000,79.62060833,03-08-2026 16:00,2.5
3078,Kosi_1,Uttarakhand,5,Uttarakhand,45,Almora,-,-,-,-,-,-,-,-,-,29.61910000,79.62060833,04-08-2026 17:00,2
3079,Kosi_1,Uttarakhand,5,Uttarakhand,45,Almora,-,-,-,-,-,-,-,-,-,29.61910000,79.62060833,04-08-2026 18:00,2
3080,Kosi_1,Uttarakhand,5,Uttarakhand,45,Almora,-,-,-,-,-,-,-,-,-,29.61910000,79.62060833,04-08-2026 19:00,0.5
3081,Kosi_1,Uttarakhand,5,Uttarakhand,45,Almora,-,-,-,-,-,-,-,-,-,29.61910000,79.62060833,04-08-2026 20:00,1
3082,Kosi_1,Uttarakhand,5,Uttarakhand,45,Almora,-,-,-,-,-,-,-,-,-,29.61910000,79.62060833,05-08-2026 14:00,3.5
3083,Kosi_1,Uttarakhand,5,Uttarakhand,45,Almora,-,-,-,-,-,-,-,-,-,29.61910000,79.62060833,05-08-2026 17:00,0.5
3084,Kosi_1,Uttarakhand,5,Uttarakhand,45,Almora,-,-,-,-,-,-,-,-,-,29.61910000,79.62060833,06-08-2026 10:00,4
3085,Kosi_1,Uttarakhand,5,Uttarakhand,45,Almora,-,-,-,-,-,-,-,-,-,29.61910000,79.62060833,06-08-2026 13:00,0.5
3086,Kosi_1,Uttarakhand,5,Uttarakhand,45,Almora,-,-,-,-,-,-,-,-,-,29.61910000,79.62060833,06-08-2026 14:00,5
3087,Kosi_1,Uttarakhand,5,Uttarakhand,45,Almora,-,-,-,-,-,-,-,-,-,29.61910000,79.62060833,09-08-2026 16:00,0.5
3088,Kosi_1,Uttarakhand,5,Uttarakhand,45,Almora,-,-,-,-,-,-,-,-,-,29.61910000,79.62060833,09-08-2026 17:00,3
3089,Kosi_1,Uttarakhand,5,Uttarakhand,45,Almora,-,-,-,-,-,-,-,-,-,29.61910000,79.62060833,10-08-2026 02:00,1
3090,Kosi_1,Uttarakhand,5,Uttarakhand,45,Almora,-,-,-,-,-,-,-,-,-,29.61910000,79.62060833,10-08-2026 05:00,3.5
3091,Kosi_1,Uttarakhand,5,Uttarakhand,45,Almora,-,-,-,-,-,-,-,-,-,29.61910000,79.62060833,10-08-2026 06:00,4.5
3092,Kosi_1,Uttarakhand,5,Uttarakhand,45,Almora,-,-,-,-,-,-,-,-,-,29.61910000,79.62060833,10-08-2026 08:00,0.5
3093,Kosi_1,Uttarakhand,5,Uttarakhand,45,Almora,-,-,-,-,-,-,-,-,-,29.61910000,79.62060833,10-08-2026 09:00,3
3094,Kosi_1,Uttarakhand,5,Uttarakhand,45,Almora,-,-,-,-,-,-,-,-,-,29.61910000,79.62060833,10-08-2026 10:00,4.5
3095,Kosi_1,Uttarakhand,5,Uttarakhand,45,Almora,-,-,-,-,-,-,-,-,-,29.61910000,79.62060833,10-08-2026 11:00,2
3096,Kosi_1,Uttarakhand,5,Uttarakhand,45,Almora,-,-,-,-,-,-,-,-,-,29.61910000,79.62060833,11-08-2026 03:00,0.5
3097,Kosi_1,Uttarakhand,5,Uttarakhand,45,Almora,-,-,-,-,-,-,-,-,-,29.61910000,79.62060833,11-08-2026 09:00,1
3098,Kosi_1,Uttarakhand,5,Uttarakhand,45,Almora,-,-,-,-,-,-,-,-,-,29.61910000,79.62060833,14-08-2026 11:00,3.5
3099,Kosi_1,Uttarakhand,5,Uttarakhand,45,Almora,-,-,-,-,-,-,-,-,-,29.61910000,79.62060833,14-08-2026 12:00,5.5
3100,Kosi_1,Uttarakhand,5,Uttarakhand,45,Almora,-,-,-,-,-,-,-,-,-,29.61910000,79.62060833,14-08-2026 13:00,6
3101,Kosi_1,Uttarakhand,5,Uttarakhand,45,Almora,-,-,-,-,-,-,-,-,-,29.61910000,79.62060833,14-08-2026 14:00,3
3102,Kosi_1,Uttarakhand,5,Uttarakhand,45,Almora,-,-,-,-,-,-,-,-,-,29.61910000,79.62060833,14-08-2026 15:00,1.5
3103,Kosi_1,Uttarakhand,5,Uttarakhand,45,Almora,-,-,-,-,-,-,-,-,-,29.61910000,79.62060833,14-08-2026 16:00,0.5
3104,Kosi_1,Uttarakhand,5,Uttarakhand,45,Almora,-,-,-,-,-,-,-,-,-,29.61910000,79.62060833,15-08-2026 04:00,0.5
3105,Kosi_1,Uttarakhand,5,Uttarakhand,45,Almora,-,-,-,-,-,-,-,-,-,29.61910000,79.62060833,16-08-2026 14:00,1
3106,Kosi_1,Uttarakhand,5,Uttarakhand,45,Almora,-,-,-,-,-,-,-,-,-,29.61910000,79.62060833,17-08-2026 02:00,0.5
3107,Kosi_1,Uttarakhand,5,Uttarakhand,45,Almora,-,-,-,-,-,-,-,-,-,29.61910000,79.62060833,17-08-2026 12:00,4.5
3108,Kosi_1,Uttarakhand,5,Uttarakhand,45,Almora,-,-,-,-,-,-,-,-,-,29.61910000,79.62060833,17-08-2026 13:00,4.5
3109,Kosi_1,Uttarakhand,5,Uttarakhand,45,Almora,-,-,-,-,-,-,-,-,-,29.61910000,79.62060833,17-08-2026 17:00,0.5
3110,Kosi_1,Uttarakhand,5,Uttarakhand,45,Almora,-,-,-,-,-,-,-,-,-,29.61910000,79.62060833,17-08-2026 19:00,0.5
3111,Kosi_1,Uttarakhand,5,Uttarakhand,45,Almora,-,-,-,-,-,-,-,-,-,29.61910000,79.62060833,18-08-2026 11:00,14.5
3112,Kosi_1,Uttarakhand,5,Uttarakhand,45,Almora,-,-,-,-,-,-,-,-,-,29.61910000,79.62060833,18-08-2026 12:00,6.5
3113,Kosi_1,Uttarakhand,5,Uttarakhand,45,Almora,-,-,-,-,-,-,-,-,-,29.61910000,79.62060833,18-08-2026 13:00,3.5
3114,Kosi_1,Uttarakhand,5,Uttarakhand,45,Almora,-,-,-,-,-,-,-,-,-,29.61910000,79.62060833,18-08-2026 14:00,2
3115,Kosi_1,Uttarakhand,5,Uttarakhand,45,Almora,-,-,-,-,-,-,-,-,-,29.61910000,79.62060833,18-08-2026 15:00,0.5
3116,Kosi_1,Uttarakhand,5,Uttarakhand,45,Almora,-,-,-,-,-,-,-,-,-,29.61910000,79.62060833,18-08-2026 22:00,1.5
3117,Kosi_1,Uttarakhand,5,Uttarakhand,45,Almora,-,-,-,-,-,-,-,-,-,29.61910000,79.62060833,19-08-2026 17:00,2
3118,Kosi_1,Uttarakhand,5,Uttarakhand,45,Almora,-,-,-,-,-,-,-,-,-,29.61910000,79.62060833,19-08-2026 23:00,0.5
3119,Kosi_1,Uttarakhand,5,Uttarakhand,45,Almora,-,-,-,-,-,-,-,-,-,29.61910000,79.62060833,20-08-2026 00:00,5
3120,Kosi_1,Uttarakhand,5,Uttarakhand,45,Almora,-,-,-,-,-,-,-,-,-,29.61910000,79.62060833,20-08-2026 01:00,1
3121,Kosi_1,Uttarakhand,5,Uttarakhand,45,Almora,-,-,-,-,-,-,-,-,-,29.61910000,79.62060833,20-08-2026 15:00,6
3122,Kosi_1,Uttarakhand,5,Uttarakhand,45,Almora,-,-,-,-,-,-,-,-,-,29.61910000,79.62060833,23-08-2026 16:00,0.5
3123,Kosi_1,Uttarakhand,5,Uttarakhand,45,Almora,-,-,-,-,-,-,-,-,-,29.61910000,79.62060833,23-08-2026 17:00,1.5
3124,Kosi_1,Uttarakhand,5,Uttarakhand,45,Almora,-,-,-,-,-,-,-,-,-,29.61910000,79.62060833,24-08-2026 14:00,0.5
3125,Kosi_1,Uttarakhand,5,Uttarakhand,45,Almora,-,-,-,-,-,-,-,-,-,29.61910000,79.62060833,24-08-2026 15:00,0.5
3126,Kosi_1,Uttarakhand,5,Uttarakhand,45,Almora,-,-,-,-,-,-,-,-,-,29.61910000,79.62060833,25-08-2026 09:00,0.5
3127,Kosi_1,Uttarakhand,5,Uttarakhand,45,Almora,-,-,-,-,-,-,-,-,-,29.61910000,79.62060833,25-08-2026 10:00,0.5
3128,Lamgara,Uttarakhand,5,Uttarakhand,45,Almora,-,-,-,-,-,-,-,-,-,29.53866667,79.74994444,15-01-2026 08:00,0.5
3129,Lamgara,Uttarakhand,5,Uttarakhand,45,Almora,-,-,-,-,-,-,-,-,-,29.53866667,79.74994444,28-01-2026 09:00,0.5
3130,Lamgara,Uttarakhand,5,Uttarakhand,45,Almora,-,-,-,-,-,-,-,-,-,29.53866667,79.74994444,28-01-2026 13:00,0.5
3131,Lamgara,Uttarakhand,5,Uttarakhand,45,Almora,-,-,-,-,-,-,-,-,-,29.53866667,79.74994444,29-01-2026 09:00,0.5
3132,Lamgara,Uttarakhand,5,Uttarakhand,45,Almora,-,-,-,-,-,-,-,-,-,29.53866667,79.74994444,30-01-2026 08:00,0.5
3133,Lamgara,Uttarakhand,5,Uttarakhand,45,Almora,-,-,-,-,-,-,-,-,-,29.53866667,79.74994444,30-01-2026 09:00,0.5
3134,Lamgara,Uttarakhand,5,Uttarakhand,45,Almora,-,-,-,-,-,-,-,-,-,29.53866667,79.74994444,31-01-2026 08:00,0.5
3135,Lamgara,Uttarakhand,5,Uttarakhand,45,Almora,-,-,-,-,-,-,-,-,-,29.53866667,79.74994444,31-01-2026 09:00,0.5
3136,Lamgara,Uttarakhand,5,Uttarakhand,45,Almora,-,-,-,-,-,-,-,-,-,29.53866667,79.74994444,01-02-2026 09:00,1
3137,Lamgara,Uttarakhand,5,Uttarakhand,45,Almora,-,-,-,-,-,-,-,-,-,29.53866667,79.74994444,02-02-2026 08:00,0.5
3138,Lamgara,Uttarakhand,5,Uttarakhand,45,Almora,-,-,-,-,-,-,-,-,-,29.53866667,79.74994444,03-02-2026 08:00,0.5
3139,Lamgara,Uttarakhand,5,Uttarakhand,45,Almora,-,-,-,-,-,-,-,-,-,29.53866667,79.74994444,04-02-2026 09:00,0.5
3140,Lamgara,Uttarakhand,5,Uttarakhand,45,Almora,-,-,-,-,-,-,-,-,-,29.53866667,79.74994444,06-02-2026 08:00,0.5
3141,Lamgara,Uttarakhand,5,Uttarakhand,45,Almora,-,-,-,-,-,-,-,-,-,29.53866667,79.74994444,07-02-2026 18:00,89
3142,Lamgara,Uttarakhand,5,Uttarakhand,45,Almora,-,-,-,-,-,-,-,-,-,29.53866667,79.74994444,09-02-2026 08:00,0.5
3143,Lamgara,Uttarakhand,5,Uttarakhand,45,Almora,-,-,-,-,-,-,-,-,-,29.53866667,79.74994444,09-02-2026 10:00,0.5
3144,Lamgara,Uttarakhand,5,Uttarakhand,45,Almora,-,-,-,-,-,-,-,-,-,29.53866667,79.74994444,10-02-2026 08:00,0.5
3145,Lamgara,Uttarakhand,5,Uttarakhand,45,Almora,-,-,-,-,-,-,-,-,-,29.53866667,79.74994444,12-02-2026 09:00,0.5
3146,Lamgara,Uttarakhand,5,Uttarakhand,45,Almora,-,-,-,-,-,-,-,-,-,29.53866667,79.74994444,13-02-2026 08:00,0.5
3147,Lamgara,Uttarakhand,5,Uttarakhand,45,Almora,-,-,-,-,-,-,-,-,-,29.53866667,79.74994444,14-02-2026 07:00,0.5
3148,Lamgara,Uttarakhand,5,Uttarakhand,45,Almora,-,-,-,-,-,-,-,-,-,29.53866667,79.74994444,14-02-2026 08:00,1.5
3149,Lamgara,Uttarakhand,5,Uttarakhand,45,Almora,-,-,-,-,-,-,-,-,-,29.53866667,79.74994444,14-02-2026 09:00,1
3150,Lamgara,Uttarakhand,5,Uttarakhand,45,Almora,-,-,-,-,-,-,-,-,-,29.53866667,79.74994444,15-02-2026 08:00,0.5
3151,Lamgara,Uttarakhand,5,Uttarakhand,45,Almora,-,-,-,-,-,-,-,-,-,29.53866667,79.74994444,15-02-2026 11:00,1
3152,Lamgara,Uttarakhand,5,Uttarakhand,45,Almora,-,-,-,-,-,-,-,-,-,29.53866667,79.74994444,23-03-2026 13:00,0.5
3153,Lamgara,Uttarakhand,5,Uttarakhand,45,Almora,-,-,-,-,-,-,-,-,-,29.53866667,79.74994444,24-03-2026 20:00,0.5
3154,Lamgara,Uttarakhand,5,Uttarakhand,45,Almora,-,-,-,-,-,-,-,-,-,29.53866667,79.74994444,15-04-2026 21:00,257
3155,Lamgara,Uttarakhand,5,Uttarakhand,45,Almora,-,-,-,-,-,-,-,-,-,29.53866667,79.74994444,16-04-2026 10:00,160
3156,Lamgara,Uttarakhand,5,Uttarakhand,45,Almora,-,-,-,-,-,-,-,-,-,29.53866667,79.74994444,01-05-2026 19:00,0.5
3157,Lamgara,Uttarakhand,5,Uttarakhand,45,Almora,-,-,-,-,-,-,-,-,-,29.53866667,79.74994444,01-05-2026 20:00,1
3158,Lamgara,Uttarakhand,5,Uttarakhand,45,Almora,-,-,-,-,-,-,-,-,-,29.53866667,79.74994444,01-05-2026 21:00,2.5
3159,Lamgara,Uttarakhand,5,Uttarakhand,45,Almora,-,-,-,-,-,-,-,-,-,29.53866667,79.74994444,10-06-2026 19:00,12.5
3160,Lamgara,Uttarakhand,5,Uttarakhand,45,Almora,-,-,-,-,-,-,-,-,-,29.53866667,79.74994444,10-06-2026 20:00,0.5
3161,Lamgara,Uttarakhand,5,Uttarakhand,45,Almora,-,-,-,-,-,-,-,-,-,29.53866667,79.74994444,10-06-2026 21:00,5.5
3162,Lamgara,Uttarakhand,5,Uttarakhand,45,Almora,-,-,-,-,-,-,-,-,-,29.53866667,79.74994444,10-06-2026 22:00,1
3163,Lamgara,Uttarakhand,5,Uttarakhand,45,Almora,-,-,-,-,-,-,-,-,-,29.53866667,79.74994444,11-06-2026 09:00,1.5
3164,Lamgara,Uttarakhand,5,Uttarakhand,45,Almora,-,-,-,-,-,-,-,-,-,29.53866667,79.74994444,11-06-2026 11:00,2.5
3165,Lamgara,Uttarakhand,5,Uttarakhand,45,Almora,-,-,-,-,-,-,-,-,-,29.53866667,79.74994444,11-06-2026 12:00,6
3166,Lamgara,Uttarakhand,5,Uttarakhand,45,Almora,-,-,-,-,-,-,-,-,-,29.53866667,79.74994444,12-06-2026 00:00,0.5
3167,Lamgara,Uttarakhand,5,Uttarakhand,45,Almora,-,-,-,-,-,-,-,-,-,29.53866667,79.74994444,12-06-2026 02:00,4
3168,Lamgara,Uttarakhand,5,Uttarakhand,45,Almora,-,-,-,-,-,-,-,-,-,29.53866667,79.74994444,12-06-2026 03:00,6
3169,Lamgara,Uttarakhand,5,Uttarakhand,45,Almora,-,-,-,-,-,-,-,-,-,29.53866667,79.74994444,12-06-2026 04:00,3
3170,Lamgara,Uttarakhand,5,Uttarakhand,45,Almora,-,-,-,-,-,-,-,-,-,29.53866667,79.74994444,15-06-2026 20:00,3
3171,Lamgara,Uttarakhand,5,Uttarakhand,45,Almora,-,-,-,-,-,-,-,-,-,29.53866667,79.74994444,18-06-2026 16:00,0.5
3172,Lamgara,Uttarakhand,5,Uttarakhand,45,Almora,-,-,-,-,-,-,-,-,-,29.53866667,79.74994444,19-06-2026 16:00,2
3173,Lamgara,Uttarakhand,5,Uttarakhand,45,Almora,-,-,-,-,-,-,-,-,-,29.53866667,79.74994444,19-06-2026 17:00,2
3174,Lamgara,Uttarakhand,5,Uttarakhand,45,Almora,-,-,-,-,-,-,-,-,-,29.53866667,79.74994444,22-06-2026 17:00,1.5
3175,Lamgara,Uttarakhand,5,Uttarakhand,45,Almora,-,-,-,-,-,-,-,-,-,29.53866667,79.74994444,29-06-2026 03:00,1
3176,Lamgara,Uttarakhand,5,Uttarakhand,45,Almora,-,-,-,-,-,-,-,-,-,29.53866667,79.74994444,29-06-2026 04:00,1.5
3177,Lamgara,Uttarakhand,5,Uttarakhand,45,Almora,-,-,-,-,-,-,-,-,-,29.53866667,79.74994444,30-06-2026 08:00,0.5
3178,Lamgara,Uttarakhand,5,Uttarakhand,45,Almora,-,-,-,-,-,-,-,-,-,29.53866667,79.74994444,30-06-2026 10:00,0.5
3179,Lamgara,Uttarakhand,5,Uttarakhand,45,Almora,-,-,-,-,-,-,-,-,-,29.53866667,79.74994444,01-07-2026 06:00,2.5
3180,Lamgara,Uttarakhand,5,Uttarakhand,45,Almora,-,-,-,-,-,-,-,-,-,29.53866667,79.74994444,01-07-2026 07:00,1.5
3181,Lamgara,Uttarakhand,5,Uttarakhand,45,Almora,-,-,-,-,-,-,-,-,-,29.53866667,79.74994444,01-07-2026 12:00,0.5
3182,Lamgara,Uttarakhand,5,Uttarakhand,45,Almora,-,-,-,-,-,-,-,-,-,29.53866667,79.74994444,01-07-2026 13:00,1
3183,Lamgara,Uttarakhand,5,Uttarakhand,45,Almora,-,-,-,-,-,-,-,-,-,29.53866667,79.74994444,01-07-2026 14:00,2.5
3184,Lamgara,Uttarakhand,5,Uttarakhand,45,Almora,-,-,-,-,-,-,-,-,-,29.53866667,79.74994444,01-07-2026 15:00,0.5
3185,Lamgara,Uttarakhand,5,Uttarakhand,45,Almora,-,-,-,-,-,-,-,-,-,29.53866667,79.74994444,02-07-2026 02:00,0.5
3186,Lamgara,Uttarakhand,5,Uttarakhand,45,Almora,-,-,-,-,-,-,-,-,-,29.53866667,79.74994444,02-07-2026 06:00,3
3187,Lamgara,Uttarakhand,5,Uttarakhand,45,Almora,-,-,-,-,-,-,-,-,-,29.53866667,79.74994444,02-07-2026 07:00,3.5
3188,Lamgara,Uttarakhand,5,Uttarakhand,45,Almora,-,-,-,-,-,-,-,-,-,29.53866667,79.74994444,02-07-2026 08:00,1
3189,Lamgara,Uttarakhand,5,Uttarakhand,45,Almora,-,-,-,-,-,-,-,-,-,29.53866667,79.74994444,02-07-2026 09:00,0.5
3190,Lamgara,Uttarakhand,5,Uttarakhand,45,Almora,-,-,-,-,-,-,-,-,-,29.53866667,79.74994444,06-07-2026 12:00,2
3191,Lamgara,Uttarakhand,5,Uttarakhand,45,Almora,-,-,-,-,-,-,-,-,-,29.53866667,79.74994444,06-07-2026 13:00,1.5
3192,Lamgara,Uttarakhand,5,Uttarakhand,45,Almora,-,-,-,-,-,-,-,-,-,29.53866667,79.74994444,07-07-2026 09:00,0.5
3193,Lamgara,Uttarakhand,5,Uttarakhand,45,Almora,-,-,-,-,-,-,-,-,-,29.53866667,79.74994444,07-07-2026 10:00,0.5
3194,Lamgara,Uttarakhand,5,Uttarakhand,45,Almora,-,-,-,-,-,-,-,-,-,29.53866667,79.74994444,07-07-2026 11:00,1
3195,Lamgara,Uttarakhand,5,Uttarakhand,45,Almora,-,-,-,-,-,-,-,-,-,29.53866667,79.74994444,07-07-2026 13:00,1.5
3196,Lamgara,Uttarakhand,5,Uttarakhand,45,Almora,-,-,-,-,-,-,-,-,-,29.53866667,79.74994444,08-07-2026 03:00,2
3197,Lamgara,Uttarakhand,5,Uttarakhand,45,Almora,-,-,-,-,-,-,-,-,-,29.53866667,79.74994444,08-07-2026 04:00,1.5
3198,Lamgara,Uttarakhand,5,Uttarakhand,45,Almora,-,-,-,-,-,-,-,-,-,29.53866667,79.74994444,08-07-2026 05:00,0.5
3199,Lamgara,Uttarakhand,5,Uttarakhand,45,Almora,-,-,-,-,-,-,-,-,-,29.53866667,79.74994444,08-07-2026 06:00,0.5
3200,Lamgara,Uttarakhand,5,Uttarakhand,45,Almora,-,-,-,-,-,-,-,-,-,29.53866667,79.74994444,08-07-2026 07:00,2
3201,Lamgara,Uttarakhand,5,Uttarakhand,45,Almora,-,-,-,-,-,-,-,-,-,29.53866667,79.74994444,08-07-2026 10:00,0.5
3202,Lamgara,Uttarakhand,5,Uttarakhand,45,Almora,-,-,-,-,-,-,-,-,-,29.53866667,79.74994444,08-07-2026 11:00,3
3203,Lamgara,Uttarakhand,5,Uttarakhand,45,Almora,-,-,-,-,-,-,-,-,-,29.53866667,79.74994444,08-07-2026 12:00,2
3204,Lamgara,Uttarakhand,5,Uttarakhand,45,Almora,-,-,-,-,-,-,-,-,-,29.53866667,79.74994444,08-07-2026 13:00,2.5
3205,Lamgara,Uttarakhand,5,Uttarakhand,45,Almora,-,-,-,-,-,-,-,-,-,29.53866667,79.74994444,08-07-2026 23:00,1
3206,Lamgara,Uttarakhand,5,Uttarakhand,45,Almora,-,-,-,-,-,-,-,-,-,29.53866667,79.74994444,09-07-2026 00:00,4
3207,Lamgara,Uttarakhand,5,Uttarakhand,45,Almora,-,-,-,-,-,-,-,-,-,29.53866667,79.74994444,09-07-2026 01:00,1.5
3208,Lamgara,Uttarakhand,5,Uttarakhand,45,Almora,-,-,-,-,-,-,-,-,-,29.53866667,79.74994444,09-07-2026 02:00,5
3209,Lamgara,Uttarakhand,5,Uttarakhand,45,Almora,-,-,-,-,-,-,-,-,-,29.53866667,79.74994444,09-07-2026 03:00,5.5
3210,Lamgara,Uttarakhand,5,Uttarakhand,45,Almora,-,-,-,-,-,-,-,-,-,29.53866667,79.74994444,09-07-2026 04:00,1
3211,Lamgara,Uttarakhand,5,Uttarakhand,45,Almora,-,-,-,-,-,-,-,-,-,29.53866667,79.74994444,09-07-2026 05:00,9
3212,Lamgara,Uttarakhand,5,Uttarakhand,45,Almora,-,-,-,-,-,-,-,-,-,29.53866667,79.74994444,09-07-2026 06:00,16.5
3213,Lamgara,Uttarakhand,5,Uttarakhand,45,Almora,-,-,-,-,-,-,-,-,-,29.53866667,79.74994444,09-07-2026 07:00,9
3214,Lamgara,Uttarakhand,5,Uttarakhand,45,Almora,-,-,-,-,-,-,-,-,-,29.53866667,79.74994444,09-07-2026 08:00,6
3215,Lamgara,Uttarakhand,5,Uttarakhand,45,Almora,-,-,-,-,-,-,-,-,-,29.53866667,79.74994444,09-07-2026 09:00,0.5
3216,Lamgara,Uttarakhand,5,Uttarakhand,45,Almora,-,-,-,-,-,-,-,-,-,29.53866667,79.74994444,09-07-2026 11:00,0.5
3217,Lamgara,Uttarakhand,5,Uttarakhand,45,Almora,-,-,-,-,-,-,-,-,-,29.53866667,79.74994444,09-07-2026 12:00,1
3218,Lamgara,Uttarakhand,5,Uttarakhand,45,Almora,-,-,-,-,-,-,-,-,-,29.53866667,79.74994444,09-07-2026 13:00,1.5
3219,Lamgara,Uttarakhand,5,Uttarakhand,45,Almora,-,-,-,-,-,-,-,-,-,29.53866667,79.74994444,10-07-2026 05:00,0.5
3220,Lamgara,Uttarakhand,5,Uttarakhand,45,Almora,-,-,-,-,-,-,-,-,-,29.53866667,79.74994444,10-07-2026 07:00,2
3221,Lamgara,Uttarakhand,5,Uttarakhand,45,Almora,-,-,-,-,-,-,-,-,-,29.53866667,79.74994444,10-07-2026 08:00,1
3222,Lamgara,Uttarakhand,5,Uttarakhand,45,Almora,-,-,-,-,-,-,-,-,-,29.53866667,79.74994444,10-07-2026 09:00,1
3223,Lamgara,Uttarakhand,5,Uttarakhand,45,Almora,-,-,-,-,-,-,-,-,-,29.53866667,79.74994444,10-07-2026 14:00,0.5
3224,Lamgara,Uttarakhand,5,Uttarakhand,45,Almora,-,-,-,-,-,-,-,-,-,29.53866667,79.74994444,10-07-2026 19:00,1.5
3225,Lamgara,Uttarakhand,5,Uttarakhand,45,Almora,-,-,-,-,-,-,-,-,-,29.53866667,79.74994444,11-07-2026 00:00,0.5
3226,Lamgara,Uttarakhand,5,Uttarakhand,45,Almora,-,-,-,-,-,-,-,-,-,29.53866667,79.74994444,11-07-2026 13:00,0.5
3227,Lamgara,Uttarakhand,5,Uttarakhand,45,Almora,-,-,-,-,-,-,-,-,-,29.53866667,79.74994444,11-07-2026 15:00,2.5
3228,Lamgara,Uttarakhand,5,Uttarakhand,45,Almora,-,-,-,-,-,-,-,-,-,29.53866667,79.74994444,11-07-2026 16:00,3
3229,Lamgara,Uttarakhand,5,Uttarakhand,45,Almora,-,-,-,-,-,-,-,-,-,29.53866667,79.74994444,15-07-2026 11:00,1
3230,Lamgara,Uttarakhand,5,Uttarakhand,45,Almora,-,-,-,-,-,-,-,-,-,29.53866667,79.74994444,15-07-2026 18:00,16.5
3231,Lamgara,Uttarakhand,5,Uttarakhand,45,Almora,-,-,-,-,-,-,-,-,-,29.53866667,79.74994444,19-07-2026 16:00,0.5
3232,Lamgara,Uttarakhand,5,Uttarakhand,45,Almora,-,-,-,-,-,-,-,-,-,29.53866667,79.74994444,19-07-2026 17:00,4
3233,Lamgara,Uttarakhand,5,Uttarakhand,45,Almora,-,-,-,-,-,-,-,-,-,29.53866667,79.74994444,19-07-2026 18:00,1
3234,Lamgara,Uttarakhand,5,Uttarakhand,45,Almora,-,-,-,-,-,-,-,-,-,29.53866667,79.74994444,20-07-2026 02:00,1
3235,Lamgara,Uttarakhand,5,Uttarakhand,45,Almora,-,-,-,-,-,-,-,-,-,29.53866667,79.74994444,20-07-2026 03:00,1.5
3236,Lamgara,Uttarakhand,5,Uttarakhand,45,Almora,-,-,-,-,-,-,-,-,-,29.53866667,79.74994444,20-07-2026 04:00,2.5
3237,Lamgara,Uttarakhand,5,Uttarakhand,45,Almora,-,-,-,-,-,-,-,-,-,29.53866667,79.74994444,20-07-2026 05:00,0.5
3238,Lamgara,Uttarakhand,5,Uttarakhand,45,Almora,-,-,-,-,-,-,-,-,-,29.53866667,79.74994444,20-07-2026 06:00,3.5
3239,Lamgara,Uttarakhand,5,Uttarakhand,45,Almora,-,-,-,-,-,-,-,-,-,29.53866667,79.74994444,20-07-2026 07:00,0.5
3240,Lamgara,Uttarakhand,5,Uttarakhand,45,Almora,-,-,-,-,-,-,-,-,-,29.53866667,79.74994444,20-07-2026 08:00,0.5
3241,Lamgara,Uttarakhand,5,Uttarakhand,45,Almora,-,-,-,-,-,-,-,-,-,29.53866667,79.74994444,20-07-2026 09:00,0.5
3242,Lamgara,Uttarakhand,5,Uttarakhand,45,Almora,-,-,-,-,-,-,-,-,-,29.53866667,79.74994444,20-07-2026 10:00,0.5
3243,Lamgara,Uttarakhand,5,Uttarakhand,45,Almora,-,-,-,-,-,-,-,-,-,29.53866667,79.74994444,20-07-2026 16:00,2
3244,Lamgara,Uttarakhand,5,Uttarakhand,45,Almora,-,-,-,-,-,-,-,-,-,29.53866667,79.74994444,20-07-2026 22:00,0.5
3245,Lamgara,Uttarakhand,5,Uttarakhand,45,Almora,-,-,-,-,-,-,-,-,-,29.53866667,79.74994444,21-07-2026 01:00,0.5
3246,Lamgara,Uttarakhand,5,Uttarakhand,45,Almora,-,-,-,-,-,-,-,-,-,29.53866667,79.74994444,21-07-2026 06:00,1
3247,Lamgara,Uttarakhand,5,Uttarakhand,45,Almora,-,-,-,-,-,-,-,-,-,29.53866667,79.74994444,21-07-2026 08:00,1.5
3248,Lamgara,Uttarakhand,5,Uttarakhand,45,Almora,-,-,-,-,-,-,-,-,-,29.53866667,79.74994444,21-07-2026 22:00,2.5
3249,Lamgara,Uttarakhand,5,Uttarakhand,45,Almora,-,-,-,-,-,-,-,-,-,29.53866667,79.74994444,22-07-2026 01:00,1.5
3250,Lamgara,Uttarakhand,5,Uttarakhand,45,Almora,-,-,-,-,-,-,-,-,-,29.53866667,79.74994444,22-07-2026 02:00,3
3251,Lamgara,Uttarakhand,5,Uttarakhand,45,Almora,-,-,-,-,-,-,-,-,-,29.53866667,79.74994444,22-07-2026 03:00,2.5
3252,Lamgara,Uttarakhand,5,Uttarakhand,45,Almora,-,-,-,-,-,-,-,-,-,29.53866667,79.74994444,22-07-2026 04:00,1
3253,Lamgara,Uttarakhand,5,Uttarakhand,45,Almora,-,-,-,-,-,-,-,-,-,29.53866667,79.74994444,25-07-2026 08:00,0.5
3254,Lamgara,Uttarakhand,5,Uttarakhand,45,Almora,-,-,-,-,-,-,-,-,-,29.53866667,79.74994444,25-07-2026 09:00,4.5
3255,Lamgara,Uttarakhand,5,Uttarakhand,45,Almora,-,-,-,-,-,-,-,-,-,29.53866667,79.74994444,25-07-2026 10:00,1
3256,Lamgara,Uttarakhand,5,Uttarakhand,45,Almora,-,-,-,-,-,-,-,-,-,29.53866667,79.74994444,26-07-2026 17:00,2.5
3257,Lamgara,Uttarakhand,5,Uttarakhand,45,Almora,-,-,-,-,-,-,-,-,-,29.53866667,79.74994444,27-07-2026 16:00,4
3258,Lamgara,Uttarakhand,5,Uttarakhand,45,Almora,-,-,-,-,-,-,-,-,-,29.53866667,79.74994444,27-07-2026 18:00,0.5
3259,Lamgara,Uttarakhand,5,Uttarakhand,45,Almora,-,-,-,-,-,-,-,-,-,29.53866667,79.74994444,28-07-2026 13:00,5
3260,Lamgara,Uttarakhand,5,Uttarakhand,45,Almora,-,-,-,-,-,-,-,-,-,29.53866667,79.74994444,28-07-2026 14:00,4.5
3261,Lamgara,Uttarakhand,5,Uttarakhand,45,Almora,-,-,-,-,-,-,-,-,-,29.53866667,79.74994444,29-07-2026 17:00,0.5
3262,Lamgara,Uttarakhand,5,Uttarakhand,45,Almora,-,-,-,-,-,-,-,-,-,29.53866667,79.74994444,29-07-2026 18:00,3.5
3263,Lamgara,Uttarakhand,5,Uttarakhand,45,Almora,-,-,-,-,-,-,-,-,-,29.53866667,79.74994444,29-07-2026 19:00,14.5
3264,Lamgara,Uttarakhand,5,Uttarakhand,45,Almora,-,-,-,-,-,-,-,-,-,29.53866667,79.74994444,30-07-2026 13:00,5
3265,Lamgara,Uttarakhand,5,Uttarakhand,45,Almora,-,-,-,-,-,-,-,-,-,29.53866667,79.74994444,30-07-2026 14:00,4.5
3266,Lamgara,Uttarakhand,5,Uttarakhand,45,Almora,-,-,-,-,-,-,-,-,-,29.53866667,79.74994444,01-08-2026 06:00,1
3267,Lamgara,Uttarakhand,5,Uttarakhand,45,Almora,-,-,-,-,-,-,-,-,-,29.53866667,79.74994444,02-08-2026 03:00,0.5
3268,Lamgara,Uttarakhand,5,Uttarakhand,45,Almora,-,-,-,-,-,-,-,-,-,29.53866667,79.74994444,02-08-2026 17:00,1
3269,Lamgara,Uttarakhand,5,Uttarakhand,45,Almora,-,-,-,-,-,-,-,-,-,29.53866667,79.74994444,04-08-2026 16:00,7.5
3270,Lamgara,Uttarakhand,5,Uttarakhand,45,Almora,-,-,-,-,-,-,-,-,-,29.53866667,79.74994444,04-08-2026 17:00,7.5
3271,Lamgara,Uttarakhand,5,Uttarakhand,45,Almora,-,-,-,-,-,-,-,-,-,29.53866667,79.74994444,05-08-2026 14:00,0.5
3272,Lamgara,Uttarakhand,5,Uttarakhand,45,Almora,-,-,-,-,-,-,-,-,-,29.53866667,79.74994444,05-08-2026 17:00,1
3273,Lamgara,Uttarakhand,5,Uttarakhand,45,Almora,-,-,-,-,-,-,-,-,-,29.53866667,79.74994444,05-08-2026 18:00,2
3274,Lamgara,Uttarakhand,5,Uttarakhand,45,Almora,-,-,-,-,-,-,-,-,-,29.53866667,79.74994444,06-08-2026 01:00,0.5
3275,Lamgara,Uttarakhand,5,Uttarakhand,45,Almora,-,-,-,-,-,-,-,-,-,29.53866667,79.74994444,06-08-2026 09:00,4
3276,Lamgara,Uttarakhand,5,Uttarakhand,45,Almora,-,-,-,-,-,-,-,-,-,29.53866667,79.74994444,06-08-2026 10:00,1
3277,Lamgara,Uttarakhand,5,Uttarakhand,45,Almora,-,-,-,-,-,-,-,-,-,29.53866667,79.74994444,06-08-2026 12:00,4
3278,Lamgara,Uttarakhand,5,Uttarakhand,45,Almora,-,-,-,-,-,-,-,-,-,29.53866667,79.74994444,06-08-2026 13:00,2
3279,Lamgara,Uttarakhand,5,Uttarakhand,45,Almora,-,-,-,-,-,-,-,-,-,29.53866667,79.74994444,09-08-2026 14:00,0.5
3280,Lamgara,Uttarakhand,5,Uttarakhand,45,Almora,-,-,-,-,-,-,-,-,-,29.53866667,79.74994444,09-08-2026 18:00,0.5
3281,Lamgara,Uttarakhand,5,Uttarakhand,45,Almora,-,-,-,-,-,-,-,-,-,29.53866667,79.74994444,10-08-2026 01:00,0.5
3282,Lamgara,Uttarakhand,5,Uttarakhand,45,Almora,-,-,-,-,-,-,-,-,-,29.53866667,79.74994444,10-08-2026 03:00,0.5
3283,Lamgara,Uttarakhand,5,Uttarakhand,45,Almora,-,-,-,-,-,-,-,-,-,29.53866667,79.74994444,10-08-2026 04:00,2
3284,Lamgara,Uttarakhand,5,Uttarakhand,45,Almora,-,-,-,-,-,-,-,-,-,29.53866667,79.74994444,10-08-2026 05:00,1
3285,Lamgara,Uttarakhand,5,Uttarakhand,45,Almora,-,-,-,-,-,-,-,-,-,29.53866667,79.74994444,10-08-2026 06:00,3.5
3286,Lamgara,Uttarakhand,5,Uttarakhand,45,Almora,-,-,-,-,-,-,-,-,-,29.53866667,79.74994444,10-08-2026 07:00,1.5
3287,Lamgara,Uttarakhand,5,Uttarakhand,45,Almora,-,-,-,-,-,-,-,-,-,29.53866667,79.74994444,10-08-2026 08:00,1
3288,Lamgara,Uttarakhand,5,Uttarakhand,45,Almora,-,-,-,-,-,-,-,-,-,29.53866667,79.74994444,10-08-2026 09:00,1.5
3289,Lamgara,Uttarakhand,5,Uttarakhand,45,Almora,-,-,-,-,-,-,-,-,-,29.53866667,79.74994444,10-08-2026 10:00,2.5
3290,Lamgara,Uttarakhand,5,Uttarakhand,45,Almora,-,-,-,-,-,-,-,-,-,29.53866667,79.74994444,10-08-2026 11:00,4.5
3291,Lamgara,Uttarakhand,5,Uttarakhand,45,Almora,-,-,-,-,-,-,-,-,-,29.53866667,79.74994444,10-08-2026 12:00,0.5
3292,Lamgara,Uttarakhand,5,Uttarakhand,45,Almora,-,-,-,-,-,-,-,-,-,29.53866667,79.74994444,11-08-2026 03:00,0.5
3293,Lamgara,Uttarakhand,5,Uttarakhand,45,Almora,-,-,-,-,-,-,-,-,-,29.53866667,79.74994444,11-08-2026 08:00,0.5
3294,Lamgara,Uttarakhand,5,Uttarakhand,45,Almora,-,-,-,-,-,-,-,-,-,29.53866667,79.74994444,14-08-2026 13:00,8
3295,Lamgara,Uttarakhand,5,Uttarakhand,45,Almora,-,-,-,-,-,-,-,-,-,29.53866667,79.74994444,14-08-2026 14:00,3
3296,Lamgara,Uttarakhand,5,Uttarakhand,45,Almora,-,-,-,-,-,-,-,-,-,29.53866667,79.74994444,14-08-2026 15:00,2.5
3297,Lamgara,Uttarakhand,5,Uttarakhand,45,Almora,-,-,-,-,-,-,-,-,-,29.53866667,79.74994444,14-08-2026 16:00,0.5
3298,Lamgara,Uttarakhand,5,Uttarakhand,45,Almora,-,-,-,-,-,-,-,-,-,29.53866667,79.74994444,15-08-2026 04:00,0.5
3299,Lamgara,Uttarakhand,5,Uttarakhand,45,Almora,-,-,-,-,-,-,-,-,-,29.53866667,79.74994444,16-08-2026 00:00,0.5
3300,Lamgara,Uttarakhand,5,Uttarakhand,45,Almora,-,-,-,-,-,-,-,-,-,29.53866667,79.74994444,18-08-2026 09:00,3
3301,Lamgara,Uttarakhand,5,Uttarakhand,45,Almora,-,-,-,-,-,-,-,-,-,29.53866667,79.74994444,18-08-2026 10:00,17.5
3302,Lamgara,Uttarakhand,5,Uttarakhand,45,Almora,-,-,-,-,-,-,-,-,-,29.53866667,79.74994444,18-08-2026 11:00,6
3303,Lamgara,Uttarakhand,5,Uttarakhand,45,Almora,-,-,-,-,-,-,-,-,-,29.53866667,79.74994444,18-08-2026 12:00,6
3304,Lamgara,Uttarakhand,5,Uttarakhand,45,Almora,-,-,-,-,-,-,-,-,-,29.53866667,79.74994444,18-08-2026 13:00,6
3305,Lamgara,Uttarakhand,5,Uttarakhand,45,Almora,-,-,-,-,-,-,-,-,-,29.53866667,79.74994444,18-08-2026 14:00,1
3306,Lamgara,Uttarakhand,5,Uttarakhand,45,Almora,-,-,-,-,-,-,-,-,-,29.53866667,79.74994444,18-08-2026 15:00,0.5
3307,Lamgara,Uttarakhand,5,Uttarakhand,45,Almora,-,-,-,-,-,-,-,-,-,29.53866667,79.74994444,22-08-2026 15:00,1
3308,Lamgara,Uttarakhand,5,Uttarakhand,45,Almora,-,-,-,-,-,-,-,-,-,29.53866667,79.74994444,22-08-2026 16:00,0.5
3309,Lamgara,Uttarakhand,5,Uttarakhand,45,Almora,-,-,-,-,-,-,-,-,-,29.53866667,79.74994444,23-08-2026 15:00,1.5
3310,Lamgara,Uttarakhand,5,Uttarakhand,45,Almora,-,-,-,-,-,-,-,-,-,29.53866667,79.74994444,23-08-2026 17:00,0.5
3311,Lamgara,Uttarakhand,5,Uttarakhand,45,Almora,-,-,-,-,-,-,-,-,-,29.53866667,79.74994444,25-08-2026 07:00,3.5
3312,Lamgara,Uttarakhand,5,Uttarakhand,45,Almora,-,-,-,-,-,-,-,-,-,29.53866667,79.74994444,25-08-2026 08:00,5.5
3313,Lamgara,Uttarakhand,5,Uttarakhand,45,Almora,-,-,-,-,-,-,-,-,-,29.53866667,79.74994444,25-08-2026 10:00,0.5
3314,Lamgara,Uttarakhand,5,Uttarakhand,45,Almora,-,-,-,-,-,-,-,-,-,29.53866667,79.74994444,25-08-2026 11:00,0.5
3315,Lamgara,Uttarakhand,5,Uttarakhand,45,Almora,-,-,-,-,-,-,-,-,-,29.53866667,79.74994444,25-08-2026 13:00,2
3316,Manglaur_1,Uttarakhand,5,Uttarakhand,50,Haridwar,Roorkee,-,-,-,-,-,-,-,-,29.78567778,77.86368889,15-02-2026 09:00,3
3317,Manglaur_1,Uttarakhand,5,Uttarakhand,50,Haridwar,Roorkee,-,-,-,-,-,-,-,-,29.78567778,77.86368889,18-02-2026 07:00,497.5
3318,Manglaur_1,Uttarakhand,5,Uttarakhand,50,Haridwar,Roorkee,-,-,-,-,-,-,-,-,29.78567778,77.86368889,19-02-2026 14:00,84.5
3319,Manglaur_1,Uttarakhand,5,Uttarakhand,50,Haridwar,Roorkee,-,-,-,-,-,-,-,-,29.78567778,77.86368889,23-02-2026 10:00,337
3320,Manglaur_1,Uttarakhand,5,Uttarakhand,50,Haridwar,Roorkee,-,-,-,-,-,-,-,-,29.78567778,77.86368889,25-02-2026 13:00,46
3321,Manglaur_1,Uttarakhand,5,Uttarakhand,50,Haridwar,Roorkee,-,-,-,-,-,-,-,-,29.78567778,77.86368889,24-03-2026 10:00,303
3322,Mukteshwar_1,Uttarakhand,5,Uttarakhand,51,Nainital,Nainital,-,-,-,-,-,-,-,-,29.47413889,79.65119444,11-06-2026 17:00,0.5
3323,Mukteshwar_1,Uttarakhand,5,Uttarakhand,51,Nainital,Nainital,-,-,-,-,-,-,-,-,29.47413889,79.65119444,17-06-2026 10:00,0.5
3324,Mukteshwar_1,Uttarakhand,5,Uttarakhand,51,Nainital,Nainital,-,-,-,-,-,-,-,-,29.47413889,79.65119444,18-06-2026 19:00,0.5
3325,Mukteshwar_1,Uttarakhand,5,Uttarakhand,51,Nainital,Nainital,-,-,-,-,-,-,-,-,29.47413889,79.65119444,24-06-2026 18:00,0.5
3326,Mukteshwar_1,Uttarakhand,5,Uttarakhand,51,Nainital,Nainital,-,-,-,-,-,-,-,-,29.47413889,79.65119444,27-06-2026 05:00,0.5
3327,Mukteshwar_1,Uttarakhand,5,Uttarakhand,51,Nainital,Nainital,-,-,-,-,-,-,-,-,29.47413889,79.65119444,02-07-2026 12:00,0.5
3328,Mukteshwar_1,Uttarakhand,5,Uttarakhand,51,Nainital,Nainital,-,-,-,-,-,-,-,-,29.47413889,79.65119444,05-07-2026 01:00,0.5
3329,Mukteshwar_1,Uttarakhand,5,Uttarakhand,51,Nainital,Nainital,-,-,-,-,-,-,-,-,29.47413889,79.65119444,08-07-2026 05:00,0.5
3330,Mukteshwar_1,Uttarakhand,5,Uttarakhand,51,Nainital,Nainital,-,-,-,-,-,-,-,-,29.47413889,79.65119444,09-07-2026 04:00,0.5
3331,Mukteshwar_1,Uttarakhand,5,Uttarakhand,51,Nainital,Nainital,-,-,-,-,-,-,-,-,29.47413889,79.65119444,09-07-2026 06:00,0.5
3332,Mukteshwar_1,Uttarakhand,5,Uttarakhand,51,Nainital,Nainital,-,-,-,-,-,-,-,-,29.47413889,79.65119444,09-07-2026 07:00,0.5
3333,Mukteshwar_1,Uttarakhand,5,Uttarakhand,51,Nainital,Nainital,-,-,-,-,-,-,-,-,29.47413889,79.65119444,09-07-2026 09:00,1
3334,Mukteshwar_1,Uttarakhand,5,Uttarakhand,51,Nainital,Nainital,-,-,-,-,-,-,-,-,29.47413889,79.65119444,09-07-2026 10:00,1
3335,Mukteshwar_1,Uttarakhand,5,Uttarakhand,51,Nainital,Nainital,-,-,-,-,-,-,-,-,29.47413889,79.65119444,09-07-2026 11:00,0.5
3336,Mukteshwar_1,Uttarakhand,5,Uttarakhand,51,Nainital,Nainital,-,-,-,-,-,-,-,-,29.47413889,79.65119444,09-07-2026 12:00,1
3337,Mukteshwar_1,Uttarakhand,5,Uttarakhand,51,Nainital,Nainital,-,-,-,-,-,-,-,-,29.47413889,79.65119444,09-07-2026 13:00,1
3338,Mukteshwar_1,Uttarakhand,5,Uttarakhand,51,Nainital,Nainital,-,-,-,-,-,-,-,-,29.47413889,79.65119444,09-07-2026 14:00,1
3339,Mukteshwar_1,Uttarakhand,5,Uttarakhand,51,Nainital,Nainital,-,-,-,-,-,-,-,-,29.47413889,79.65119444,09-07-2026 15:00,1
3340,Mukteshwar_1,Uttarakhand,5,Uttarakhand,51,Nainital,Nainital,-,-,-,-,-,-,-,-,29.47413889,79.65119444,09-07-2026 16:00,0.5
3341,Mukteshwar_1,Uttarakhand,5,Uttarakhand,51,Nainital,Nainital,-,-,-,-,-,-,-,-,29.47413889,79.65119444,09-07-2026 17:00,1
3342,Mukteshwar_1,Uttarakhand,5,Uttarakhand,51,Nainital,Nainital,-,-,-,-,-,-,-,-,29.47413889,79.65119444,09-07-2026 18:00,0.5
3343,Mukteshwar_1,Uttarakhand,5,Uttarakhand,51,Nainital,Nainital,-,-,-,-,-,-,-,-,29.47413889,79.65119444,09-07-2026 19:00,0.5
3344,Mukteshwar_1,Uttarakhand,5,Uttarakhand,51,Nainital,Nainital,-,-,-,-,-,-,-,-,29.47413889,79.65119444,09-07-2026 21:00,0.5
3345,Mukteshwar_1,Uttarakhand,5,Uttarakhand,51,Nainital,Nainital,-,-,-,-,-,-,-,-,29.47413889,79.65119444,09-07-2026 22:00,0.5
3346,Mukteshwar_1,Uttarakhand,5,Uttarakhand,51,Nainital,Nainital,-,-,-,-,-,-,-,-,29.47413889,79.65119444,10-07-2026 00:00,0.5
3347,Mukteshwar_1,Uttarakhand,5,Uttarakhand,51,Nainital,Nainital,-,-,-,-,-,-,-,-,29.47413889,79.65119444,10-07-2026 02:00,0.5
3348,Mukteshwar_1,Uttarakhand,5,Uttarakhand,51,Nainital,Nainital,-,-,-,-,-,-,-,-,29.47413889,79.65119444,10-07-2026 04:00,0.5
3349,Mukteshwar_1,Uttarakhand,5,Uttarakhand,51,Nainital,Nainital,-,-,-,-,-,-,-,-,29.47413889,79.65119444,10-07-2026 07:00,0.5
3350,Mukteshwar_1,Uttarakhand,5,Uttarakhand,51,Nainital,Nainital,-,-,-,-,-,-,-,-,29.47413889,79.65119444,10-07-2026 11:00,0.5
3351,Mukteshwar_1,Uttarakhand,5,Uttarakhand,51,Nainital,Nainital,-,-,-,-,-,-,-,-,29.47413889,79.65119444,10-07-2026 13:00,0.5
3352,Mukteshwar_1,Uttarakhand,5,Uttarakhand,51,Nainital,Nainital,-,-,-,-,-,-,-,-,29.47413889,79.65119444,10-07-2026 15:00,0.5
3353,Mukteshwar_1,Uttarakhand,5,Uttarakhand,51,Nainital,Nainital,-,-,-,-,-,-,-,-,29.47413889,79.65119444,10-07-2026 17:00,0.5
3354,Mukteshwar_1,Uttarakhand,5,Uttarakhand,51,Nainital,Nainital,-,-,-,-,-,-,-,-,29.47413889,79.65119444,10-07-2026 18:00,0.5
3355,Mukteshwar_1,Uttarakhand,5,Uttarakhand,51,Nainital,Nainital,-,-,-,-,-,-,-,-,29.47413889,79.65119444,10-07-2026 20:00,0.5
3356,Mukteshwar_1,Uttarakhand,5,Uttarakhand,51,Nainital,Nainital,-,-,-,-,-,-,-,-,29.47413889,79.65119444,10-07-2026 23:00,0.5
3357,Mukteshwar_1,Uttarakhand,5,Uttarakhand,51,Nainital,Nainital,-,-,-,-,-,-,-,-,29.47413889,79.65119444,11-07-2026 05:00,0.5
3358,Mukteshwar_1,Uttarakhand,5,Uttarakhand,51,Nainital,Nainital,-,-,-,-,-,-,-,-,29.47413889,79.65119444,11-07-2026 10:00,0.5
3359,Mukteshwar_1,Uttarakhand,5,Uttarakhand,51,Nainital,Nainital,-,-,-,-,-,-,-,-,29.47413889,79.65119444,11-07-2026 13:00,0.5
3360,Mukteshwar_1,Uttarakhand,5,Uttarakhand,51,Nainital,Nainital,-,-,-,-,-,-,-,-,29.47413889,79.65119444,11-07-2026 16:00,0.5
3361,Mukteshwar_1,Uttarakhand,5,Uttarakhand,51,Nainital,Nainital,-,-,-,-,-,-,-,-,29.47413889,79.65119444,11-07-2026 18:00,0.5
3362,Mukteshwar_1,Uttarakhand,5,Uttarakhand,51,Nainital,Nainital,-,-,-,-,-,-,-,-,29.47413889,79.65119444,11-07-2026 22:00,0.5
3363,Mukteshwar_1,Uttarakhand,5,Uttarakhand,51,Nainital,Nainital,-,-,-,-,-,-,-,-,29.47413889,79.65119444,12-07-2026 11:00,0.5
3364,Mukteshwar_1,Uttarakhand,5,Uttarakhand,51,Nainital,Nainital,-,-,-,-,-,-,-,-,29.47413889,79.65119444,12-07-2026 12:00,0.5
3365,Mukteshwar_1,Uttarakhand,5,Uttarakhand,51,Nainital,Nainital,-,-,-,-,-,-,-,-,29.47413889,79.65119444,12-07-2026 13:00,1
3366,Mukteshwar_1,Uttarakhand,5,Uttarakhand,51,Nainital,Nainital,-,-,-,-,-,-,-,-,29.47413889,79.65119444,12-07-2026 14:00,0.5
3367,Mukteshwar_1,Uttarakhand,5,Uttarakhand,51,Nainital,Nainital,-,-,-,-,-,-,-,-,29.47413889,79.65119444,12-07-2026 15:00,1
3368,Mukteshwar_1,Uttarakhand,5,Uttarakhand,51,Nainital,Nainital,-,-,-,-,-,-,-,-,29.47413889,79.65119444,12-07-2026 16:00,1
3369,Mukteshwar_1,Uttarakhand,5,Uttarakhand,51,Nainital,Nainital,-,-,-,-,-,-,-,-,29.47413889,79.65119444,12-07-2026 17:00,1
3370,Mukteshwar_1,Uttarakhand,5,Uttarakhand,51,Nainital,Nainital,-,-,-,-,-,-,-,-,29.47413889,79.65119444,12-07-2026 18:00,0.5
3371,Mukteshwar_1,Uttarakhand,5,Uttarakhand,51,Nainital,Nainital,-,-,-,-,-,-,-,-,29.47413889,79.65119444,12-07-2026 19:00,0.5
3372,Mukteshwar_1,Uttarakhand,5,Uttarakhand,51,Nainital,Nainital,-,-,-,-,-,-,-,-,29.47413889,79.65119444,12-07-2026 21:00,0.5
3373,Mukteshwar_1,Uttarakhand,5,Uttarakhand,51,Nainital,Nainital,-,-,-,-,-,-,-,-,29.47413889,79.65119444,12-07-2026 23:00,0.5
3374,Mukteshwar_1,Uttarakhand,5,Uttarakhand,51,Nainital,Nainital,-,-,-,-,-,-,-,-,29.47413889,79.65119444,13-07-2026 01:00,0.5
3375,Mukteshwar_1,Uttarakhand,5,Uttarakhand,51,Nainital,Nainital,-,-,-,-,-,-,-,-,29.47413889,79.65119444,14-07-2026 01:00,0.5
3376,Mukteshwar_1,Uttarakhand,5,Uttarakhand,51,Nainital,Nainital,-,-,-,-,-,-,-,-,29.47413889,79.65119444,14-07-2026 02:00,0.5
3377,Mukteshwar_1,Uttarakhand,5,Uttarakhand,51,Nainital,Nainital,-,-,-,-,-,-,-,-,29.47413889,79.65119444,14-07-2026 04:00,0.5
3378,Mukteshwar_1,Uttarakhand,5,Uttarakhand,51,Nainital,Nainital,-,-,-,-,-,-,-,-,29.47413889,79.65119444,14-07-2026 05:00,0.5
3379,Mukteshwar_1,Uttarakhand,5,Uttarakhand,51,Nainital,Nainital,-,-,-,-,-,-,-,-,29.47413889,79.65119444,14-07-2026 07:00,0.5
3380,Mukteshwar_1,Uttarakhand,5,Uttarakhand,51,Nainital,Nainital,-,-,-,-,-,-,-,-,29.47413889,79.65119444,14-07-2026 08:00,0.5
3381,Mukteshwar_1,Uttarakhand,5,Uttarakhand,51,Nainital,Nainital,-,-,-,-,-,-,-,-,29.47413889,79.65119444,14-07-2026 09:00,0.5
3382,Mukteshwar_1,Uttarakhand,5,Uttarakhand,51,Nainital,Nainital,-,-,-,-,-,-,-,-,29.47413889,79.65119444,14-07-2026 11:00,0.5
3383,Mukteshwar_1,Uttarakhand,5,Uttarakhand,51,Nainital,Nainital,-,-,-,-,-,-,-,-,29.47413889,79.65119444,14-07-2026 12:00,1
3384,Mukteshwar_1,Uttarakhand,5,Uttarakhand,51,Nainital,Nainital,-,-,-,-,-,-,-,-,29.47413889,79.65119444,14-07-2026 13:00,1
3385,Mukteshwar_1,Uttarakhand,5,Uttarakhand,51,Nainital,Nainital,-,-,-,-,-,-,-,-,29.47413889,79.65119444,14-07-2026 14:00,0.5
3386,Mukteshwar_1,Uttarakhand,5,Uttarakhand,51,Nainital,Nainital,-,-,-,-,-,-,-,-,29.47413889,79.65119444,14-07-2026 15:00,1.5
3387,Mukteshwar_1,Uttarakhand,5,Uttarakhand,51,Nainital,Nainital,-,-,-,-,-,-,-,-,29.47413889,79.65119444,14-07-2026 16:00,1.5
3388,Mukteshwar_1,Uttarakhand,5,Uttarakhand,51,Nainital,Nainital,-,-,-,-,-,-,-,-,29.47413889,79.65119444,14-07-2026 17:00,1
3389,Mukteshwar_1,Uttarakhand,5,Uttarakhand,51,Nainital,Nainital,-,-,-,-,-,-,-,-,29.47413889,79.65119444,14-07-2026 18:00,1
3390,Mukteshwar_1,Uttarakhand,5,Uttarakhand,51,Nainital,Nainital,-,-,-,-,-,-,-,-,29.47413889,79.65119444,14-07-2026 19:00,0.5
3391,Mukteshwar_1,Uttarakhand,5,Uttarakhand,51,Nainital,Nainital,-,-,-,-,-,-,-,-,29.47413889,79.65119444,14-07-2026 20:00,0.5
3392,Mukteshwar_1,Uttarakhand,5,Uttarakhand,51,Nainital,Nainital,-,-,-,-,-,-,-,-,29.47413889,79.65119444,14-07-2026 21:00,1
3393,Mukteshwar_1,Uttarakhand,5,Uttarakhand,51,Nainital,Nainital,-,-,-,-,-,-,-,-,29.47413889,79.65119444,14-07-2026 23:00,0.5
3394,Mukteshwar_1,Uttarakhand,5,Uttarakhand,51,Nainital,Nainital,-,-,-,-,-,-,-,-,29.47413889,79.65119444,15-07-2026 00:00,0.5
3395,Mukteshwar_1,Uttarakhand,5,Uttarakhand,51,Nainital,Nainital,-,-,-,-,-,-,-,-,29.47413889,79.65119444,15-07-2026 01:00,0.5
3396,Mukteshwar_1,Uttarakhand,5,Uttarakhand,51,Nainital,Nainital,-,-,-,-,-,-,-,-,29.47413889,79.65119444,15-07-2026 03:00,0.5
3397,Mukteshwar_1,Uttarakhand,5,Uttarakhand,51,Nainital,Nainital,-,-,-,-,-,-,-,-,29.47413889,79.65119444,15-07-2026 05:00,0.5
3398,Mukteshwar_1,Uttarakhand,5,Uttarakhand,51,Nainital,Nainital,-,-,-,-,-,-,-,-,29.47413889,79.65119444,15-07-2026 07:00,0.5
3399,Mukteshwar_1,Uttarakhand,5,Uttarakhand,51,Nainital,Nainital,-,-,-,-,-,-,-,-,29.47413889,79.65119444,15-07-2026 08:00,0.5
3400,Mukteshwar_1,Uttarakhand,5,Uttarakhand,51,Nainital,Nainital,-,-,-,-,-,-,-,-,29.47413889,79.65119444,15-07-2026 10:00,0.5
3401,Mukteshwar_1,Uttarakhand,5,Uttarakhand,51,Nainital,Nainital,-,-,-,-,-,-,-,-,29.47413889,79.65119444,15-07-2026 11:00,0.5
3402,Mukteshwar_1,Uttarakhand,5,Uttarakhand,51,Nainital,Nainital,-,-,-,-,-,-,-,-,29.47413889,79.65119444,15-07-2026 13:00,0.5
3403,Mukteshwar_1,Uttarakhand,5,Uttarakhand,51,Nainital,Nainital,-,-,-,-,-,-,-,-,29.47413889,79.65119444,15-07-2026 14:00,0.5
3404,Mukteshwar_1,Uttarakhand,5,Uttarakhand,51,Nainital,Nainital,-,-,-,-,-,-,-,-,29.47413889,79.65119444,15-07-2026 15:00,0.5
3405,Mukteshwar_1,Uttarakhand,5,Uttarakhand,51,Nainital,Nainital,-,-,-,-,-,-,-,-,29.47413889,79.65119444,15-07-2026 16:00,0.5
3406,Mukteshwar_1,Uttarakhand,5,Uttarakhand,51,Nainital,Nainital,-,-,-,-,-,-,-,-,29.47413889,79.65119444,15-07-2026 17:00,0.5
3407,Mukteshwar_1,Uttarakhand,5,Uttarakhand,51,Nainital,Nainital,-,-,-,-,-,-,-,-,29.47413889,79.65119444,15-07-2026 18:00,0.5
3408,Mukteshwar_1,Uttarakhand,5,Uttarakhand,51,Nainital,Nainital,-,-,-,-,-,-,-,-,29.47413889,79.65119444,15-07-2026 19:00,0.5
3409,Mukteshwar_1,Uttarakhand,5,Uttarakhand,51,Nainital,Nainital,-,-,-,-,-,-,-,-,29.47413889,79.65119444,15-07-2026 20:00,0.5
3410,Mukteshwar_1,Uttarakhand,5,Uttarakhand,51,Nainital,Nainital,-,-,-,-,-,-,-,-,29.47413889,79.65119444,15-07-2026 22:00,0.5
3411,Mukteshwar_1,Uttarakhand,5,Uttarakhand,51,Nainital,Nainital,-,-,-,-,-,-,-,-,29.47413889,79.65119444,15-07-2026 23:00,0.5
3412,Mukteshwar_1,Uttarakhand,5,Uttarakhand,51,Nainital,Nainital,-,-,-,-,-,-,-,-,29.47413889,79.65119444,16-07-2026 01:00,0.5
3413,Mukteshwar_1,Uttarakhand,5,Uttarakhand,51,Nainital,Nainital,-,-,-,-,-,-,-,-,29.47413889,79.65119444,16-07-2026 03:00,0.5
3414,Mukteshwar_1,Uttarakhand,5,Uttarakhand,51,Nainital,Nainital,-,-,-,-,-,-,-,-,29.47413889,79.65119444,16-07-2026 05:00,0.5
3415,Mukteshwar_1,Uttarakhand,5,Uttarakhand,51,Nainital,Nainital,-,-,-,-,-,-,-,-,29.47413889,79.65119444,16-07-2026 08:00,0.5
3416,Mukteshwar_1,Uttarakhand,5,Uttarakhand,51,Nainital,Nainital,-,-,-,-,-,-,-,-,29.47413889,79.65119444,16-07-2026 10:00,0.5
3417,Mukteshwar_1,Uttarakhand,5,Uttarakhand,51,Nainital,Nainital,-,-,-,-,-,-,-,-,29.47413889,79.65119444,16-07-2026 12:00,0.5
3418,Mukteshwar_1,Uttarakhand,5,Uttarakhand,51,Nainital,Nainital,-,-,-,-,-,-,-,-,29.47413889,79.65119444,16-07-2026 14:00,0.5
3419,Mukteshwar_1,Uttarakhand,5,Uttarakhand,51,Nainital,Nainital,-,-,-,-,-,-,-,-,29.47413889,79.65119444,16-07-2026 16:00,0.5
3420,Mukteshwar_1,Uttarakhand,5,Uttarakhand,51,Nainital,Nainital,-,-,-,-,-,-,-,-,29.47413889,79.65119444,16-07-2026 17:00,0.5
3421,Mukteshwar_1,Uttarakhand,5,Uttarakhand,51,Nainital,Nainital,-,-,-,-,-,-,-,-,29.47413889,79.65119444,16-07-2026 19:00,0.5
3422,Mukteshwar_1,Uttarakhand,5,Uttarakhand,51,Nainital,Nainital,-,-,-,-,-,-,-,-,29.47413889,79.65119444,16-07-2026 21:00,0.5
3423,Mukteshwar_1,Uttarakhand,5,Uttarakhand,51,Nainital,Nainital,-,-,-,-,-,-,-,-,29.47413889,79.65119444,16-07-2026 23:00,0.5
3424,Mukteshwar_1,Uttarakhand,5,Uttarakhand,51,Nainital,Nainital,-,-,-,-,-,-,-,-,29.47413889,79.65119444,17-07-2026 02:00,0.5
3425,Mukteshwar_1,Uttarakhand,5,Uttarakhand,51,Nainital,Nainital,-,-,-,-,-,-,-,-,29.47413889,79.65119444,17-07-2026 05:00,0.5
3426,Mukteshwar_1,Uttarakhand,5,Uttarakhand,51,Nainital,Nainital,-,-,-,-,-,-,-,-,29.47413889,79.65119444,17-07-2026 08:00,0.5
3427,Mukteshwar_1,Uttarakhand,5,Uttarakhand,51,Nainital,Nainital,-,-,-,-,-,-,-,-,29.47413889,79.65119444,17-07-2026 12:00,0.5
3428,Mukteshwar_1,Uttarakhand,5,Uttarakhand,51,Nainital,Nainital,-,-,-,-,-,-,-,-,29.47413889,79.65119444,17-07-2026 15:00,0.5
3429,Mukteshwar_1,Uttarakhand,5,Uttarakhand,51,Nainital,Nainital,-,-,-,-,-,-,-,-,29.47413889,79.65119444,17-07-2026 18:00,0.5
3430,Mukteshwar_1,Uttarakhand,5,Uttarakhand,51,Nainital,Nainital,-,-,-,-,-,-,-,-,29.47413889,79.65119444,17-07-2026 22:00,0.5
3431,Mukteshwar_1,Uttarakhand,5,Uttarakhand,51,Nainital,Nainital,-,-,-,-,-,-,-,-,29.47413889,79.65119444,18-07-2026 08:00,0.5
3432,Mukteshwar_1,Uttarakhand,5,Uttarakhand,51,Nainital,Nainital,-,-,-,-,-,-,-,-,29.47413889,79.65119444,18-07-2026 15:00,0.5
3433,Mukteshwar_1,Uttarakhand,5,Uttarakhand,51,Nainital,Nainital,-,-,-,-,-,-,-,-,29.47413889,79.65119444,18-07-2026 19:00,0.5
3434,Mukteshwar_1,Uttarakhand,5,Uttarakhand,51,Nainital,Nainital,-,-,-,-,-,-,-,-,29.47413889,79.65119444,18-07-2026 23:00,0.5
3435,Mukteshwar_1,Uttarakhand,5,Uttarakhand,51,Nainital,Nainital,-,-,-,-,-,-,-,-,29.47413889,79.65119444,19-07-2026 06:00,0.5
3436,Mukteshwar_1,Uttarakhand,5,Uttarakhand,51,Nainital,Nainital,-,-,-,-,-,-,-,-,29.47413889,79.65119444,19-07-2026 15:00,0.5
3437,Mukteshwar_1,Uttarakhand,5,Uttarakhand,51,Nainital,Nainital,-,-,-,-,-,-,-,-,29.47413889,79.65119444,19-07-2026 20:00,0.5
3438,Mukteshwar_1,Uttarakhand,5,Uttarakhand,51,Nainital,Nainital,-,-,-,-,-,-,-,-,29.47413889,79.65119444,20-07-2026 02:00,0.5
3439,Mukteshwar_1,Uttarakhand,5,Uttarakhand,51,Nainital,Nainital,-,-,-,-,-,-,-,-,29.47413889,79.65119444,20-07-2026 11:00,0.5
3440,Mukteshwar_1,Uttarakhand,5,Uttarakhand,51,Nainital,Nainital,-,-,-,-,-,-,-,-,29.47413889,79.65119444,20-07-2026 15:00,0.5
3441,Mukteshwar_1,Uttarakhand,5,Uttarakhand,51,Nainital,Nainital,-,-,-,-,-,-,-,-,29.47413889,79.65119444,20-07-2026 18:00,0.5
3442,Mukteshwar_1,Uttarakhand,5,Uttarakhand,51,Nainital,Nainital,-,-,-,-,-,-,-,-,29.47413889,79.65119444,20-07-2026 20:00,0.5
3443,Mukteshwar_1,Uttarakhand,5,Uttarakhand,51,Nainital,Nainital,-,-,-,-,-,-,-,-,29.47413889,79.65119444,20-07-2026 21:00,0.5
3444,Mukteshwar_1,Uttarakhand,5,Uttarakhand,51,Nainital,Nainital,-,-,-,-,-,-,-,-,29.47413889,79.65119444,20-07-2026 23:00,0.5
3445,Mukteshwar_1,Uttarakhand,5,Uttarakhand,51,Nainital,Nainital,-,-,-,-,-,-,-,-,29.47413889,79.65119444,21-07-2026 01:00,0.5
3446,Mukteshwar_1,Uttarakhand,5,Uttarakhand,51,Nainital,Nainital,-,-,-,-,-,-,-,-,29.47413889,79.65119444,21-07-2026 03:00,0.5
3447,Mukteshwar_1,Uttarakhand,5,Uttarakhand,51,Nainital,Nainital,-,-,-,-,-,-,-,-,29.47413889,79.65119444,21-07-2026 05:00,0.5
3448,Mukteshwar_1,Uttarakhand,5,Uttarakhand,51,Nainital,Nainital,-,-,-,-,-,-,-,-,29.47413889,79.65119444,21-07-2026 08:00,0.5
3449,Mukteshwar_1,Uttarakhand,5,Uttarakhand,51,Nainital,Nainital,-,-,-,-,-,-,-,-,29.47413889,79.65119444,21-07-2026 11:00,0.5
3450,Mukteshwar_1,Uttarakhand,5,Uttarakhand,51,Nainital,Nainital,-,-,-,-,-,-,-,-,29.47413889,79.65119444,21-07-2026 13:00,0.5
3451,Mukteshwar_1,Uttarakhand,5,Uttarakhand,51,Nainital,Nainital,-,-,-,-,-,-,-,-,29.47413889,79.65119444,21-07-2026 15:00,0.5
3452,Mukteshwar_1,Uttarakhand,5,Uttarakhand,51,Nainital,Nainital,-,-,-,-,-,-,-,-,29.47413889,79.65119444,21-07-2026 16:00,0.5
3453,Mukteshwar_1,Uttarakhand,5,Uttarakhand,51,Nainital,Nainital,-,-,-,-,-,-,-,-,29.47413889,79.65119444,21-07-2026 17:00,0.5
3454,Mukteshwar_1,Uttarakhand,5,Uttarakhand,51,Nainital,Nainital,-,-,-,-,-,-,-,-,29.47413889,79.65119444,21-07-2026 18:00,0.5
3455,Mukteshwar_1,Uttarakhand,5,Uttarakhand,51,Nainital,Nainital,-,-,-,-,-,-,-,-,29.47413889,79.65119444,21-07-2026 19:00,1
3456,Mukteshwar_1,Uttarakhand,5,Uttarakhand,51,Nainital,Nainital,-,-,-,-,-,-,-,-,29.47413889,79.65119444,21-07-2026 20:00,0.5
3457,Mukteshwar_1,Uttarakhand,5,Uttarakhand,51,Nainital,Nainital,-,-,-,-,-,-,-,-,29.47413889,79.65119444,21-07-2026 21:00,0.5
3458,Mukteshwar_1,Uttarakhand,5,Uttarakhand,51,Nainital,Nainital,-,-,-,-,-,-,-,-,29.47413889,79.65119444,21-07-2026 22:00,0.5
3459,Mukteshwar_1,Uttarakhand,5,Uttarakhand,51,Nainital,Nainital,-,-,-,-,-,-,-,-,29.47413889,79.65119444,21-07-2026 23:00,0.5
3460,Mukteshwar_1,Uttarakhand,5,Uttarakhand,51,Nainital,Nainital,-,-,-,-,-,-,-,-,29.47413889,79.65119444,22-07-2026 01:00,0.5
3461,Mukteshwar_1,Uttarakhand,5,Uttarakhand,51,Nainital,Nainital,-,-,-,-,-,-,-,-,29.47413889,79.65119444,22-07-2026 02:00,0.5
3462,Mukteshwar_1,Uttarakhand,5,Uttarakhand,51,Nainital,Nainital,-,-,-,-,-,-,-,-,29.47413889,79.65119444,22-07-2026 04:00,0.5
3463,Mukteshwar_1,Uttarakhand,5,Uttarakhand,51,Nainital,Nainital,-,-,-,-,-,-,-,-,29.47413889,79.65119444,22-07-2026 05:00,0.5
3464,Mukteshwar_1,Uttarakhand,5,Uttarakhand,51,Nainital,Nainital,-,-,-,-,-,-,-,-,29.47413889,79.65119444,22-07-2026 07:00,0.5
3465,Mukteshwar_1,Uttarakhand,5,Uttarakhand,51,Nainital,Nainital,-,-,-,-,-,-,-,-,29.47413889,79.65119444,22-07-2026 09:00,0.5
3466,Mukteshwar_1,Uttarakhand,5,Uttarakhand,51,Nainital,Nainital,-,-,-,-,-,-,-,-,29.47413889,79.65119444,22-07-2026 11:00,0.5
3467,Mukteshwar_1,Uttarakhand,5,Uttarakhand,51,Nainital,Nainital,-,-,-,-,-,-,-,-,29.47413889,79.65119444,22-07-2026 12:00,0.5
3468,Mukteshwar_1,Uttarakhand,5,Uttarakhand,51,Nainital,Nainital,-,-,-,-,-,-,-,-,29.47413889,79.65119444,22-07-2026 13:00,0.5
3469,Mukteshwar_1,Uttarakhand,5,Uttarakhand,51,Nainital,Nainital,-,-,-,-,-,-,-,-,29.47413889,79.65119444,22-07-2026 14:00,0.5
3470,Mukteshwar_1,Uttarakhand,5,Uttarakhand,51,Nainital,Nainital,-,-,-,-,-,-,-,-,29.47413889,79.65119444,22-07-2026 15:00,1
3471,Mukteshwar_1,Uttarakhand,5,Uttarakhand,51,Nainital,Nainital,-,-,-,-,-,-,-,-,29.47413889,79.65119444,22-07-2026 16:00,1
3472,Mukteshwar_1,Uttarakhand,5,Uttarakhand,51,Nainital,Nainital,-,-,-,-,-,-,-,-,29.47413889,79.65119444,22-07-2026 17:00,0.5
3473,Mukteshwar_1,Uttarakhand,5,Uttarakhand,51,Nainital,Nainital,-,-,-,-,-,-,-,-,29.47413889,79.65119444,22-07-2026 18:00,1
3474,Mukteshwar_1,Uttarakhand,5,Uttarakhand,51,Nainital,Nainital,-,-,-,-,-,-,-,-,29.47413889,79.65119444,22-07-2026 19:00,0.5
3475,Mukteshwar_1,Uttarakhand,5,Uttarakhand,51,Nainital,Nainital,-,-,-,-,-,-,-,-,29.47413889,79.65119444,22-07-2026 20:00,0.5
3476,Mukteshwar_1,Uttarakhand,5,Uttarakhand,51,Nainital,Nainital,-,-,-,-,-,-,-,-,29.47413889,79.65119444,22-07-2026 21:00,1
3477,Mukteshwar_1,Uttarakhand,5,Uttarakhand,51,Nainital,Nainital,-,-,-,-,-,-,-,-,29.47413889,79.65119444,22-07-2026 22:00,0.5
3478,Mukteshwar_1,Uttarakhand,5,Uttarakhand,51,Nainital,Nainital,-,-,-,-,-,-,-,-,29.47413889,79.65119444,22-07-2026 23:00,0.5
3479,Mukteshwar_1,Uttarakhand,5,Uttarakhand,51,Nainital,Nainital,-,-,-,-,-,-,-,-,29.47413889,79.65119444,23-07-2026 00:00,0.5
3480,Mukteshwar_1,Uttarakhand,5,Uttarakhand,51,Nainital,Nainital,-,-,-,-,-,-,-,-,29.47413889,79.65119444,23-07-2026 01:00,0.5
3481,Mukteshwar_1,Uttarakhand,5,Uttarakhand,51,Nainital,Nainital,-,-,-,-,-,-,-,-,29.47413889,79.65119444,23-07-2026 02:00,0.5
3482,Mukteshwar_1,Uttarakhand,5,Uttarakhand,51,Nainital,Nainital,-,-,-,-,-,-,-,-,29.47413889,79.65119444,23-07-2026 03:00,0.5
3483,Mukteshwar_1,Uttarakhand,5,Uttarakhand,51,Nainital,Nainital,-,-,-,-,-,-,-,-,29.47413889,79.65119444,23-07-2026 05:00,0.5
3484,Mukteshwar_1,Uttarakhand,5,Uttarakhand,51,Nainital,Nainital,-,-,-,-,-,-,-,-,29.47413889,79.65119444,23-07-2026 06:00,0.5
3485,Mukteshwar_1,Uttarakhand,5,Uttarakhand,51,Nainital,Nainital,-,-,-,-,-,-,-,-,29.47413889,79.65119444,23-07-2026 07:00,0.5
3486,Mukteshwar_1,Uttarakhand,5,Uttarakhand,51,Nainital,Nainital,-,-,-,-,-,-,-,-,29.47413889,79.65119444,23-07-2026 09:00,0.5
3487,Mukteshwar_1,Uttarakhand,5,Uttarakhand,51,Nainital,Nainital,-,-,-,-,-,-,-,-,29.47413889,79.65119444,23-07-2026 10:00,0.5
3488,Mukteshwar_1,Uttarakhand,5,Uttarakhand,51,Nainital,Nainital,-,-,-,-,-,-,-,-,29.47413889,79.65119444,23-07-2026 12:00,0.5
3489,Mukteshwar_1,Uttarakhand,5,Uttarakhand,51,Nainital,Nainital,-,-,-,-,-,-,-,-,29.47413889,79.65119444,23-07-2026 13:00,1
3490,Mukteshwar_1,Uttarakhand,5,Uttarakhand,51,Nainital,Nainital,-,-,-,-,-,-,-,-,29.47413889,79.65119444,23-07-2026 14:00,0.5
3491,Mukteshwar_1,Uttarakhand,5,Uttarakhand,51,Nainital,Nainital,-,-,-,-,-,-,-,-,29.47413889,79.65119444,23-07-2026 15:00,0.5
3492,Mukteshwar_1,Uttarakhand,5,Uttarakhand,51,Nainital,Nainital,-,-,-,-,-,-,-,-,29.47413889,79.65119444,23-07-2026 16:00,0.5
3493,Mukteshwar_1,Uttarakhand,5,Uttarakhand,51,Nainital,Nainital,-,-,-,-,-,-,-,-,29.47413889,79.65119444,23-07-2026 17:00,1
3494,Mukteshwar_1,Uttarakhand,5,Uttarakhand,51,Nainital,Nainital,-,-,-,-,-,-,-,-,29.47413889,79.65119444,23-07-2026 18:00,0.5
3495,Mukteshwar_1,Uttarakhand,5,Uttarakhand,51,Nainital,Nainital,-,-,-,-,-,-,-,-,29.47413889,79.65119444,23-07-2026 19:00,0.5
3496,Mukteshwar_1,Uttarakhand,5,Uttarakhand,51,Nainital,Nainital,-,-,-,-,-,-,-,-,29.47413889,79.65119444,23-07-2026 20:00,1
3497,Mukteshwar_1,Uttarakhand,5,Uttarakhand,51,Nainital,Nainital,-,-,-,-,-,-,-,-,29.47413889,79.65119444,23-07-2026 21:00,0.5
3498,Mukteshwar_1,Uttarakhand,5,Uttarakhand,51,Nainital,Nainital,-,-,-,-,-,-,-,-,29.47413889,79.65119444,23-07-2026 22:00,0.5
3499,Mukteshwar_1,Uttarakhand,5,Uttarakhand,51,Nainital,Nainital,-,-,-,-,-,-,-,-,29.47413889,79.65119444,24-07-2026 00:00,0.5
3500,Mukteshwar_1,Uttarakhand,5,Uttarakhand,51,Nainital,Nainital,-,-,-,-,-,-,-,-,29.47413889,79.65119444,24-07-2026 01:00,0.5
3501,Mukteshwar_1,Uttarakhand,5,Uttarakhand,51,Nainital,Nainital,-,-,-,-,-,-,-,-,29.47413889,79.65119444,24-07-2026 03:00,0.5
3502,Mukteshwar_1,Uttarakhand,5,Uttarakhand,51,Nainital,Nainital,-,-,-,-,-,-,-,-,29.47413889,79.65119444,24-07-2026 04:00,0.5
3503,Mukteshwar_1,Uttarakhand,5,Uttarakhand,51,Nainital,Nainital,-,-,-,-,-,-,-,-,29.47413889,79.65119444,24-07-2026 06:00,0.5
3504,Mukteshwar_1,Uttarakhand,5,Uttarakhand,51,Nainital,Nainital,-,-,-,-,-,-,-,-,29.47413889,79.65119444,24-07-2026 08:00,0.5
3505,Mukteshwar_1,Uttarakhand,5,Uttarakhand,51,Nainital,Nainital,-,-,-,-,-,-,-,-,29.47413889,79.65119444,24-07-2026 10:00,0.5
3506,Mukteshwar_1,Uttarakhand,5,Uttarakhand,51,Nainital,Nainital,-,-,-,-,-,-,-,-,29.47413889,79.65119444,24-07-2026 12:00,0.5
3507,Mukteshwar_1,Uttarakhand,5,Uttarakhand,51,Nainital,Nainital,-,-,-,-,-,-,-,-,29.47413889,79.65119444,24-07-2026 14:00,0.5
3508,Mukteshwar_1,Uttarakhand,5,Uttarakhand,51,Nainital,Nainital,-,-,-,-,-,-,-,-,29.47413889,79.65119444,24-07-2026 15:00,0.5
3509,Mukteshwar_1,Uttarakhand,5,Uttarakhand,51,Nainital,Nainital,-,-,-,-,-,-,-,-,29.47413889,79.65119444,24-07-2026 16:00,0.5
3510,Mukteshwar_1,Uttarakhand,5,Uttarakhand,51,Nainital,Nainital,-,-,-,-,-,-,-,-,29.47413889,79.65119444,24-07-2026 22:00,0.5
3511,Mukteshwar_1,Uttarakhand,5,Uttarakhand,51,Nainital,Nainital,-,-,-,-,-,-,-,-,29.47413889,79.65119444,24-07-2026 23:00,0.5
3512,Mukteshwar_1,Uttarakhand,5,Uttarakhand,51,Nainital,Nainital,-,-,-,-,-,-,-,-,29.47413889,79.65119444,25-07-2026 01:00,0.5
3513,Mukteshwar_1,Uttarakhand,5,Uttarakhand,51,Nainital,Nainital,-,-,-,-,-,-,-,-,29.47413889,79.65119444,25-07-2026 03:00,0.5
3514,Mukteshwar_1,Uttarakhand,5,Uttarakhand,51,Nainital,Nainital,-,-,-,-,-,-,-,-,29.47413889,79.65119444,25-07-2026 06:00,0.5
3515,Mukteshwar_1,Uttarakhand,5,Uttarakhand,51,Nainital,Nainital,-,-,-,-,-,-,-,-,29.47413889,79.65119444,25-07-2026 08:00,0.5
3516,Mukteshwar_1,Uttarakhand,5,Uttarakhand,51,Nainital,Nainital,-,-,-,-,-,-,-,-,29.47413889,79.65119444,25-07-2026 12:00,0.5
3517,Mukteshwar_1,Uttarakhand,5,Uttarakhand,51,Nainital,Nainital,-,-,-,-,-,-,-,-,29.47413889,79.65119444,25-07-2026 14:00,0.5
3518,Mukteshwar_1,Uttarakhand,5,Uttarakhand,51,Nainital,Nainital,-,-,-,-,-,-,-,-,29.47413889,79.65119444,25-07-2026 16:00,0.5
3519,Mukteshwar_1,Uttarakhand,5,Uttarakhand,51,Nainital,Nainital,-,-,-,-,-,-,-,-,29.47413889,79.65119444,25-07-2026 18:00,0.5
3520,Mukteshwar_1,Uttarakhand,5,Uttarakhand,51,Nainital,Nainital,-,-,-,-,-,-,-,-,29.47413889,79.65119444,25-07-2026 20:00,0.5
3521,Mukteshwar_1,Uttarakhand,5,Uttarakhand,51,Nainital,Nainital,-,-,-,-,-,-,-,-,29.47413889,79.65119444,25-07-2026 21:00,0.5
3522,Mukteshwar_1,Uttarakhand,5,Uttarakhand,51,Nainital,Nainital,-,-,-,-,-,-,-,-,29.47413889,79.65119444,26-07-2026 02:00,0.5
3523,Mukteshwar_1,Uttarakhand,5,Uttarakhand,51,Nainital,Nainital,-,-,-,-,-,-,-,-,29.47413889,79.65119444,26-07-2026 05:00,0.5
3524,Mukteshwar_1,Uttarakhand,5,Uttarakhand,51,Nainital,Nainital,-,-,-,-,-,-,-,-,29.47413889,79.65119444,26-07-2026 08:00,0.5
3525,Mukteshwar_1,Uttarakhand,5,Uttarakhand,51,Nainital,Nainital,-,-,-,-,-,-,-,-,29.47413889,79.65119444,26-07-2026 11:00,0.5
3526,Mukteshwar_1,Uttarakhand,5,Uttarakhand,51,Nainital,Nainital,-,-,-,-,-,-,-,-,29.47413889,79.65119444,26-07-2026 12:00,0.5
3527,Mukteshwar_1,Uttarakhand,5,Uttarakhand,51,Nainital,Nainital,-,-,-,-,-,-,-,-,29.47413889,79.65119444,26-07-2026 14:00,0.5
3528,Mukteshwar_1,Uttarakhand,5,Uttarakhand,51,Nainital,Nainital,-,-,-,-,-,-,-,-,29.47413889,79.65119444,26-07-2026 15:00,0.5
3529,Mukteshwar_1,Uttarakhand,5,Uttarakhand,51,Nainital,Nainital,-,-,-,-,-,-,-,-,29.47413889,79.65119444,26-07-2026 17:00,0.5
3530,Mukteshwar_1,Uttarakhand,5,Uttarakhand,51,Nainital,Nainital,-,-,-,-,-,-,-,-,29.47413889,79.65119444,26-07-2026 18:00,0.5
3531,Mukteshwar_1,Uttarakhand,5,Uttarakhand,51,Nainital,Nainital,-,-,-,-,-,-,-,-,29.47413889,79.65119444,26-07-2026 19:00,0.5
3532,Mukteshwar_1,Uttarakhand,5,Uttarakhand,51,Nainital,Nainital,-,-,-,-,-,-,-,-,29.47413889,79.65119444,26-07-2026 20:00,0.5
3533,Mukteshwar_1,Uttarakhand,5,Uttarakhand,51,Nainital,Nainital,-,-,-,-,-,-,-,-,29.47413889,79.65119444,26-07-2026 22:00,0.5
3534,Mukteshwar_1,Uttarakhand,5,Uttarakhand,51,Nainital,Nainital,-,-,-,-,-,-,-,-,29.47413889,79.65119444,27-07-2026 02:00,0.5
3535,Mukteshwar_1,Uttarakhand,5,Uttarakhand,51,Nainital,Nainital,-,-,-,-,-,-,-,-,29.47413889,79.65119444,27-07-2026 04:00,0.5
3536,Mukteshwar_1,Uttarakhand,5,Uttarakhand,51,Nainital,Nainital,-,-,-,-,-,-,-,-,29.47413889,79.65119444,27-07-2026 06:00,0.5
3537,Mukteshwar_1,Uttarakhand,5,Uttarakhand,51,Nainital,Nainital,-,-,-,-,-,-,-,-,29.47413889,79.65119444,27-07-2026 09:00,0.5
3538,Mukteshwar_1,Uttarakhand,5,Uttarakhand,51,Nainital,Nainital,-,-,-,-,-,-,-,-,29.47413889,79.65119444,27-07-2026 12:00,0.5
3539,Mukteshwar_1,Uttarakhand,5,Uttarakhand,51,Nainital,Nainital,-,-,-,-,-,-,-,-,29.47413889,79.65119444,27-07-2026 13:00,0.5
3540,Mukteshwar_1,Uttarakhand,5,Uttarakhand,51,Nainital,Nainital,-,-,-,-,-,-,-,-,29.47413889,79.65119444,27-07-2026 15:00,0.5
3541,Mukteshwar_1,Uttarakhand,5,Uttarakhand,51,Nainital,Nainital,-,-,-,-,-,-,-,-,29.47413889,79.65119444,27-07-2026 17:00,0.5
3542,Mukteshwar_1,Uttarakhand,5,Uttarakhand,51,Nainital,Nainital,-,-,-,-,-,-,-,-,29.47413889,79.65119444,27-07-2026 18:00,0.5
3543,Mukteshwar_1,Uttarakhand,5,Uttarakhand,51,Nainital,Nainital,-,-,-,-,-,-,-,-,29.47413889,79.65119444,27-07-2026 20:00,0.5
3544,Mukteshwar_1,Uttarakhand,5,Uttarakhand,51,Nainital,Nainital,-,-,-,-,-,-,-,-,29.47413889,79.65119444,27-07-2026 21:00,0.5
3545,Mukteshwar_1,Uttarakhand,5,Uttarakhand,51,Nainital,Nainital,-,-,-,-,-,-,-,-,29.47413889,79.65119444,27-07-2026 23:00,0.5
3546,Mukteshwar_1,Uttarakhand,5,Uttarakhand,51,Nainital,Nainital,-,-,-,-,-,-,-,-,29.47413889,79.65119444,28-07-2026 02:00,0.5
3547,Mukteshwar_1,Uttarakhand,5,Uttarakhand,51,Nainital,Nainital,-,-,-,-,-,-,-,-,29.47413889,79.65119444,28-07-2026 04:00,0.5
3548,Mukteshwar_1,Uttarakhand,5,Uttarakhand,51,Nainital,Nainital,-,-,-,-,-,-,-,-,29.47413889,79.65119444,28-07-2026 06:00,0.5
3549,Mukteshwar_1,Uttarakhand,5,Uttarakhand,51,Nainital,Nainital,-,-,-,-,-,-,-,-,29.47413889,79.65119444,28-07-2026 09:00,0.5
3550,Mukteshwar_1,Uttarakhand,5,Uttarakhand,51,Nainital,Nainital,-,-,-,-,-,-,-,-,29.47413889,79.65119444,28-07-2026 12:00,0.5
3551,Mukteshwar_1,Uttarakhand,5,Uttarakhand,51,Nainital,Nainital,-,-,-,-,-,-,-,-,29.47413889,79.65119444,28-07-2026 14:00,0.5
3552,Mukteshwar_1,Uttarakhand,5,Uttarakhand,51,Nainital,Nainital,-,-,-,-,-,-,-,-,29.47413889,79.65119444,28-07-2026 16:00,0.5
3553,Mukteshwar_1,Uttarakhand,5,Uttarakhand,51,Nainital,Nainital,-,-,-,-,-,-,-,-,29.47413889,79.65119444,28-07-2026 17:00,0.5
3554,Mukteshwar_1,Uttarakhand,5,Uttarakhand,51,Nainital,Nainital,-,-,-,-,-,-,-,-,29.47413889,79.65119444,28-07-2026 19:00,0.5
3555,Mukteshwar_1,Uttarakhand,5,Uttarakhand,51,Nainital,Nainital,-,-,-,-,-,-,-,-,29.47413889,79.65119444,28-07-2026 20:00,0.5
3556,Mukteshwar_1,Uttarakhand,5,Uttarakhand,51,Nainital,Nainital,-,-,-,-,-,-,-,-,29.47413889,79.65119444,28-07-2026 21:00,0.5
3557,Mukteshwar_1,Uttarakhand,5,Uttarakhand,51,Nainital,Nainital,-,-,-,-,-,-,-,-,29.47413889,79.65119444,28-07-2026 22:00,0.5
3558,Mukteshwar_1,Uttarakhand,5,Uttarakhand,51,Nainital,Nainital,-,-,-,-,-,-,-,-,29.47413889,79.65119444,29-07-2026 00:00,0.5
3559,Mukteshwar_1,Uttarakhand,5,Uttarakhand,51,Nainital,Nainital,-,-,-,-,-,-,-,-,29.47413889,79.65119444,29-07-2026 01:00,0.5
3560,Mukteshwar_1,Uttarakhand,5,Uttarakhand,51,Nainital,Nainital,-,-,-,-,-,-,-,-,29.47413889,79.65119444,29-07-2026 02:00,0.5
3561,Mukteshwar_1,Uttarakhand,5,Uttarakhand,51,Nainital,Nainital,-,-,-,-,-,-,-,-,29.47413889,79.65119444,29-07-2026 04:00,0.5
3562,Mukteshwar_1,Uttarakhand,5,Uttarakhand,51,Nainital,Nainital,-,-,-,-,-,-,-,-,29.47413889,79.65119444,29-07-2026 05:00,0.5
3563,Mukteshwar_1,Uttarakhand,5,Uttarakhand,51,Nainital,Nainital,-,-,-,-,-,-,-,-,29.47413889,79.65119444,29-07-2026 07:00,0.5
3564,Mukteshwar_1,Uttarakhand,5,Uttarakhand,51,Nainital,Nainital,-,-,-,-,-,-,-,-,29.47413889,79.65119444,29-07-2026 08:00,0.5
3565,Mukteshwar_1,Uttarakhand,5,Uttarakhand,51,Nainital,Nainital,-,-,-,-,-,-,-,-,29.47413889,79.65119444,29-07-2026 10:00,0.5
3566,Mukteshwar_1,Uttarakhand,5,Uttarakhand,51,Nainital,Nainital,-,-,-,-,-,-,-,-,29.47413889,79.65119444,29-07-2026 11:00,0.5
3567,Mukteshwar_1,Uttarakhand,5,Uttarakhand,51,Nainital,Nainital,-,-,-,-,-,-,-,-,29.47413889,79.65119444,29-07-2026 12:00,0.5
3568,Mukteshwar_1,Uttarakhand,5,Uttarakhand,51,Nainital,Nainital,-,-,-,-,-,-,-,-,29.47413889,79.65119444,29-07-2026 13:00,0.5
3569,Mukteshwar_1,Uttarakhand,5,Uttarakhand,51,Nainital,Nainital,-,-,-,-,-,-,-,-,29.47413889,79.65119444,29-07-2026 14:00,0.5
3570,Mukteshwar_1,Uttarakhand,5,Uttarakhand,51,Nainital,Nainital,-,-,-,-,-,-,-,-,29.47413889,79.65119444,29-07-2026 15:00,0.5
3571,Mukteshwar_1,Uttarakhand,5,Uttarakhand,51,Nainital,Nainital,-,-,-,-,-,-,-,-,29.47413889,79.65119444,29-07-2026 16:00,0.5
3572,Mukteshwar_1,Uttarakhand,5,Uttarakhand,51,Nainital,Nainital,-,-,-,-,-,-,-,-,29.47413889,79.65119444,29-07-2026 17:00,0.5
3573,Mukteshwar_1,Uttarakhand,5,Uttarakhand,51,Nainital,Nainital,-,-,-,-,-,-,-,-,29.47413889,79.65119444,29-07-2026 18:00,0.5
3574,Mukteshwar_1,Uttarakhand,5,Uttarakhand,51,Nainital,Nainital,-,-,-,-,-,-,-,-,29.47413889,79.65119444,29-07-2026 19:00,1
3575,Mukteshwar_1,Uttarakhand,5,Uttarakhand,51,Nainital,Nainital,-,-,-,-,-,-,-,-,29.47413889,79.65119444,29-07-2026 20:00,0.5
3576,Mukteshwar_1,Uttarakhand,5,Uttarakhand,51,Nainital,Nainital,-,-,-,-,-,-,-,-,29.47413889,79.65119444,29-07-2026 21:00,0.5
3577,Mukteshwar_1,Uttarakhand,5,Uttarakhand,51,Nainital,Nainital,-,-,-,-,-,-,-,-,29.47413889,79.65119444,29-07-2026 22:00,0.5
3578,Mukteshwar_1,Uttarakhand,5,Uttarakhand,51,Nainital,Nainital,-,-,-,-,-,-,-,-,29.47413889,79.65119444,29-07-2026 23:00,0.5
3579,Mukteshwar_1,Uttarakhand,5,Uttarakhand,51,Nainital,Nainital,-,-,-,-,-,-,-,-,29.47413889,79.65119444,30-07-2026 00:00,0.5
3580,Mukteshwar_1,Uttarakhand,5,Uttarakhand,51,Nainital,Nainital,-,-,-,-,-,-,-,-,29.47413889,79.65119444,30-07-2026 01:00,0.5
3581,Mukteshwar_1,Uttarakhand,5,Uttarakhand,51,Nainital,Nainital,-,-,-,-,-,-,-,-,29.47413889,79.65119444,30-07-2026 03:00,0.5
3582,Mukteshwar_1,Uttarakhand,5,Uttarakhand,51,Nainital,Nainital,-,-,-,-,-,-,-,-,29.47413889,79.65119444,30-07-2026 04:00,0.5
3583,Mukteshwar_1,Uttarakhand,5,Uttarakhand,51,Nainital,Nainital,-,-,-,-,-,-,-,-,29.47413889,79.65119444,30-07-2026 05:00,0.5
3584,Mukteshwar_1,Uttarakhand,5,Uttarakhand,51,Nainital,Nainital,-,-,-,-,-,-,-,-,29.47413889,79.65119444,30-07-2026 06:00,0.5
3585,Mukteshwar_1,Uttarakhand,5,Uttarakhand,51,Nainital,Nainital,-,-,-,-,-,-,-,-,29.47413889,79.65119444,30-07-2026 08:00,0.5
3586,Mukteshwar_1,Uttarakhand,5,Uttarakhand,51,Nainital,Nainital,-,-,-,-,-,-,-,-,29.47413889,79.65119444,30-07-2026 09:00,0.5
3587,Mukteshwar_1,Uttarakhand,5,Uttarakhand,51,Nainital,Nainital,-,-,-,-,-,-,-,-,29.47413889,79.65119444,30-07-2026 10:00,0.5
3588,Mukteshwar_1,Uttarakhand,5,Uttarakhand,51,Nainital,Nainital,-,-,-,-,-,-,-,-,29.47413889,79.65119444,30-07-2026 11:00,0.5
3589,Mukteshwar_1,Uttarakhand,5,Uttarakhand,51,Nainital,Nainital,-,-,-,-,-,-,-,-,29.47413889,79.65119444,30-07-2026 12:00,0.5
3590,Mukteshwar_1,Uttarakhand,5,Uttarakhand,51,Nainital,Nainital,-,-,-,-,-,-,-,-,29.47413889,79.65119444,30-07-2026 13:00,0.5
3591,Mukteshwar_1,Uttarakhand,5,Uttarakhand,51,Nainital,Nainital,-,-,-,-,-,-,-,-,29.47413889,79.65119444,30-07-2026 14:00,0.5
3592,Mukteshwar_1,Uttarakhand,5,Uttarakhand,51,Nainital,Nainital,-,-,-,-,-,-,-,-,29.47413889,79.65119444,30-07-2026 15:00,0.5
3593,Mukteshwar_1,Uttarakhand,5,Uttarakhand,51,Nainital,Nainital,-,-,-,-,-,-,-,-,29.47413889,79.65119444,30-07-2026 16:00,0.5
3594,Mukteshwar_1,Uttarakhand,5,Uttarakhand,51,Nainital,Nainital,-,-,-,-,-,-,-,-,29.47413889,79.65119444,30-07-2026 17:00,0.5
3595,Mukteshwar_1,Uttarakhand,5,Uttarakhand,51,Nainital,Nainital,-,-,-,-,-,-,-,-,29.47413889,79.65119444,30-07-2026 18:00,0.5
3596,Mukteshwar_1,Uttarakhand,5,Uttarakhand,51,Nainital,Nainital,-,-,-,-,-,-,-,-,29.47413889,79.65119444,01-08-2026 00:00,0.5
3597,Mukteshwar_1,Uttarakhand,5,Uttarakhand,51,Nainital,Nainital,-,-,-,-,-,-,-,-,29.47413889,79.65119444,01-08-2026 01:00,0.5
3598,Mukteshwar_1,Uttarakhand,5,Uttarakhand,51,Nainital,Nainital,-,-,-,-,-,-,-,-,29.47413889,79.65119444,01-08-2026 02:00,0.5
3599,Mukteshwar_1,Uttarakhand,5,Uttarakhand,51,Nainital,Nainital,-,-,-,-,-,-,-,-,29.47413889,79.65119444,01-08-2026 03:00,0.5
3600,Mukteshwar_1,Uttarakhand,5,Uttarakhand,51,Nainital,Nainital,-,-,-,-,-,-,-,-,29.47413889,79.65119444,01-08-2026 04:00,0.5
3601,Mukteshwar_1,Uttarakhand,5,Uttarakhand,51,Nainital,Nainital,-,-,-,-,-,-,-,-,29.47413889,79.65119444,01-08-2026 05:00,0.5
3602,Mukteshwar_1,Uttarakhand,5,Uttarakhand,51,Nainital,Nainital,-,-,-,-,-,-,-,-,29.47413889,79.65119444,01-08-2026 06:00,1
3603,Mukteshwar_1,Uttarakhand,5,Uttarakhand,51,Nainital,Nainital,-,-,-,-,-,-,-,-,29.47413889,79.65119444,01-08-2026 07:00,0.5
3604,Mukteshwar_1,Uttarakhand,5,Uttarakhand,51,Nainital,Nainital,-,-,-,-,-,-,-,-,29.47413889,79.65119444,01-08-2026 08:00,1
3605,Mukteshwar_1,Uttarakhand,5,Uttarakhand,51,Nainital,Nainital,-,-,-,-,-,-,-,-,29.47413889,79.65119444,01-08-2026 09:00,0.5
3606,Mukteshwar_1,Uttarakhand,5,Uttarakhand,51,Nainital,Nainital,-,-,-,-,-,-,-,-,29.47413889,79.65119444,01-08-2026 10:00,0.5
3607,Mukteshwar_1,Uttarakhand,5,Uttarakhand,51,Nainital,Nainital,-,-,-,-,-,-,-,-,29.47413889,79.65119444,01-08-2026 11:00,0.5
3608,Mukteshwar_1,Uttarakhand,5,Uttarakhand,51,Nainital,Nainital,-,-,-,-,-,-,-,-,29.47413889,79.65119444,01-08-2026 12:00,1
3609,Mukteshwar_1,Uttarakhand,5,Uttarakhand,51,Nainital,Nainital,-,-,-,-,-,-,-,-,29.47413889,79.65119444,01-08-2026 13:00,1
3610,Mukteshwar_1,Uttarakhand,5,Uttarakhand,51,Nainital,Nainital,-,-,-,-,-,-,-,-,29.47413889,79.65119444,01-08-2026 14:00,1
3611,Mukteshwar_1,Uttarakhand,5,Uttarakhand,51,Nainital,Nainital,-,-,-,-,-,-,-,-,29.47413889,79.65119444,01-08-2026 15:00,1
3612,Mukteshwar_1,Uttarakhand,5,Uttarakhand,51,Nainital,Nainital,-,-,-,-,-,-,-,-,29.47413889,79.65119444,01-08-2026 16:00,0.5
3613,Mukteshwar_1,Uttarakhand,5,Uttarakhand,51,Nainital,Nainital,-,-,-,-,-,-,-,-,29.47413889,79.65119444,01-08-2026 17:00,1
3614,Mukteshwar_1,Uttarakhand,5,Uttarakhand,51,Nainital,Nainital,-,-,-,-,-,-,-,-,29.47413889,79.65119444,01-08-2026 18:00,0.5
3615,Mukteshwar_1,Uttarakhand,5,Uttarakhand,51,Nainital,Nainital,-,-,-,-,-,-,-,-,29.47413889,79.65119444,01-08-2026 19:00,1
3616,Mukteshwar_1,Uttarakhand,5,Uttarakhand,51,Nainital,Nainital,-,-,-,-,-,-,-,-,29.47413889,79.65119444,01-08-2026 20:00,1
3617,Mukteshwar_1,Uttarakhand,5,Uttarakhand,51,Nainital,Nainital,-,-,-,-,-,-,-,-,29.47413889,79.65119444,01-08-2026 21:00,1
3618,Mukteshwar_1,Uttarakhand,5,Uttarakhand,51,Nainital,Nainital,-,-,-,-,-,-,-,-,29.47413889,79.65119444,01-08-2026 22:00,1
3619,Mukteshwar_1,Uttarakhand,5,Uttarakhand,51,Nainital,Nainital,-,-,-,-,-,-,-,-,29.47413889,79.65119444,01-08-2026 23:00,1
3620,Mukteshwar_1,Uttarakhand,5,Uttarakhand,51,Nainital,Nainital,-,-,-,-,-,-,-,-,29.47413889,79.65119444,02-08-2026 00:00,0.5
3621,Mukteshwar_1,Uttarakhand,5,Uttarakhand,51,Nainital,Nainital,-,-,-,-,-,-,-,-,29.47413889,79.65119444,02-08-2026 01:00,1
3622,Mukteshwar_1,Uttarakhand,5,Uttarakhand,51,Nainital,Nainital,-,-,-,-,-,-,-,-,29.47413889,79.65119444,02-08-2026 02:00,1
3623,Mukteshwar_1,Uttarakhand,5,Uttarakhand,51,Nainital,Nainital,-,-,-,-,-,-,-,-,29.47413889,79.65119444,02-08-2026 03:00,0.5
3624,Mukteshwar_1,Uttarakhand,5,Uttarakhand,51,Nainital,Nainital,-,-,-,-,-,-,-,-,29.47413889,79.65119444,02-08-2026 04:00,1
3625,Mukteshwar_1,Uttarakhand,5,Uttarakhand,51,Nainital,Nainital,-,-,-,-,-,-,-,-,29.47413889,79.65119444,02-08-2026 05:00,0.5
3626,Mukteshwar_1,Uttarakhand,5,Uttarakhand,51,Nainital,Nainital,-,-,-,-,-,-,-,-,29.47413889,79.65119444,02-08-2026 06:00,1
3627,Mukteshwar_1,Uttarakhand,5,Uttarakhand,51,Nainital,Nainital,-,-,-,-,-,-,-,-,29.47413889,79.65119444,02-08-2026 07:00,1
3628,Mukteshwar_1,Uttarakhand,5,Uttarakhand,51,Nainital,Nainital,-,-,-,-,-,-,-,-,29.47413889,79.65119444,02-08-2026 08:00,0.5
3629,Mukteshwar_1,Uttarakhand,5,Uttarakhand,51,Nainital,Nainital,-,-,-,-,-,-,-,-,29.47413889,79.65119444,02-08-2026 09:00,1
3630,Mukteshwar_1,Uttarakhand,5,Uttarakhand,51,Nainital,Nainital,-,-,-,-,-,-,-,-,29.47413889,79.65119444,02-08-2026 10:00,0.5
3631,Mukteshwar_1,Uttarakhand,5,Uttarakhand,51,Nainital,Nainital,-,-,-,-,-,-,-,-,29.47413889,79.65119444,02-08-2026 11:00,1
3632,Mukteshwar_1,Uttarakhand,5,Uttarakhand,51,Nainital,Nainital,-,-,-,-,-,-,-,-,29.47413889,79.65119444,02-08-2026 12:00,1
3633,Mukteshwar_1,Uttarakhand,5,Uttarakhand,51,Nainital,Nainital,-,-,-,-,-,-,-,-,29.47413889,79.65119444,02-08-2026 23:00,1
3634,Mukteshwar_1,Uttarakhand,5,Uttarakhand,51,Nainital,Nainital,-,-,-,-,-,-,-,-,29.47413889,79.65119444,03-08-2026 00:00,0.5
3635,Mukteshwar_1,Uttarakhand,5,Uttarakhand,51,Nainital,Nainital,-,-,-,-,-,-,-,-,29.47413889,79.65119444,03-08-2026 01:00,1
3636,Mukteshwar_1,Uttarakhand,5,Uttarakhand,51,Nainital,Nainital,-,-,-,-,-,-,-,-,29.47413889,79.65119444,03-08-2026 02:00,0.5
3637,Mukteshwar_1,Uttarakhand,5,Uttarakhand,51,Nainital,Nainital,-,-,-,-,-,-,-,-,29.47413889,79.65119444,03-08-2026 03:00,0.5
3638,Mukteshwar_1,Uttarakhand,5,Uttarakhand,51,Nainital,Nainital,-,-,-,-,-,-,-,-,29.47413889,79.65119444,03-08-2026 04:00,0.5
3639,Mukteshwar_1,Uttarakhand,5,Uttarakhand,51,Nainital,Nainital,-,-,-,-,-,-,-,-,29.47413889,79.65119444,03-08-2026 05:00,0.5
3640,Mukteshwar_1,Uttarakhand,5,Uttarakhand,51,Nainital,Nainital,-,-,-,-,-,-,-,-,29.47413889,79.65119444,03-08-2026 06:00,0.5
3641,Mukteshwar_1,Uttarakhand,5,Uttarakhand,51,Nainital,Nainital,-,-,-,-,-,-,-,-,29.47413889,79.65119444,03-08-2026 07:00,0.5
3642,Mukteshwar_1,Uttarakhand,5,Uttarakhand,51,Nainital,Nainital,-,-,-,-,-,-,-,-,29.47413889,79.65119444,03-08-2026 08:00,0.5
3643,Mukteshwar_1,Uttarakhand,5,Uttarakhand,51,Nainital,Nainital,-,-,-,-,-,-,-,-,29.47413889,79.65119444,03-08-2026 09:00,0.5
3644,Mukteshwar_1,Uttarakhand,5,Uttarakhand,51,Nainital,Nainital,-,-,-,-,-,-,-,-,29.47413889,79.65119444,03-08-2026 10:00,1
3645,Mukteshwar_1,Uttarakhand,5,Uttarakhand,51,Nainital,Nainital,-,-,-,-,-,-,-,-,29.47413889,79.65119444,03-08-2026 11:00,0.5
3646,Mukteshwar_1,Uttarakhand,5,Uttarakhand,51,Nainital,Nainital,-,-,-,-,-,-,-,-,29.47413889,79.65119444,03-08-2026 12:00,0.5
3647,Mukteshwar_1,Uttarakhand,5,Uttarakhand,51,Nainital,Nainital,-,-,-,-,-,-,-,-,29.47413889,79.65119444,03-08-2026 13:00,0.5
3648,Mukteshwar_1,Uttarakhand,5,Uttarakhand,51,Nainital,Nainital,-,-,-,-,-,-,-,-,29.47413889,79.65119444,03-08-2026 14:00,0.5
3649,Mukteshwar_1,Uttarakhand,5,Uttarakhand,51,Nainital,Nainital,-,-,-,-,-,-,-,-,29.47413889,79.65119444,03-08-2026 15:00,0.5
3650,Mukteshwar_1,Uttarakhand,5,Uttarakhand,51,Nainital,Nainital,-,-,-,-,-,-,-,-,29.47413889,79.65119444,03-08-2026 16:00,0.5
3651,Mukteshwar_1,Uttarakhand,5,Uttarakhand,51,Nainital,Nainital,-,-,-,-,-,-,-,-,29.47413889,79.65119444,03-08-2026 17:00,0.5
3652,Mukteshwar_1,Uttarakhand,5,Uttarakhand,51,Nainital,Nainital,-,-,-,-,-,-,-,-,29.47413889,79.65119444,03-08-2026 19:00,0.5
3653,Mukteshwar_1,Uttarakhand,5,Uttarakhand,51,Nainital,Nainital,-,-,-,-,-,-,-,-,29.47413889,79.65119444,03-08-2026 20:00,0.5
3654,Mukteshwar_1,Uttarakhand,5,Uttarakhand,51,Nainital,Nainital,-,-,-,-,-,-,-,-,29.47413889,79.65119444,04-08-2026 19:00,0.5
3655,Mukteshwar_1,Uttarakhand,5,Uttarakhand,51,Nainital,Nainital,-,-,-,-,-,-,-,-,29.47413889,79.65119444,04-08-2026 20:00,0.5
3656,Mukteshwar_1,Uttarakhand,5,Uttarakhand,51,Nainital,Nainital,-,-,-,-,-,-,-,-,29.47413889,79.65119444,04-08-2026 21:00,0.5
3657,Mukteshwar_1,Uttarakhand,5,Uttarakhand,51,Nainital,Nainital,-,-,-,-,-,-,-,-,29.47413889,79.65119444,04-08-2026 22:00,0.5
3658,Mukteshwar_1,Uttarakhand,5,Uttarakhand,51,Nainital,Nainital,-,-,-,-,-,-,-,-,29.47413889,79.65119444,05-08-2026 01:00,0.5
3659,Mukteshwar_1,Uttarakhand,5,Uttarakhand,51,Nainital,Nainital,-,-,-,-,-,-,-,-,29.47413889,79.65119444,05-08-2026 05:00,0.5
3660,Mukteshwar_1,Uttarakhand,5,Uttarakhand,51,Nainital,Nainital,-,-,-,-,-,-,-,-,29.47413889,79.65119444,05-08-2026 11:00,0.5
3661,Mukteshwar_1,Uttarakhand,5,Uttarakhand,51,Nainital,Nainital,-,-,-,-,-,-,-,-,29.47413889,79.65119444,05-08-2026 21:00,0.5
3662,Mukteshwar_1,Uttarakhand,5,Uttarakhand,51,Nainital,Nainital,-,-,-,-,-,-,-,-,29.47413889,79.65119444,06-08-2026 05:00,0.5
3663,Mukteshwar_1,Uttarakhand,5,Uttarakhand,51,Nainital,Nainital,-,-,-,-,-,-,-,-,29.47413889,79.65119444,06-08-2026 13:00,0.5
3664,Mukteshwar_1,Uttarakhand,5,Uttarakhand,51,Nainital,Nainital,-,-,-,-,-,-,-,-,29.47413889,79.65119444,06-08-2026 23:00,0.5
3665,Mukteshwar_1,Uttarakhand,5,Uttarakhand,51,Nainital,Nainital,-,-,-,-,-,-,-,-,29.47413889,79.65119444,07-08-2026 09:00,0.5
3666,Mukteshwar_1,Uttarakhand,5,Uttarakhand,51,Nainital,Nainital,-,-,-,-,-,-,-,-,29.47413889,79.65119444,07-08-2026 19:00,0.5
3667,Mukteshwar_1,Uttarakhand,5,Uttarakhand,51,Nainital,Nainital,-,-,-,-,-,-,-,-,29.47413889,79.65119444,08-08-2026 05:00,0.5
3668,Mukteshwar_1,Uttarakhand,5,Uttarakhand,51,Nainital,Nainital,-,-,-,-,-,-,-,-,29.47413889,79.65119444,08-08-2026 15:00,0.5
3669,Mukteshwar_1,Uttarakhand,5,Uttarakhand,51,Nainital,Nainital,-,-,-,-,-,-,-,-,29.47413889,79.65119444,09-08-2026 00:00,0.5
3670,Mukteshwar_1,Uttarakhand,5,Uttarakhand,51,Nainital,Nainital,-,-,-,-,-,-,-,-,29.47413889,79.65119444,09-08-2026 11:00,0.5
3671,Mukteshwar_1,Uttarakhand,5,Uttarakhand,51,Nainital,Nainital,-,-,-,-,-,-,-,-,29.47413889,79.65119444,09-08-2026 20:00,0.5
3672,Mukteshwar_1,Uttarakhand,5,Uttarakhand,51,Nainital,Nainital,-,-,-,-,-,-,-,-,29.47413889,79.65119444,10-08-2026 03:00,0.5
3673,Mukteshwar_1,Uttarakhand,5,Uttarakhand,51,Nainital,Nainital,-,-,-,-,-,-,-,-,29.47413889,79.65119444,10-08-2026 13:00,0.5
3674,Mukteshwar_1,Uttarakhand,5,Uttarakhand,51,Nainital,Nainital,-,-,-,-,-,-,-,-,29.47413889,79.65119444,10-08-2026 22:00,0.5
3675,Mukteshwar_1,Uttarakhand,5,Uttarakhand,51,Nainital,Nainital,-,-,-,-,-,-,-,-,29.47413889,79.65119444,11-08-2026 05:00,0.5
3676,Mukteshwar_1,Uttarakhand,5,Uttarakhand,51,Nainital,Nainital,-,-,-,-,-,-,-,-,29.47413889,79.65119444,11-08-2026 14:00,0.5
3677,Mukteshwar_1,Uttarakhand,5,Uttarakhand,51,Nainital,Nainital,-,-,-,-,-,-,-,-,29.47413889,79.65119444,11-08-2026 22:00,0.5
3678,Mukteshwar_1,Uttarakhand,5,Uttarakhand,51,Nainital,Nainital,-,-,-,-,-,-,-,-,29.47413889,79.65119444,12-08-2026 08:00,0.5
3679,Mukteshwar_1,Uttarakhand,5,Uttarakhand,51,Nainital,Nainital,-,-,-,-,-,-,-,-,29.47413889,79.65119444,12-08-2026 16:00,0.5
3680,Mukteshwar_1,Uttarakhand,5,Uttarakhand,51,Nainital,Nainital,-,-,-,-,-,-,-,-,29.47413889,79.65119444,13-08-2026 02:00,0.5
3681,Mukteshwar_1,Uttarakhand,5,Uttarakhand,51,Nainital,Nainital,-,-,-,-,-,-,-,-,29.47413889,79.65119444,13-08-2026 12:00,0.5
3682,Mukteshwar_1,Uttarakhand,5,Uttarakhand,51,Nainital,Nainital,-,-,-,-,-,-,-,-,29.47413889,79.65119444,13-08-2026 21:00,0.5
3683,Mukteshwar_1,Uttarakhand,5,Uttarakhand,51,Nainital,Nainital,-,-,-,-,-,-,-,-,29.47413889,79.65119444,14-08-2026 06:00,0.5
3684,Mukteshwar_1,Uttarakhand,5,Uttarakhand,51,Nainital,Nainital,-,-,-,-,-,-,-,-,29.47413889,79.65119444,14-08-2026 15:00,0.5
3685,Mukteshwar_1,Uttarakhand,5,Uttarakhand,51,Nainital,Nainital,-,-,-,-,-,-,-,-,29.47413889,79.65119444,14-08-2026 23:00,0.5
3686,Mukteshwar_1,Uttarakhand,5,Uttarakhand,51,Nainital,Nainital,-,-,-,-,-,-,-,-,29.47413889,79.65119444,15-08-2026 04:00,0.5
3687,Mukteshwar_1,Uttarakhand,5,Uttarakhand,51,Nainital,Nainital,-,-,-,-,-,-,-,-,29.47413889,79.65119444,15-08-2026 11:00,0.5
3688,Mukteshwar_1,Uttarakhand,5,Uttarakhand,51,Nainital,Nainital,-,-,-,-,-,-,-,-,29.47413889,79.65119444,15-08-2026 18:00,0.5
3689,Mukteshwar_1,Uttarakhand,5,Uttarakhand,51,Nainital,Nainital,-,-,-,-,-,-,-,-,29.47413889,79.65119444,15-08-2026 22:00,0.5
3690,Mukteshwar_1,Uttarakhand,5,Uttarakhand,51,Nainital,Nainital,-,-,-,-,-,-,-,-,29.47413889,79.65119444,16-08-2026 03:00,0.5
3691,Mukteshwar_1,Uttarakhand,5,Uttarakhand,51,Nainital,Nainital,-,-,-,-,-,-,-,-,29.47413889,79.65119444,16-08-2026 07:00,0.5
3692,Mukteshwar_1,Uttarakhand,5,Uttarakhand,51,Nainital,Nainital,-,-,-,-,-,-,-,-,29.47413889,79.65119444,16-08-2026 13:00,0.5
3693,Mukteshwar_1,Uttarakhand,5,Uttarakhand,51,Nainital,Nainital,-,-,-,-,-,-,-,-,29.47413889,79.65119444,16-08-2026 19:00,0.5
3694,Mukteshwar_1,Uttarakhand,5,Uttarakhand,51,Nainital,Nainital,-,-,-,-,-,-,-,-,29.47413889,79.65119444,16-08-2026 23:00,0.5
3695,Mukteshwar_1,Uttarakhand,5,Uttarakhand,51,Nainital,Nainital,-,-,-,-,-,-,-,-,29.47413889,79.65119444,17-08-2026 02:00,0.5
3696,Mukteshwar_1,Uttarakhand,5,Uttarakhand,51,Nainital,Nainital,-,-,-,-,-,-,-,-,29.47413889,79.65119444,17-08-2026 05:00,0.5
3697,Mukteshwar_1,Uttarakhand,5,Uttarakhand,51,Nainital,Nainital,-,-,-,-,-,-,-,-,29.47413889,79.65119444,17-08-2026 09:00,0.5
3698,Mukteshwar_1,Uttarakhand,5,Uttarakhand,51,Nainital,Nainital,-,-,-,-,-,-,-,-,29.47413889,79.65119444,17-08-2026 15:00,0.5
3699,Mukteshwar_1,Uttarakhand,5,Uttarakhand,51,Nainital,Nainital,-,-,-,-,-,-,-,-,29.47413889,79.65119444,17-08-2026 20:00,0.5
3700,Mukteshwar_1,Uttarakhand,5,Uttarakhand,51,Nainital,Nainital,-,-,-,-,-,-,-,-,29.47413889,79.65119444,18-08-2026 00:00,0.5
3701,Mukteshwar_1,Uttarakhand,5,Uttarakhand,51,Nainital,Nainital,-,-,-,-,-,-,-,-,29.47413889,79.65119444,18-08-2026 12:00,0.5
3702,Mukteshwar_1,Uttarakhand,5,Uttarakhand,51,Nainital,Nainital,-,-,-,-,-,-,-,-,29.47413889,79.65119444,18-08-2026 18:00,0.5
3703,Mukteshwar_1,Uttarakhand,5,Uttarakhand,51,Nainital,Nainital,-,-,-,-,-,-,-,-,29.47413889,79.65119444,18-08-2026 21:00,0.5
3704,Mukteshwar_1,Uttarakhand,5,Uttarakhand,51,Nainital,Nainital,-,-,-,-,-,-,-,-,29.47413889,79.65119444,18-08-2026 23:00,0.5
3705,Mukteshwar_1,Uttarakhand,5,Uttarakhand,51,Nainital,Nainital,-,-,-,-,-,-,-,-,29.47413889,79.65119444,19-08-2026 01:00,0.5
3706,Mukteshwar_1,Uttarakhand,5,Uttarakhand,51,Nainital,Nainital,-,-,-,-,-,-,-,-,29.47413889,79.65119444,19-08-2026 04:00,0.5
3707,Mukteshwar_1,Uttarakhand,5,Uttarakhand,51,Nainital,Nainital,-,-,-,-,-,-,-,-,29.47413889,79.65119444,19-08-2026 06:00,0.5
3708,Mukteshwar_1,Uttarakhand,5,Uttarakhand,51,Nainital,Nainital,-,-,-,-,-,-,-,-,29.47413889,79.65119444,19-08-2026 09:00,0.5
3709,Mukteshwar_1,Uttarakhand,5,Uttarakhand,51,Nainital,Nainital,-,-,-,-,-,-,-,-,29.47413889,79.65119444,19-08-2026 13:00,0.5
3710,Mukteshwar_1,Uttarakhand,5,Uttarakhand,51,Nainital,Nainital,-,-,-,-,-,-,-,-,29.47413889,79.65119444,20-08-2026 00:00,0.5
3711,Mukteshwar_1,Uttarakhand,5,Uttarakhand,51,Nainital,Nainital,-,-,-,-,-,-,-,-,29.47413889,79.65119444,20-08-2026 02:00,0.5
3712,Mukteshwar_1,Uttarakhand,5,Uttarakhand,51,Nainital,Nainital,-,-,-,-,-,-,-,-,29.47413889,79.65119444,20-08-2026 04:00,0.5
3713,Mukteshwar_1,Uttarakhand,5,Uttarakhand,51,Nainital,Nainital,-,-,-,-,-,-,-,-,29.47413889,79.65119444,20-08-2026 06:00,0.5
3714,Mukteshwar_1,Uttarakhand,5,Uttarakhand,51,Nainital,Nainital,-,-,-,-,-,-,-,-,29.47413889,79.65119444,20-08-2026 09:00,0.5
3715,Mukteshwar_1,Uttarakhand,5,Uttarakhand,51,Nainital,Nainital,-,-,-,-,-,-,-,-,29.47413889,79.65119444,20-08-2026 13:00,0.5
3716,Mukteshwar_1,Uttarakhand,5,Uttarakhand,51,Nainital,Nainital,-,-,-,-,-,-,-,-,29.47413889,79.65119444,20-08-2026 16:00,0.5
3717,Mukteshwar_1,Uttarakhand,5,Uttarakhand,51,Nainital,Nainital,-,-,-,-,-,-,-,-,29.47413889,79.65119444,20-08-2026 19:00,0.5
3718,Mukteshwar_1,Uttarakhand,5,Uttarakhand,51,Nainital,Nainital,-,-,-,-,-,-,-,-,29.47413889,79.65119444,20-08-2026 21:00,0.5
3719,Mukteshwar_1,Uttarakhand,5,Uttarakhand,51,Nainital,Nainital,-,-,-,-,-,-,-,-,29.47413889,79.65119444,20-08-2026 23:00,0.5
3720,Mukteshwar_1,Uttarakhand,5,Uttarakhand,51,Nainital,Nainital,-,-,-,-,-,-,-,-,29.47413889,79.65119444,21-08-2026 01:00,0.5
3721,Mukteshwar_1,Uttarakhand,5,Uttarakhand,51,Nainital,Nainital,-,-,-,-,-,-,-,-,29.47413889,79.65119444,21-08-2026 03:00,0.5
3722,Mukteshwar_1,Uttarakhand,5,Uttarakhand,51,Nainital,Nainital,-,-,-,-,-,-,-,-,29.47413889,79.65119444,21-08-2026 05:00,0.5
3723,Mukteshwar_1,Uttarakhand,5,Uttarakhand,51,Nainital,Nainital,-,-,-,-,-,-,-,-,29.47413889,79.65119444,21-08-2026 07:00,0.5
3724,Mukteshwar_1,Uttarakhand,5,Uttarakhand,51,Nainital,Nainital,-,-,-,-,-,-,-,-,29.47413889,79.65119444,21-08-2026 10:00,0.5
3725,Mukteshwar_1,Uttarakhand,5,Uttarakhand,51,Nainital,Nainital,-,-,-,-,-,-,-,-,29.47413889,79.65119444,21-08-2026 14:00,0.5
3726,Mukteshwar_1,Uttarakhand,5,Uttarakhand,51,Nainital,Nainital,-,-,-,-,-,-,-,-,29.47413889,79.65119444,21-08-2026 17:00,0.5
3727,Mukteshwar_1,Uttarakhand,5,Uttarakhand,51,Nainital,Nainital,-,-,-,-,-,-,-,-,29.47413889,79.65119444,21-08-2026 20:00,0.5
3728,Mukteshwar_1,Uttarakhand,5,Uttarakhand,51,Nainital,Nainital,-,-,-,-,-,-,-,-,29.47413889,79.65119444,21-08-2026 22:00,0.5
3729,Mukteshwar_1,Uttarakhand,5,Uttarakhand,51,Nainital,Nainital,-,-,-,-,-,-,-,-,29.47413889,79.65119444,22-08-2026 00:00,0.5
3730,Mukteshwar_1,Uttarakhand,5,Uttarakhand,51,Nainital,Nainital,-,-,-,-,-,-,-,-,29.47413889,79.65119444,22-08-2026 02:00,0.5
3731,Mukteshwar_1,Uttarakhand,5,Uttarakhand,51,Nainital,Nainital,-,-,-,-,-,-,-,-,29.47413889,79.65119444,22-08-2026 04:00,0.5
3732,Mukteshwar_1,Uttarakhand,5,Uttarakhand,51,Nainital,Nainital,-,-,-,-,-,-,-,-,29.47413889,79.65119444,22-08-2026 06:00,0.5
3733,Mukteshwar_1,Uttarakhand,5,Uttarakhand,51,Nainital,Nainital,-,-,-,-,-,-,-,-,29.47413889,79.65119444,22-08-2026 09:00,0.5
3734,Mukteshwar_1,Uttarakhand,5,Uttarakhand,51,Nainital,Nainital,-,-,-,-,-,-,-,-,29.47413889,79.65119444,22-08-2026 12:00,0.5
3735,Mukteshwar_1,Uttarakhand,5,Uttarakhand,51,Nainital,Nainital,-,-,-,-,-,-,-,-,29.47413889,79.65119444,22-08-2026 15:00,0.5
3736,Mukteshwar_1,Uttarakhand,5,Uttarakhand,51,Nainital,Nainital,-,-,-,-,-,-,-,-,29.47413889,79.65119444,23-08-2026 06:00,0.5
3737,Mukteshwar_1,Uttarakhand,5,Uttarakhand,51,Nainital,Nainital,-,-,-,-,-,-,-,-,29.47413889,79.65119444,23-08-2026 09:00,0.5
3738,Mukteshwar_1,Uttarakhand,5,Uttarakhand,51,Nainital,Nainital,-,-,-,-,-,-,-,-,29.47413889,79.65119444,23-08-2026 12:00,0.5
3739,Mukteshwar_1,Uttarakhand,5,Uttarakhand,51,Nainital,Nainital,-,-,-,-,-,-,-,-,29.47413889,79.65119444,23-08-2026 15:00,0.5
3740,Mukteshwar_1,Uttarakhand,5,Uttarakhand,51,Nainital,Nainital,-,-,-,-,-,-,-,-,29.47413889,79.65119444,23-08-2026 17:00,0.5
3741,Mukteshwar_1,Uttarakhand,5,Uttarakhand,51,Nainital,Nainital,-,-,-,-,-,-,-,-,29.47413889,79.65119444,23-08-2026 20:00,0.5
3742,Mukteshwar_1,Uttarakhand,5,Uttarakhand,51,Nainital,Nainital,-,-,-,-,-,-,-,-,29.47413889,79.65119444,23-08-2026 22:00,0.5
3743,Mukteshwar_1,Uttarakhand,5,Uttarakhand,51,Nainital,Nainital,-,-,-,-,-,-,-,-,29.47413889,79.65119444,24-08-2026 00:00,0.5
3744,Mukteshwar_1,Uttarakhand,5,Uttarakhand,51,Nainital,Nainital,-,-,-,-,-,-,-,-,29.47413889,79.65119444,24-08-2026 02:00,0.5
3745,Mukteshwar_1,Uttarakhand,5,Uttarakhand,51,Nainital,Nainital,-,-,-,-,-,-,-,-,29.47413889,79.65119444,24-08-2026 04:00,0.5
3746,Mukteshwar_1,Uttarakhand,5,Uttarakhand,51,Nainital,Nainital,-,-,-,-,-,-,-,-,29.47413889,79.65119444,24-08-2026 06:00,0.5
3747,Mukteshwar_1,Uttarakhand,5,Uttarakhand,51,Nainital,Nainital,-,-,-,-,-,-,-,-,29.47413889,79.65119444,25-08-2026 06:00,0.5
3748,Mukteshwar_1,Uttarakhand,5,Uttarakhand,51,Nainital,Nainital,-,-,-,-,-,-,-,-,29.47413889,79.65119444,25-08-2026 08:00,0.5
3749,Mukteshwar_1,Uttarakhand,5,Uttarakhand,51,Nainital,Nainital,-,-,-,-,-,-,-,-,29.47413889,79.65119444,25-08-2026 10:00,0.5
3750,Mukteshwar_1,Uttarakhand,5,Uttarakhand,51,Nainital,Nainital,-,-,-,-,-,-,-,-,29.47413889,79.65119444,25-08-2026 12:00,0.5
3751,Mukteshwar_1,Uttarakhand,5,Uttarakhand,51,Nainital,Nainital,-,-,-,-,-,-,-,-,29.47413889,79.65119444,25-08-2026 15:00,0.5
3752,Mukteshwar_1,Uttarakhand,5,Uttarakhand,51,Nainital,Nainital,-,-,-,-,-,-,-,-,29.47413889,79.65119444,25-08-2026 17:00,0.5
3753,Mukteshwar_1,Uttarakhand,5,Uttarakhand,51,Nainital,Nainital,-,-,-,-,-,-,-,-,29.47413889,79.65119444,25-08-2026 19:00,0.5
3754,Mukteshwar_1,Uttarakhand,5,Uttarakhand,51,Nainital,Nainital,-,-,-,-,-,-,-,-,29.47413889,79.65119444,25-08-2026 21:00,0.5
3755,Mukteshwar_1,Uttarakhand,5,Uttarakhand,51,Nainital,Nainital,-,-,-,-,-,-,-,-,29.47413889,79.65119444,25-08-2026 23:00,0.5
3756,Nachni,Uttarakhand,5,Uttarakhand,53,Pithoragarh,-,-,-,-,-,-,-,-,-,29.90594444,80.16097222,12-06-2026 22:00,0.5
3757,Nachni,Uttarakhand,5,Uttarakhand,53,Pithoragarh,-,-,-,-,-,-,-,-,-,29.90594444,80.16097222,13-06-2026 13:00,0.5
3758,Nachni,Uttarakhand,5,Uttarakhand,53,Pithoragarh,-,-,-,-,-,-,-,-,-,29.90594444,80.16097222,14-06-2026 00:00,0.5
3759,Nachni,Uttarakhand,5,Uttarakhand,53,Pithoragarh,-,-,-,-,-,-,-,-,-,29.90594444,80.16097222,15-06-2026 17:00,1
3760,Nachni,Uttarakhand,5,Uttarakhand,53,Pithoragarh,-,-,-,-,-,-,-,-,-,29.90594444,80.16097222,15-06-2026 18:00,1
3761,Nachni,Uttarakhand,5,Uttarakhand,53,Pithoragarh,-,-,-,-,-,-,-,-,-,29.90594444,80.16097222,15-06-2026 20:00,0.5
3762,Nachni,Uttarakhand,5,Uttarakhand,53,Pithoragarh,-,-,-,-,-,-,-,-,-,29.90594444,80.16097222,15-06-2026 21:00,1
3763,Nachni,Uttarakhand,5,Uttarakhand,53,Pithoragarh,-,-,-,-,-,-,-,-,-,29.90594444,80.16097222,15-06-2026 23:00,0.5
3764,Nachni,Uttarakhand,5,Uttarakhand,53,Pithoragarh,-,-,-,-,-,-,-,-,-,29.90594444,80.16097222,16-06-2026 01:00,0.5
3765,Nachni,Uttarakhand,5,Uttarakhand,53,Pithoragarh,-,-,-,-,-,-,-,-,-,29.90594444,80.16097222,16-06-2026 04:00,0.5
3766,Nachni,Uttarakhand,5,Uttarakhand,53,Pithoragarh,-,-,-,-,-,-,-,-,-,29.90594444,80.16097222,16-06-2026 06:00,0.5
3767,Nachni,Uttarakhand,5,Uttarakhand,53,Pithoragarh,-,-,-,-,-,-,-,-,-,29.90594444,80.16097222,16-06-2026 09:00,0.5
3768,Nachni,Uttarakhand,5,Uttarakhand,53,Pithoragarh,-,-,-,-,-,-,-,-,-,29.90594444,80.16097222,16-06-2026 12:00,0.5
3769,Nachni,Uttarakhand,5,Uttarakhand,53,Pithoragarh,-,-,-,-,-,-,-,-,-,29.90594444,80.16097222,16-06-2026 13:00,0.5
3770,Nachni,Uttarakhand,5,Uttarakhand,53,Pithoragarh,-,-,-,-,-,-,-,-,-,29.90594444,80.16097222,16-06-2026 14:00,0.5
3771,Nachni,Uttarakhand,5,Uttarakhand,53,Pithoragarh,-,-,-,-,-,-,-,-,-,29.90594444,80.16097222,16-06-2026 16:00,0.5
3772,Nachni,Uttarakhand,5,Uttarakhand,53,Pithoragarh,-,-,-,-,-,-,-,-,-,29.90594444,80.16097222,16-06-2026 18:00,0.5
3773,Nachni,Uttarakhand,5,Uttarakhand,53,Pithoragarh,-,-,-,-,-,-,-,-,-,29.90594444,80.16097222,16-06-2026 20:00,0.5
3774,Nachni,Uttarakhand,5,Uttarakhand,53,Pithoragarh,-,-,-,-,-,-,-,-,-,29.90594444,80.16097222,16-06-2026 22:00,0.5
3775,Nachni,Uttarakhand,5,Uttarakhand,53,Pithoragarh,-,-,-,-,-,-,-,-,-,29.90594444,80.16097222,17-06-2026 03:00,0.5
3776,Nachni,Uttarakhand,5,Uttarakhand,53,Pithoragarh,-,-,-,-,-,-,-,-,-,29.90594444,80.16097222,17-06-2026 13:00,0.5
3777,Nachni,Uttarakhand,5,Uttarakhand,53,Pithoragarh,-,-,-,-,-,-,-,-,-,29.90594444,80.16097222,18-06-2026 14:00,0.5
3778,Nachni,Uttarakhand,5,Uttarakhand,53,Pithoragarh,-,-,-,-,-,-,-,-,-,29.90594444,80.16097222,24-06-2026 13:00,0.5
3779,Nachni,Uttarakhand,5,Uttarakhand,53,Pithoragarh,-,-,-,-,-,-,-,-,-,29.90594444,80.16097222,25-06-2026 01:00,0.5
3780,Nachni,Uttarakhand,5,Uttarakhand,53,Pithoragarh,-,-,-,-,-,-,-,-,-,29.90594444,80.16097222,25-06-2026 05:00,0.5
3781,Nachni,Uttarakhand,5,Uttarakhand,53,Pithoragarh,-,-,-,-,-,-,-,-,-,29.90594444,80.16097222,25-06-2026 12:00,0.5
3782,Nachni,Uttarakhand,5,Uttarakhand,53,Pithoragarh,-,-,-,-,-,-,-,-,-,29.90594444,80.16097222,25-06-2026 16:00,0.5
3783,Nachni,Uttarakhand,5,Uttarakhand,53,Pithoragarh,-,-,-,-,-,-,-,-,-,29.90594444,80.16097222,25-06-2026 19:00,0.5
3784,Nachni,Uttarakhand,5,Uttarakhand,53,Pithoragarh,-,-,-,-,-,-,-,-,-,29.90594444,80.16097222,26-06-2026 00:00,0.5
3785,Nachni,Uttarakhand,5,Uttarakhand,53,Pithoragarh,-,-,-,-,-,-,-,-,-,29.90594444,80.16097222,26-06-2026 07:00,0.5
3786,Nachni,Uttarakhand,5,Uttarakhand,53,Pithoragarh,-,-,-,-,-,-,-,-,-,29.90594444,80.16097222,26-06-2026 14:00,0.5
3787,Nachni,Uttarakhand,5,Uttarakhand,53,Pithoragarh,-,-,-,-,-,-,-,-,-,29.90594444,80.16097222,26-06-2026 18:00,0.5
3788,Nachni,Uttarakhand,5,Uttarakhand,53,Pithoragarh,-,-,-,-,-,-,-,-,-,29.90594444,80.16097222,26-06-2026 21:00,0.5
3789,Nachni,Uttarakhand,5,Uttarakhand,53,Pithoragarh,-,-,-,-,-,-,-,-,-,29.90594444,80.16097222,27-06-2026 00:00,0.5
3790,Nachni,Uttarakhand,5,Uttarakhand,53,Pithoragarh,-,-,-,-,-,-,-,-,-,29.90594444,80.16097222,27-06-2026 04:00,0.5
3791,Nachni,Uttarakhand,5,Uttarakhand,53,Pithoragarh,-,-,-,-,-,-,-,-,-,29.90594444,80.16097222,27-06-2026 13:00,0.5
3792,Nachni,Uttarakhand,5,Uttarakhand,53,Pithoragarh,-,-,-,-,-,-,-,-,-,29.90594444,80.16097222,27-06-2026 20:00,0.5
3793,Nachni,Uttarakhand,5,Uttarakhand,53,Pithoragarh,-,-,-,-,-,-,-,-,-,29.90594444,80.16097222,28-06-2026 02:00,0.5
3794,Nachni,Uttarakhand,5,Uttarakhand,53,Pithoragarh,-,-,-,-,-,-,-,-,-,29.90594444,80.16097222,28-06-2026 11:00,0.5
3795,Nachni,Uttarakhand,5,Uttarakhand,53,Pithoragarh,-,-,-,-,-,-,-,-,-,29.90594444,80.16097222,29-06-2026 15:00,0.5
3796,Nachni,Uttarakhand,5,Uttarakhand,53,Pithoragarh,-,-,-,-,-,-,-,-,-,29.90594444,80.16097222,29-06-2026 17:00,0.5
3797,Nachni,Uttarakhand,5,Uttarakhand,53,Pithoragarh,-,-,-,-,-,-,-,-,-,29.90594444,80.16097222,29-06-2026 20:00,0.5
3798,Nachni,Uttarakhand,5,Uttarakhand,53,Pithoragarh,-,-,-,-,-,-,-,-,-,29.90594444,80.16097222,29-06-2026 23:00,0.5
3799,Nachni,Uttarakhand,5,Uttarakhand,53,Pithoragarh,-,-,-,-,-,-,-,-,-,29.90594444,80.16097222,30-06-2026 01:00,0.5
3800,Nachni,Uttarakhand,5,Uttarakhand,53,Pithoragarh,-,-,-,-,-,-,-,-,-,29.90594444,80.16097222,30-06-2026 05:00,0.5
3801,Nachni,Uttarakhand,5,Uttarakhand,53,Pithoragarh,-,-,-,-,-,-,-,-,-,29.90594444,80.16097222,30-06-2026 09:00,0.5
3802,Nachni,Uttarakhand,5,Uttarakhand,53,Pithoragarh,-,-,-,-,-,-,-,-,-,29.90594444,80.16097222,30-06-2026 13:00,0.5
3803,Nachni,Uttarakhand,5,Uttarakhand,53,Pithoragarh,-,-,-,-,-,-,-,-,-,29.90594444,80.16097222,30-06-2026 18:00,0.5
3804,Nachni,Uttarakhand,5,Uttarakhand,53,Pithoragarh,-,-,-,-,-,-,-,-,-,29.90594444,80.16097222,30-06-2026 23:00,0.5
3805,Nachni,Uttarakhand,5,Uttarakhand,53,Pithoragarh,-,-,-,-,-,-,-,-,-,29.90594444,80.16097222,01-07-2026 03:00,0.5
3806,Nachni,Uttarakhand,5,Uttarakhand,53,Pithoragarh,-,-,-,-,-,-,-,-,-,29.90594444,80.16097222,01-07-2026 09:00,0.5
3807,Nachni,Uttarakhand,5,Uttarakhand,53,Pithoragarh,-,-,-,-,-,-,-,-,-,29.90594444,80.16097222,02-07-2026 23:00,0.5
3808,Nachni,Uttarakhand,5,Uttarakhand,53,Pithoragarh,-,-,-,-,-,-,-,-,-,29.90594444,80.16097222,03-07-2026 05:00,0.5
3809,Nachni,Uttarakhand,5,Uttarakhand,53,Pithoragarh,-,-,-,-,-,-,-,-,-,29.90594444,80.16097222,03-07-2026 15:00,0.5
3810,Nachni,Uttarakhand,5,Uttarakhand,53,Pithoragarh,-,-,-,-,-,-,-,-,-,29.90594444,80.16097222,03-07-2026 21:00,0.5
3811,Nachni,Uttarakhand,5,Uttarakhand,53,Pithoragarh,-,-,-,-,-,-,-,-,-,29.90594444,80.16097222,04-07-2026 02:00,0.5
3812,Nachni,Uttarakhand,5,Uttarakhand,53,Pithoragarh,-,-,-,-,-,-,-,-,-,29.90594444,80.16097222,04-07-2026 09:00,0.5
3813,Nachni,Uttarakhand,5,Uttarakhand,53,Pithoragarh,-,-,-,-,-,-,-,-,-,29.90594444,80.16097222,04-07-2026 17:00,0.5
3814,Nachni,Uttarakhand,5,Uttarakhand,53,Pithoragarh,-,-,-,-,-,-,-,-,-,29.90594444,80.16097222,04-07-2026 21:00,0.5
3815,Nachni,Uttarakhand,5,Uttarakhand,53,Pithoragarh,-,-,-,-,-,-,-,-,-,29.90594444,80.16097222,04-07-2026 22:00,0.5
3816,Nachni,Uttarakhand,5,Uttarakhand,53,Pithoragarh,-,-,-,-,-,-,-,-,-,29.90594444,80.16097222,05-07-2026 00:00,0.5
3817,Nachni,Uttarakhand,5,Uttarakhand,53,Pithoragarh,-,-,-,-,-,-,-,-,-,29.90594444,80.16097222,05-07-2026 03:00,0.5
3818,Nachni,Uttarakhand,5,Uttarakhand,53,Pithoragarh,-,-,-,-,-,-,-,-,-,29.90594444,80.16097222,05-07-2026 06:00,0.5
3819,Nachni,Uttarakhand,5,Uttarakhand,53,Pithoragarh,-,-,-,-,-,-,-,-,-,29.90594444,80.16097222,05-07-2026 08:00,0.5
3820,Nachni,Uttarakhand,5,Uttarakhand,53,Pithoragarh,-,-,-,-,-,-,-,-,-,29.90594444,80.16097222,05-07-2026 14:00,0.5
3821,Nachni,Uttarakhand,5,Uttarakhand,53,Pithoragarh,-,-,-,-,-,-,-,-,-,29.90594444,80.16097222,05-07-2026 17:00,0.5
3822,Nachni,Uttarakhand,5,Uttarakhand,53,Pithoragarh,-,-,-,-,-,-,-,-,-,29.90594444,80.16097222,05-07-2026 18:00,0.5
3823,Nachni,Uttarakhand,5,Uttarakhand,53,Pithoragarh,-,-,-,-,-,-,-,-,-,29.90594444,80.16097222,05-07-2026 19:00,1
3824,Nachni,Uttarakhand,5,Uttarakhand,53,Pithoragarh,-,-,-,-,-,-,-,-,-,29.90594444,80.16097222,05-07-2026 20:00,1.5
3825,Nachni,Uttarakhand,5,Uttarakhand,53,Pithoragarh,-,-,-,-,-,-,-,-,-,29.90594444,80.16097222,05-07-2026 21:00,2
3826,Nachni,Uttarakhand,5,Uttarakhand,53,Pithoragarh,-,-,-,-,-,-,-,-,-,29.90594444,80.16097222,05-07-2026 22:00,1.5
3827,Nachni,Uttarakhand,5,Uttarakhand,53,Pithoragarh,-,-,-,-,-,-,-,-,-,29.90594444,80.16097222,05-07-2026 23:00,2
3828,Nachni,Uttarakhand,5,Uttarakhand,53,Pithoragarh,-,-,-,-,-,-,-,-,-,29.90594444,80.16097222,06-07-2026 00:00,1
3829,Nachni,Uttarakhand,5,Uttarakhand,53,Pithoragarh,-,-,-,-,-,-,-,-,-,29.90594444,80.16097222,06-07-2026 01:00,0.5
3830,Nachni,Uttarakhand,5,Uttarakhand,53,Pithoragarh,-,-,-,-,-,-,-,-,-,29.90594444,80.16097222,06-07-2026 02:00,1.5
3831,Nachni,Uttarakhand,5,Uttarakhand,53,Pithoragarh,-,-,-,-,-,-,-,-,-,29.90594444,80.16097222,06-07-2026 03:00,1.5
3832,Nachni,Uttarakhand,5,Uttarakhand,53,Pithoragarh,-,-,-,-,-,-,-,-,-,29.90594444,80.16097222,06-07-2026 04:00,2
3833,Nachni,Uttarakhand,5,Uttarakhand,53,Pithoragarh,-,-,-,-,-,-,-,-,-,29.90594444,80.16097222,06-07-2026 05:00,1.5
3834,Nachni,Uttarakhand,5,Uttarakhand,53,Pithoragarh,-,-,-,-,-,-,-,-,-,29.90594444,80.16097222,06-07-2026 06:00,2
3835,Nachni,Uttarakhand,5,Uttarakhand,53,Pithoragarh,-,-,-,-,-,-,-,-,-,29.90594444,80.16097222,06-07-2026 07:00,1.5
3836,Nachni,Uttarakhand,5,Uttarakhand,53,Pithoragarh,-,-,-,-,-,-,-,-,-,29.90594444,80.16097222,06-07-2026 08:00,1.5
3837,Nachni,Uttarakhand,5,Uttarakhand,53,Pithoragarh,-,-,-,-,-,-,-,-,-,29.90594444,80.16097222,06-07-2026 09:00,1
3838,Nachni,Uttarakhand,5,Uttarakhand,53,Pithoragarh,-,-,-,-,-,-,-,-,-,29.90594444,80.16097222,06-07-2026 10:00,1
3839,Nachni,Uttarakhand,5,Uttarakhand,53,Pithoragarh,-,-,-,-,-,-,-,-,-,29.90594444,80.16097222,06-07-2026 11:00,1
3840,Nachni,Uttarakhand,5,Uttarakhand,53,Pithoragarh,-,-,-,-,-,-,-,-,-,29.90594444,80.16097222,06-07-2026 12:00,2
3841,Nachni,Uttarakhand,5,Uttarakhand,53,Pithoragarh,-,-,-,-,-,-,-,-,-,29.90594444,80.16097222,06-07-2026 13:00,2
3842,Nachni,Uttarakhand,5,Uttarakhand,53,Pithoragarh,-,-,-,-,-,-,-,-,-,29.90594444,80.16097222,06-07-2026 14:00,3
3843,Nachni,Uttarakhand,5,Uttarakhand,53,Pithoragarh,-,-,-,-,-,-,-,-,-,29.90594444,80.16097222,06-07-2026 15:00,5
3844,Nachni,Uttarakhand,5,Uttarakhand,53,Pithoragarh,-,-,-,-,-,-,-,-,-,29.90594444,80.16097222,06-07-2026 16:00,7.5
3845,Nachni,Uttarakhand,5,Uttarakhand,53,Pithoragarh,-,-,-,-,-,-,-,-,-,29.90594444,80.16097222,06-07-2026 17:00,9
3846,Nachni,Uttarakhand,5,Uttarakhand,53,Pithoragarh,-,-,-,-,-,-,-,-,-,29.90594444,80.16097222,06-07-2026 18:00,12.5
3847,Nachni,Uttarakhand,5,Uttarakhand,53,Pithoragarh,-,-,-,-,-,-,-,-,-,29.90594444,80.16097222,06-07-2026 19:00,11.5
3848,Nachni,Uttarakhand,5,Uttarakhand,53,Pithoragarh,-,-,-,-,-,-,-,-,-,29.90594444,80.16097222,06-07-2026 20:00,9
3849,Nachni,Uttarakhand,5,Uttarakhand,53,Pithoragarh,-,-,-,-,-,-,-,-,-,29.90594444,80.16097222,06-07-2026 21:00,9
3850,Nachni,Uttarakhand,5,Uttarakhand,53,Pithoragarh,-,-,-,-,-,-,-,-,-,29.90594444,80.16097222,06-07-2026 22:00,7
3851,Nachni,Uttarakhand,5,Uttarakhand,53,Pithoragarh,-,-,-,-,-,-,-,-,-,29.90594444,80.16097222,06-07-2026 23:00,7
3852,Nachni,Uttarakhand,5,Uttarakhand,53,Pithoragarh,-,-,-,-,-,-,-,-,-,29.90594444,80.16097222,07-07-2026 00:00,5.5
3853,Nachni,Uttarakhand,5,Uttarakhand,53,Pithoragarh,-,-,-,-,-,-,-,-,-,29.90594444,80.16097222,07-07-2026 01:00,4.5
3854,Nachni,Uttarakhand,5,Uttarakhand,53,Pithoragarh,-,-,-,-,-,-,-,-,-,29.90594444,80.16097222,07-07-2026 02:00,4.5
3855,Nachni,Uttarakhand,5,Uttarakhand,53,Pithoragarh,-,-,-,-,-,-,-,-,-,29.90594444,80.16097222,07-07-2026 03:00,5
3856,Nachni,Uttarakhand,5,Uttarakhand,53,Pithoragarh,-,-,-,-,-,-,-,-,-,29.90594444,80.16097222,07-07-2026 04:00,4.5
3857,Nachni,Uttarakhand,5,Uttarakhand,53,Pithoragarh,-,-,-,-,-,-,-,-,-,29.90594444,80.16097222,07-07-2026 05:00,3.5
3858,Nachni,Uttarakhand,5,Uttarakhand,53,Pithoragarh,-,-,-,-,-,-,-,-,-,29.90594444,80.16097222,07-07-2026 06:00,3.5
3859,Nachni,Uttarakhand,5,Uttarakhand,53,Pithoragarh,-,-,-,-,-,-,-,-,-,29.90594444,80.16097222,07-07-2026 07:00,3
3860,Nachni,Uttarakhand,5,Uttarakhand,53,Pithoragarh,-,-,-,-,-,-,-,-,-,29.90594444,80.16097222,07-07-2026 08:00,1.5
3861,Nachni,Uttarakhand,5,Uttarakhand,53,Pithoragarh,-,-,-,-,-,-,-,-,-,29.90594444,80.16097222,07-07-2026 09:00,2.5
3862,Nachni,Uttarakhand,5,Uttarakhand,53,Pithoragarh,-,-,-,-,-,-,-,-,-,29.90594444,80.16097222,07-07-2026 10:00,1.5
3863,Nachni,Uttarakhand,5,Uttarakhand,53,Pithoragarh,-,-,-,-,-,-,-,-,-,29.90594444,80.16097222,07-07-2026 11:00,3
3864,Nachni,Uttarakhand,5,Uttarakhand,53,Pithoragarh,-,-,-,-,-,-,-,-,-,29.90594444,80.16097222,07-07-2026 12:00,6
3865,Nachni,Uttarakhand,5,Uttarakhand,53,Pithoragarh,-,-,-,-,-,-,-,-,-,29.90594444,80.16097222,07-07-2026 13:00,10.5
3866,Nachni,Uttarakhand,5,Uttarakhand,53,Pithoragarh,-,-,-,-,-,-,-,-,-,29.90594444,80.16097222,07-07-2026 14:00,14
3867,Nachni,Uttarakhand,5,Uttarakhand,53,Pithoragarh,-,-,-,-,-,-,-,-,-,29.90594444,80.16097222,09-07-2026 21:00,0.5
3868,Nachni,Uttarakhand,5,Uttarakhand,53,Pithoragarh,-,-,-,-,-,-,-,-,-,29.90594444,80.16097222,10-07-2026 05:00,0.5
3869,Nachni,Uttarakhand,5,Uttarakhand,53,Pithoragarh,-,-,-,-,-,-,-,-,-,29.90594444,80.16097222,11-07-2026 20:00,0.5
3870,Nachni,Uttarakhand,5,Uttarakhand,53,Pithoragarh,-,-,-,-,-,-,-,-,-,29.90594444,80.16097222,12-07-2026 04:00,0.5
3871,Nachni,Uttarakhand,5,Uttarakhand,53,Pithoragarh,-,-,-,-,-,-,-,-,-,29.90594444,80.16097222,12-07-2026 08:00,0.5
3872,Nachni,Uttarakhand,5,Uttarakhand,53,Pithoragarh,-,-,-,-,-,-,-,-,-,29.90594444,80.16097222,12-07-2026 16:00,0.5
3873,Nachni,Uttarakhand,5,Uttarakhand,53,Pithoragarh,-,-,-,-,-,-,-,-,-,29.90594444,80.16097222,13-07-2026 00:00,0.5
3874,Nachni,Uttarakhand,5,Uttarakhand,53,Pithoragarh,-,-,-,-,-,-,-,-,-,29.90594444,80.16097222,13-07-2026 03:00,0.5
3875,Nachni,Uttarakhand,5,Uttarakhand,53,Pithoragarh,-,-,-,-,-,-,-,-,-,29.90594444,80.16097222,13-07-2026 04:00,0.5
3876,Nachni,Uttarakhand,5,Uttarakhand,53,Pithoragarh,-,-,-,-,-,-,-,-,-,29.90594444,80.16097222,13-07-2026 07:00,0.5
3877,Nachni,Uttarakhand,5,Uttarakhand,53,Pithoragarh,-,-,-,-,-,-,-,-,-,29.90594444,80.16097222,13-07-2026 09:00,0.5
3878,Nachni,Uttarakhand,5,Uttarakhand,53,Pithoragarh,-,-,-,-,-,-,-,-,-,29.90594444,80.16097222,13-07-2026 12:00,0.5
3879,Nachni,Uttarakhand,5,Uttarakhand,53,Pithoragarh,-,-,-,-,-,-,-,-,-,29.90594444,80.16097222,14-07-2026 02:00,0.5
3880,Nachni,Uttarakhand,5,Uttarakhand,53,Pithoragarh,-,-,-,-,-,-,-,-,-,29.90594444,80.16097222,14-07-2026 05:00,0.5
3881,Nachni,Uttarakhand,5,Uttarakhand,53,Pithoragarh,-,-,-,-,-,-,-,-,-,29.90594444,80.16097222,14-07-2026 06:00,0.5
3882,Nachni,Uttarakhand,5,Uttarakhand,53,Pithoragarh,-,-,-,-,-,-,-,-,-,29.90594444,80.16097222,14-07-2026 08:00,0.5
3883,Nachni,Uttarakhand,5,Uttarakhand,53,Pithoragarh,-,-,-,-,-,-,-,-,-,29.90594444,80.16097222,14-07-2026 16:00,0.5
3884,Nachni,Uttarakhand,5,Uttarakhand,53,Pithoragarh,-,-,-,-,-,-,-,-,-,29.90594444,80.16097222,14-07-2026 23:00,0.5
3885,Nachni,Uttarakhand,5,Uttarakhand,53,Pithoragarh,-,-,-,-,-,-,-,-,-,29.90594444,80.16097222,15-07-2026 00:00,0.5
3886,Nachni,Uttarakhand,5,Uttarakhand,53,Pithoragarh,-,-,-,-,-,-,-,-,-,29.90594444,80.16097222,15-07-2026 04:00,0.5
3887,Nachni,Uttarakhand,5,Uttarakhand,53,Pithoragarh,-,-,-,-,-,-,-,-,-,29.90594444,80.16097222,15-07-2026 14:00,0.5
3888,Nachni,Uttarakhand,5,Uttarakhand,53,Pithoragarh,-,-,-,-,-,-,-,-,-,29.90594444,80.16097222,15-07-2026 23:00,0.5
3889,Nachni,Uttarakhand,5,Uttarakhand,53,Pithoragarh,-,-,-,-,-,-,-,-,-,29.90594444,80.16097222,16-07-2026 04:00,0.5
3890,Nachni,Uttarakhand,5,Uttarakhand,53,Pithoragarh,-,-,-,-,-,-,-,-,-,29.90594444,80.16097222,16-07-2026 09:00,0.5
3891,Nachni,Uttarakhand,5,Uttarakhand,53,Pithoragarh,-,-,-,-,-,-,-,-,-,29.90594444,80.16097222,16-07-2026 19:00,0.5
3892,Nachni,Uttarakhand,5,Uttarakhand,53,Pithoragarh,-,-,-,-,-,-,-,-,-,29.90594444,80.16097222,16-07-2026 22:00,0.5
3893,Nachni,Uttarakhand,5,Uttarakhand,53,Pithoragarh,-,-,-,-,-,-,-,-,-,29.90594444,80.16097222,16-07-2026 23:00,0.5
3894,Nachni,Uttarakhand,5,Uttarakhand,53,Pithoragarh,-,-,-,-,-,-,-,-,-,29.90594444,80.16097222,17-07-2026 02:00,0.5
3895,Nachni,Uttarakhand,5,Uttarakhand,53,Pithoragarh,-,-,-,-,-,-,-,-,-,29.90594444,80.16097222,17-07-2026 04:00,0.5
3896,Nachni,Uttarakhand,5,Uttarakhand,53,Pithoragarh,-,-,-,-,-,-,-,-,-,29.90594444,80.16097222,17-07-2026 05:00,1
3897,Nachni,Uttarakhand,5,Uttarakhand,53,Pithoragarh,-,-,-,-,-,-,-,-,-,29.90594444,80.16097222,17-07-2026 06:00,1
3898,Nachni,Uttarakhand,5,Uttarakhand,53,Pithoragarh,-,-,-,-,-,-,-,-,-,29.90594444,80.16097222,17-07-2026 07:00,1
3899,Nachni,Uttarakhand,5,Uttarakhand,53,Pithoragarh,-,-,-,-,-,-,-,-,-,29.90594444,80.16097222,17-07-2026 08:00,0.5
3900,Nachni,Uttarakhand,5,Uttarakhand,53,Pithoragarh,-,-,-,-,-,-,-,-,-,29.90594444,80.16097222,17-07-2026 09:00,1
3901,Nachni,Uttarakhand,5,Uttarakhand,53,Pithoragarh,-,-,-,-,-,-,-,-,-,29.90594444,80.16097222,17-07-2026 10:00,0.5
3902,Nachni,Uttarakhand,5,Uttarakhand,53,Pithoragarh,-,-,-,-,-,-,-,-,-,29.90594444,80.16097222,17-07-2026 14:00,0.5
3903,Nachni,Uttarakhand,5,Uttarakhand,53,Pithoragarh,-,-,-,-,-,-,-,-,-,29.90594444,80.16097222,17-07-2026 16:00,1
3904,Nachni,Uttarakhand,5,Uttarakhand,53,Pithoragarh,-,-,-,-,-,-,-,-,-,29.90594444,80.16097222,17-07-2026 17:00,1
3905,Nachni,Uttarakhand,5,Uttarakhand,53,Pithoragarh,-,-,-,-,-,-,-,-,-,29.90594444,80.16097222,17-07-2026 19:00,0.5
3906,Nachni,Uttarakhand,5,Uttarakhand,53,Pithoragarh,-,-,-,-,-,-,-,-,-,29.90594444,80.16097222,18-07-2026 01:00,0.5
3907,Nachni,Uttarakhand,5,Uttarakhand,53,Pithoragarh,-,-,-,-,-,-,-,-,-,29.90594444,80.16097222,18-07-2026 06:00,0.5
3908,Nachni,Uttarakhand,5,Uttarakhand,53,Pithoragarh,-,-,-,-,-,-,-,-,-,29.90594444,80.16097222,18-07-2026 09:00,0.5
3909,Nachni,Uttarakhand,5,Uttarakhand,53,Pithoragarh,-,-,-,-,-,-,-,-,-,29.90594444,80.16097222,18-07-2026 10:00,0.5
3910,Nachni,Uttarakhand,5,Uttarakhand,53,Pithoragarh,-,-,-,-,-,-,-,-,-,29.90594444,80.16097222,18-07-2026 12:00,0.5
3911,Nachni,Uttarakhand,5,Uttarakhand,53,Pithoragarh,-,-,-,-,-,-,-,-,-,29.90594444,80.16097222,18-07-2026 14:00,0.5
3912,Nachni,Uttarakhand,5,Uttarakhand,53,Pithoragarh,-,-,-,-,-,-,-,-,-,29.90594444,80.16097222,18-07-2026 18:00,0.5
3913,Nachni,Uttarakhand,5,Uttarakhand,53,Pithoragarh,-,-,-,-,-,-,-,-,-,29.90594444,80.16097222,18-07-2026 22:00,0.5
3914,Nachni,Uttarakhand,5,Uttarakhand,53,Pithoragarh,-,-,-,-,-,-,-,-,-,29.90594444,80.16097222,19-07-2026 00:00,0.5
3915,Nachni,Uttarakhand,5,Uttarakhand,53,Pithoragarh,-,-,-,-,-,-,-,-,-,29.90594444,80.16097222,19-07-2026 04:00,0.5
3916,Nachni,Uttarakhand,5,Uttarakhand,53,Pithoragarh,-,-,-,-,-,-,-,-,-,29.90594444,80.16097222,19-07-2026 07:00,0.5
3917,Nachni,Uttarakhand,5,Uttarakhand,53,Pithoragarh,-,-,-,-,-,-,-,-,-,29.90594444,80.16097222,19-07-2026 08:00,0.5
3918,Nachni,Uttarakhand,5,Uttarakhand,53,Pithoragarh,-,-,-,-,-,-,-,-,-,29.90594444,80.16097222,19-07-2026 09:00,0.5
3919,Nachni,Uttarakhand,5,Uttarakhand,53,Pithoragarh,-,-,-,-,-,-,-,-,-,29.90594444,80.16097222,19-07-2026 10:00,0.5
3920,Nachni,Uttarakhand,5,Uttarakhand,53,Pithoragarh,-,-,-,-,-,-,-,-,-,29.90594444,80.16097222,19-07-2026 11:00,0.5
3921,Nachni,Uttarakhand,5,Uttarakhand,53,Pithoragarh,-,-,-,-,-,-,-,-,-,29.90594444,80.16097222,19-07-2026 12:00,0.5
3922,Nachni,Uttarakhand,5,Uttarakhand,53,Pithoragarh,-,-,-,-,-,-,-,-,-,29.90594444,80.16097222,19-07-2026 13:00,1
3923,Nachni,Uttarakhand,5,Uttarakhand,53,Pithoragarh,-,-,-,-,-,-,-,-,-,29.90594444,80.16097222,19-07-2026 14:00,0.5
3924,Nachni,Uttarakhand,5,Uttarakhand,53,Pithoragarh,-,-,-,-,-,-,-,-,-,29.90594444,80.16097222,19-07-2026 15:00,0.5
3925,Nachni,Uttarakhand,5,Uttarakhand,53,Pithoragarh,-,-,-,-,-,-,-,-,-,29.90594444,80.16097222,19-07-2026 17:00,0.5
3926,Nachni,Uttarakhand,5,Uttarakhand,53,Pithoragarh,-,-,-,-,-,-,-,-,-,29.90594444,80.16097222,19-07-2026 21:00,0.5
3927,Nachni,Uttarakhand,5,Uttarakhand,53,Pithoragarh,-,-,-,-,-,-,-,-,-,29.90594444,80.16097222,20-07-2026 00:00,0.5
3928,Nachni,Uttarakhand,5,Uttarakhand,53,Pithoragarh,-,-,-,-,-,-,-,-,-,29.90594444,80.16097222,20-07-2026 04:00,0.5
3929,Nachni,Uttarakhand,5,Uttarakhand,53,Pithoragarh,-,-,-,-,-,-,-,-,-,29.90594444,80.16097222,20-07-2026 05:00,0.5
3930,Nachni,Uttarakhand,5,Uttarakhand,53,Pithoragarh,-,-,-,-,-,-,-,-,-,29.90594444,80.16097222,20-07-2026 06:00,0.5
3931,Nachni,Uttarakhand,5,Uttarakhand,53,Pithoragarh,-,-,-,-,-,-,-,-,-,29.90594444,80.16097222,20-07-2026 07:00,0.5
3932,Nachni,Uttarakhand,5,Uttarakhand,53,Pithoragarh,-,-,-,-,-,-,-,-,-,29.90594444,80.16097222,20-07-2026 09:00,0.5
3933,Nachni,Uttarakhand,5,Uttarakhand,53,Pithoragarh,-,-,-,-,-,-,-,-,-,29.90594444,80.16097222,20-07-2026 13:00,0.5
3934,Nachni,Uttarakhand,5,Uttarakhand,53,Pithoragarh,-,-,-,-,-,-,-,-,-,29.90594444,80.16097222,20-07-2026 16:00,0.5
3935,Nachni,Uttarakhand,5,Uttarakhand,53,Pithoragarh,-,-,-,-,-,-,-,-,-,29.90594444,80.16097222,21-07-2026 01:00,0.5
3936,Nachni,Uttarakhand,5,Uttarakhand,53,Pithoragarh,-,-,-,-,-,-,-,-,-,29.90594444,80.16097222,21-07-2026 04:00,0.5
3937,Nachni,Uttarakhand,5,Uttarakhand,53,Pithoragarh,-,-,-,-,-,-,-,-,-,29.90594444,80.16097222,21-07-2026 06:00,0.5
3938,Nachni,Uttarakhand,5,Uttarakhand,53,Pithoragarh,-,-,-,-,-,-,-,-,-,29.90594444,80.16097222,21-07-2026 07:00,8.5
3939,Nachni,Uttarakhand,5,Uttarakhand,53,Pithoragarh,-,-,-,-,-,-,-,-,-,29.90594444,80.16097222,21-07-2026 08:00,6.5
3940,Nachni,Uttarakhand,5,Uttarakhand,53,Pithoragarh,-,-,-,-,-,-,-,-,-,29.90594444,80.16097222,21-07-2026 09:00,4.5
3941,Nachni,Uttarakhand,5,Uttarakhand,53,Pithoragarh,-,-,-,-,-,-,-,-,-,29.90594444,80.16097222,21-07-2026 10:00,4
3942,Nachni,Uttarakhand,5,Uttarakhand,53,Pithoragarh,-,-,-,-,-,-,-,-,-,29.90594444,80.16097222,21-07-2026 11:00,2
3943,Nachni,Uttarakhand,5,Uttarakhand,53,Pithoragarh,-,-,-,-,-,-,-,-,-,29.90594444,80.16097222,21-07-2026 12:00,1.5
3944,Nachni,Uttarakhand,5,Uttarakhand,53,Pithoragarh,-,-,-,-,-,-,-,-,-,29.90594444,80.16097222,21-07-2026 13:00,1
3945,Nachni,Uttarakhand,5,Uttarakhand,53,Pithoragarh,-,-,-,-,-,-,-,-,-,29.90594444,80.16097222,21-07-2026 15:00,0.5
3946,Nachni,Uttarakhand,5,Uttarakhand,53,Pithoragarh,-,-,-,-,-,-,-,-,-,29.90594444,80.16097222,21-07-2026 16:00,0.5
3947,Nachni,Uttarakhand,5,Uttarakhand,53,Pithoragarh,-,-,-,-,-,-,-,-,-,29.90594444,80.16097222,21-07-2026 17:00,1
3948,Nachni,Uttarakhand,5,Uttarakhand,53,Pithoragarh,-,-,-,-,-,-,-,-,-,29.90594444,80.16097222,21-07-2026 18:00,1
3949,Nachni,Uttarakhand,5,Uttarakhand,53,Pithoragarh,-,-,-,-,-,-,-,-,-,29.90594444,80.16097222,21-07-2026 19:00,0.5
3950,Nachni,Uttarakhand,5,Uttarakhand,53,Pithoragarh,-,-,-,-,-,-,-,-,-,29.90594444,80.16097222,21-07-2026 23:00,0.5
3951,Nachni,Uttarakhand,5,Uttarakhand,53,Pithoragarh,-,-,-,-,-,-,-,-,-,29.90594444,80.16097222,22-07-2026 05:00,0.5
3952,Nachni,Uttarakhand,5,Uttarakhand,53,Pithoragarh,-,-,-,-,-,-,-,-,-,29.90594444,80.16097222,22-07-2026 10:00,0.5
3953,Nachni,Uttarakhand,5,Uttarakhand,53,Pithoragarh,-,-,-,-,-,-,-,-,-,29.90594444,80.16097222,22-07-2026 22:00,0.5
3954,Nachni,Uttarakhand,5,Uttarakhand,53,Pithoragarh,-,-,-,-,-,-,-,-,-,29.90594444,80.16097222,23-07-2026 04:00,0.5
3955,Nachni,Uttarakhand,5,Uttarakhand,53,Pithoragarh,-,-,-,-,-,-,-,-,-,29.90594444,80.16097222,23-07-2026 07:00,0.5
3956,Nachni,Uttarakhand,5,Uttarakhand,53,Pithoragarh,-,-,-,-,-,-,-,-,-,29.90594444,80.16097222,23-07-2026 08:00,0.5
3957,Nachni,Uttarakhand,5,Uttarakhand,53,Pithoragarh,-,-,-,-,-,-,-,-,-,29.90594444,80.16097222,23-07-2026 10:00,0.5
3958,Nachni,Uttarakhand,5,Uttarakhand,53,Pithoragarh,-,-,-,-,-,-,-,-,-,29.90594444,80.16097222,23-07-2026 11:00,1
3959,Nachni,Uttarakhand,5,Uttarakhand,53,Pithoragarh,-,-,-,-,-,-,-,-,-,29.90594444,80.16097222,23-07-2026 12:00,1
3960,Nachni,Uttarakhand,5,Uttarakhand,53,Pithoragarh,-,-,-,-,-,-,-,-,-,29.90594444,80.16097222,23-07-2026 13:00,1.5
3961,Nachni,Uttarakhand,5,Uttarakhand,53,Pithoragarh,-,-,-,-,-,-,-,-,-,29.90594444,80.16097222,23-07-2026 14:00,1.5
3962,Nachni,Uttarakhand,5,Uttarakhand,53,Pithoragarh,-,-,-,-,-,-,-,-,-,29.90594444,80.16097222,23-07-2026 15:00,1.5
3963,Nachni,Uttarakhand,5,Uttarakhand,53,Pithoragarh,-,-,-,-,-,-,-,-,-,29.90594444,80.16097222,23-07-2026 17:00,0.5
3964,Nachni,Uttarakhand,5,Uttarakhand,53,Pithoragarh,-,-,-,-,-,-,-,-,-,29.90594444,80.16097222,23-07-2026 20:00,0.5
3965,Nachni,Uttarakhand,5,Uttarakhand,53,Pithoragarh,-,-,-,-,-,-,-,-,-,29.90594444,80.16097222,23-07-2026 21:00,0.5
3966,Nachni,Uttarakhand,5,Uttarakhand,53,Pithoragarh,-,-,-,-,-,-,-,-,-,29.90594444,80.16097222,23-07-2026 23:00,0.5
3967,Nachni,Uttarakhand,5,Uttarakhand,53,Pithoragarh,-,-,-,-,-,-,-,-,-,29.90594444,80.16097222,24-07-2026 03:00,0.5
3968,Nachni,Uttarakhand,5,Uttarakhand,53,Pithoragarh,-,-,-,-,-,-,-,-,-,29.90594444,80.16097222,24-07-2026 05:00,0.5
3969,Nachni,Uttarakhand,5,Uttarakhand,53,Pithoragarh,-,-,-,-,-,-,-,-,-,29.90594444,80.16097222,24-07-2026 06:00,0.5
3970,Nachni,Uttarakhand,5,Uttarakhand,53,Pithoragarh,-,-,-,-,-,-,-,-,-,29.90594444,80.16097222,24-07-2026 07:00,0.5
3971,Nachni,Uttarakhand,5,Uttarakhand,53,Pithoragarh,-,-,-,-,-,-,-,-,-,29.90594444,80.16097222,24-07-2026 09:00,1.5
3972,Nachni,Uttarakhand,5,Uttarakhand,53,Pithoragarh,-,-,-,-,-,-,-,-,-,29.90594444,80.16097222,24-07-2026 10:00,1
3973,Nachni,Uttarakhand,5,Uttarakhand,53,Pithoragarh,-,-,-,-,-,-,-,-,-,29.90594444,80.16097222,24-07-2026 11:00,0.5
3974,Nachni,Uttarakhand,5,Uttarakhand,53,Pithoragarh,-,-,-,-,-,-,-,-,-,29.90594444,80.16097222,24-07-2026 12:00,1
3975,Nachni,Uttarakhand,5,Uttarakhand,53,Pithoragarh,-,-,-,-,-,-,-,-,-,29.90594444,80.16097222,24-07-2026 13:00,1
3976,Nachni,Uttarakhand,5,Uttarakhand,53,Pithoragarh,-,-,-,-,-,-,-,-,-,29.90594444,80.16097222,24-07-2026 14:00,1
3977,Nachni,Uttarakhand,5,Uttarakhand,53,Pithoragarh,-,-,-,-,-,-,-,-,-,29.90594444,80.16097222,24-07-2026 15:00,1
3978,Nachni,Uttarakhand,5,Uttarakhand,53,Pithoragarh,-,-,-,-,-,-,-,-,-,29.90594444,80.16097222,24-07-2026 16:00,2
3979,Nachni,Uttarakhand,5,Uttarakhand,53,Pithoragarh,-,-,-,-,-,-,-,-,-,29.90594444,80.16097222,24-07-2026 17:00,1
3980,Nachni,Uttarakhand,5,Uttarakhand,53,Pithoragarh,-,-,-,-,-,-,-,-,-,29.90594444,80.16097222,24-07-2026 18:00,1
3981,Nachni,Uttarakhand,5,Uttarakhand,53,Pithoragarh,-,-,-,-,-,-,-,-,-,29.90594444,80.16097222,24-07-2026 19:00,0.5
3982,Nachni,Uttarakhand,5,Uttarakhand,53,Pithoragarh,-,-,-,-,-,-,-,-,-,29.90594444,80.16097222,24-07-2026 20:00,0.5
3983,Nachni,Uttarakhand,5,Uttarakhand,53,Pithoragarh,-,-,-,-,-,-,-,-,-,29.90594444,80.16097222,24-07-2026 21:00,0.5
3984,Nachni,Uttarakhand,5,Uttarakhand,53,Pithoragarh,-,-,-,-,-,-,-,-,-,29.90594444,80.16097222,24-07-2026 22:00,1.5
3985,Nachni,Uttarakhand,5,Uttarakhand,53,Pithoragarh,-,-,-,-,-,-,-,-,-,29.90594444,80.16097222,24-07-2026 23:00,0.5
3986,Nachni,Uttarakhand,5,Uttarakhand,53,Pithoragarh,-,-,-,-,-,-,-,-,-,29.90594444,80.16097222,25-07-2026 00:00,1
3987,Nachni,Uttarakhand,5,Uttarakhand,53,Pithoragarh,-,-,-,-,-,-,-,-,-,29.90594444,80.16097222,25-07-2026 01:00,0.5
3988,Nachni,Uttarakhand,5,Uttarakhand,53,Pithoragarh,-,-,-,-,-,-,-,-,-,29.90594444,80.16097222,25-07-2026 02:00,0.5
3989,Nachni,Uttarakhand,5,Uttarakhand,53,Pithoragarh,-,-,-,-,-,-,-,-,-,29.90594444,80.16097222,25-07-2026 03:00,0.5
3990,Nachni,Uttarakhand,5,Uttarakhand,53,Pithoragarh,-,-,-,-,-,-,-,-,-,29.90594444,80.16097222,25-07-2026 04:00,0.5
3991,Nachni,Uttarakhand,5,Uttarakhand,53,Pithoragarh,-,-,-,-,-,-,-,-,-,29.90594444,80.16097222,25-07-2026 05:00,1
3992,Nachni,Uttarakhand,5,Uttarakhand,53,Pithoragarh,-,-,-,-,-,-,-,-,-,29.90594444,80.16097222,25-07-2026 06:00,0.5
3993,Nachni,Uttarakhand,5,Uttarakhand,53,Pithoragarh,-,-,-,-,-,-,-,-,-,29.90594444,80.16097222,25-07-2026 08:00,0.5
3994,Nachni,Uttarakhand,5,Uttarakhand,53,Pithoragarh,-,-,-,-,-,-,-,-,-,29.90594444,80.16097222,25-07-2026 11:00,0.5
3995,Nachni,Uttarakhand,5,Uttarakhand,53,Pithoragarh,-,-,-,-,-,-,-,-,-,29.90594444,80.16097222,25-07-2026 20:00,0.5
3996,Nachni,Uttarakhand,5,Uttarakhand,53,Pithoragarh,-,-,-,-,-,-,-,-,-,29.90594444,80.16097222,25-07-2026 23:00,2.5
3997,Nachni,Uttarakhand,5,Uttarakhand,53,Pithoragarh,-,-,-,-,-,-,-,-,-,29.90594444,80.16097222,26-07-2026 00:00,2.5
3998,Nachni,Uttarakhand,5,Uttarakhand,53,Pithoragarh,-,-,-,-,-,-,-,-,-,29.90594444,80.16097222,26-07-2026 01:00,2.5
3999,Nachni,Uttarakhand,5,Uttarakhand,53,Pithoragarh,-,-,-,-,-,-,-,-,-,29.90594444,80.16097222,26-07-2026 02:00,2.5
4000,Nachni,Uttarakhand,5,Uttarakhand,53,Pithoragarh,-,-,-,-,-,-,-,-,-,29.90594444,80.16097222,26-07-2026 03:00,1.5
4001,Nachni,Uttarakhand,5,Uttarakhand,53,Pithoragarh,-,-,-,-,-,-,-,-,-,29.90594444,80.16097222,27-07-2026 05:00,0.5
4002,Nachni,Uttarakhand,5,Uttarakhand,53,Pithoragarh,-,-,-,-,-,-,-,-,-,29.90594444,80.16097222,27-07-2026 07:00,1.5
4003,Nachni,Uttarakhand,5,Uttarakhand,53,Pithoragarh,-,-,-,-,-,-,-,-,-,29.90594444,80.16097222,27-07-2026 08:00,10
4004,Nachni,Uttarakhand,5,Uttarakhand,53,Pithoragarh,-,-,-,-,-,-,-,-,-,29.90594444,80.16097222,27-07-2026 10:00,1
4005,Nachni,Uttarakhand,5,Uttarakhand,53,Pithoragarh,-,-,-,-,-,-,-,-,-,29.90594444,80.16097222,27-07-2026 11:00,0.5
4006,Nachni,Uttarakhand,5,Uttarakhand,53,Pithoragarh,-,-,-,-,-,-,-,-,-,29.90594444,80.16097222,27-07-2026 12:00,1.5
4007,Nachni,Uttarakhand,5,Uttarakhand,53,Pithoragarh,-,-,-,-,-,-,-,-,-,29.90594444,80.16097222,27-07-2026 17:00,1
4008,Nachni,Uttarakhand,5,Uttarakhand,53,Pithoragarh,-,-,-,-,-,-,-,-,-,29.90594444,80.16097222,27-07-2026 18:00,1
4009,Nachni,Uttarakhand,5,Uttarakhand,53,Pithoragarh,-,-,-,-,-,-,-,-,-,29.90594444,80.16097222,27-07-2026 19:00,1
4010,Nachni,Uttarakhand,5,Uttarakhand,53,Pithoragarh,-,-,-,-,-,-,-,-,-,29.90594444,80.16097222,27-07-2026 20:00,1.5
4011,Nachni,Uttarakhand,5,Uttarakhand,53,Pithoragarh,-,-,-,-,-,-,-,-,-,29.90594444,80.16097222,27-07-2026 21:00,2
4012,Nachni,Uttarakhand,5,Uttarakhand,53,Pithoragarh,-,-,-,-,-,-,-,-,-,29.90594444,80.16097222,27-07-2026 22:00,2
4013,Nachni,Uttarakhand,5,Uttarakhand,53,Pithoragarh,-,-,-,-,-,-,-,-,-,29.90594444,80.16097222,28-07-2026 00:00,0.5
4014,Nachni,Uttarakhand,5,Uttarakhand,53,Pithoragarh,-,-,-,-,-,-,-,-,-,29.90594444,80.16097222,28-07-2026 01:00,1
4015,Nachni,Uttarakhand,5,Uttarakhand,53,Pithoragarh,-,-,-,-,-,-,-,-,-,29.90594444,80.16097222,28-07-2026 02:00,1.5
4016,Nachni,Uttarakhand,5,Uttarakhand,53,Pithoragarh,-,-,-,-,-,-,-,-,-,29.90594444,80.16097222,28-07-2026 03:00,2
4017,Nachni,Uttarakhand,5,Uttarakhand,53,Pithoragarh,-,-,-,-,-,-,-,-,-,29.90594444,80.16097222,28-07-2026 04:00,4
4018,Nachni,Uttarakhand,5,Uttarakhand,53,Pithoragarh,-,-,-,-,-,-,-,-,-,29.90594444,80.16097222,28-07-2026 05:00,4
4019,Nachni,Uttarakhand,5,Uttarakhand,53,Pithoragarh,-,-,-,-,-,-,-,-,-,29.90594444,80.16097222,28-07-2026 06:00,4
4020,Nachni,Uttarakhand,5,Uttarakhand,53,Pithoragarh,-,-,-,-,-,-,-,-,-,29.90594444,80.16097222,28-07-2026 07:00,3
4021,Nachni,Uttarakhand,5,Uttarakhand,53,Pithoragarh,-,-,-,-,-,-,-,-,-,29.90594444,80.16097222,28-07-2026 08:00,1
4022,Nachni,Uttarakhand,5,Uttarakhand,53,Pithoragarh,-,-,-,-,-,-,-,-,-,29.90594444,80.16097222,28-07-2026 09:00,0.5
4023,Nachni,Uttarakhand,5,Uttarakhand,53,Pithoragarh,-,-,-,-,-,-,-,-,-,29.90594444,80.16097222,28-07-2026 10:00,0.5
4024,Nachni,Uttarakhand,5,Uttarakhand,53,Pithoragarh,-,-,-,-,-,-,-,-,-,29.90594444,80.16097222,29-07-2026 02:00,0.5
4025,Nachni,Uttarakhand,5,Uttarakhand,53,Pithoragarh,-,-,-,-,-,-,-,-,-,29.90594444,80.16097222,29-07-2026 03:00,0.5
4026,Nachni,Uttarakhand,5,Uttarakhand,53,Pithoragarh,-,-,-,-,-,-,-,-,-,29.90594444,80.16097222,29-07-2026 04:00,2
4027,Nachni,Uttarakhand,5,Uttarakhand,53,Pithoragarh,-,-,-,-,-,-,-,-,-,29.90594444,80.16097222,29-07-2026 05:00,3
4028,Nachni,Uttarakhand,5,Uttarakhand,53,Pithoragarh,-,-,-,-,-,-,-,-,-,29.90594444,80.16097222,29-07-2026 06:00,0.5
4029,Nachni,Uttarakhand,5,Uttarakhand,53,Pithoragarh,-,-,-,-,-,-,-,-,-,29.90594444,80.16097222,30-07-2026 03:00,0.5
4030,Nachni,Uttarakhand,5,Uttarakhand,53,Pithoragarh,-,-,-,-,-,-,-,-,-,29.90594444,80.16097222,30-07-2026 05:00,0.5
4031,Nachni,Uttarakhand,5,Uttarakhand,53,Pithoragarh,-,-,-,-,-,-,-,-,-,29.90594444,80.16097222,30-07-2026 06:00,0.5
4032,Nachni,Uttarakhand,5,Uttarakhand,53,Pithoragarh,-,-,-,-,-,-,-,-,-,29.90594444,80.16097222,30-07-2026 08:00,0.5
4033,Nachni,Uttarakhand,5,Uttarakhand,53,Pithoragarh,-,-,-,-,-,-,-,-,-,29.90594444,80.16097222,30-07-2026 13:00,0.5
4034,Nachni,Uttarakhand,5,Uttarakhand,53,Pithoragarh,-,-,-,-,-,-,-,-,-,29.90594444,80.16097222,31-07-2026 18:00,0.5
4035,Nachni,Uttarakhand,5,Uttarakhand,53,Pithoragarh,-,-,-,-,-,-,-,-,-,29.90594444,80.16097222,01-08-2026 13:00,0.5
4036,Nachni,Uttarakhand,5,Uttarakhand,53,Pithoragarh,-,-,-,-,-,-,-,-,-,29.90594444,80.16097222,02-08-2026 05:00,0.5
4037,Nachni,Uttarakhand,5,Uttarakhand,53,Pithoragarh,-,-,-,-,-,-,-,-,-,29.90594444,80.16097222,02-08-2026 20:00,0.5
4038,Nachni,Uttarakhand,5,Uttarakhand,53,Pithoragarh,-,-,-,-,-,-,-,-,-,29.90594444,80.16097222,03-08-2026 15:00,0.5
4039,Nachni,Uttarakhand,5,Uttarakhand,53,Pithoragarh,-,-,-,-,-,-,-,-,-,29.90594444,80.16097222,04-08-2026 08:00,0.5
4040,Nachni,Uttarakhand,5,Uttarakhand,53,Pithoragarh,-,-,-,-,-,-,-,-,-,29.90594444,80.16097222,04-08-2026 23:00,0.5
4041,Nachni,Uttarakhand,5,Uttarakhand,53,Pithoragarh,-,-,-,-,-,-,-,-,-,29.90594444,80.16097222,05-08-2026 13:00,0.5
4042,Nachni,Uttarakhand,5,Uttarakhand,53,Pithoragarh,-,-,-,-,-,-,-,-,-,29.90594444,80.16097222,10-08-2026 17:00,0.5
4043,Nachni,Uttarakhand,5,Uttarakhand,53,Pithoragarh,-,-,-,-,-,-,-,-,-,29.90594444,80.16097222,11-08-2026 10:00,0.5
4044,Nachni,Uttarakhand,5,Uttarakhand,53,Pithoragarh,-,-,-,-,-,-,-,-,-,29.90594444,80.16097222,11-08-2026 11:00,0.5
4045,Nachni,Uttarakhand,5,Uttarakhand,53,Pithoragarh,-,-,-,-,-,-,-,-,-,29.90594444,80.16097222,11-08-2026 12:00,0.5
4046,Nachni,Uttarakhand,5,Uttarakhand,53,Pithoragarh,-,-,-,-,-,-,-,-,-,29.90594444,80.16097222,11-08-2026 14:00,0.5
4047,Nachni,Uttarakhand,5,Uttarakhand,53,Pithoragarh,-,-,-,-,-,-,-,-,-,29.90594444,80.16097222,11-08-2026 16:00,0.5
4048,Nachni,Uttarakhand,5,Uttarakhand,53,Pithoragarh,-,-,-,-,-,-,-,-,-,29.90594444,80.16097222,11-08-2026 18:00,0.5
4049,Nachni,Uttarakhand,5,Uttarakhand,53,Pithoragarh,-,-,-,-,-,-,-,-,-,29.90594444,80.16097222,11-08-2026 22:00,0.5
4050,Nachni,Uttarakhand,5,Uttarakhand,53,Pithoragarh,-,-,-,-,-,-,-,-,-,29.90594444,80.16097222,12-08-2026 02:00,0.5
4051,Nachni,Uttarakhand,5,Uttarakhand,53,Pithoragarh,-,-,-,-,-,-,-,-,-,29.90594444,80.16097222,12-08-2026 05:00,0.5
4052,Nachni,Uttarakhand,5,Uttarakhand,53,Pithoragarh,-,-,-,-,-,-,-,-,-,29.90594444,80.16097222,12-08-2026 09:00,0.5
4053,Nachni,Uttarakhand,5,Uttarakhand,53,Pithoragarh,-,-,-,-,-,-,-,-,-,29.90594444,80.16097222,12-08-2026 12:00,0.5
4054,Nachni,Uttarakhand,5,Uttarakhand,53,Pithoragarh,-,-,-,-,-,-,-,-,-,29.90594444,80.16097222,12-08-2026 14:00,0.5
4055,Nachni,Uttarakhand,5,Uttarakhand,53,Pithoragarh,-,-,-,-,-,-,-,-,-,29.90594444,80.16097222,12-08-2026 15:00,0.5
4056,Nachni,Uttarakhand,5,Uttarakhand,53,Pithoragarh,-,-,-,-,-,-,-,-,-,29.90594444,80.16097222,12-08-2026 16:00,1
4057,Nachni,Uttarakhand,5,Uttarakhand,53,Pithoragarh,-,-,-,-,-,-,-,-,-,29.90594444,80.16097222,12-08-2026 17:00,0.5
4058,Nachni,Uttarakhand,5,Uttarakhand,53,Pithoragarh,-,-,-,-,-,-,-,-,-,29.90594444,80.16097222,12-08-2026 18:00,0.5
4059,Nachni,Uttarakhand,5,Uttarakhand,53,Pithoragarh,-,-,-,-,-,-,-,-,-,29.90594444,80.16097222,12-08-2026 19:00,1
4060,Nachni,Uttarakhand,5,Uttarakhand,53,Pithoragarh,-,-,-,-,-,-,-,-,-,29.90594444,80.16097222,12-08-2026 20:00,0.5
4061,Nachni,Uttarakhand,5,Uttarakhand,53,Pithoragarh,-,-,-,-,-,-,-,-,-,29.90594444,80.16097222,12-08-2026 21:00,0.5
4062,Nachni,Uttarakhand,5,Uttarakhand,53,Pithoragarh,-,-,-,-,-,-,-,-,-,29.90594444,80.16097222,12-08-2026 22:00,0.5
4063,Nachni,Uttarakhand,5,Uttarakhand,53,Pithoragarh,-,-,-,-,-,-,-,-,-,29.90594444,80.16097222,13-08-2026 02:00,0.5
4064,Nachni,Uttarakhand,5,Uttarakhand,53,Pithoragarh,-,-,-,-,-,-,-,-,-,29.90594444,80.16097222,13-08-2026 03:00,0.5
4065,Nachni,Uttarakhand,5,Uttarakhand,53,Pithoragarh,-,-,-,-,-,-,-,-,-,29.90594444,80.16097222,13-08-2026 04:00,0.5
4066,Nachni,Uttarakhand,5,Uttarakhand,53,Pithoragarh,-,-,-,-,-,-,-,-,-,29.90594444,80.16097222,13-08-2026 05:00,0.5
4067,Nachni,Uttarakhand,5,Uttarakhand,53,Pithoragarh,-,-,-,-,-,-,-,-,-,29.90594444,80.16097222,13-08-2026 06:00,0.5
4068,Nachni,Uttarakhand,5,Uttarakhand,53,Pithoragarh,-,-,-,-,-,-,-,-,-,29.90594444,80.16097222,13-08-2026 07:00,0.5
4069,Nachni,Uttarakhand,5,Uttarakhand,53,Pithoragarh,-,-,-,-,-,-,-,-,-,29.90594444,80.16097222,13-08-2026 08:00,0.5
4070,Nachni,Uttarakhand,5,Uttarakhand,53,Pithoragarh,-,-,-,-,-,-,-,-,-,29.90594444,80.16097222,13-08-2026 10:00,0.5
4071,Nachni,Uttarakhand,5,Uttarakhand,53,Pithoragarh,-,-,-,-,-,-,-,-,-,29.90594444,80.16097222,13-08-2026 11:00,0.5
4072,Nachni,Uttarakhand,5,Uttarakhand,53,Pithoragarh,-,-,-,-,-,-,-,-,-,29.90594444,80.16097222,13-08-2026 12:00,0.5
4073,Nachni,Uttarakhand,5,Uttarakhand,53,Pithoragarh,-,-,-,-,-,-,-,-,-,29.90594444,80.16097222,13-08-2026 14:00,1
4074,Nachni,Uttarakhand,5,Uttarakhand,53,Pithoragarh,-,-,-,-,-,-,-,-,-,29.90594444,80.16097222,13-08-2026 15:00,0.5
4075,Nachni,Uttarakhand,5,Uttarakhand,53,Pithoragarh,-,-,-,-,-,-,-,-,-,29.90594444,80.16097222,13-08-2026 16:00,1
4076,Nachni,Uttarakhand,5,Uttarakhand,53,Pithoragarh,-,-,-,-,-,-,-,-,-,29.90594444,80.16097222,13-08-2026 17:00,0.5
4077,Nachni,Uttarakhand,5,Uttarakhand,53,Pithoragarh,-,-,-,-,-,-,-,-,-,29.90594444,80.16097222,13-08-2026 18:00,1
4078,Nachni,Uttarakhand,5,Uttarakhand,53,Pithoragarh,-,-,-,-,-,-,-,-,-,29.90594444,80.16097222,13-08-2026 19:00,1
4079,Nachni,Uttarakhand,5,Uttarakhand,53,Pithoragarh,-,-,-,-,-,-,-,-,-,29.90594444,80.16097222,13-08-2026 20:00,0.5
4080,Nachni,Uttarakhand,5,Uttarakhand,53,Pithoragarh,-,-,-,-,-,-,-,-,-,29.90594444,80.16097222,13-08-2026 21:00,0.5
4081,Nachni,Uttarakhand,5,Uttarakhand,53,Pithoragarh,-,-,-,-,-,-,-,-,-,29.90594444,80.16097222,13-08-2026 22:00,1
4082,Nachni,Uttarakhand,5,Uttarakhand,53,Pithoragarh,-,-,-,-,-,-,-,-,-,29.90594444,80.16097222,13-08-2026 23:00,0.5
4083,Nachni,Uttarakhand,5,Uttarakhand,53,Pithoragarh,-,-,-,-,-,-,-,-,-,29.90594444,80.16097222,14-08-2026 00:00,0.5
4084,Nachni,Uttarakhand,5,Uttarakhand,53,Pithoragarh,-,-,-,-,-,-,-,-,-,29.90594444,80.16097222,14-08-2026 01:00,1
4085,Nachni,Uttarakhand,5,Uttarakhand,53,Pithoragarh,-,-,-,-,-,-,-,-,-,29.90594444,80.16097222,14-08-2026 02:00,0.5
4086,Nachni,Uttarakhand,5,Uttarakhand,53,Pithoragarh,-,-,-,-,-,-,-,-,-,29.90594444,80.16097222,14-08-2026 03:00,1
4087,Nachni,Uttarakhand,5,Uttarakhand,53,Pithoragarh,-,-,-,-,-,-,-,-,-,29.90594444,80.16097222,14-08-2026 04:00,0.5
4088,Nachni,Uttarakhand,5,Uttarakhand,53,Pithoragarh,-,-,-,-,-,-,-,-,-,29.90594444,80.16097222,14-08-2026 05:00,0.5
4089,Nachni,Uttarakhand,5,Uttarakhand,53,Pithoragarh,-,-,-,-,-,-,-,-,-,29.90594444,80.16097222,14-08-2026 06:00,1
4090,Nachni,Uttarakhand,5,Uttarakhand,53,Pithoragarh,-,-,-,-,-,-,-,-,-,29.90594444,80.16097222,14-08-2026 07:00,0.5
4091,Nachni,Uttarakhand,5,Uttarakhand,53,Pithoragarh,-,-,-,-,-,-,-,-,-,29.90594444,80.16097222,14-08-2026 08:00,1
4092,Nachni,Uttarakhand,5,Uttarakhand,53,Pithoragarh,-,-,-,-,-,-,-,-,-,29.90594444,80.16097222,14-08-2026 09:00,0.5
4093,Nachni,Uttarakhand,5,Uttarakhand,53,Pithoragarh,-,-,-,-,-,-,-,-,-,29.90594444,80.16097222,14-08-2026 10:00,1
4094,Nachni,Uttarakhand,5,Uttarakhand,53,Pithoragarh,-,-,-,-,-,-,-,-,-,29.90594444,80.16097222,14-08-2026 11:00,0.5
4095,Nachni,Uttarakhand,5,Uttarakhand,53,Pithoragarh,-,-,-,-,-,-,-,-,-,29.90594444,80.16097222,14-08-2026 12:00,0.5
4096,Nachni,Uttarakhand,5,Uttarakhand,53,Pithoragarh,-,-,-,-,-,-,-,-,-,29.90594444,80.16097222,14-08-2026 13:00,0.5
4097,Nachni,Uttarakhand,5,Uttarakhand,53,Pithoragarh,-,-,-,-,-,-,-,-,-,29.90594444,80.16097222,14-08-2026 14:00,1
4098,Nachni,Uttarakhand,5,Uttarakhand,53,Pithoragarh,-,-,-,-,-,-,-,-,-,29.90594444,80.16097222,14-08-2026 15:00,0.5
4099,Nachni,Uttarakhand,5,Uttarakhand,53,Pithoragarh,-,-,-,-,-,-,-,-,-,29.90594444,80.16097222,14-08-2026 16:00,0.5
4100,Nachni,Uttarakhand,5,Uttarakhand,53,Pithoragarh,-,-,-,-,-,-,-,-,-,29.90594444,80.16097222,14-08-2026 17:00,0.5
4101,Nachni,Uttarakhand,5,Uttarakhand,53,Pithoragarh,-,-,-,-,-,-,-,-,-,29.90594444,80.16097222,14-08-2026 18:00,0.5
4102,Nachni,Uttarakhand,5,Uttarakhand,53,Pithoragarh,-,-,-,-,-,-,-,-,-,29.90594444,80.16097222,14-08-2026 19:00,0.5
4103,Nachni,Uttarakhand,5,Uttarakhand,53,Pithoragarh,-,-,-,-,-,-,-,-,-,29.90594444,80.16097222,14-08-2026 20:00,1
4104,Nachni,Uttarakhand,5,Uttarakhand,53,Pithoragarh,-,-,-,-,-,-,-,-,-,29.90594444,80.16097222,14-08-2026 21:00,0.5
4105,Nachni,Uttarakhand,5,Uttarakhand,53,Pithoragarh,-,-,-,-,-,-,-,-,-,29.90594444,80.16097222,14-08-2026 22:00,0.5
4106,Nachni,Uttarakhand,5,Uttarakhand,53,Pithoragarh,-,-,-,-,-,-,-,-,-,29.90594444,80.16097222,14-08-2026 23:00,1
4107,Nachni,Uttarakhand,5,Uttarakhand,53,Pithoragarh,-,-,-,-,-,-,-,-,-,29.90594444,80.16097222,15-08-2026 00:00,0.5
4108,Nachni,Uttarakhand,5,Uttarakhand,53,Pithoragarh,-,-,-,-,-,-,-,-,-,29.90594444,80.16097222,15-08-2026 01:00,0.5
4109,Nachni,Uttarakhand,5,Uttarakhand,53,Pithoragarh,-,-,-,-,-,-,-,-,-,29.90594444,80.16097222,15-08-2026 02:00,1
4110,Nachni,Uttarakhand,5,Uttarakhand,53,Pithoragarh,-,-,-,-,-,-,-,-,-,29.90594444,80.16097222,15-08-2026 03:00,1
4111,Nachni,Uttarakhand,5,Uttarakhand,53,Pithoragarh,-,-,-,-,-,-,-,-,-,29.90594444,80.16097222,15-08-2026 05:00,0.5
4112,Nachni,Uttarakhand,5,Uttarakhand,53,Pithoragarh,-,-,-,-,-,-,-,-,-,29.90594444,80.16097222,15-08-2026 07:00,0.5
4113,Nachni,Uttarakhand,5,Uttarakhand,53,Pithoragarh,-,-,-,-,-,-,-,-,-,29.90594444,80.16097222,15-08-2026 09:00,0.5
4114,Nachni,Uttarakhand,5,Uttarakhand,53,Pithoragarh,-,-,-,-,-,-,-,-,-,29.90594444,80.16097222,15-08-2026 13:00,1
4115,Nachni,Uttarakhand,5,Uttarakhand,53,Pithoragarh,-,-,-,-,-,-,-,-,-,29.90594444,80.16097222,15-08-2026 14:00,0.5
4116,Nachni,Uttarakhand,5,Uttarakhand,53,Pithoragarh,-,-,-,-,-,-,-,-,-,29.90594444,80.16097222,15-08-2026 15:00,0.5
4117,Nachni,Uttarakhand,5,Uttarakhand,53,Pithoragarh,-,-,-,-,-,-,-,-,-,29.90594444,80.16097222,15-08-2026 16:00,1
4118,Nachni,Uttarakhand,5,Uttarakhand,53,Pithoragarh,-,-,-,-,-,-,-,-,-,29.90594444,80.16097222,15-08-2026 17:00,1.5
4119,Nachni,Uttarakhand,5,Uttarakhand,53,Pithoragarh,-,-,-,-,-,-,-,-,-,29.90594444,80.16097222,15-08-2026 18:00,1.5
4120,Nachni,Uttarakhand,5,Uttarakhand,53,Pithoragarh,-,-,-,-,-,-,-,-,-,29.90594444,80.16097222,15-08-2026 19:00,1.5
4121,Nachni,Uttarakhand,5,Uttarakhand,53,Pithoragarh,-,-,-,-,-,-,-,-,-,29.90594444,80.16097222,15-08-2026 20:00,3
4122,Nachni,Uttarakhand,5,Uttarakhand,53,Pithoragarh,-,-,-,-,-,-,-,-,-,29.90594444,80.16097222,15-08-2026 21:00,2
4123,Nachni,Uttarakhand,5,Uttarakhand,53,Pithoragarh,-,-,-,-,-,-,-,-,-,29.90594444,80.16097222,15-08-2026 22:00,2.5
4124,Nachni,Uttarakhand,5,Uttarakhand,53,Pithoragarh,-,-,-,-,-,-,-,-,-,29.90594444,80.16097222,15-08-2026 23:00,2
4125,Nachni,Uttarakhand,5,Uttarakhand,53,Pithoragarh,-,-,-,-,-,-,-,-,-,29.90594444,80.16097222,16-08-2026 00:00,3
4126,Nachni,Uttarakhand,5,Uttarakhand,53,Pithoragarh,-,-,-,-,-,-,-,-,-,29.90594444,80.16097222,16-08-2026 01:00,3
4127,Nachni,Uttarakhand,5,Uttarakhand,53,Pithoragarh,-,-,-,-,-,-,-,-,-,29.90594444,80.16097222,16-08-2026 02:00,2.5
4128,Nachni,Uttarakhand,5,Uttarakhand,53,Pithoragarh,-,-,-,-,-,-,-,-,-,29.90594444,80.16097222,16-08-2026 03:00,3
4129,Nachni,Uttarakhand,5,Uttarakhand,53,Pithoragarh,-,-,-,-,-,-,-,-,-,29.90594444,80.16097222,16-08-2026 04:00,2.5
4130,Nachni,Uttarakhand,5,Uttarakhand,53,Pithoragarh,-,-,-,-,-,-,-,-,-,29.90594444,80.16097222,16-08-2026 05:00,2.5
4131,Nachni,Uttarakhand,5,Uttarakhand,53,Pithoragarh,-,-,-,-,-,-,-,-,-,29.90594444,80.16097222,16-08-2026 06:00,2.5
4132,Nachni,Uttarakhand,5,Uttarakhand,53,Pithoragarh,-,-,-,-,-,-,-,-,-,29.90594444,80.16097222,16-08-2026 07:00,1.5
4133,Nachni,Uttarakhand,5,Uttarakhand,53,Pithoragarh,-,-,-,-,-,-,-,-,-,29.90594444,80.16097222,16-08-2026 08:00,2
4134,Nachni,Uttarakhand,5,Uttarakhand,53,Pithoragarh,-,-,-,-,-,-,-,-,-,29.90594444,80.16097222,16-08-2026 09:00,1.5
4135,Nachni,Uttarakhand,5,Uttarakhand,53,Pithoragarh,-,-,-,-,-,-,-,-,-,29.90594444,80.16097222,16-08-2026 10:00,1.5
4136,Nachni,Uttarakhand,5,Uttarakhand,53,Pithoragarh,-,-,-,-,-,-,-,-,-,29.90594444,80.16097222,16-08-2026 11:00,2
4137,Nachni,Uttarakhand,5,Uttarakhand,53,Pithoragarh,-,-,-,-,-,-,-,-,-,29.90594444,80.16097222,16-08-2026 12:00,2
4138,Nachni,Uttarakhand,5,Uttarakhand,53,Pithoragarh,-,-,-,-,-,-,-,-,-,29.90594444,80.16097222,16-08-2026 13:00,1.5
4139,Nachni,Uttarakhand,5,Uttarakhand,53,Pithoragarh,-,-,-,-,-,-,-,-,-,29.90594444,80.16097222,16-08-2026 14:00,1.5
4140,Nachni,Uttarakhand,5,Uttarakhand,53,Pithoragarh,-,-,-,-,-,-,-,-,-,29.90594444,80.16097222,16-08-2026 15:00,1.5
4141,Nachni,Uttarakhand,5,Uttarakhand,53,Pithoragarh,-,-,-,-,-,-,-,-,-,29.90594444,80.16097222,16-08-2026 16:00,1.5
4142,Nachni,Uttarakhand,5,Uttarakhand,53,Pithoragarh,-,-,-,-,-,-,-,-,-,29.90594444,80.16097222,16-08-2026 17:00,1.5
4143,Nachni,Uttarakhand,5,Uttarakhand,53,Pithoragarh,-,-,-,-,-,-,-,-,-,29.90594444,80.16097222,16-08-2026 18:00,2
4144,Nachni,Uttarakhand,5,Uttarakhand,53,Pithoragarh,-,-,-,-,-,-,-,-,-,29.90594444,80.16097222,16-08-2026 19:00,2.5
4145,Nachni,Uttarakhand,5,Uttarakhand,53,Pithoragarh,-,-,-,-,-,-,-,-,-,29.90594444,80.16097222,16-08-2026 20:00,2.5
4146,Nachni,Uttarakhand,5,Uttarakhand,53,Pithoragarh,-,-,-,-,-,-,-,-,-,29.90594444,80.16097222,16-08-2026 21:00,3
4147,Nachni,Uttarakhand,5,Uttarakhand,53,Pithoragarh,-,-,-,-,-,-,-,-,-,29.90594444,80.16097222,16-08-2026 22:00,3
4148,Nachni,Uttarakhand,5,Uttarakhand,53,Pithoragarh,-,-,-,-,-,-,-,-,-,29.90594444,80.16097222,16-08-2026 23:00,3
4149,Nachni,Uttarakhand,5,Uttarakhand,53,Pithoragarh,-,-,-,-,-,-,-,-,-,29.90594444,80.16097222,17-08-2026 00:00,2.5
4150,Nachni,Uttarakhand,5,Uttarakhand,53,Pithoragarh,-,-,-,-,-,-,-,-,-,29.90594444,80.16097222,17-08-2026 01:00,3
4151,Nachni,Uttarakhand,5,Uttarakhand,53,Pithoragarh,-,-,-,-,-,-,-,-,-,29.90594444,80.16097222,17-08-2026 02:00,3
4152,Nachni,Uttarakhand,5,Uttarakhand,53,Pithoragarh,-,-,-,-,-,-,-,-,-,29.90594444,80.16097222,17-08-2026 03:00,3
4153,Nachni,Uttarakhand,5,Uttarakhand,53,Pithoragarh,-,-,-,-,-,-,-,-,-,29.90594444,80.16097222,17-08-2026 04:00,3
4154,Nachni,Uttarakhand,5,Uttarakhand,53,Pithoragarh,-,-,-,-,-,-,-,-,-,29.90594444,80.16097222,17-08-2026 05:00,3
4155,Nachni,Uttarakhand,5,Uttarakhand,53,Pithoragarh,-,-,-,-,-,-,-,-,-,29.90594444,80.16097222,17-08-2026 06:00,3
4156,Nachni,Uttarakhand,5,Uttarakhand,53,Pithoragarh,-,-,-,-,-,-,-,-,-,29.90594444,80.16097222,17-08-2026 07:00,2.5
4157,Nachni,Uttarakhand,5,Uttarakhand,53,Pithoragarh,-,-,-,-,-,-,-,-,-,29.90594444,80.16097222,17-08-2026 08:00,3
4158,Nachni,Uttarakhand,5,Uttarakhand,53,Pithoragarh,-,-,-,-,-,-,-,-,-,29.90594444,80.16097222,17-08-2026 09:00,2
4159,Nachni,Uttarakhand,5,Uttarakhand,53,Pithoragarh,-,-,-,-,-,-,-,-,-,29.90594444,80.16097222,17-08-2026 10:00,2
4160,Nachni,Uttarakhand,5,Uttarakhand,53,Pithoragarh,-,-,-,-,-,-,-,-,-,29.90594444,80.16097222,17-08-2026 11:00,2
4161,Nachni,Uttarakhand,5,Uttarakhand,53,Pithoragarh,-,-,-,-,-,-,-,-,-,29.90594444,80.16097222,17-08-2026 12:00,1.5
4162,Nachni,Uttarakhand,5,Uttarakhand,53,Pithoragarh,-,-,-,-,-,-,-,-,-,29.90594444,80.16097222,17-08-2026 13:00,1.5
4163,Nachni,Uttarakhand,5,Uttarakhand,53,Pithoragarh,-,-,-,-,-,-,-,-,-,29.90594444,80.16097222,17-08-2026 14:00,1
4164,Nachni,Uttarakhand,5,Uttarakhand,53,Pithoragarh,-,-,-,-,-,-,-,-,-,29.90594444,80.16097222,17-08-2026 15:00,1
4165,Nachni,Uttarakhand,5,Uttarakhand,53,Pithoragarh,-,-,-,-,-,-,-,-,-,29.90594444,80.16097222,17-08-2026 16:00,1
4166,Nachni,Uttarakhand,5,Uttarakhand,53,Pithoragarh,-,-,-,-,-,-,-,-,-,29.90594444,80.16097222,17-08-2026 17:00,1
4167,Nachni,Uttarakhand,5,Uttarakhand,53,Pithoragarh,-,-,-,-,-,-,-,-,-,29.90594444,80.16097222,17-08-2026 21:00,0.5
4168,Nachni,Uttarakhand,5,Uttarakhand,53,Pithoragarh,-,-,-,-,-,-,-,-,-,29.90594444,80.16097222,17-08-2026 22:00,1
4169,Nachni,Uttarakhand,5,Uttarakhand,53,Pithoragarh,-,-,-,-,-,-,-,-,-,29.90594444,80.16097222,18-08-2026 00:00,0.5
4170,Nachni,Uttarakhand,5,Uttarakhand,53,Pithoragarh,-,-,-,-,-,-,-,-,-,29.90594444,80.16097222,18-08-2026 02:00,0.5
4171,Nachni,Uttarakhand,5,Uttarakhand,53,Pithoragarh,-,-,-,-,-,-,-,-,-,29.90594444,80.16097222,18-08-2026 12:00,0.5
4172,Nachni,Uttarakhand,5,Uttarakhand,53,Pithoragarh,-,-,-,-,-,-,-,-,-,29.90594444,80.16097222,18-08-2026 13:00,0.5
4173,Nachni,Uttarakhand,5,Uttarakhand,53,Pithoragarh,-,-,-,-,-,-,-,-,-,29.90594444,80.16097222,18-08-2026 14:00,0.5
4174,Nachni,Uttarakhand,5,Uttarakhand,53,Pithoragarh,-,-,-,-,-,-,-,-,-,29.90594444,80.16097222,18-08-2026 21:00,0.5
4175,Nachni,Uttarakhand,5,Uttarakhand,53,Pithoragarh,-,-,-,-,-,-,-,-,-,29.90594444,80.16097222,19-08-2026 02:00,0.5
4176,Nachni,Uttarakhand,5,Uttarakhand,53,Pithoragarh,-,-,-,-,-,-,-,-,-,29.90594444,80.16097222,19-08-2026 05:00,0.5
4177,Nachni,Uttarakhand,5,Uttarakhand,53,Pithoragarh,-,-,-,-,-,-,-,-,-,29.90594444,80.16097222,19-08-2026 09:00,0.5
4178,Nachni,Uttarakhand,5,Uttarakhand,53,Pithoragarh,-,-,-,-,-,-,-,-,-,29.90594444,80.16097222,19-08-2026 12:00,0.5
4179,Nachni,Uttarakhand,5,Uttarakhand,53,Pithoragarh,-,-,-,-,-,-,-,-,-,29.90594444,80.16097222,19-08-2026 14:00,0.5
4180,Nachni,Uttarakhand,5,Uttarakhand,53,Pithoragarh,-,-,-,-,-,-,-,-,-,29.90594444,80.16097222,19-08-2026 15:00,0.5
4181,Nachni,Uttarakhand,5,Uttarakhand,53,Pithoragarh,-,-,-,-,-,-,-,-,-,29.90594444,80.16097222,19-08-2026 16:00,0.5
4182,Nachni,Uttarakhand,5,Uttarakhand,53,Pithoragarh,-,-,-,-,-,-,-,-,-,29.90594444,80.16097222,19-08-2026 17:00,0.5
4183,Nachni,Uttarakhand,5,Uttarakhand,53,Pithoragarh,-,-,-,-,-,-,-,-,-,29.90594444,80.16097222,19-08-2026 18:00,0.5
4184,Nachni,Uttarakhand,5,Uttarakhand,53,Pithoragarh,-,-,-,-,-,-,-,-,-,29.90594444,80.16097222,19-08-2026 21:00,0.5
4185,Nachni,Uttarakhand,5,Uttarakhand,53,Pithoragarh,-,-,-,-,-,-,-,-,-,29.90594444,80.16097222,20-08-2026 00:00,0.5
4186,Nachni,Uttarakhand,5,Uttarakhand,53,Pithoragarh,-,-,-,-,-,-,-,-,-,29.90594444,80.16097222,20-08-2026 03:00,0.5
4187,Nachni,Uttarakhand,5,Uttarakhand,53,Pithoragarh,-,-,-,-,-,-,-,-,-,29.90594444,80.16097222,20-08-2026 11:00,0.5
4188,Nachni,Uttarakhand,5,Uttarakhand,53,Pithoragarh,-,-,-,-,-,-,-,-,-,29.90594444,80.16097222,20-08-2026 14:00,0.5
4189,Nachni,Uttarakhand,5,Uttarakhand,53,Pithoragarh,-,-,-,-,-,-,-,-,-,29.90594444,80.16097222,20-08-2026 17:00,0.5
4190,Nachni,Uttarakhand,5,Uttarakhand,53,Pithoragarh,-,-,-,-,-,-,-,-,-,29.90594444,80.16097222,20-08-2026 21:00,0.5
4191,Nachni,Uttarakhand,5,Uttarakhand,53,Pithoragarh,-,-,-,-,-,-,-,-,-,29.90594444,80.16097222,20-08-2026 23:00,0.5
4192,Nachni,Uttarakhand,5,Uttarakhand,53,Pithoragarh,-,-,-,-,-,-,-,-,-,29.90594444,80.16097222,21-08-2026 06:00,0.5
4193,Nachni,Uttarakhand,5,Uttarakhand,53,Pithoragarh,-,-,-,-,-,-,-,-,-,29.90594444,80.16097222,21-08-2026 21:00,0.5
4194,Nachni,Uttarakhand,5,Uttarakhand,53,Pithoragarh,-,-,-,-,-,-,-,-,-,29.90594444,80.16097222,22-08-2026 01:00,0.5
4195,Nachni,Uttarakhand,5,Uttarakhand,53,Pithoragarh,-,-,-,-,-,-,-,-,-,29.90594444,80.16097222,22-08-2026 04:00,0.5
4196,Nachni,Uttarakhand,5,Uttarakhand,53,Pithoragarh,-,-,-,-,-,-,-,-,-,29.90594444,80.16097222,22-08-2026 09:00,0.5
4197,Nachni,Uttarakhand,5,Uttarakhand,53,Pithoragarh,-,-,-,-,-,-,-,-,-,29.90594444,80.16097222,22-08-2026 15:00,0.5
4198,Nachni,Uttarakhand,5,Uttarakhand,53,Pithoragarh,-,-,-,-,-,-,-,-,-,29.90594444,80.16097222,22-08-2026 22:00,0.5
4199,Nachni,Uttarakhand,5,Uttarakhand,53,Pithoragarh,-,-,-,-,-,-,-,-,-,29.90594444,80.16097222,23-08-2026 01:00,0.5
4200,Nachni,Uttarakhand,5,Uttarakhand,53,Pithoragarh,-,-,-,-,-,-,-,-,-,29.90594444,80.16097222,23-08-2026 03:00,0.5
4201,Nachni,Uttarakhand,5,Uttarakhand,53,Pithoragarh,-,-,-,-,-,-,-,-,-,29.90594444,80.16097222,23-08-2026 05:00,0.5
4202,Nachni,Uttarakhand,5,Uttarakhand,53,Pithoragarh,-,-,-,-,-,-,-,-,-,29.90594444,80.16097222,23-08-2026 20:00,0.5
4203,Nachni,Uttarakhand,5,Uttarakhand,53,Pithoragarh,-,-,-,-,-,-,-,-,-,29.90594444,80.16097222,23-08-2026 23:00,0.5
4204,Nachni,Uttarakhand,5,Uttarakhand,53,Pithoragarh,-,-,-,-,-,-,-,-,-,29.90594444,80.16097222,24-08-2026 01:00,0.5
4205,Nachni,Uttarakhand,5,Uttarakhand,53,Pithoragarh,-,-,-,-,-,-,-,-,-,29.90594444,80.16097222,24-08-2026 03:00,0.5
4206,Nachni,Uttarakhand,5,Uttarakhand,53,Pithoragarh,-,-,-,-,-,-,-,-,-,29.90594444,80.16097222,24-08-2026 16:00,0.5
4207,Nachni,Uttarakhand,5,Uttarakhand,53,Pithoragarh,-,-,-,-,-,-,-,-,-,29.90594444,80.16097222,25-08-2026 03:00,0.5
4208,Nachni,Uttarakhand,5,Uttarakhand,53,Pithoragarh,-,-,-,-,-,-,-,-,-,29.90594444,80.16097222,25-08-2026 06:00,0.5
4209,Nachni,Uttarakhand,5,Uttarakhand,53,Pithoragarh,-,-,-,-,-,-,-,-,-,29.90594444,80.16097222,25-08-2026 13:00,0.5
4210,Nandprayag (Nandakini),Uttarakhand,5,Uttarakhand,47,Chamoli,-,-,-,-,-,-,-,-,-,30.33122222,79.31063889,23-05-2026 19:00,1
4211,Nandprayag (Nandakini),Uttarakhand,5,Uttarakhand,47,Chamoli,-,-,-,-,-,-,-,-,-,30.33122222,79.31063889,23-05-2026 20:00,0.5
4212,Nandprayag (Nandakini),Uttarakhand,5,Uttarakhand,47,Chamoli,-,-,-,-,-,-,-,-,-,30.33122222,79.31063889,23-05-2026 21:00,0.5
4213,Nandprayag (Nandakini),Uttarakhand,5,Uttarakhand,47,Chamoli,-,-,-,-,-,-,-,-,-,30.33122222,79.31063889,23-05-2026 22:00,0.5
4214,Nandprayag (Nandakini),Uttarakhand,5,Uttarakhand,47,Chamoli,-,-,-,-,-,-,-,-,-,30.33122222,79.31063889,23-05-2026 23:00,0.5
4215,Nandprayag (Nandakini),Uttarakhand,5,Uttarakhand,47,Chamoli,-,-,-,-,-,-,-,-,-,30.33122222,79.31063889,25-05-2026 19:00,0.5
4216,Nandprayag (Nandakini),Uttarakhand,5,Uttarakhand,47,Chamoli,-,-,-,-,-,-,-,-,-,30.33122222,79.31063889,28-05-2026 19:00,0.5
4217,Nandprayag (Nandakini),Uttarakhand,5,Uttarakhand,47,Chamoli,-,-,-,-,-,-,-,-,-,30.33122222,79.31063889,28-05-2026 20:00,1
4218,Nandprayag (Nandakini),Uttarakhand,5,Uttarakhand,47,Chamoli,-,-,-,-,-,-,-,-,-,30.33122222,79.31063889,28-05-2026 21:00,0.5
4219,Nandprayag (Nandakini),Uttarakhand,5,Uttarakhand,47,Chamoli,-,-,-,-,-,-,-,-,-,30.33122222,79.31063889,28-05-2026 23:00,0.5
4220,Nandprayag (Nandakini),Uttarakhand,5,Uttarakhand,47,Chamoli,-,-,-,-,-,-,-,-,-,30.33122222,79.31063889,13-06-2026 21:00,0.5
4221,Nandprayag (Nandakini),Uttarakhand,5,Uttarakhand,47,Chamoli,-,-,-,-,-,-,-,-,-,30.33122222,79.31063889,15-06-2026 17:00,0.5
4222,Nandprayag (Nandakini),Uttarakhand,5,Uttarakhand,47,Chamoli,-,-,-,-,-,-,-,-,-,30.33122222,79.31063889,21-06-2026 18:00,1
4223,Nandprayag (Nandakini),Uttarakhand,5,Uttarakhand,47,Chamoli,-,-,-,-,-,-,-,-,-,30.33122222,79.31063889,22-06-2026 23:00,0.5
4224,Nandprayag (Nandakini),Uttarakhand,5,Uttarakhand,47,Chamoli,-,-,-,-,-,-,-,-,-,30.33122222,79.31063889,25-06-2026 02:00,10
4225,Nandprayag (Nandakini),Uttarakhand,5,Uttarakhand,47,Chamoli,-,-,-,-,-,-,-,-,-,30.33122222,79.31063889,25-06-2026 03:00,12
4226,Nandprayag (Nandakini),Uttarakhand,5,Uttarakhand,47,Chamoli,-,-,-,-,-,-,-,-,-,30.33122222,79.31063889,25-06-2026 04:00,2.5
4227,Nandprayag (Nandakini),Uttarakhand,5,Uttarakhand,47,Chamoli,-,-,-,-,-,-,-,-,-,30.33122222,79.31063889,26-06-2026 02:00,1.5
4228,Nandprayag (Nandakini),Uttarakhand,5,Uttarakhand,47,Chamoli,-,-,-,-,-,-,-,-,-,30.33122222,79.31063889,26-06-2026 03:00,2.5
4229,Nandprayag (Nandakini),Uttarakhand,5,Uttarakhand,47,Chamoli,-,-,-,-,-,-,-,-,-,30.33122222,79.31063889,26-06-2026 04:00,0.5
4230,Nandprayag (Nandakini),Uttarakhand,5,Uttarakhand,47,Chamoli,-,-,-,-,-,-,-,-,-,30.33122222,79.31063889,26-06-2026 06:00,0.5
4231,Nandprayag (Nandakini),Uttarakhand,5,Uttarakhand,47,Chamoli,-,-,-,-,-,-,-,-,-,30.33122222,79.31063889,28-06-2026 19:00,2.5
4232,Nandprayag (Nandakini),Uttarakhand,5,Uttarakhand,47,Chamoli,-,-,-,-,-,-,-,-,-,30.33122222,79.31063889,28-06-2026 20:00,3
4233,Nandprayag (Nandakini),Uttarakhand,5,Uttarakhand,47,Chamoli,-,-,-,-,-,-,-,-,-,30.33122222,79.31063889,28-06-2026 21:00,0.5
4234,Nandprayag (Nandakini),Uttarakhand,5,Uttarakhand,47,Chamoli,-,-,-,-,-,-,-,-,-,30.33122222,79.31063889,29-06-2026 00:00,1
4235,Nandprayag (Nandakini),Uttarakhand,5,Uttarakhand,47,Chamoli,-,-,-,-,-,-,-,-,-,30.33122222,79.31063889,30-06-2026 04:00,3
4236,Nandprayag (Nandakini),Uttarakhand,5,Uttarakhand,47,Chamoli,-,-,-,-,-,-,-,-,-,30.33122222,79.31063889,30-06-2026 05:00,5
4237,Nandprayag (Nandakini),Uttarakhand,5,Uttarakhand,47,Chamoli,-,-,-,-,-,-,-,-,-,30.33122222,79.31063889,30-06-2026 06:00,0.5
4238,Nandprayag (Nandakini),Uttarakhand,5,Uttarakhand,47,Chamoli,-,-,-,-,-,-,-,-,-,30.33122222,79.31063889,01-07-2026 03:00,0.5
4239,Nandprayag (Nandakini),Uttarakhand,5,Uttarakhand,47,Chamoli,-,-,-,-,-,-,-,-,-,30.33122222,79.31063889,01-07-2026 04:00,3.5
4240,Nandprayag (Nandakini),Uttarakhand,5,Uttarakhand,47,Chamoli,-,-,-,-,-,-,-,-,-,30.33122222,79.31063889,01-07-2026 05:00,4.5
4241,Nandprayag (Nandakini),Uttarakhand,5,Uttarakhand,47,Chamoli,-,-,-,-,-,-,-,-,-,30.33122222,79.31063889,01-07-2026 06:00,4.5
4242,Nandprayag (Nandakini),Uttarakhand,5,Uttarakhand,47,Chamoli,-,-,-,-,-,-,-,-,-,30.33122222,79.31063889,01-07-2026 07:00,1
4243,Nandprayag (Nandakini),Uttarakhand,5,Uttarakhand,47,Chamoli,-,-,-,-,-,-,-,-,-,30.33122222,79.31063889,01-07-2026 08:00,0.5
4244,Nandprayag (Nandakini),Uttarakhand,5,Uttarakhand,47,Chamoli,-,-,-,-,-,-,-,-,-,30.33122222,79.31063889,01-07-2026 09:00,0.5
4245,Nandprayag (Nandakini),Uttarakhand,5,Uttarakhand,47,Chamoli,-,-,-,-,-,-,-,-,-,30.33122222,79.31063889,01-07-2026 10:00,0.5
4246,Nandprayag (Nandakini),Uttarakhand,5,Uttarakhand,47,Chamoli,-,-,-,-,-,-,-,-,-,30.33122222,79.31063889,02-07-2026 00:00,0.5
4247,Nandprayag (Nandakini),Uttarakhand,5,Uttarakhand,47,Chamoli,-,-,-,-,-,-,-,-,-,30.33122222,79.31063889,02-07-2026 01:00,1
4248,Nandprayag (Nandakini),Uttarakhand,5,Uttarakhand,47,Chamoli,-,-,-,-,-,-,-,-,-,30.33122222,79.31063889,02-07-2026 02:00,2.5
4249,Nandprayag (Nandakini),Uttarakhand,5,Uttarakhand,47,Chamoli,-,-,-,-,-,-,-,-,-,30.33122222,79.31063889,02-07-2026 03:00,1.5
4250,Nandprayag (Nandakini),Uttarakhand,5,Uttarakhand,47,Chamoli,-,-,-,-,-,-,-,-,-,30.33122222,79.31063889,02-07-2026 04:00,1.5
4251,Nandprayag (Nandakini),Uttarakhand,5,Uttarakhand,47,Chamoli,-,-,-,-,-,-,-,-,-,30.33122222,79.31063889,02-07-2026 05:00,1.5
4252,Nandprayag (Nandakini),Uttarakhand,5,Uttarakhand,47,Chamoli,-,-,-,-,-,-,-,-,-,30.33122222,79.31063889,02-07-2026 06:00,1
4253,Nandprayag (Nandakini),Uttarakhand,5,Uttarakhand,47,Chamoli,-,-,-,-,-,-,-,-,-,30.33122222,79.31063889,02-07-2026 07:00,0.5
4254,Nandprayag (Nandakini),Uttarakhand,5,Uttarakhand,47,Chamoli,-,-,-,-,-,-,-,-,-,30.33122222,79.31063889,02-07-2026 08:00,1
4255,Nandprayag (Nandakini),Uttarakhand,5,Uttarakhand,47,Chamoli,-,-,-,-,-,-,-,-,-,30.33122222,79.31063889,02-07-2026 09:00,0.5
4256,Nandprayag (Nandakini),Uttarakhand,5,Uttarakhand,47,Chamoli,-,-,-,-,-,-,-,-,-,30.33122222,79.31063889,02-07-2026 10:00,0.5
4257,Nandprayag (Nandakini),Uttarakhand,5,Uttarakhand,47,Chamoli,-,-,-,-,-,-,-,-,-,30.33122222,79.31063889,02-07-2026 11:00,0.5
4258,Nandprayag (Nandakini),Uttarakhand,5,Uttarakhand,47,Chamoli,-,-,-,-,-,-,-,-,-,30.33122222,79.31063889,02-07-2026 12:00,0.5
4259,Nandprayag (Nandakini),Uttarakhand,5,Uttarakhand,47,Chamoli,-,-,-,-,-,-,-,-,-,30.33122222,79.31063889,02-07-2026 14:00,0.5
4260,Nandprayag (Nandakini),Uttarakhand,5,Uttarakhand,47,Chamoli,-,-,-,-,-,-,-,-,-,30.33122222,79.31063889,02-07-2026 15:00,0.5
4261,Nandprayag (Nandakini),Uttarakhand,5,Uttarakhand,47,Chamoli,-,-,-,-,-,-,-,-,-,30.33122222,79.31063889,02-07-2026 17:00,0.5
4262,Nandprayag (Nandakini),Uttarakhand,5,Uttarakhand,47,Chamoli,-,-,-,-,-,-,-,-,-,30.33122222,79.31063889,02-07-2026 22:00,0.5
4263,Nandprayag (Nandakini),Uttarakhand,5,Uttarakhand,47,Chamoli,-,-,-,-,-,-,-,-,-,30.33122222,79.31063889,03-07-2026 08:00,0.5
4264,Nandprayag (Nandakini),Uttarakhand,5,Uttarakhand,47,Chamoli,-,-,-,-,-,-,-,-,-,30.33122222,79.31063889,03-07-2026 21:00,0.5
4265,Nandprayag (Nandakini),Uttarakhand,5,Uttarakhand,47,Chamoli,-,-,-,-,-,-,-,-,-,30.33122222,79.31063889,04-07-2026 12:00,0.5
4266,Nandprayag (Nandakini),Uttarakhand,5,Uttarakhand,47,Chamoli,-,-,-,-,-,-,-,-,-,30.33122222,79.31063889,05-07-2026 08:00,0.5
4267,Nandprayag (Nandakini),Uttarakhand,5,Uttarakhand,47,Chamoli,-,-,-,-,-,-,-,-,-,30.33122222,79.31063889,06-07-2026 03:00,0.5
4268,Nandprayag (Nandakini),Uttarakhand,5,Uttarakhand,47,Chamoli,-,-,-,-,-,-,-,-,-,30.33122222,79.31063889,06-07-2026 19:00,0.5
4269,Nandprayag (Nandakini),Uttarakhand,5,Uttarakhand,47,Chamoli,-,-,-,-,-,-,-,-,-,30.33122222,79.31063889,07-07-2026 13:00,0.5
4270,Nandprayag (Nandakini),Uttarakhand,5,Uttarakhand,47,Chamoli,-,-,-,-,-,-,-,-,-,30.33122222,79.31063889,08-07-2026 08:00,0.5
4271,Nandprayag (Nandakini),Uttarakhand,5,Uttarakhand,47,Chamoli,-,-,-,-,-,-,-,-,-,30.33122222,79.31063889,12-07-2026 16:00,0.5
4272,Nandprayag (Nandakini),Uttarakhand,5,Uttarakhand,47,Chamoli,-,-,-,-,-,-,-,-,-,30.33122222,79.31063889,12-07-2026 21:00,0.5
4273,Nandprayag (Nandakini),Uttarakhand,5,Uttarakhand,47,Chamoli,-,-,-,-,-,-,-,-,-,30.33122222,79.31063889,13-07-2026 09:00,0.5
4274,Nandprayag (Nandakini),Uttarakhand,5,Uttarakhand,47,Chamoli,-,-,-,-,-,-,-,-,-,30.33122222,79.31063889,14-07-2026 11:00,0.5
4275,Nandprayag (Nandakini),Uttarakhand,5,Uttarakhand,47,Chamoli,-,-,-,-,-,-,-,-,-,30.33122222,79.31063889,14-07-2026 16:00,0.5
4276,Nandprayag (Nandakini),Uttarakhand,5,Uttarakhand,47,Chamoli,-,-,-,-,-,-,-,-,-,30.33122222,79.31063889,14-07-2026 21:00,0.5
4277,Nandprayag (Nandakini),Uttarakhand,5,Uttarakhand,47,Chamoli,-,-,-,-,-,-,-,-,-,30.33122222,79.31063889,15-07-2026 02:00,0.5
4278,Nandprayag (Nandakini),Uttarakhand,5,Uttarakhand,47,Chamoli,-,-,-,-,-,-,-,-,-,30.33122222,79.31063889,15-07-2026 07:00,0.5
4279,Nandprayag (Nandakini),Uttarakhand,5,Uttarakhand,47,Chamoli,-,-,-,-,-,-,-,-,-,30.33122222,79.31063889,15-07-2026 12:00,0.5
4280,Nandprayag (Nandakini),Uttarakhand,5,Uttarakhand,47,Chamoli,-,-,-,-,-,-,-,-,-,30.33122222,79.31063889,15-07-2026 16:00,0.5
4281,Nandprayag (Nandakini),Uttarakhand,5,Uttarakhand,47,Chamoli,-,-,-,-,-,-,-,-,-,30.33122222,79.31063889,15-07-2026 22:00,0.5
4282,Nandprayag (Nandakini),Uttarakhand,5,Uttarakhand,47,Chamoli,-,-,-,-,-,-,-,-,-,30.33122222,79.31063889,16-07-2026 03:00,0.5
4283,Nandprayag (Nandakini),Uttarakhand,5,Uttarakhand,47,Chamoli,-,-,-,-,-,-,-,-,-,30.33122222,79.31063889,16-07-2026 09:00,0.5
4284,Nandprayag (Nandakini),Uttarakhand,5,Uttarakhand,47,Chamoli,-,-,-,-,-,-,-,-,-,30.33122222,79.31063889,16-07-2026 14:00,0.5
4285,Nandprayag (Nandakini),Uttarakhand,5,Uttarakhand,47,Chamoli,-,-,-,-,-,-,-,-,-,30.33122222,79.31063889,16-07-2026 21:00,0.5
4286,Nandprayag (Nandakini),Uttarakhand,5,Uttarakhand,47,Chamoli,-,-,-,-,-,-,-,-,-,30.33122222,79.31063889,17-07-2026 05:00,0.5
4287,Nandprayag (Nandakini),Uttarakhand,5,Uttarakhand,47,Chamoli,-,-,-,-,-,-,-,-,-,30.33122222,79.31063889,17-07-2026 15:00,0.5
4288,Nandprayag (Nandakini),Uttarakhand,5,Uttarakhand,47,Chamoli,-,-,-,-,-,-,-,-,-,30.33122222,79.31063889,17-07-2026 22:00,0.5
4289,Nandprayag (Nandakini),Uttarakhand,5,Uttarakhand,47,Chamoli,-,-,-,-,-,-,-,-,-,30.33122222,79.31063889,18-07-2026 09:00,0.5
4290,Nandprayag (Nandakini),Uttarakhand,5,Uttarakhand,47,Chamoli,-,-,-,-,-,-,-,-,-,30.33122222,79.31063889,19-07-2026 03:00,0.5
4291,Nandprayag (Nandakini),Uttarakhand,5,Uttarakhand,47,Chamoli,-,-,-,-,-,-,-,-,-,30.33122222,79.31063889,19-07-2026 14:00,0.5
4292,Nandprayag (Nandakini),Uttarakhand,5,Uttarakhand,47,Chamoli,-,-,-,-,-,-,-,-,-,30.33122222,79.31063889,20-07-2026 00:00,0.5
4293,Nandprayag (Nandakini),Uttarakhand,5,Uttarakhand,47,Chamoli,-,-,-,-,-,-,-,-,-,30.33122222,79.31063889,20-07-2026 03:00,0.5
4294,Nandprayag (Nandakini),Uttarakhand,5,Uttarakhand,47,Chamoli,-,-,-,-,-,-,-,-,-,30.33122222,79.31063889,20-07-2026 05:00,0.5
4295,Nandprayag (Nandakini),Uttarakhand,5,Uttarakhand,47,Chamoli,-,-,-,-,-,-,-,-,-,30.33122222,79.31063889,20-07-2026 07:00,0.5
4296,Nandprayag (Nandakini),Uttarakhand,5,Uttarakhand,47,Chamoli,-,-,-,-,-,-,-,-,-,30.33122222,79.31063889,20-07-2026 08:00,0.5
4297,Nandprayag (Nandakini),Uttarakhand,5,Uttarakhand,47,Chamoli,-,-,-,-,-,-,-,-,-,30.33122222,79.31063889,20-07-2026 09:00,0.5
4298,Nandprayag (Nandakini),Uttarakhand,5,Uttarakhand,47,Chamoli,-,-,-,-,-,-,-,-,-,30.33122222,79.31063889,20-07-2026 11:00,0.5
4299,Nandprayag (Nandakini),Uttarakhand,5,Uttarakhand,47,Chamoli,-,-,-,-,-,-,-,-,-,30.33122222,79.31063889,20-07-2026 14:00,0.5
4300,Nandprayag (Nandakini),Uttarakhand,5,Uttarakhand,47,Chamoli,-,-,-,-,-,-,-,-,-,30.33122222,79.31063889,20-07-2026 15:00,0.5
4301,Nandprayag (Nandakini),Uttarakhand,5,Uttarakhand,47,Chamoli,-,-,-,-,-,-,-,-,-,30.33122222,79.31063889,20-07-2026 16:00,0.5
4302,Nandprayag (Nandakini),Uttarakhand,5,Uttarakhand,47,Chamoli,-,-,-,-,-,-,-,-,-,30.33122222,79.31063889,20-07-2026 18:00,0.5
4303,Nandprayag (Nandakini),Uttarakhand,5,Uttarakhand,47,Chamoli,-,-,-,-,-,-,-,-,-,30.33122222,79.31063889,20-07-2026 19:00,0.5
4304,Nandprayag (Nandakini),Uttarakhand,5,Uttarakhand,47,Chamoli,-,-,-,-,-,-,-,-,-,30.33122222,79.31063889,20-07-2026 20:00,1
4305,Nandprayag (Nandakini),Uttarakhand,5,Uttarakhand,47,Chamoli,-,-,-,-,-,-,-,-,-,30.33122222,79.31063889,20-07-2026 21:00,1
4306,Nandprayag (Nandakini),Uttarakhand,5,Uttarakhand,47,Chamoli,-,-,-,-,-,-,-,-,-,30.33122222,79.31063889,20-07-2026 22:00,1
4307,Nandprayag (Nandakini),Uttarakhand,5,Uttarakhand,47,Chamoli,-,-,-,-,-,-,-,-,-,30.33122222,79.31063889,20-07-2026 23:00,1.5
4308,Nandprayag (Nandakini),Uttarakhand,5,Uttarakhand,47,Chamoli,-,-,-,-,-,-,-,-,-,30.33122222,79.31063889,21-07-2026 00:00,0.5
4309,Nandprayag (Nandakini),Uttarakhand,5,Uttarakhand,47,Chamoli,-,-,-,-,-,-,-,-,-,30.33122222,79.31063889,21-07-2026 02:00,1.5
4310,Nandprayag (Nandakini),Uttarakhand,5,Uttarakhand,47,Chamoli,-,-,-,-,-,-,-,-,-,30.33122222,79.31063889,21-07-2026 03:00,1.5
4311,Nandprayag (Nandakini),Uttarakhand,5,Uttarakhand,47,Chamoli,-,-,-,-,-,-,-,-,-,30.33122222,79.31063889,21-07-2026 04:00,1.5
4312,Nandprayag (Nandakini),Uttarakhand,5,Uttarakhand,47,Chamoli,-,-,-,-,-,-,-,-,-,30.33122222,79.31063889,21-07-2026 05:00,1.5
4313,Nandprayag (Nandakini),Uttarakhand,5,Uttarakhand,47,Chamoli,-,-,-,-,-,-,-,-,-,30.33122222,79.31063889,21-07-2026 06:00,1
4314,Nandprayag (Nandakini),Uttarakhand,5,Uttarakhand,47,Chamoli,-,-,-,-,-,-,-,-,-,30.33122222,79.31063889,21-07-2026 07:00,1.5
4315,Nandprayag (Nandakini),Uttarakhand,5,Uttarakhand,47,Chamoli,-,-,-,-,-,-,-,-,-,30.33122222,79.31063889,21-07-2026 08:00,1.5
4316,Nandprayag (Nandakini),Uttarakhand,5,Uttarakhand,47,Chamoli,-,-,-,-,-,-,-,-,-,30.33122222,79.31063889,21-07-2026 09:00,1
4317,Nandprayag (Nandakini),Uttarakhand,5,Uttarakhand,47,Chamoli,-,-,-,-,-,-,-,-,-,30.33122222,79.31063889,21-07-2026 10:00,1.5
4318,Nandprayag (Nandakini),Uttarakhand,5,Uttarakhand,47,Chamoli,-,-,-,-,-,-,-,-,-,30.33122222,79.31063889,21-07-2026 11:00,1.5
4319,Nandprayag (Nandakini),Uttarakhand,5,Uttarakhand,47,Chamoli,-,-,-,-,-,-,-,-,-,30.33122222,79.31063889,21-07-2026 12:00,1
4320,Nandprayag (Nandakini),Uttarakhand,5,Uttarakhand,47,Chamoli,-,-,-,-,-,-,-,-,-,30.33122222,79.31063889,21-07-2026 13:00,1
4321,Nandprayag (Nandakini),Uttarakhand,5,Uttarakhand,47,Chamoli,-,-,-,-,-,-,-,-,-,30.33122222,79.31063889,21-07-2026 14:00,0.5
4322,Nandprayag (Nandakini),Uttarakhand,5,Uttarakhand,47,Chamoli,-,-,-,-,-,-,-,-,-,30.33122222,79.31063889,21-07-2026 15:00,1
4323,Nandprayag (Nandakini),Uttarakhand,5,Uttarakhand,47,Chamoli,-,-,-,-,-,-,-,-,-,30.33122222,79.31063889,21-07-2026 16:00,0.5
4324,Nandprayag (Nandakini),Uttarakhand,5,Uttarakhand,47,Chamoli,-,-,-,-,-,-,-,-,-,30.33122222,79.31063889,21-07-2026 17:00,0.5
4325,Nandprayag (Nandakini),Uttarakhand,5,Uttarakhand,47,Chamoli,-,-,-,-,-,-,-,-,-,30.33122222,79.31063889,21-07-2026 18:00,0.5
4326,Nandprayag (Nandakini),Uttarakhand,5,Uttarakhand,47,Chamoli,-,-,-,-,-,-,-,-,-,30.33122222,79.31063889,21-07-2026 19:00,1
4327,Nandprayag (Nandakini),Uttarakhand,5,Uttarakhand,47,Chamoli,-,-,-,-,-,-,-,-,-,30.33122222,79.31063889,21-07-2026 20:00,0.5
4328,Nandprayag (Nandakini),Uttarakhand,5,Uttarakhand,47,Chamoli,-,-,-,-,-,-,-,-,-,30.33122222,79.31063889,21-07-2026 21:00,1.5
4329,Nandprayag (Nandakini),Uttarakhand,5,Uttarakhand,47,Chamoli,-,-,-,-,-,-,-,-,-,30.33122222,79.31063889,21-07-2026 22:00,1
4330,Nandprayag (Nandakini),Uttarakhand,5,Uttarakhand,47,Chamoli,-,-,-,-,-,-,-,-,-,30.33122222,79.31063889,21-07-2026 23:00,1.5
4331,Nandprayag (Nandakini),Uttarakhand,5,Uttarakhand,47,Chamoli,-,-,-,-,-,-,-,-,-,30.33122222,79.31063889,22-07-2026 00:00,1.5
4332,Nandprayag (Nandakini),Uttarakhand,5,Uttarakhand,47,Chamoli,-,-,-,-,-,-,-,-,-,30.33122222,79.31063889,22-07-2026 01:00,1
4333,Nandprayag (Nandakini),Uttarakhand,5,Uttarakhand,47,Chamoli,-,-,-,-,-,-,-,-,-,30.33122222,79.31063889,22-07-2026 02:00,1.5
4334,Nandprayag (Nandakini),Uttarakhand,5,Uttarakhand,47,Chamoli,-,-,-,-,-,-,-,-,-,30.33122222,79.31063889,22-07-2026 03:00,1
4335,Nandprayag (Nandakini),Uttarakhand,5,Uttarakhand,47,Chamoli,-,-,-,-,-,-,-,-,-,30.33122222,79.31063889,22-07-2026 04:00,1.5
4336,Nandprayag (Nandakini),Uttarakhand,5,Uttarakhand,47,Chamoli,-,-,-,-,-,-,-,-,-,30.33122222,79.31063889,22-07-2026 05:00,1.5
4337,Nandprayag (Nandakini),Uttarakhand,5,Uttarakhand,47,Chamoli,-,-,-,-,-,-,-,-,-,30.33122222,79.31063889,22-07-2026 06:00,1
4338,Nandprayag (Nandakini),Uttarakhand,5,Uttarakhand,47,Chamoli,-,-,-,-,-,-,-,-,-,30.33122222,79.31063889,22-07-2026 07:00,1.5
4339,Nandprayag (Nandakini),Uttarakhand,5,Uttarakhand,47,Chamoli,-,-,-,-,-,-,-,-,-,30.33122222,79.31063889,22-07-2026 08:00,1
4340,Nandprayag (Nandakini),Uttarakhand,5,Uttarakhand,47,Chamoli,-,-,-,-,-,-,-,-,-,30.33122222,79.31063889,22-07-2026 09:00,1.5
4341,Nandprayag (Nandakini),Uttarakhand,5,Uttarakhand,47,Chamoli,-,-,-,-,-,-,-,-,-,30.33122222,79.31063889,22-07-2026 10:00,1
4342,Nandprayag (Nandakini),Uttarakhand,5,Uttarakhand,47,Chamoli,-,-,-,-,-,-,-,-,-,30.33122222,79.31063889,22-07-2026 11:00,1.5
4343,Nandprayag (Nandakini),Uttarakhand,5,Uttarakhand,47,Chamoli,-,-,-,-,-,-,-,-,-,30.33122222,79.31063889,22-07-2026 12:00,1
4344,Nandprayag (Nandakini),Uttarakhand,5,Uttarakhand,47,Chamoli,-,-,-,-,-,-,-,-,-,30.33122222,79.31063889,22-07-2026 13:00,0.5
4345,Nandprayag (Nandakini),Uttarakhand,5,Uttarakhand,47,Chamoli,-,-,-,-,-,-,-,-,-,30.33122222,79.31063889,22-07-2026 14:00,1
4346,Nandprayag (Nandakini),Uttarakhand,5,Uttarakhand,47,Chamoli,-,-,-,-,-,-,-,-,-,30.33122222,79.31063889,22-07-2026 15:00,0.5
4347,Nandprayag (Nandakini),Uttarakhand,5,Uttarakhand,47,Chamoli,-,-,-,-,-,-,-,-,-,30.33122222,79.31063889,22-07-2026 16:00,0.5
4348,Nandprayag (Nandakini),Uttarakhand,5,Uttarakhand,47,Chamoli,-,-,-,-,-,-,-,-,-,30.33122222,79.31063889,22-07-2026 17:00,1
4349,Nandprayag (Nandakini),Uttarakhand,5,Uttarakhand,47,Chamoli,-,-,-,-,-,-,-,-,-,30.33122222,79.31063889,22-07-2026 18:00,0.5
4350,Nandprayag (Nandakini),Uttarakhand,5,Uttarakhand,47,Chamoli,-,-,-,-,-,-,-,-,-,30.33122222,79.31063889,22-07-2026 19:00,0.5
4351,Nandprayag (Nandakini),Uttarakhand,5,Uttarakhand,47,Chamoli,-,-,-,-,-,-,-,-,-,30.33122222,79.31063889,22-07-2026 20:00,1
4352,Nandprayag (Nandakini),Uttarakhand,5,Uttarakhand,47,Chamoli,-,-,-,-,-,-,-,-,-,30.33122222,79.31063889,23-07-2026 13:00,0.5
4353,Nandprayag (Nandakini),Uttarakhand,5,Uttarakhand,47,Chamoli,-,-,-,-,-,-,-,-,-,30.33122222,79.31063889,23-07-2026 14:00,0.5
4354,Nandprayag (Nandakini),Uttarakhand,5,Uttarakhand,47,Chamoli,-,-,-,-,-,-,-,-,-,30.33122222,79.31063889,23-07-2026 15:00,0.5
4355,Nandprayag (Nandakini),Uttarakhand,5,Uttarakhand,47,Chamoli,-,-,-,-,-,-,-,-,-,30.33122222,79.31063889,23-07-2026 16:00,0.5
4356,Nandprayag (Nandakini),Uttarakhand,5,Uttarakhand,47,Chamoli,-,-,-,-,-,-,-,-,-,30.33122222,79.31063889,23-07-2026 17:00,1
4357,Nandprayag (Nandakini),Uttarakhand,5,Uttarakhand,47,Chamoli,-,-,-,-,-,-,-,-,-,30.33122222,79.31063889,23-07-2026 18:00,0.5
4358,Nandprayag (Nandakini),Uttarakhand,5,Uttarakhand,47,Chamoli,-,-,-,-,-,-,-,-,-,30.33122222,79.31063889,23-07-2026 19:00,1
4359,Nandprayag (Nandakini),Uttarakhand,5,Uttarakhand,47,Chamoli,-,-,-,-,-,-,-,-,-,30.33122222,79.31063889,23-07-2026 20:00,1
4360,Nandprayag (Nandakini),Uttarakhand,5,Uttarakhand,47,Chamoli,-,-,-,-,-,-,-,-,-,30.33122222,79.31063889,23-07-2026 21:00,1.5
4361,Nandprayag (Nandakini),Uttarakhand,5,Uttarakhand,47,Chamoli,-,-,-,-,-,-,-,-,-,30.33122222,79.31063889,23-07-2026 22:00,1
4362,Nandprayag (Nandakini),Uttarakhand,5,Uttarakhand,47,Chamoli,-,-,-,-,-,-,-,-,-,30.33122222,79.31063889,23-07-2026 23:00,1
4363,Nandprayag (Nandakini),Uttarakhand,5,Uttarakhand,47,Chamoli,-,-,-,-,-,-,-,-,-,30.33122222,79.31063889,24-07-2026 00:00,1
4364,Nandprayag (Nandakini),Uttarakhand,5,Uttarakhand,47,Chamoli,-,-,-,-,-,-,-,-,-,30.33122222,79.31063889,24-07-2026 01:00,1.5
4365,Nandprayag (Nandakini),Uttarakhand,5,Uttarakhand,47,Chamoli,-,-,-,-,-,-,-,-,-,30.33122222,79.31063889,24-07-2026 02:00,1
4366,Nandprayag (Nandakini),Uttarakhand,5,Uttarakhand,47,Chamoli,-,-,-,-,-,-,-,-,-,30.33122222,79.31063889,24-07-2026 03:00,1.5
4367,Nandprayag (Nandakini),Uttarakhand,5,Uttarakhand,47,Chamoli,-,-,-,-,-,-,-,-,-,30.33122222,79.31063889,24-07-2026 04:00,1
4368,Nandprayag (Nandakini),Uttarakhand,5,Uttarakhand,47,Chamoli,-,-,-,-,-,-,-,-,-,30.33122222,79.31063889,24-07-2026 05:00,1.5
4369,Nandprayag (Nandakini),Uttarakhand,5,Uttarakhand,47,Chamoli,-,-,-,-,-,-,-,-,-,30.33122222,79.31063889,24-07-2026 06:00,1
4370,Nandprayag (Nandakini),Uttarakhand,5,Uttarakhand,47,Chamoli,-,-,-,-,-,-,-,-,-,30.33122222,79.31063889,24-07-2026 07:00,1.5
4371,Nandprayag (Nandakini),Uttarakhand,5,Uttarakhand,47,Chamoli,-,-,-,-,-,-,-,-,-,30.33122222,79.31063889,24-07-2026 08:00,1.5
4372,Nandprayag (Nandakini),Uttarakhand,5,Uttarakhand,47,Chamoli,-,-,-,-,-,-,-,-,-,30.33122222,79.31063889,24-07-2026 09:00,1.5
4373,Nandprayag (Nandakini),Uttarakhand,5,Uttarakhand,47,Chamoli,-,-,-,-,-,-,-,-,-,30.33122222,79.31063889,24-07-2026 10:00,1.5
4374,Nandprayag (Nandakini),Uttarakhand,5,Uttarakhand,47,Chamoli,-,-,-,-,-,-,-,-,-,30.33122222,79.31063889,24-07-2026 11:00,1
4375,Nandprayag (Nandakini),Uttarakhand,5,Uttarakhand,47,Chamoli,-,-,-,-,-,-,-,-,-,30.33122222,79.31063889,24-07-2026 12:00,0.5
4376,Nandprayag (Nandakini),Uttarakhand,5,Uttarakhand,47,Chamoli,-,-,-,-,-,-,-,-,-,30.33122222,79.31063889,24-07-2026 13:00,1
4377,Nandprayag (Nandakini),Uttarakhand,5,Uttarakhand,47,Chamoli,-,-,-,-,-,-,-,-,-,30.33122222,79.31063889,24-07-2026 14:00,0.5
4378,Nandprayag (Nandakini),Uttarakhand,5,Uttarakhand,47,Chamoli,-,-,-,-,-,-,-,-,-,30.33122222,79.31063889,24-07-2026 15:00,1
4379,Nandprayag (Nandakini),Uttarakhand,5,Uttarakhand,47,Chamoli,-,-,-,-,-,-,-,-,-,30.33122222,79.31063889,24-07-2026 16:00,0.5
4380,Nandprayag (Nandakini),Uttarakhand,5,Uttarakhand,47,Chamoli,-,-,-,-,-,-,-,-,-,30.33122222,79.31063889,24-07-2026 17:00,0.5
4381,Nandprayag (Nandakini),Uttarakhand,5,Uttarakhand,47,Chamoli,-,-,-,-,-,-,-,-,-,30.33122222,79.31063889,24-07-2026 18:00,0.5
4382,Nandprayag (Nandakini),Uttarakhand,5,Uttarakhand,47,Chamoli,-,-,-,-,-,-,-,-,-,30.33122222,79.31063889,24-07-2026 19:00,1
4383,Nandprayag (Nandakini),Uttarakhand,5,Uttarakhand,47,Chamoli,-,-,-,-,-,-,-,-,-,30.33122222,79.31063889,24-07-2026 20:00,1.5
4384,Nandprayag (Nandakini),Uttarakhand,5,Uttarakhand,47,Chamoli,-,-,-,-,-,-,-,-,-,30.33122222,79.31063889,24-07-2026 21:00,1
4385,Nandprayag (Nandakini),Uttarakhand,5,Uttarakhand,47,Chamoli,-,-,-,-,-,-,-,-,-,30.33122222,79.31063889,24-07-2026 22:00,1.5
4386,Nandprayag (Nandakini),Uttarakhand,5,Uttarakhand,47,Chamoli,-,-,-,-,-,-,-,-,-,30.33122222,79.31063889,24-07-2026 23:00,1
4387,Nandprayag (Nandakini),Uttarakhand,5,Uttarakhand,47,Chamoli,-,-,-,-,-,-,-,-,-,30.33122222,79.31063889,25-07-2026 00:00,1.5
4388,Nandprayag (Nandakini),Uttarakhand,5,Uttarakhand,47,Chamoli,-,-,-,-,-,-,-,-,-,30.33122222,79.31063889,25-07-2026 01:00,1.5
4389,Nandprayag (Nandakini),Uttarakhand,5,Uttarakhand,47,Chamoli,-,-,-,-,-,-,-,-,-,30.33122222,79.31063889,25-07-2026 02:00,1
4390,Nandprayag (Nandakini),Uttarakhand,5,Uttarakhand,47,Chamoli,-,-,-,-,-,-,-,-,-,30.33122222,79.31063889,25-07-2026 03:00,1.5
4391,Nandprayag (Nandakini),Uttarakhand,5,Uttarakhand,47,Chamoli,-,-,-,-,-,-,-,-,-,30.33122222,79.31063889,25-07-2026 04:00,1
4392,Nandprayag (Nandakini),Uttarakhand,5,Uttarakhand,47,Chamoli,-,-,-,-,-,-,-,-,-,30.33122222,79.31063889,25-07-2026 05:00,1.5
4393,Nandprayag (Nandakini),Uttarakhand,5,Uttarakhand,47,Chamoli,-,-,-,-,-,-,-,-,-,30.33122222,79.31063889,25-07-2026 06:00,1
4394,Nandprayag (Nandakini),Uttarakhand,5,Uttarakhand,47,Chamoli,-,-,-,-,-,-,-,-,-,30.33122222,79.31063889,25-07-2026 07:00,1.5
4395,Nandprayag (Nandakini),Uttarakhand,5,Uttarakhand,47,Chamoli,-,-,-,-,-,-,-,-,-,30.33122222,79.31063889,25-07-2026 08:00,1
4396,Nandprayag (Nandakini),Uttarakhand,5,Uttarakhand,47,Chamoli,-,-,-,-,-,-,-,-,-,30.33122222,79.31063889,25-07-2026 09:00,1
4397,Nandprayag (Nandakini),Uttarakhand,5,Uttarakhand,47,Chamoli,-,-,-,-,-,-,-,-,-,30.33122222,79.31063889,25-07-2026 10:00,1
4398,Nandprayag (Nandakini),Uttarakhand,5,Uttarakhand,47,Chamoli,-,-,-,-,-,-,-,-,-,30.33122222,79.31063889,25-07-2026 11:00,1.5
4399,Nandprayag (Nandakini),Uttarakhand,5,Uttarakhand,47,Chamoli,-,-,-,-,-,-,-,-,-,30.33122222,79.31063889,25-07-2026 12:00,1
4400,Nandprayag (Nandakini),Uttarakhand,5,Uttarakhand,47,Chamoli,-,-,-,-,-,-,-,-,-,30.33122222,79.31063889,25-07-2026 13:00,1
4401,Nandprayag (Nandakini),Uttarakhand,5,Uttarakhand,47,Chamoli,-,-,-,-,-,-,-,-,-,30.33122222,79.31063889,25-07-2026 14:00,0.5
4402,Nandprayag (Nandakini),Uttarakhand,5,Uttarakhand,47,Chamoli,-,-,-,-,-,-,-,-,-,30.33122222,79.31063889,25-07-2026 15:00,0.5
4403,Nandprayag (Nandakini),Uttarakhand,5,Uttarakhand,47,Chamoli,-,-,-,-,-,-,-,-,-,30.33122222,79.31063889,25-07-2026 16:00,1
4404,Nandprayag (Nandakini),Uttarakhand,5,Uttarakhand,47,Chamoli,-,-,-,-,-,-,-,-,-,30.33122222,79.31063889,25-07-2026 17:00,0.5
4405,Nandprayag (Nandakini),Uttarakhand,5,Uttarakhand,47,Chamoli,-,-,-,-,-,-,-,-,-,30.33122222,79.31063889,25-07-2026 18:00,0.5
4406,Nandprayag (Nandakini),Uttarakhand,5,Uttarakhand,47,Chamoli,-,-,-,-,-,-,-,-,-,30.33122222,79.31063889,25-07-2026 19:00,0.5
4407,Nandprayag (Nandakini),Uttarakhand,5,Uttarakhand,47,Chamoli,-,-,-,-,-,-,-,-,-,30.33122222,79.31063889,25-07-2026 20:00,1
4408,Nandprayag (Nandakini),Uttarakhand,5,Uttarakhand,47,Chamoli,-,-,-,-,-,-,-,-,-,30.33122222,79.31063889,25-07-2026 21:00,1
4409,Nandprayag (Nandakini),Uttarakhand,5,Uttarakhand,47,Chamoli,-,-,-,-,-,-,-,-,-,30.33122222,79.31063889,25-07-2026 22:00,1
4410,Nandprayag (Nandakini),Uttarakhand,5,Uttarakhand,47,Chamoli,-,-,-,-,-,-,-,-,-,30.33122222,79.31063889,25-07-2026 23:00,1
4411,Nandprayag (Nandakini),Uttarakhand,5,Uttarakhand,47,Chamoli,-,-,-,-,-,-,-,-,-,30.33122222,79.31063889,26-07-2026 00:00,1
4412,Nandprayag (Nandakini),Uttarakhand,5,Uttarakhand,47,Chamoli,-,-,-,-,-,-,-,-,-,30.33122222,79.31063889,26-07-2026 01:00,1
4413,Nandprayag (Nandakini),Uttarakhand,5,Uttarakhand,47,Chamoli,-,-,-,-,-,-,-,-,-,30.33122222,79.31063889,26-07-2026 02:00,1
4414,Nandprayag (Nandakini),Uttarakhand,5,Uttarakhand,47,Chamoli,-,-,-,-,-,-,-,-,-,30.33122222,79.31063889,26-07-2026 03:00,1
4415,Nandprayag (Nandakini),Uttarakhand,5,Uttarakhand,47,Chamoli,-,-,-,-,-,-,-,-,-,30.33122222,79.31063889,26-07-2026 04:00,1
4416,Nandprayag (Nandakini),Uttarakhand,5,Uttarakhand,47,Chamoli,-,-,-,-,-,-,-,-,-,30.33122222,79.31063889,26-07-2026 05:00,1
4417,Nandprayag (Nandakini),Uttarakhand,5,Uttarakhand,47,Chamoli,-,-,-,-,-,-,-,-,-,30.33122222,79.31063889,26-07-2026 06:00,1
4418,Nandprayag (Nandakini),Uttarakhand,5,Uttarakhand,47,Chamoli,-,-,-,-,-,-,-,-,-,30.33122222,79.31063889,26-07-2026 07:00,0.5
4419,Nandprayag (Nandakini),Uttarakhand,5,Uttarakhand,47,Chamoli,-,-,-,-,-,-,-,-,-,30.33122222,79.31063889,26-07-2026 08:00,1
4420,Nandprayag (Nandakini),Uttarakhand,5,Uttarakhand,47,Chamoli,-,-,-,-,-,-,-,-,-,30.33122222,79.31063889,26-07-2026 09:00,1
4421,Nandprayag (Nandakini),Uttarakhand,5,Uttarakhand,47,Chamoli,-,-,-,-,-,-,-,-,-,30.33122222,79.31063889,26-07-2026 14:00,0.5
4422,Nandprayag (Nandakini),Uttarakhand,5,Uttarakhand,47,Chamoli,-,-,-,-,-,-,-,-,-,30.33122222,79.31063889,26-07-2026 15:00,0.5
4423,Nandprayag (Nandakini),Uttarakhand,5,Uttarakhand,47,Chamoli,-,-,-,-,-,-,-,-,-,30.33122222,79.31063889,26-07-2026 16:00,0.5
4424,Nandprayag (Nandakini),Uttarakhand,5,Uttarakhand,47,Chamoli,-,-,-,-,-,-,-,-,-,30.33122222,79.31063889,26-07-2026 17:00,0.5
4425,Nandprayag (Nandakini),Uttarakhand,5,Uttarakhand,47,Chamoli,-,-,-,-,-,-,-,-,-,30.33122222,79.31063889,26-07-2026 18:00,0.5
4426,Nandprayag (Nandakini),Uttarakhand,5,Uttarakhand,47,Chamoli,-,-,-,-,-,-,-,-,-,30.33122222,79.31063889,26-07-2026 19:00,1
4427,Nandprayag (Nandakini),Uttarakhand,5,Uttarakhand,47,Chamoli,-,-,-,-,-,-,-,-,-,30.33122222,79.31063889,26-07-2026 20:00,0.5
4428,Nandprayag (Nandakini),Uttarakhand,5,Uttarakhand,47,Chamoli,-,-,-,-,-,-,-,-,-,30.33122222,79.31063889,26-07-2026 21:00,1.5
4429,Nandprayag (Nandakini),Uttarakhand,5,Uttarakhand,47,Chamoli,-,-,-,-,-,-,-,-,-,30.33122222,79.31063889,26-07-2026 22:00,1.5
4430,Nandprayag (Nandakini),Uttarakhand,5,Uttarakhand,47,Chamoli,-,-,-,-,-,-,-,-,-,30.33122222,79.31063889,26-07-2026 23:00,1
4431,Nandprayag (Nandakini),Uttarakhand,5,Uttarakhand,47,Chamoli,-,-,-,-,-,-,-,-,-,30.33122222,79.31063889,27-07-2026 00:00,1.5
4432,Nandprayag (Nandakini),Uttarakhand,5,Uttarakhand,47,Chamoli,-,-,-,-,-,-,-,-,-,30.33122222,79.31063889,27-07-2026 01:00,1.5
4433,Nandprayag (Nandakini),Uttarakhand,5,Uttarakhand,47,Chamoli,-,-,-,-,-,-,-,-,-,30.33122222,79.31063889,27-07-2026 02:00,1
4434,Nandprayag (Nandakini),Uttarakhand,5,Uttarakhand,47,Chamoli,-,-,-,-,-,-,-,-,-,30.33122222,79.31063889,27-07-2026 03:00,1
4435,Nandprayag (Nandakini),Uttarakhand,5,Uttarakhand,47,Chamoli,-,-,-,-,-,-,-,-,-,30.33122222,79.31063889,27-07-2026 04:00,1.5
4436,Nandprayag (Nandakini),Uttarakhand,5,Uttarakhand,47,Chamoli,-,-,-,-,-,-,-,-,-,30.33122222,79.31063889,27-07-2026 05:00,1
4437,Nandprayag (Nandakini),Uttarakhand,5,Uttarakhand,47,Chamoli,-,-,-,-,-,-,-,-,-,30.33122222,79.31063889,27-07-2026 06:00,1
4438,Nandprayag (Nandakini),Uttarakhand,5,Uttarakhand,47,Chamoli,-,-,-,-,-,-,-,-,-,30.33122222,79.31063889,27-07-2026 07:00,1
4439,Nandprayag (Nandakini),Uttarakhand,5,Uttarakhand,47,Chamoli,-,-,-,-,-,-,-,-,-,30.33122222,79.31063889,27-07-2026 08:00,1.5
4440,Nandprayag (Nandakini),Uttarakhand,5,Uttarakhand,47,Chamoli,-,-,-,-,-,-,-,-,-,30.33122222,79.31063889,27-07-2026 09:00,1
4441,Nandprayag (Nandakini),Uttarakhand,5,Uttarakhand,47,Chamoli,-,-,-,-,-,-,-,-,-,30.33122222,79.31063889,27-07-2026 10:00,1
4442,Nandprayag (Nandakini),Uttarakhand,5,Uttarakhand,47,Chamoli,-,-,-,-,-,-,-,-,-,30.33122222,79.31063889,27-07-2026 11:00,1
4443,Nandprayag (Nandakini),Uttarakhand,5,Uttarakhand,47,Chamoli,-,-,-,-,-,-,-,-,-,30.33122222,79.31063889,27-07-2026 12:00,1
4444,Nandprayag (Nandakini),Uttarakhand,5,Uttarakhand,47,Chamoli,-,-,-,-,-,-,-,-,-,30.33122222,79.31063889,27-07-2026 13:00,0.5
4445,Nandprayag (Nandakini),Uttarakhand,5,Uttarakhand,47,Chamoli,-,-,-,-,-,-,-,-,-,30.33122222,79.31063889,27-07-2026 14:00,1
4446,Nandprayag (Nandakini),Uttarakhand,5,Uttarakhand,47,Chamoli,-,-,-,-,-,-,-,-,-,30.33122222,79.31063889,27-07-2026 15:00,1
4447,Nandprayag (Nandakini),Uttarakhand,5,Uttarakhand,47,Chamoli,-,-,-,-,-,-,-,-,-,30.33122222,79.31063889,27-07-2026 16:00,1
4448,Nandprayag (Nandakini),Uttarakhand,5,Uttarakhand,47,Chamoli,-,-,-,-,-,-,-,-,-,30.33122222,79.31063889,27-07-2026 17:00,0.5
4449,Nandprayag (Nandakini),Uttarakhand,5,Uttarakhand,47,Chamoli,-,-,-,-,-,-,-,-,-,30.33122222,79.31063889,27-07-2026 18:00,2
4450,Nandprayag (Nandakini),Uttarakhand,5,Uttarakhand,47,Chamoli,-,-,-,-,-,-,-,-,-,30.33122222,79.31063889,27-07-2026 19:00,1.5
4451,Nandprayag (Nandakini),Uttarakhand,5,Uttarakhand,47,Chamoli,-,-,-,-,-,-,-,-,-,30.33122222,79.31063889,27-07-2026 20:00,2
4452,Nandprayag (Nandakini),Uttarakhand,5,Uttarakhand,47,Chamoli,-,-,-,-,-,-,-,-,-,30.33122222,79.31063889,27-07-2026 21:00,2
4453,Nandprayag (Nandakini),Uttarakhand,5,Uttarakhand,47,Chamoli,-,-,-,-,-,-,-,-,-,30.33122222,79.31063889,27-07-2026 22:00,2
4454,Nandprayag (Nandakini),Uttarakhand,5,Uttarakhand,47,Chamoli,-,-,-,-,-,-,-,-,-,30.33122222,79.31063889,27-07-2026 23:00,2
4455,Nandprayag (Nandakini),Uttarakhand,5,Uttarakhand,47,Chamoli,-,-,-,-,-,-,-,-,-,30.33122222,79.31063889,28-07-2026 00:00,2.5
4456,Nandprayag (Nandakini),Uttarakhand,5,Uttarakhand,47,Chamoli,-,-,-,-,-,-,-,-,-,30.33122222,79.31063889,28-07-2026 01:00,2.5
4457,Nandprayag (Nandakini),Uttarakhand,5,Uttarakhand,47,Chamoli,-,-,-,-,-,-,-,-,-,30.33122222,79.31063889,28-07-2026 02:00,2
4458,Nandprayag (Nandakini),Uttarakhand,5,Uttarakhand,47,Chamoli,-,-,-,-,-,-,-,-,-,30.33122222,79.31063889,28-07-2026 03:00,2.5
4459,Nandprayag (Nandakini),Uttarakhand,5,Uttarakhand,47,Chamoli,-,-,-,-,-,-,-,-,-,30.33122222,79.31063889,28-07-2026 04:00,2
4460,Nandprayag (Nandakini),Uttarakhand,5,Uttarakhand,47,Chamoli,-,-,-,-,-,-,-,-,-,30.33122222,79.31063889,28-07-2026 05:00,2.5
4461,Nandprayag (Nandakini),Uttarakhand,5,Uttarakhand,47,Chamoli,-,-,-,-,-,-,-,-,-,30.33122222,79.31063889,28-07-2026 06:00,2.5
4462,Nandprayag (Nandakini),Uttarakhand,5,Uttarakhand,47,Chamoli,-,-,-,-,-,-,-,-,-,30.33122222,79.31063889,28-07-2026 07:00,2
4463,Nandprayag (Nandakini),Uttarakhand,5,Uttarakhand,47,Chamoli,-,-,-,-,-,-,-,-,-,30.33122222,79.31063889,28-07-2026 08:00,2
4464,Nandprayag (Nandakini),Uttarakhand,5,Uttarakhand,47,Chamoli,-,-,-,-,-,-,-,-,-,30.33122222,79.31063889,28-07-2026 09:00,2
4465,Nandprayag (Nandakini),Uttarakhand,5,Uttarakhand,47,Chamoli,-,-,-,-,-,-,-,-,-,30.33122222,79.31063889,28-07-2026 10:00,2
4466,Nandprayag (Nandakini),Uttarakhand,5,Uttarakhand,47,Chamoli,-,-,-,-,-,-,-,-,-,30.33122222,79.31063889,28-07-2026 11:00,1.5
4467,Nandprayag (Nandakini),Uttarakhand,5,Uttarakhand,47,Chamoli,-,-,-,-,-,-,-,-,-,30.33122222,79.31063889,28-07-2026 12:00,2
4468,Nandprayag (Nandakini),Uttarakhand,5,Uttarakhand,47,Chamoli,-,-,-,-,-,-,-,-,-,30.33122222,79.31063889,28-07-2026 13:00,1.5
4469,Nandprayag (Nandakini),Uttarakhand,5,Uttarakhand,47,Chamoli,-,-,-,-,-,-,-,-,-,30.33122222,79.31063889,28-07-2026 14:00,1.5
4470,Nandprayag (Nandakini),Uttarakhand,5,Uttarakhand,47,Chamoli,-,-,-,-,-,-,-,-,-,30.33122222,79.31063889,28-07-2026 15:00,2
4471,Nandprayag (Nandakini),Uttarakhand,5,Uttarakhand,47,Chamoli,-,-,-,-,-,-,-,-,-,30.33122222,79.31063889,28-07-2026 16:00,2
4472,Nandprayag (Nandakini),Uttarakhand,5,Uttarakhand,47,Chamoli,-,-,-,-,-,-,-,-,-,30.33122222,79.31063889,28-07-2026 17:00,2.5
4473,Nandprayag (Nandakini),Uttarakhand,5,Uttarakhand,47,Chamoli,-,-,-,-,-,-,-,-,-,30.33122222,79.31063889,28-07-2026 18:00,3
4474,Nandprayag (Nandakini),Uttarakhand,5,Uttarakhand,47,Chamoli,-,-,-,-,-,-,-,-,-,30.33122222,79.31063889,28-07-2026 19:00,3
4475,Nandprayag (Nandakini),Uttarakhand,5,Uttarakhand,47,Chamoli,-,-,-,-,-,-,-,-,-,30.33122222,79.31063889,28-07-2026 20:00,2.5
4476,Nandprayag (Nandakini),Uttarakhand,5,Uttarakhand,47,Chamoli,-,-,-,-,-,-,-,-,-,30.33122222,79.31063889,28-07-2026 21:00,2
4477,Nandprayag (Nandakini),Uttarakhand,5,Uttarakhand,47,Chamoli,-,-,-,-,-,-,-,-,-,30.33122222,79.31063889,28-07-2026 22:00,2
4478,Nandprayag (Nandakini),Uttarakhand,5,Uttarakhand,47,Chamoli,-,-,-,-,-,-,-,-,-,30.33122222,79.31063889,28-07-2026 23:00,2
4479,Nandprayag (Nandakini),Uttarakhand,5,Uttarakhand,47,Chamoli,-,-,-,-,-,-,-,-,-,30.33122222,79.31063889,29-07-2026 00:00,4
4480,Nandprayag (Nandakini),Uttarakhand,5,Uttarakhand,47,Chamoli,-,-,-,-,-,-,-,-,-,30.33122222,79.31063889,29-07-2026 01:00,1.5
4481,Nandprayag (Nandakini),Uttarakhand,5,Uttarakhand,47,Chamoli,-,-,-,-,-,-,-,-,-,30.33122222,79.31063889,29-07-2026 02:00,2.5
4482,Nandprayag (Nandakini),Uttarakhand,5,Uttarakhand,47,Chamoli,-,-,-,-,-,-,-,-,-,30.33122222,79.31063889,29-07-2026 03:00,2.5
4483,Nandprayag (Nandakini),Uttarakhand,5,Uttarakhand,47,Chamoli,-,-,-,-,-,-,-,-,-,30.33122222,79.31063889,29-07-2026 04:00,1
4484,Nandprayag (Nandakini),Uttarakhand,5,Uttarakhand,47,Chamoli,-,-,-,-,-,-,-,-,-,30.33122222,79.31063889,29-07-2026 05:00,2
4485,Nandprayag (Nandakini),Uttarakhand,5,Uttarakhand,47,Chamoli,-,-,-,-,-,-,-,-,-,30.33122222,79.31063889,29-07-2026 06:00,4
4486,Nandprayag (Nandakini),Uttarakhand,5,Uttarakhand,47,Chamoli,-,-,-,-,-,-,-,-,-,30.33122222,79.31063889,29-07-2026 07:00,4
4487,Nandprayag (Nandakini),Uttarakhand,5,Uttarakhand,47,Chamoli,-,-,-,-,-,-,-,-,-,30.33122222,79.31063889,29-07-2026 08:00,1.5
4488,Nandprayag (Nandakini),Uttarakhand,5,Uttarakhand,47,Chamoli,-,-,-,-,-,-,-,-,-,30.33122222,79.31063889,29-07-2026 09:00,2
4489,Nandprayag (Nandakini),Uttarakhand,5,Uttarakhand,47,Chamoli,-,-,-,-,-,-,-,-,-,30.33122222,79.31063889,29-07-2026 10:00,2
4490,Nandprayag (Nandakini),Uttarakhand,5,Uttarakhand,47,Chamoli,-,-,-,-,-,-,-,-,-,30.33122222,79.31063889,29-07-2026 11:00,3
4491,Nandprayag (Nandakini),Uttarakhand,5,Uttarakhand,47,Chamoli,-,-,-,-,-,-,-,-,-,30.33122222,79.31063889,29-07-2026 12:00,3.5
4492,Nandprayag (Nandakini),Uttarakhand,5,Uttarakhand,47,Chamoli,-,-,-,-,-,-,-,-,-,30.33122222,79.31063889,29-07-2026 13:00,3.5
4493,Nandprayag (Nandakini),Uttarakhand,5,Uttarakhand,47,Chamoli,-,-,-,-,-,-,-,-,-,30.33122222,79.31063889,29-07-2026 14:00,2
4494,Nandprayag (Nandakini),Uttarakhand,5,Uttarakhand,47,Chamoli,-,-,-,-,-,-,-,-,-,30.33122222,79.31063889,29-07-2026 15:00,1
4495,Nandprayag (Nandakini),Uttarakhand,5,Uttarakhand,47,Chamoli,-,-,-,-,-,-,-,-,-,30.33122222,79.31063889,29-07-2026 16:00,0.5
4496,Nandprayag (Nandakini),Uttarakhand,5,Uttarakhand,47,Chamoli,-,-,-,-,-,-,-,-,-,30.33122222,79.31063889,29-07-2026 17:00,0.5
4497,Nandprayag (Nandakini),Uttarakhand,5,Uttarakhand,47,Chamoli,-,-,-,-,-,-,-,-,-,30.33122222,79.31063889,29-07-2026 18:00,0.5
4498,Nandprayag (Nandakini),Uttarakhand,5,Uttarakhand,47,Chamoli,-,-,-,-,-,-,-,-,-,30.33122222,79.31063889,29-07-2026 19:00,1
4499,Nandprayag (Nandakini),Uttarakhand,5,Uttarakhand,47,Chamoli,-,-,-,-,-,-,-,-,-,30.33122222,79.31063889,29-07-2026 20:00,1
4500,Nandprayag (Nandakini),Uttarakhand,5,Uttarakhand,47,Chamoli,-,-,-,-,-,-,-,-,-,30.33122222,79.31063889,29-07-2026 21:00,1
4501,Nandprayag (Nandakini),Uttarakhand,5,Uttarakhand,47,Chamoli,-,-,-,-,-,-,-,-,-,30.33122222,79.31063889,29-07-2026 23:00,0.5
4502,Nandprayag (Nandakini),Uttarakhand,5,Uttarakhand,47,Chamoli,-,-,-,-,-,-,-,-,-,30.33122222,79.31063889,30-07-2026 05:00,1.5
4503,Nandprayag (Nandakini),Uttarakhand,5,Uttarakhand,47,Chamoli,-,-,-,-,-,-,-,-,-,30.33122222,79.31063889,30-07-2026 06:00,3.5
4504,Nandprayag (Nandakini),Uttarakhand,5,Uttarakhand,47,Chamoli,-,-,-,-,-,-,-,-,-,30.33122222,79.31063889,30-07-2026 07:00,3
4505,Nandprayag (Nandakini),Uttarakhand,5,Uttarakhand,47,Chamoli,-,-,-,-,-,-,-,-,-,30.33122222,79.31063889,30-07-2026 08:00,1.5
4506,Nandprayag (Nandakini),Uttarakhand,5,Uttarakhand,47,Chamoli,-,-,-,-,-,-,-,-,-,30.33122222,79.31063889,30-07-2026 09:00,2
4507,Nandprayag (Nandakini),Uttarakhand,5,Uttarakhand,47,Chamoli,-,-,-,-,-,-,-,-,-,30.33122222,79.31063889,30-07-2026 10:00,2
4508,Nandprayag (Nandakini),Uttarakhand,5,Uttarakhand,47,Chamoli,-,-,-,-,-,-,-,-,-,30.33122222,79.31063889,30-07-2026 11:00,2.5
4509,Nandprayag (Nandakini),Uttarakhand,5,Uttarakhand,47,Chamoli,-,-,-,-,-,-,-,-,-,30.33122222,79.31063889,30-07-2026 12:00,1.5
4510,Nandprayag (Nandakini),Uttarakhand,5,Uttarakhand,47,Chamoli,-,-,-,-,-,-,-,-,-,30.33122222,79.31063889,30-07-2026 13:00,2
4511,Nandprayag (Nandakini),Uttarakhand,5,Uttarakhand,47,Chamoli,-,-,-,-,-,-,-,-,-,30.33122222,79.31063889,30-07-2026 14:00,2.5
4512,Nandprayag (Nandakini),Uttarakhand,5,Uttarakhand,47,Chamoli,-,-,-,-,-,-,-,-,-,30.33122222,79.31063889,30-07-2026 15:00,1.5
4513,Nandprayag (Nandakini),Uttarakhand,5,Uttarakhand,47,Chamoli,-,-,-,-,-,-,-,-,-,30.33122222,79.31063889,30-07-2026 16:00,1
4514,Nandprayag (Nandakini),Uttarakhand,5,Uttarakhand,47,Chamoli,-,-,-,-,-,-,-,-,-,30.33122222,79.31063889,30-07-2026 17:00,1.5
4515,Nandprayag (Nandakini),Uttarakhand,5,Uttarakhand,47,Chamoli,-,-,-,-,-,-,-,-,-,30.33122222,79.31063889,01-08-2026 08:00,0.5
4516,Nandprayag (Nandakini),Uttarakhand,5,Uttarakhand,47,Chamoli,-,-,-,-,-,-,-,-,-,30.33122222,79.31063889,01-08-2026 20:00,0.5
4517,Nandprayag (Nandakini),Uttarakhand,5,Uttarakhand,47,Chamoli,-,-,-,-,-,-,-,-,-,30.33122222,79.31063889,02-08-2026 07:00,0.5
4518,Nandprayag (Nandakini),Uttarakhand,5,Uttarakhand,47,Chamoli,-,-,-,-,-,-,-,-,-,30.33122222,79.31063889,02-08-2026 16:00,0.5
4519,Nandprayag (Nandakini),Uttarakhand,5,Uttarakhand,47,Chamoli,-,-,-,-,-,-,-,-,-,30.33122222,79.31063889,03-08-2026 02:00,0.5
4520,Nandprayag (Nandakini),Uttarakhand,5,Uttarakhand,47,Chamoli,-,-,-,-,-,-,-,-,-,30.33122222,79.31063889,03-08-2026 14:00,0.5
4521,Nandprayag (Nandakini),Uttarakhand,5,Uttarakhand,47,Chamoli,-,-,-,-,-,-,-,-,-,30.33122222,79.31063889,04-08-2026 15:00,0.5
4522,Nandprayag (Nandakini),Uttarakhand,5,Uttarakhand,47,Chamoli,-,-,-,-,-,-,-,-,-,30.33122222,79.31063889,07-08-2026 09:00,0.5
4523,Nandprayag (Nandakini),Uttarakhand,5,Uttarakhand,47,Chamoli,-,-,-,-,-,-,-,-,-,30.33122222,79.31063889,07-08-2026 18:00,0.5
4524,Nandprayag (Nandakini),Uttarakhand,5,Uttarakhand,47,Chamoli,-,-,-,-,-,-,-,-,-,30.33122222,79.31063889,08-08-2026 01:00,0.5
4525,Nandprayag (Nandakini),Uttarakhand,5,Uttarakhand,47,Chamoli,-,-,-,-,-,-,-,-,-,30.33122222,79.31063889,08-08-2026 11:00,0.5
4526,Nandprayag (Nandakini),Uttarakhand,5,Uttarakhand,47,Chamoli,-,-,-,-,-,-,-,-,-,30.33122222,79.31063889,08-08-2026 16:00,0.5
4527,Nandprayag (Nandakini),Uttarakhand,5,Uttarakhand,47,Chamoli,-,-,-,-,-,-,-,-,-,30.33122222,79.31063889,08-08-2026 20:00,0.5
4528,Nandprayag (Nandakini),Uttarakhand,5,Uttarakhand,47,Chamoli,-,-,-,-,-,-,-,-,-,30.33122222,79.31063889,09-08-2026 01:00,0.5
4529,Nandprayag (Nandakini),Uttarakhand,5,Uttarakhand,47,Chamoli,-,-,-,-,-,-,-,-,-,30.33122222,79.31063889,09-08-2026 07:00,0.5
4530,Nandprayag (Nandakini),Uttarakhand,5,Uttarakhand,47,Chamoli,-,-,-,-,-,-,-,-,-,30.33122222,79.31063889,09-08-2026 15:00,0.5
4531,Nandprayag (Nandakini),Uttarakhand,5,Uttarakhand,47,Chamoli,-,-,-,-,-,-,-,-,-,30.33122222,79.31063889,10-08-2026 00:00,0.5
4532,Nandprayag (Nandakini),Uttarakhand,5,Uttarakhand,47,Chamoli,-,-,-,-,-,-,-,-,-,30.33122222,79.31063889,10-08-2026 07:00,0.5
4533,Nandprayag (Nandakini),Uttarakhand,5,Uttarakhand,47,Chamoli,-,-,-,-,-,-,-,-,-,30.33122222,79.31063889,10-08-2026 18:00,0.5
4534,Nandprayag (Nandakini),Uttarakhand,5,Uttarakhand,47,Chamoli,-,-,-,-,-,-,-,-,-,30.33122222,79.31063889,11-08-2026 03:00,0.5
4535,Nandprayag (Nandakini),Uttarakhand,5,Uttarakhand,47,Chamoli,-,-,-,-,-,-,-,-,-,30.33122222,79.31063889,11-08-2026 15:00,0.5
4536,Nandprayag (Nandakini),Uttarakhand,5,Uttarakhand,47,Chamoli,-,-,-,-,-,-,-,-,-,30.33122222,79.31063889,12-08-2026 01:00,0.5
4537,Nandprayag (Nandakini),Uttarakhand,5,Uttarakhand,47,Chamoli,-,-,-,-,-,-,-,-,-,30.33122222,79.31063889,12-08-2026 12:00,0.5
4538,Nandprayag (Nandakini),Uttarakhand,5,Uttarakhand,47,Chamoli,-,-,-,-,-,-,-,-,-,30.33122222,79.31063889,12-08-2026 18:00,0.5
4539,Nandprayag (Nandakini),Uttarakhand,5,Uttarakhand,47,Chamoli,-,-,-,-,-,-,-,-,-,30.33122222,79.31063889,12-08-2026 22:00,0.5
4540,Nandprayag (Nandakini),Uttarakhand,5,Uttarakhand,47,Chamoli,-,-,-,-,-,-,-,-,-,30.33122222,79.31063889,13-08-2026 02:00,0.5
4541,Nandprayag (Nandakini),Uttarakhand,5,Uttarakhand,47,Chamoli,-,-,-,-,-,-,-,-,-,30.33122222,79.31063889,13-08-2026 07:00,0.5
4542,Nandprayag (Nandakini),Uttarakhand,5,Uttarakhand,47,Chamoli,-,-,-,-,-,-,-,-,-,30.33122222,79.31063889,13-08-2026 14:00,0.5
4543,Nandprayag (Nandakini),Uttarakhand,5,Uttarakhand,47,Chamoli,-,-,-,-,-,-,-,-,-,30.33122222,79.31063889,13-08-2026 21:00,0.5
4544,Nandprayag (Nandakini),Uttarakhand,5,Uttarakhand,47,Chamoli,-,-,-,-,-,-,-,-,-,30.33122222,79.31063889,14-08-2026 05:00,0.5
4545,Nandprayag (Nandakini),Uttarakhand,5,Uttarakhand,47,Chamoli,-,-,-,-,-,-,-,-,-,30.33122222,79.31063889,14-08-2026 16:00,0.5
4546,Nandprayag (Nandakini),Uttarakhand,5,Uttarakhand,47,Chamoli,-,-,-,-,-,-,-,-,-,30.33122222,79.31063889,14-08-2026 23:00,0.5
4547,Nandprayag (Nandakini),Uttarakhand,5,Uttarakhand,47,Chamoli,-,-,-,-,-,-,-,-,-,30.33122222,79.31063889,15-08-2026 08:00,0.5
4548,Nandprayag (Nandakini),Uttarakhand,5,Uttarakhand,47,Chamoli,-,-,-,-,-,-,-,-,-,30.33122222,79.31063889,15-08-2026 17:00,0.5
4549,Nandprayag (Nandakini),Uttarakhand,5,Uttarakhand,47,Chamoli,-,-,-,-,-,-,-,-,-,30.33122222,79.31063889,16-08-2026 01:00,0.5
4550,Nandprayag (Nandakini),Uttarakhand,5,Uttarakhand,47,Chamoli,-,-,-,-,-,-,-,-,-,30.33122222,79.31063889,16-08-2026 04:00,0.5
4551,Nandprayag (Nandakini),Uttarakhand,5,Uttarakhand,47,Chamoli,-,-,-,-,-,-,-,-,-,30.33122222,79.31063889,16-08-2026 07:00,0.5
4552,Nandprayag (Nandakini),Uttarakhand,5,Uttarakhand,47,Chamoli,-,-,-,-,-,-,-,-,-,30.33122222,79.31063889,16-08-2026 15:00,0.5
4553,Nandprayag (Nandakini),Uttarakhand,5,Uttarakhand,47,Chamoli,-,-,-,-,-,-,-,-,-,30.33122222,79.31063889,17-08-2026 00:00,0.5
4554,Nandprayag (Nandakini),Uttarakhand,5,Uttarakhand,47,Chamoli,-,-,-,-,-,-,-,-,-,30.33122222,79.31063889,17-08-2026 07:00,0.5
4555,Nandprayag (Nandakini),Uttarakhand,5,Uttarakhand,47,Chamoli,-,-,-,-,-,-,-,-,-,30.33122222,79.31063889,18-08-2026 11:00,0.5
4556,Nandprayag (Nandakini),Uttarakhand,5,Uttarakhand,47,Chamoli,-,-,-,-,-,-,-,-,-,30.33122222,79.31063889,18-08-2026 20:00,0.5
4557,Nandprayag (Nandakini),Uttarakhand,5,Uttarakhand,47,Chamoli,-,-,-,-,-,-,-,-,-,30.33122222,79.31063889,19-08-2026 03:00,0.5
4558,Nandprayag (Nandakini),Uttarakhand,5,Uttarakhand,47,Chamoli,-,-,-,-,-,-,-,-,-,30.33122222,79.31063889,19-08-2026 11:00,0.5
4559,Nandprayag (Nandakini),Uttarakhand,5,Uttarakhand,47,Chamoli,-,-,-,-,-,-,-,-,-,30.33122222,79.31063889,19-08-2026 13:00,0.5
4560,Nandprayag (Nandakini),Uttarakhand,5,Uttarakhand,47,Chamoli,-,-,-,-,-,-,-,-,-,30.33122222,79.31063889,23-08-2026 20:00,0.5
4561,Nandprayag (Nandakini),Uttarakhand,5,Uttarakhand,47,Chamoli,-,-,-,-,-,-,-,-,-,30.33122222,79.31063889,24-08-2026 05:00,0.5
4562,Nandprayag (Nandakini),Uttarakhand,5,Uttarakhand,47,Chamoli,-,-,-,-,-,-,-,-,-,30.33122222,79.31063889,24-08-2026 22:00,0.5
4563,Nandprayag (Nandakini),Uttarakhand,5,Uttarakhand,47,Chamoli,-,-,-,-,-,-,-,-,-,30.33122222,79.31063889,25-08-2026 03:00,0.5
4564,Nandprayag (Nandakini),Uttarakhand,5,Uttarakhand,47,Chamoli,-,-,-,-,-,-,-,-,-,30.33122222,79.31063889,25-08-2026 08:00,0.5
4565,Nandprayag (Nandakini),Uttarakhand,5,Uttarakhand,47,Chamoli,-,-,-,-,-,-,-,-,-,30.33122222,79.31063889,25-08-2026 15:00,0.5
4566,Nandprayag (Nandakini),Uttarakhand,5,Uttarakhand,47,Chamoli,-,-,-,-,-,-,-,-,-,30.33122222,79.31063889,25-08-2026 20:00,0.5
4567,Nandprayag (Nandakini),Uttarakhand,5,Uttarakhand,47,Chamoli,-,-,-,-,-,-,-,-,-,30.33122222,79.31063889,26-08-2026 03:00,0.5
4568,Nandprayag (Nandakini),Uttarakhand,5,Uttarakhand,47,Chamoli,-,-,-,-,-,-,-,-,-,30.33122222,79.31063889,26-08-2026 09:00,0.5
4569,Nandprayag (Nandakini),Uttarakhand,5,Uttarakhand,47,Chamoli,-,-,-,-,-,-,-,-,-,30.33122222,79.31063889,27-08-2026 05:00,0.5
4570,Nandprayag (Nandakini),Uttarakhand,5,Uttarakhand,47,Chamoli,-,-,-,-,-,-,-,-,-,30.33122222,79.31063889,27-08-2026 13:00,0.5
4571,Nandprayag (Nandakini),Uttarakhand,5,Uttarakhand,47,Chamoli,-,-,-,-,-,-,-,-,-,30.33122222,79.31063889,27-08-2026 17:00,0.5
4572,Pithoragarh,Uttarakhand,5,Uttarakhand,53,Pithoragarh,-,-,-,-,-,-,-,-,-,29.57938889,80.21886111,28-06-2026 12:00,1.5
4573,Pithoragarh,Uttarakhand,5,Uttarakhand,53,Pithoragarh,-,-,-,-,-,-,-,-,-,29.57938889,80.21886111,28-06-2026 14:00,0.5
4574,Pithoragarh,Uttarakhand,5,Uttarakhand,53,Pithoragarh,-,-,-,-,-,-,-,-,-,29.57938889,80.21886111,30-06-2026 10:00,0.5
4575,Pithoragarh,Uttarakhand,5,Uttarakhand,53,Pithoragarh,-,-,-,-,-,-,-,-,-,29.57938889,80.21886111,08-07-2026 16:00,0.5
4576,Pithoragarh,Uttarakhand,5,Uttarakhand,53,Pithoragarh,-,-,-,-,-,-,-,-,-,29.57938889,80.21886111,16-07-2026 17:00,0.5
4577,Pithoragarh,Uttarakhand,5,Uttarakhand,53,Pithoragarh,-,-,-,-,-,-,-,-,-,29.57938889,80.21886111,16-07-2026 19:00,0.5
4578,Pithoragarh,Uttarakhand,5,Uttarakhand,53,Pithoragarh,-,-,-,-,-,-,-,-,-,29.57938889,80.21886111,17-07-2026 02:00,0.5
4579,Pithoragarh,Uttarakhand,5,Uttarakhand,53,Pithoragarh,-,-,-,-,-,-,-,-,-,29.57938889,80.21886111,17-07-2026 03:00,4.5
4580,Pithoragarh,Uttarakhand,5,Uttarakhand,53,Pithoragarh,-,-,-,-,-,-,-,-,-,29.57938889,80.21886111,17-07-2026 04:00,1
4581,Pithoragarh,Uttarakhand,5,Uttarakhand,53,Pithoragarh,-,-,-,-,-,-,-,-,-,29.57938889,80.21886111,17-07-2026 05:00,0.5
4582,Pithoragarh,Uttarakhand,5,Uttarakhand,53,Pithoragarh,-,-,-,-,-,-,-,-,-,29.57938889,80.21886111,17-07-2026 06:00,2
4583,Pithoragarh,Uttarakhand,5,Uttarakhand,53,Pithoragarh,-,-,-,-,-,-,-,-,-,29.57938889,80.21886111,17-07-2026 08:00,0.5
4584,Pithoragarh,Uttarakhand,5,Uttarakhand,53,Pithoragarh,-,-,-,-,-,-,-,-,-,29.57938889,80.21886111,18-07-2026 02:00,1
4585,Pithoragarh,Uttarakhand,5,Uttarakhand,53,Pithoragarh,-,-,-,-,-,-,-,-,-,29.57938889,80.21886111,18-07-2026 03:00,0.5
4586,Pithoragarh,Uttarakhand,5,Uttarakhand,53,Pithoragarh,-,-,-,-,-,-,-,-,-,29.57938889,80.21886111,18-07-2026 19:00,2
4587,Pithoragarh,Uttarakhand,5,Uttarakhand,53,Pithoragarh,-,-,-,-,-,-,-,-,-,29.57938889,80.21886111,18-07-2026 21:00,7.5
4588,Pithoragarh,Uttarakhand,5,Uttarakhand,53,Pithoragarh,-,-,-,-,-,-,-,-,-,29.57938889,80.21886111,18-07-2026 22:00,12
4589,Pithoragarh,Uttarakhand,5,Uttarakhand,53,Pithoragarh,-,-,-,-,-,-,-,-,-,29.57938889,80.21886111,18-07-2026 23:00,4
4590,Pithoragarh,Uttarakhand,5,Uttarakhand,53,Pithoragarh,-,-,-,-,-,-,-,-,-,29.57938889,80.21886111,19-07-2026 00:00,0.5
4591,Pithoragarh,Uttarakhand,5,Uttarakhand,53,Pithoragarh,-,-,-,-,-,-,-,-,-,29.57938889,80.21886111,19-07-2026 01:00,3.5
4592,Pithoragarh,Uttarakhand,5,Uttarakhand,53,Pithoragarh,-,-,-,-,-,-,-,-,-,29.57938889,80.21886111,19-07-2026 02:00,2
4593,Pithoragarh,Uttarakhand,5,Uttarakhand,53,Pithoragarh,-,-,-,-,-,-,-,-,-,29.57938889,80.21886111,19-07-2026 04:00,1
4594,Pithoragarh,Uttarakhand,5,Uttarakhand,53,Pithoragarh,-,-,-,-,-,-,-,-,-,29.57938889,80.21886111,19-07-2026 05:00,2.5
4595,Pithoragarh,Uttarakhand,5,Uttarakhand,53,Pithoragarh,-,-,-,-,-,-,-,-,-,29.57938889,80.21886111,19-07-2026 22:00,0.5
4596,Pithoragarh,Uttarakhand,5,Uttarakhand,53,Pithoragarh,-,-,-,-,-,-,-,-,-,29.57938889,80.21886111,20-07-2026 00:00,1.5
4597,Pithoragarh,Uttarakhand,5,Uttarakhand,53,Pithoragarh,-,-,-,-,-,-,-,-,-,29.57938889,80.21886111,20-07-2026 01:00,2
4598,Pithoragarh,Uttarakhand,5,Uttarakhand,53,Pithoragarh,-,-,-,-,-,-,-,-,-,29.57938889,80.21886111,20-07-2026 02:00,2.5
4599,Pithoragarh,Uttarakhand,5,Uttarakhand,53,Pithoragarh,-,-,-,-,-,-,-,-,-,29.57938889,80.21886111,20-07-2026 03:00,1
4600,Pithoragarh,Uttarakhand,5,Uttarakhand,53,Pithoragarh,-,-,-,-,-,-,-,-,-,29.57938889,80.21886111,20-07-2026 05:00,2.5
4601,Pithoragarh,Uttarakhand,5,Uttarakhand,53,Pithoragarh,-,-,-,-,-,-,-,-,-,29.57938889,80.21886111,20-07-2026 06:00,5
4602,Pithoragarh,Uttarakhand,5,Uttarakhand,53,Pithoragarh,-,-,-,-,-,-,-,-,-,29.57938889,80.21886111,20-07-2026 09:00,0.5
4603,Pithoragarh,Uttarakhand,5,Uttarakhand,53,Pithoragarh,-,-,-,-,-,-,-,-,-,29.57938889,80.21886111,20-07-2026 16:00,1.5
4604,Pithoragarh,Uttarakhand,5,Uttarakhand,53,Pithoragarh,-,-,-,-,-,-,-,-,-,29.57938889,80.21886111,20-07-2026 18:00,1.5
4605,Pithoragarh,Uttarakhand,5,Uttarakhand,53,Pithoragarh,-,-,-,-,-,-,-,-,-,29.57938889,80.21886111,20-07-2026 19:00,1.5
4606,Pithoragarh,Uttarakhand,5,Uttarakhand,53,Pithoragarh,-,-,-,-,-,-,-,-,-,29.57938889,80.21886111,20-07-2026 20:00,0.5
4607,Pithoragarh,Uttarakhand,5,Uttarakhand,53,Pithoragarh,-,-,-,-,-,-,-,-,-,29.57938889,80.21886111,20-07-2026 21:00,1.5
4608,Pithoragarh,Uttarakhand,5,Uttarakhand,53,Pithoragarh,-,-,-,-,-,-,-,-,-,29.57938889,80.21886111,20-07-2026 22:00,2
4609,Pithoragarh,Uttarakhand,5,Uttarakhand,53,Pithoragarh,-,-,-,-,-,-,-,-,-,29.57938889,80.21886111,20-07-2026 23:00,6
4610,Pithoragarh,Uttarakhand,5,Uttarakhand,53,Pithoragarh,-,-,-,-,-,-,-,-,-,29.57938889,80.21886111,21-07-2026 00:00,4.5
4611,Pithoragarh,Uttarakhand,5,Uttarakhand,53,Pithoragarh,-,-,-,-,-,-,-,-,-,29.57938889,80.21886111,21-07-2026 01:00,0.5
4612,Pithoragarh,Uttarakhand,5,Uttarakhand,53,Pithoragarh,-,-,-,-,-,-,-,-,-,29.57938889,80.21886111,21-07-2026 08:00,1.5
4613,Pithoragarh,Uttarakhand,5,Uttarakhand,53,Pithoragarh,-,-,-,-,-,-,-,-,-,29.57938889,80.21886111,21-07-2026 09:00,0.5
4614,Pithoragarh,Uttarakhand,5,Uttarakhand,53,Pithoragarh,-,-,-,-,-,-,-,-,-,29.57938889,80.21886111,21-07-2026 16:00,1.5
4615,Pithoragarh,Uttarakhand,5,Uttarakhand,53,Pithoragarh,-,-,-,-,-,-,-,-,-,29.57938889,80.21886111,21-07-2026 20:00,0.5
4616,Pithoragarh,Uttarakhand,5,Uttarakhand,53,Pithoragarh,-,-,-,-,-,-,-,-,-,29.57938889,80.21886111,21-07-2026 21:00,0.5
4617,Pithoragarh,Uttarakhand,5,Uttarakhand,53,Pithoragarh,-,-,-,-,-,-,-,-,-,29.57938889,80.21886111,22-07-2026 00:00,1.5
4618,Pithoragarh,Uttarakhand,5,Uttarakhand,53,Pithoragarh,-,-,-,-,-,-,-,-,-,29.57938889,80.21886111,22-07-2026 01:00,4
4619,Pithoragarh,Uttarakhand,5,Uttarakhand,53,Pithoragarh,-,-,-,-,-,-,-,-,-,29.57938889,80.21886111,22-07-2026 02:00,15
4620,Pithoragarh,Uttarakhand,5,Uttarakhand,53,Pithoragarh,-,-,-,-,-,-,-,-,-,29.57938889,80.21886111,22-07-2026 03:00,4.5
4621,Pithoragarh,Uttarakhand,5,Uttarakhand,53,Pithoragarh,-,-,-,-,-,-,-,-,-,29.57938889,80.21886111,22-07-2026 04:00,2
4622,Pithoragarh,Uttarakhand,5,Uttarakhand,53,Pithoragarh,-,-,-,-,-,-,-,-,-,29.57938889,80.21886111,22-07-2026 05:00,3.5
4623,Pithoragarh,Uttarakhand,5,Uttarakhand,53,Pithoragarh,-,-,-,-,-,-,-,-,-,29.57938889,80.21886111,22-07-2026 06:00,0.5
4624,Pithoragarh,Uttarakhand,5,Uttarakhand,53,Pithoragarh,-,-,-,-,-,-,-,-,-,29.57938889,80.21886111,22-07-2026 07:00,0.5
4625,Pithoragarh,Uttarakhand,5,Uttarakhand,53,Pithoragarh,-,-,-,-,-,-,-,-,-,29.57938889,80.21886111,22-07-2026 16:00,12.5
4626,Pithoragarh,Uttarakhand,5,Uttarakhand,53,Pithoragarh,-,-,-,-,-,-,-,-,-,29.57938889,80.21886111,22-07-2026 23:00,0.5
4627,Pithoragarh,Uttarakhand,5,Uttarakhand,53,Pithoragarh,-,-,-,-,-,-,-,-,-,29.57938889,80.21886111,23-07-2026 21:00,4.5
4628,Pithoragarh,Uttarakhand,5,Uttarakhand,53,Pithoragarh,-,-,-,-,-,-,-,-,-,29.57938889,80.21886111,23-07-2026 22:00,8.5
4629,Pithoragarh,Uttarakhand,5,Uttarakhand,53,Pithoragarh,-,-,-,-,-,-,-,-,-,29.57938889,80.21886111,23-07-2026 23:00,0.5
4630,Pithoragarh,Uttarakhand,5,Uttarakhand,53,Pithoragarh,-,-,-,-,-,-,-,-,-,29.57938889,80.21886111,24-07-2026 00:00,0.5
4631,Pithoragarh,Uttarakhand,5,Uttarakhand,53,Pithoragarh,-,-,-,-,-,-,-,-,-,29.57938889,80.21886111,24-07-2026 01:00,1.5
4632,Pithoragarh,Uttarakhand,5,Uttarakhand,53,Pithoragarh,-,-,-,-,-,-,-,-,-,29.57938889,80.21886111,24-07-2026 02:00,2.5
4633,Pithoragarh,Uttarakhand,5,Uttarakhand,53,Pithoragarh,-,-,-,-,-,-,-,-,-,29.57938889,80.21886111,25-07-2026 06:00,1.5
4634,Pithoragarh,Uttarakhand,5,Uttarakhand,53,Pithoragarh,-,-,-,-,-,-,-,-,-,29.57938889,80.21886111,25-07-2026 07:00,1.5
4635,Pithoragarh,Uttarakhand,5,Uttarakhand,53,Pithoragarh,-,-,-,-,-,-,-,-,-,29.57938889,80.21886111,25-07-2026 08:00,0.5
4636,Pithoragarh,Uttarakhand,5,Uttarakhand,53,Pithoragarh,-,-,-,-,-,-,-,-,-,29.57938889,80.21886111,25-07-2026 19:00,6.5
4637,Pithoragarh,Uttarakhand,5,Uttarakhand,53,Pithoragarh,-,-,-,-,-,-,-,-,-,29.57938889,80.21886111,25-07-2026 20:00,6
4638,Pithoragarh,Uttarakhand,5,Uttarakhand,53,Pithoragarh,-,-,-,-,-,-,-,-,-,29.57938889,80.21886111,27-07-2026 10:00,1.5
4639,Pithoragarh,Uttarakhand,5,Uttarakhand,53,Pithoragarh,-,-,-,-,-,-,-,-,-,29.57938889,80.21886111,27-07-2026 11:00,2.5
4640,Pithoragarh,Uttarakhand,5,Uttarakhand,53,Pithoragarh,-,-,-,-,-,-,-,-,-,29.57938889,80.21886111,27-07-2026 12:00,1.5
4641,Pithoragarh,Uttarakhand,5,Uttarakhand,53,Pithoragarh,-,-,-,-,-,-,-,-,-,29.57938889,80.21886111,27-07-2026 17:00,0.5
4642,Pithoragarh,Uttarakhand,5,Uttarakhand,53,Pithoragarh,-,-,-,-,-,-,-,-,-,29.57938889,80.21886111,27-07-2026 18:00,4
4643,Pithoragarh,Uttarakhand,5,Uttarakhand,53,Pithoragarh,-,-,-,-,-,-,-,-,-,29.57938889,80.21886111,27-07-2026 19:00,0.5
4644,Pithoragarh,Uttarakhand,5,Uttarakhand,53,Pithoragarh,-,-,-,-,-,-,-,-,-,29.57938889,80.21886111,27-07-2026 20:00,1
4645,Pithoragarh,Uttarakhand,5,Uttarakhand,53,Pithoragarh,-,-,-,-,-,-,-,-,-,29.57938889,80.21886111,27-07-2026 21:00,8.5
4646,Pithoragarh,Uttarakhand,5,Uttarakhand,53,Pithoragarh,-,-,-,-,-,-,-,-,-,29.57938889,80.21886111,28-07-2026 00:00,0.5
4647,Pithoragarh,Uttarakhand,5,Uttarakhand,53,Pithoragarh,-,-,-,-,-,-,-,-,-,29.57938889,80.21886111,28-07-2026 01:00,0.5
4648,Pithoragarh,Uttarakhand,5,Uttarakhand,53,Pithoragarh,-,-,-,-,-,-,-,-,-,29.57938889,80.21886111,28-07-2026 02:00,1
4649,Pithoragarh,Uttarakhand,5,Uttarakhand,53,Pithoragarh,-,-,-,-,-,-,-,-,-,29.57938889,80.21886111,28-07-2026 06:00,1
4650,Pithoragarh,Uttarakhand,5,Uttarakhand,53,Pithoragarh,-,-,-,-,-,-,-,-,-,29.57938889,80.21886111,28-07-2026 19:00,1.5
4651,Pithoragarh,Uttarakhand,5,Uttarakhand,53,Pithoragarh,-,-,-,-,-,-,-,-,-,29.57938889,80.21886111,29-07-2026 01:00,0.5
4652,Pithoragarh,Uttarakhand,5,Uttarakhand,53,Pithoragarh,-,-,-,-,-,-,-,-,-,29.57938889,80.21886111,29-07-2026 02:00,6.5
4653,Pithoragarh,Uttarakhand,5,Uttarakhand,53,Pithoragarh,-,-,-,-,-,-,-,-,-,29.57938889,80.21886111,29-07-2026 03:00,0.5
4654,Pithoragarh,Uttarakhand,5,Uttarakhand,53,Pithoragarh,-,-,-,-,-,-,-,-,-,29.57938889,80.21886111,01-08-2026 07:00,17
4655,Pithoragarh,Uttarakhand,5,Uttarakhand,53,Pithoragarh,-,-,-,-,-,-,-,-,-,29.57938889,80.21886111,01-08-2026 08:00,6.5
4656,Pithoragarh,Uttarakhand,5,Uttarakhand,53,Pithoragarh,-,-,-,-,-,-,-,-,-,29.57938889,80.21886111,01-08-2026 09:00,1.5
4657,Pithoragarh,Uttarakhand,5,Uttarakhand,53,Pithoragarh,-,-,-,-,-,-,-,-,-,29.57938889,80.21886111,03-08-2026 01:00,1
4658,Pithoragarh,Uttarakhand,5,Uttarakhand,53,Pithoragarh,-,-,-,-,-,-,-,-,-,29.57938889,80.21886111,03-08-2026 02:00,0.5
4659,Pithoragarh,Uttarakhand,5,Uttarakhand,53,Pithoragarh,-,-,-,-,-,-,-,-,-,29.57938889,80.21886111,03-08-2026 05:00,0.5
4660,Pithoragarh,Uttarakhand,5,Uttarakhand,53,Pithoragarh,-,-,-,-,-,-,-,-,-,29.57938889,80.21886111,04-08-2026 01:00,0.5
4661,Pithoragarh,Uttarakhand,5,Uttarakhand,53,Pithoragarh,-,-,-,-,-,-,-,-,-,29.57938889,80.21886111,04-08-2026 02:00,5
4662,Pithoragarh,Uttarakhand,5,Uttarakhand,53,Pithoragarh,-,-,-,-,-,-,-,-,-,29.57938889,80.21886111,04-08-2026 07:00,0.5
4663,Pithoragarh,Uttarakhand,5,Uttarakhand,53,Pithoragarh,-,-,-,-,-,-,-,-,-,29.57938889,80.21886111,06-08-2026 09:00,0.5
4664,Pithoragarh,Uttarakhand,5,Uttarakhand,53,Pithoragarh,-,-,-,-,-,-,-,-,-,29.57938889,80.21886111,06-08-2026 12:00,9.5
4665,Pithoragarh,Uttarakhand,5,Uttarakhand,53,Pithoragarh,-,-,-,-,-,-,-,-,-,29.57938889,80.21886111,06-08-2026 13:00,4
4666,Pithoragarh,Uttarakhand,5,Uttarakhand,53,Pithoragarh,-,-,-,-,-,-,-,-,-,29.57938889,80.21886111,08-08-2026 15:00,0.5
4667,Pithoragarh,Uttarakhand,5,Uttarakhand,53,Pithoragarh,-,-,-,-,-,-,-,-,-,29.57938889,80.21886111,08-08-2026 16:00,1
4668,Pithoragarh,Uttarakhand,5,Uttarakhand,53,Pithoragarh,-,-,-,-,-,-,-,-,-,29.57938889,80.21886111,09-08-2026 10:00,0.5
4669,Pithoragarh,Uttarakhand,5,Uttarakhand,53,Pithoragarh,-,-,-,-,-,-,-,-,-,29.57938889,80.21886111,09-08-2026 11:00,0.5
4670,Pithoragarh,Uttarakhand,5,Uttarakhand,53,Pithoragarh,-,-,-,-,-,-,-,-,-,29.57938889,80.21886111,10-08-2026 01:00,1.5
4671,Pithoragarh,Uttarakhand,5,Uttarakhand,53,Pithoragarh,-,-,-,-,-,-,-,-,-,29.57938889,80.21886111,10-08-2026 02:00,5.5
4672,Pithoragarh,Uttarakhand,5,Uttarakhand,53,Pithoragarh,-,-,-,-,-,-,-,-,-,29.57938889,80.21886111,10-08-2026 03:00,7.5
4673,Pithoragarh,Uttarakhand,5,Uttarakhand,53,Pithoragarh,-,-,-,-,-,-,-,-,-,29.57938889,80.21886111,10-08-2026 04:00,3.5
4674,Pithoragarh,Uttarakhand,5,Uttarakhand,53,Pithoragarh,-,-,-,-,-,-,-,-,-,29.57938889,80.21886111,10-08-2026 05:00,6.5
4675,Pithoragarh,Uttarakhand,5,Uttarakhand,53,Pithoragarh,-,-,-,-,-,-,-,-,-,29.57938889,80.21886111,10-08-2026 06:00,6.5
4676,Pithoragarh,Uttarakhand,5,Uttarakhand,53,Pithoragarh,-,-,-,-,-,-,-,-,-,29.57938889,80.21886111,10-08-2026 07:00,3
4677,Pithoragarh,Uttarakhand,5,Uttarakhand,53,Pithoragarh,-,-,-,-,-,-,-,-,-,29.57938889,80.21886111,10-08-2026 08:00,2
4678,Pithoragarh,Uttarakhand,5,Uttarakhand,53,Pithoragarh,-,-,-,-,-,-,-,-,-,29.57938889,80.21886111,10-08-2026 09:00,0.5
4679,Pithoragarh,Uttarakhand,5,Uttarakhand,53,Pithoragarh,-,-,-,-,-,-,-,-,-,29.57938889,80.21886111,11-08-2026 05:00,1.5
4680,Pithoragarh,Uttarakhand,5,Uttarakhand,53,Pithoragarh,-,-,-,-,-,-,-,-,-,29.57938889,80.21886111,11-08-2026 06:00,3.5
4681,Pithoragarh,Uttarakhand,5,Uttarakhand,53,Pithoragarh,-,-,-,-,-,-,-,-,-,29.57938889,80.21886111,11-08-2026 07:00,1.5
4682,Pithoragarh,Uttarakhand,5,Uttarakhand,53,Pithoragarh,-,-,-,-,-,-,-,-,-,29.57938889,80.21886111,11-08-2026 08:00,1.5
4683,Pithoragarh,Uttarakhand,5,Uttarakhand,53,Pithoragarh,-,-,-,-,-,-,-,-,-,29.57938889,80.21886111,11-08-2026 09:00,1
4684,Pithoragarh,Uttarakhand,5,Uttarakhand,53,Pithoragarh,-,-,-,-,-,-,-,-,-,29.57938889,80.21886111,14-08-2026 12:00,26
4685,Pithoragarh,Uttarakhand,5,Uttarakhand,53,Pithoragarh,-,-,-,-,-,-,-,-,-,29.57938889,80.21886111,14-08-2026 13:00,5.5
4686,Pithoragarh,Uttarakhand,5,Uttarakhand,53,Pithoragarh,-,-,-,-,-,-,-,-,-,29.57938889,80.21886111,14-08-2026 14:00,3.5
4687,Pithoragarh,Uttarakhand,5,Uttarakhand,53,Pithoragarh,-,-,-,-,-,-,-,-,-,29.57938889,80.21886111,14-08-2026 15:00,7
4688,Pithoragarh,Uttarakhand,5,Uttarakhand,53,Pithoragarh,-,-,-,-,-,-,-,-,-,29.57938889,80.21886111,14-08-2026 16:00,9
4689,Pithoragarh,Uttarakhand,5,Uttarakhand,53,Pithoragarh,-,-,-,-,-,-,-,-,-,29.57938889,80.21886111,15-08-2026 03:00,0.5
4690,Pithoragarh,Uttarakhand,5,Uttarakhand,53,Pithoragarh,-,-,-,-,-,-,-,-,-,29.57938889,80.21886111,19-08-2026 14:00,1.5
4691,Pithoragarh,Uttarakhand,5,Uttarakhand,53,Pithoragarh,-,-,-,-,-,-,-,-,-,29.57938889,80.21886111,21-08-2026 12:00,0.5
4692,Pithoragarh,Uttarakhand,5,Uttarakhand,53,Pithoragarh,-,-,-,-,-,-,-,-,-,29.57938889,80.21886111,24-08-2026 16:00,1
4693,Pithoragarh,Uttarakhand,5,Uttarakhand,53,Pithoragarh,-,-,-,-,-,-,-,-,-,29.57938889,80.21886111,24-08-2026 17:00,1
4694,Pithoragarh,Uttarakhand,5,Uttarakhand,53,Pithoragarh,-,-,-,-,-,-,-,-,-,29.57938889,80.21886111,24-08-2026 18:00,0.5
4695,Pithoragarh,Uttarakhand,5,Uttarakhand,53,Pithoragarh,-,-,-,-,-,-,-,-,-,29.57938889,80.21886111,24-08-2026 21:00,0.5
4696,Pithoragarh,Uttarakhand,5,Uttarakhand,53,Pithoragarh,-,-,-,-,-,-,-,-,-,29.57938889,80.21886111,25-08-2026 10:00,2
4697,Pithoragarh,Uttarakhand,5,Uttarakhand,53,Pithoragarh,-,-,-,-,-,-,-,-,-,29.57938889,80.21886111,25-08-2026 11:00,6.5
4698,Purola_1,Uttarakhand,5,Uttarakhand,57,Uttarkashi,-,-,-,-,-,-,-,-,-,30.91291667,78.10388889,06-02-2026 22:00,371
4699,Purola_1,Uttarakhand,5,Uttarakhand,57,Uttarkashi,-,-,-,-,-,-,-,-,-,30.91291667,78.10388889,12-02-2026 20:00,5
4700,Purola_1,Uttarakhand,5,Uttarakhand,57,Uttarkashi,-,-,-,-,-,-,-,-,-,30.91291667,78.10388889,18-02-2026 14:00,-365
4701,Purola_1,Uttarakhand,5,Uttarakhand,57,Uttarkashi,-,-,-,-,-,-,-,-,-,30.91291667,78.10388889,18-02-2026 15:00,78.5
4702,Purola_1,Uttarakhand,5,Uttarakhand,57,Uttarkashi,-,-,-,-,-,-,-,-,-,30.91291667,78.10388889,22-02-2026 10:00,1.5
4703,Purola_1,Uttarakhand,5,Uttarakhand,57,Uttarkashi,-,-,-,-,-,-,-,-,-,30.91291667,78.10388889,26-02-2026 10:00,128.5
4704,Purola_1,Uttarakhand,5,Uttarakhand,57,Uttarkashi,-,-,-,-,-,-,-,-,-,30.91291667,78.10388889,19-03-2026 22:00,119
4705,Purola_1,Uttarakhand,5,Uttarakhand,57,Uttarkashi,-,-,-,-,-,-,-,-,-,30.91291667,78.10388889,22-03-2026 22:00,216
4706,Purola_1,Uttarakhand,5,Uttarakhand,57,Uttarkashi,-,-,-,-,-,-,-,-,-,30.91291667,78.10388889,30-04-2026 16:00,257.5
4707,Rithakhal,Uttarakhand,5,Uttarakhand,48,Champawat,-,-,-,-,-,-,-,-,-,29.44911111,79.88200000,11-06-2026 12:00,0.5
4708,Rithakhal,Uttarakhand,5,Uttarakhand,48,Champawat,-,-,-,-,-,-,-,-,-,29.44911111,79.88200000,12-06-2026 02:00,7
4709,Rithakhal,Uttarakhand,5,Uttarakhand,48,Champawat,-,-,-,-,-,-,-,-,-,29.44911111,79.88200000,12-06-2026 03:00,5.5
4710,Rithakhal,Uttarakhand,5,Uttarakhand,48,Champawat,-,-,-,-,-,-,-,-,-,29.44911111,79.88200000,12-06-2026 04:00,4.5
4711,Rithakhal,Uttarakhand,5,Uttarakhand,48,Champawat,-,-,-,-,-,-,-,-,-,29.44911111,79.88200000,12-06-2026 05:00,1
4712,Rithakhal,Uttarakhand,5,Uttarakhand,48,Champawat,-,-,-,-,-,-,-,-,-,29.44911111,79.88200000,12-06-2026 06:00,1
4713,Rithakhal,Uttarakhand,5,Uttarakhand,48,Champawat,-,-,-,-,-,-,-,-,-,29.44911111,79.88200000,12-06-2026 07:00,4
4714,Rithakhal,Uttarakhand,5,Uttarakhand,48,Champawat,-,-,-,-,-,-,-,-,-,29.44911111,79.88200000,12-06-2026 08:00,3.5
4715,Rithakhal,Uttarakhand,5,Uttarakhand,48,Champawat,-,-,-,-,-,-,-,-,-,29.44911111,79.88200000,15-06-2026 18:00,0.5
4716,Rithakhal,Uttarakhand,5,Uttarakhand,48,Champawat,-,-,-,-,-,-,-,-,-,29.44911111,79.88200000,16-06-2026 14:00,0.5
4717,Rithakhal,Uttarakhand,5,Uttarakhand,48,Champawat,-,-,-,-,-,-,-,-,-,29.44911111,79.88200000,16-06-2026 15:00,0.5
4718,Rithakhal,Uttarakhand,5,Uttarakhand,48,Champawat,-,-,-,-,-,-,-,-,-,29.44911111,79.88200000,20-06-2026 15:00,1
4719,Rithakhal,Uttarakhand,5,Uttarakhand,48,Champawat,-,-,-,-,-,-,-,-,-,29.44911111,79.88200000,22-06-2026 12:00,2
4720,Rithakhal,Uttarakhand,5,Uttarakhand,48,Champawat,-,-,-,-,-,-,-,-,-,29.44911111,79.88200000,22-06-2026 13:00,0.5
4721,Rithakhal,Uttarakhand,5,Uttarakhand,48,Champawat,-,-,-,-,-,-,-,-,-,29.44911111,79.88200000,22-06-2026 14:00,0.5
4722,Rithakhal,Uttarakhand,5,Uttarakhand,48,Champawat,-,-,-,-,-,-,-,-,-,29.44911111,79.88200000,22-06-2026 18:00,0.5
4723,Rithakhal,Uttarakhand,5,Uttarakhand,48,Champawat,-,-,-,-,-,-,-,-,-,29.44911111,79.88200000,23-06-2026 16:00,0.5
4724,Rithakhal,Uttarakhand,5,Uttarakhand,48,Champawat,-,-,-,-,-,-,-,-,-,29.44911111,79.88200000,24-06-2026 02:00,0.5
4725,Rithakhal,Uttarakhand,5,Uttarakhand,48,Champawat,-,-,-,-,-,-,-,-,-,29.44911111,79.88200000,30-06-2026 08:00,0.5
4726,Rithakhal,Uttarakhand,5,Uttarakhand,48,Champawat,-,-,-,-,-,-,-,-,-,29.44911111,79.88200000,30-06-2026 10:00,1
4727,Rithakhal,Uttarakhand,5,Uttarakhand,48,Champawat,-,-,-,-,-,-,-,-,-,29.44911111,79.88200000,30-06-2026 15:00,2.5
4728,Rithakhal,Uttarakhand,5,Uttarakhand,48,Champawat,-,-,-,-,-,-,-,-,-,29.44911111,79.88200000,30-06-2026 16:00,1.5
4729,Rithakhal,Uttarakhand,5,Uttarakhand,48,Champawat,-,-,-,-,-,-,-,-,-,29.44911111,79.88200000,30-06-2026 17:00,1.5
4730,Rithakhal,Uttarakhand,5,Uttarakhand,48,Champawat,-,-,-,-,-,-,-,-,-,29.44911111,79.88200000,01-07-2026 05:00,0.5
4731,Rithakhal,Uttarakhand,5,Uttarakhand,48,Champawat,-,-,-,-,-,-,-,-,-,29.44911111,79.88200000,01-07-2026 07:00,0.5
4732,Rithakhal,Uttarakhand,5,Uttarakhand,48,Champawat,-,-,-,-,-,-,-,-,-,29.44911111,79.88200000,01-07-2026 10:00,0.5
4733,Rithakhal,Uttarakhand,5,Uttarakhand,48,Champawat,-,-,-,-,-,-,-,-,-,29.44911111,79.88200000,01-07-2026 15:00,0.5
4734,Rithakhal,Uttarakhand,5,Uttarakhand,48,Champawat,-,-,-,-,-,-,-,-,-,29.44911111,79.88200000,01-07-2026 22:00,0.5
4735,Rithakhal,Uttarakhand,5,Uttarakhand,48,Champawat,-,-,-,-,-,-,-,-,-,29.44911111,79.88200000,02-07-2026 09:00,0.5
4736,Rithakhal,Uttarakhand,5,Uttarakhand,48,Champawat,-,-,-,-,-,-,-,-,-,29.44911111,79.88200000,03-07-2026 01:00,0.5
4737,Rithakhal,Uttarakhand,5,Uttarakhand,48,Champawat,-,-,-,-,-,-,-,-,-,29.44911111,79.88200000,07-07-2026 05:00,0.5
4738,Rithakhal,Uttarakhand,5,Uttarakhand,48,Champawat,-,-,-,-,-,-,-,-,-,29.44911111,79.88200000,08-07-2026 06:00,0.5
4739,Rithakhal,Uttarakhand,5,Uttarakhand,48,Champawat,-,-,-,-,-,-,-,-,-,29.44911111,79.88200000,09-07-2026 05:00,0.5
4740,Rithakhal,Uttarakhand,5,Uttarakhand,48,Champawat,-,-,-,-,-,-,-,-,-,29.44911111,79.88200000,10-07-2026 14:00,0.5
4741,Rithakhal,Uttarakhand,5,Uttarakhand,48,Champawat,-,-,-,-,-,-,-,-,-,29.44911111,79.88200000,18-07-2026 19:00,4
4742,Rithakhal,Uttarakhand,5,Uttarakhand,48,Champawat,-,-,-,-,-,-,-,-,-,29.44911111,79.88200000,18-07-2026 20:00,1
4743,Rithakhal,Uttarakhand,5,Uttarakhand,48,Champawat,-,-,-,-,-,-,-,-,-,29.44911111,79.88200000,18-07-2026 21:00,0.5
4744,Rithakhal,Uttarakhand,5,Uttarakhand,48,Champawat,-,-,-,-,-,-,-,-,-,29.44911111,79.88200000,18-07-2026 23:00,0.5
4745,Rithakhal,Uttarakhand,5,Uttarakhand,48,Champawat,-,-,-,-,-,-,-,-,-,29.44911111,79.88200000,20-07-2026 13:00,0.5
4746,Rithakhal,Uttarakhand,5,Uttarakhand,48,Champawat,-,-,-,-,-,-,-,-,-,29.44911111,79.88200000,22-07-2026 18:00,2
4747,Rithakhal,Uttarakhand,5,Uttarakhand,48,Champawat,-,-,-,-,-,-,-,-,-,29.44911111,79.88200000,25-07-2026 08:00,0.5
4748,Rithakhal,Uttarakhand,5,Uttarakhand,48,Champawat,-,-,-,-,-,-,-,-,-,29.44911111,79.88200000,25-07-2026 09:00,4
4749,Rithakhal,Uttarakhand,5,Uttarakhand,48,Champawat,-,-,-,-,-,-,-,-,-,29.44911111,79.88200000,27-07-2026 15:00,0.5
4750,Rithakhal,Uttarakhand,5,Uttarakhand,48,Champawat,-,-,-,-,-,-,-,-,-,29.44911111,79.88200000,27-07-2026 16:00,0.5
4751,Rithakhal,Uttarakhand,5,Uttarakhand,48,Champawat,-,-,-,-,-,-,-,-,-,29.44911111,79.88200000,28-07-2026 07:00,0.5
4752,Rithakhal,Uttarakhand,5,Uttarakhand,48,Champawat,-,-,-,-,-,-,-,-,-,29.44911111,79.88200000,30-07-2026 13:00,3
4753,Rithakhal,Uttarakhand,5,Uttarakhand,48,Champawat,-,-,-,-,-,-,-,-,-,29.44911111,79.88200000,30-07-2026 14:00,1.5
4754,Rithakhal,Uttarakhand,5,Uttarakhand,48,Champawat,-,-,-,-,-,-,-,-,-,29.44911111,79.88200000,01-08-2026 05:00,3
4755,Rithakhal,Uttarakhand,5,Uttarakhand,48,Champawat,-,-,-,-,-,-,-,-,-,29.44911111,79.88200000,01-08-2026 06:00,1
4756,Rithakhal,Uttarakhand,5,Uttarakhand,48,Champawat,-,-,-,-,-,-,-,-,-,29.44911111,79.88200000,02-08-2026 03:00,0.5
4757,Rithakhal,Uttarakhand,5,Uttarakhand,48,Champawat,-,-,-,-,-,-,-,-,-,29.44911111,79.88200000,02-08-2026 04:00,0.5
4758,Rithakhal,Uttarakhand,5,Uttarakhand,48,Champawat,-,-,-,-,-,-,-,-,-,29.44911111,79.88200000,05-08-2026 13:00,8
4759,Rithakhal,Uttarakhand,5,Uttarakhand,48,Champawat,-,-,-,-,-,-,-,-,-,29.44911111,79.88200000,05-08-2026 20:00,0.5
4760,Rithakhal,Uttarakhand,5,Uttarakhand,48,Champawat,-,-,-,-,-,-,-,-,-,29.44911111,79.88200000,06-08-2026 09:00,3.5
4761,Rithakhal,Uttarakhand,5,Uttarakhand,48,Champawat,-,-,-,-,-,-,-,-,-,29.44911111,79.88200000,06-08-2026 12:00,11
4762,Rithakhal,Uttarakhand,5,Uttarakhand,48,Champawat,-,-,-,-,-,-,-,-,-,29.44911111,79.88200000,06-08-2026 13:00,0.5
4763,Rithakhal,Uttarakhand,5,Uttarakhand,48,Champawat,-,-,-,-,-,-,-,-,-,29.44911111,79.88200000,06-08-2026 14:00,0.5
4764,Rithakhal,Uttarakhand,5,Uttarakhand,48,Champawat,-,-,-,-,-,-,-,-,-,29.44911111,79.88200000,09-08-2026 17:00,1.5
4765,Rithakhal,Uttarakhand,5,Uttarakhand,48,Champawat,-,-,-,-,-,-,-,-,-,29.44911111,79.88200000,10-08-2026 03:00,1.5
4766,Rithakhal,Uttarakhand,5,Uttarakhand,48,Champawat,-,-,-,-,-,-,-,-,-,29.44911111,79.88200000,10-08-2026 04:00,3
4767,Rithakhal,Uttarakhand,5,Uttarakhand,48,Champawat,-,-,-,-,-,-,-,-,-,29.44911111,79.88200000,10-08-2026 05:00,4
4768,Rithakhal,Uttarakhand,5,Uttarakhand,48,Champawat,-,-,-,-,-,-,-,-,-,29.44911111,79.88200000,10-08-2026 06:00,5.5
4769,Rithakhal,Uttarakhand,5,Uttarakhand,48,Champawat,-,-,-,-,-,-,-,-,-,29.44911111,79.88200000,10-08-2026 07:00,4
4770,Rithakhal,Uttarakhand,5,Uttarakhand,48,Champawat,-,-,-,-,-,-,-,-,-,29.44911111,79.88200000,10-08-2026 08:00,3.5
4771,Rithakhal,Uttarakhand,5,Uttarakhand,48,Champawat,-,-,-,-,-,-,-,-,-,29.44911111,79.88200000,10-08-2026 09:00,3
4772,Rithakhal,Uttarakhand,5,Uttarakhand,48,Champawat,-,-,-,-,-,-,-,-,-,29.44911111,79.88200000,10-08-2026 10:00,1.5
4773,Rithakhal,Uttarakhand,5,Uttarakhand,48,Champawat,-,-,-,-,-,-,-,-,-,29.44911111,79.88200000,10-08-2026 11:00,1
4774,Rithakhal,Uttarakhand,5,Uttarakhand,48,Champawat,-,-,-,-,-,-,-,-,-,29.44911111,79.88200000,10-08-2026 12:00,0.5
4775,Rithakhal,Uttarakhand,5,Uttarakhand,48,Champawat,-,-,-,-,-,-,-,-,-,29.44911111,79.88200000,10-08-2026 14:00,0.5
4776,Rithakhal,Uttarakhand,5,Uttarakhand,48,Champawat,-,-,-,-,-,-,-,-,-,29.44911111,79.88200000,11-08-2026 04:00,0.5
4777,Rithakhal,Uttarakhand,5,Uttarakhand,48,Champawat,-,-,-,-,-,-,-,-,-,29.44911111,79.88200000,11-08-2026 06:00,0.5
4778,Rithakhal,Uttarakhand,5,Uttarakhand,48,Champawat,-,-,-,-,-,-,-,-,-,29.44911111,79.88200000,11-08-2026 11:00,0.5
4779,Rithakhal,Uttarakhand,5,Uttarakhand,48,Champawat,-,-,-,-,-,-,-,-,-,29.44911111,79.88200000,14-08-2026 12:00,9.5
4780,Rithakhal,Uttarakhand,5,Uttarakhand,48,Champawat,-,-,-,-,-,-,-,-,-,29.44911111,79.88200000,14-08-2026 13:00,6
4781,Rithakhal,Uttarakhand,5,Uttarakhand,48,Champawat,-,-,-,-,-,-,-,-,-,29.44911111,79.88200000,14-08-2026 14:00,7.5
4782,Rithakhal,Uttarakhand,5,Uttarakhand,48,Champawat,-,-,-,-,-,-,-,-,-,29.44911111,79.88200000,14-08-2026 15:00,3.5
4783,Rithakhal,Uttarakhand,5,Uttarakhand,48,Champawat,-,-,-,-,-,-,-,-,-,29.44911111,79.88200000,14-08-2026 16:00,0.5
4784,Rithakhal,Uttarakhand,5,Uttarakhand,48,Champawat,-,-,-,-,-,-,-,-,-,29.44911111,79.88200000,16-08-2026 16:00,0.5
4785,Rithakhal,Uttarakhand,5,Uttarakhand,48,Champawat,-,-,-,-,-,-,-,-,-,29.44911111,79.88200000,17-08-2026 13:00,0.5
4786,Rithakhal,Uttarakhand,5,Uttarakhand,48,Champawat,-,-,-,-,-,-,-,-,-,29.44911111,79.88200000,17-08-2026 17:00,0.5
4787,Rithakhal,Uttarakhand,5,Uttarakhand,48,Champawat,-,-,-,-,-,-,-,-,-,29.44911111,79.88200000,17-08-2026 18:00,5.5
4788,Rithakhal,Uttarakhand,5,Uttarakhand,48,Champawat,-,-,-,-,-,-,-,-,-,29.44911111,79.88200000,18-08-2026 09:00,8.5
4789,Rithakhal,Uttarakhand,5,Uttarakhand,48,Champawat,-,-,-,-,-,-,-,-,-,29.44911111,79.88200000,18-08-2026 10:00,1
4790,Rithakhal,Uttarakhand,5,Uttarakhand,48,Champawat,-,-,-,-,-,-,-,-,-,29.44911111,79.88200000,18-08-2026 11:00,7
4791,Rithakhal,Uttarakhand,5,Uttarakhand,48,Champawat,-,-,-,-,-,-,-,-,-,29.44911111,79.88200000,18-08-2026 12:00,9
4792,Rithakhal,Uttarakhand,5,Uttarakhand,48,Champawat,-,-,-,-,-,-,-,-,-,29.44911111,79.88200000,18-08-2026 13:00,1.5
4793,Rithakhal,Uttarakhand,5,Uttarakhand,48,Champawat,-,-,-,-,-,-,-,-,-,29.44911111,79.88200000,18-08-2026 14:00,1.5
4794,Rithakhal,Uttarakhand,5,Uttarakhand,48,Champawat,-,-,-,-,-,-,-,-,-,29.44911111,79.88200000,18-08-2026 15:00,1.5
4795,Rithakhal,Uttarakhand,5,Uttarakhand,48,Champawat,-,-,-,-,-,-,-,-,-,29.44911111,79.88200000,18-08-2026 16:00,0.5
4796,Rithakhal,Uttarakhand,5,Uttarakhand,48,Champawat,-,-,-,-,-,-,-,-,-,29.44911111,79.88200000,18-08-2026 17:00,1
4797,Roorkee_2,Uttarakhand,5,Uttarakhand,50,Haridwar,Roorkee,-,-,-,-,-,-,-,-,29.86771944,77.88415556,14-01-2026 15:00,240.5
4798,Roorkee_2,Uttarakhand,5,Uttarakhand,50,Haridwar,Roorkee,-,-,-,-,-,-,-,-,29.86771944,77.88415556,14-01-2026 16:00,241
4799,Roorkee_2,Uttarakhand,5,Uttarakhand,50,Haridwar,Roorkee,-,-,-,-,-,-,-,-,29.86771944,77.88415556,14-01-2026 22:00,231
4800,Roorkee_2,Uttarakhand,5,Uttarakhand,50,Haridwar,Roorkee,-,-,-,-,-,-,-,-,29.86771944,77.88415556,15-01-2026 01:00,230.5
4801,Roorkee_2,Uttarakhand,5,Uttarakhand,50,Haridwar,Roorkee,-,-,-,-,-,-,-,-,29.86771944,77.88415556,15-01-2026 12:00,246
4802,Roorkee_2,Uttarakhand,5,Uttarakhand,50,Haridwar,Roorkee,-,-,-,-,-,-,-,-,29.86771944,77.88415556,20-01-2026 08:00,511.5
4803,Roorkee_2,Uttarakhand,5,Uttarakhand,50,Haridwar,Roorkee,-,-,-,-,-,-,-,-,29.86771944,77.88415556,20-01-2026 13:00,321.5
4804,Roorkee_2,Uttarakhand,5,Uttarakhand,50,Haridwar,Roorkee,-,-,-,-,-,-,-,-,29.86771944,77.88415556,20-01-2026 16:00,64
4805,Roorkee_2,Uttarakhand,5,Uttarakhand,50,Haridwar,Roorkee,-,-,-,-,-,-,-,-,29.86771944,77.88415556,20-01-2026 19:00,285
4806,Roorkee_2,Uttarakhand,5,Uttarakhand,50,Haridwar,Roorkee,-,-,-,-,-,-,-,-,29.86771944,77.88415556,20-01-2026 21:00,267
4807,Roorkee_2,Uttarakhand,5,Uttarakhand,50,Haridwar,Roorkee,-,-,-,-,-,-,-,-,29.86771944,77.88415556,20-01-2026 23:00,255.5
4808,Roorkee_2,Uttarakhand,5,Uttarakhand,50,Haridwar,Roorkee,-,-,-,-,-,-,-,-,29.86771944,77.88415556,28-01-2026 11:00,289
4809,Roorkee_2,Uttarakhand,5,Uttarakhand,50,Haridwar,Roorkee,-,-,-,-,-,-,-,-,29.86771944,77.88415556,28-01-2026 12:00,300
4810,Roorkee_2,Uttarakhand,5,Uttarakhand,50,Haridwar,Roorkee,-,-,-,-,-,-,-,-,29.86771944,77.88415556,28-01-2026 15:00,300
4811,Roorkee_2,Uttarakhand,5,Uttarakhand,50,Haridwar,Roorkee,-,-,-,-,-,-,-,-,29.86771944,77.88415556,28-01-2026 17:00,283.5
4812,Roorkee_2,Uttarakhand,5,Uttarakhand,50,Haridwar,Roorkee,-,-,-,-,-,-,-,-,29.86771944,77.88415556,28-01-2026 18:00,276.5
4813,Roorkee_2,Uttarakhand,5,Uttarakhand,50,Haridwar,Roorkee,-,-,-,-,-,-,-,-,29.86771944,77.88415556,28-01-2026 20:00,269.5
4814,Roorkee_2,Uttarakhand,5,Uttarakhand,50,Haridwar,Roorkee,-,-,-,-,-,-,-,-,29.86771944,77.88415556,28-01-2026 23:00,260.5
4815,Roorkee_2,Uttarakhand,5,Uttarakhand,50,Haridwar,Roorkee,-,-,-,-,-,-,-,-,29.86771944,77.88415556,29-01-2026 00:00,258.5
4816,Roorkee_2,Uttarakhand,5,Uttarakhand,50,Haridwar,Roorkee,-,-,-,-,-,-,-,-,29.86771944,77.88415556,29-01-2026 02:00,253
4817,Roorkee_2,Uttarakhand,5,Uttarakhand,50,Haridwar,Roorkee,-,-,-,-,-,-,-,-,29.86771944,77.88415556,29-01-2026 11:00,258.5
4818,Roorkee_2,Uttarakhand,5,Uttarakhand,50,Haridwar,Roorkee,-,-,-,-,-,-,-,-,29.86771944,77.88415556,29-01-2026 12:00,272.5
4819,Roorkee_2,Uttarakhand,5,Uttarakhand,50,Haridwar,Roorkee,-,-,-,-,-,-,-,-,29.86771944,77.88415556,29-01-2026 13:00,289.5
4820,Roorkee_2,Uttarakhand,5,Uttarakhand,50,Haridwar,Roorkee,-,-,-,-,-,-,-,-,29.86771944,77.88415556,29-01-2026 19:00,272.5
4821,Roorkee_2,Uttarakhand,5,Uttarakhand,50,Haridwar,Roorkee,-,-,-,-,-,-,-,-,29.86771944,77.88415556,29-01-2026 23:00,259.5
4822,Roorkee_2,Uttarakhand,5,Uttarakhand,50,Haridwar,Roorkee,-,-,-,-,-,-,-,-,29.86771944,77.88415556,30-01-2026 01:00,252.5
4823,Roorkee_2,Uttarakhand,5,Uttarakhand,50,Haridwar,Roorkee,-,-,-,-,-,-,-,-,29.86771944,77.88415556,30-01-2026 03:00,245
4824,Roorkee_2,Uttarakhand,5,Uttarakhand,50,Haridwar,Roorkee,-,-,-,-,-,-,-,-,29.86771944,77.88415556,30-01-2026 08:00,511.5
4825,Roorkee_2,Uttarakhand,5,Uttarakhand,50,Haridwar,Roorkee,-,-,-,-,-,-,-,-,29.86771944,77.88415556,30-01-2026 09:00,255.5
4826,Roorkee_2,Uttarakhand,5,Uttarakhand,50,Haridwar,Roorkee,-,-,-,-,-,-,-,-,29.86771944,77.88415556,30-01-2026 10:00,276.5
4827,Roorkee_2,Uttarakhand,5,Uttarakhand,50,Haridwar,Roorkee,-,-,-,-,-,-,-,-,29.86771944,77.88415556,30-01-2026 11:00,289
4828,Roorkee_2,Uttarakhand,5,Uttarakhand,50,Haridwar,Roorkee,-,-,-,-,-,-,-,-,29.86771944,77.88415556,30-01-2026 13:00,300
4829,Roorkee_2,Uttarakhand,5,Uttarakhand,50,Haridwar,Roorkee,-,-,-,-,-,-,-,-,29.86771944,77.88415556,30-01-2026 14:00,303
4830,Roorkee_2,Uttarakhand,5,Uttarakhand,50,Haridwar,Roorkee,-,-,-,-,-,-,-,-,29.86771944,77.88415556,30-01-2026 19:00,267
4831,Roorkee_2,Uttarakhand,5,Uttarakhand,50,Haridwar,Roorkee,-,-,-,-,-,-,-,-,29.86771944,77.88415556,30-01-2026 23:00,256
4832,Roorkee_2,Uttarakhand,5,Uttarakhand,50,Haridwar,Roorkee,-,-,-,-,-,-,-,-,29.86771944,77.88415556,31-01-2026 01:00,252
4833,Roorkee_2,Uttarakhand,5,Uttarakhand,50,Haridwar,Roorkee,-,-,-,-,-,-,-,-,29.86771944,77.88415556,31-01-2026 02:00,249
4834,Roorkee_2,Uttarakhand,5,Uttarakhand,50,Haridwar,Roorkee,-,-,-,-,-,-,-,-,29.86771944,77.88415556,31-01-2026 04:00,252.5
4835,Roorkee_2,Uttarakhand,5,Uttarakhand,50,Haridwar,Roorkee,-,-,-,-,-,-,-,-,29.86771944,77.88415556,31-01-2026 09:00,511.5
4836,Roorkee_2,Uttarakhand,5,Uttarakhand,50,Haridwar,Roorkee,-,-,-,-,-,-,-,-,29.86771944,77.88415556,31-01-2026 10:00,260
4837,Roorkee_2,Uttarakhand,5,Uttarakhand,50,Haridwar,Roorkee,-,-,-,-,-,-,-,-,29.86771944,77.88415556,31-01-2026 13:00,273
4838,Roorkee_2,Uttarakhand,5,Uttarakhand,50,Haridwar,Roorkee,-,-,-,-,-,-,-,-,29.86771944,77.88415556,31-01-2026 16:00,284
4839,Roorkee_2,Uttarakhand,5,Uttarakhand,50,Haridwar,Roorkee,-,-,-,-,-,-,-,-,29.86771944,77.88415556,31-01-2026 18:00,265
4840,Roorkee_2,Uttarakhand,5,Uttarakhand,50,Haridwar,Roorkee,-,-,-,-,-,-,-,-,29.86771944,77.88415556,31-01-2026 19:00,262.5
4841,Roorkee_2,Uttarakhand,5,Uttarakhand,50,Haridwar,Roorkee,-,-,-,-,-,-,-,-,29.86771944,77.88415556,31-01-2026 21:00,128.5
4842,Roorkee_2,Uttarakhand,5,Uttarakhand,50,Haridwar,Roorkee,-,-,-,-,-,-,-,-,29.86771944,77.88415556,01-02-2026 03:00,1
4843,Roorkee_2,Uttarakhand,5,Uttarakhand,50,Haridwar,Roorkee,-,-,-,-,-,-,-,-,29.86771944,77.88415556,01-02-2026 12:00,308.5
4844,Roorkee_2,Uttarakhand,5,Uttarakhand,50,Haridwar,Roorkee,-,-,-,-,-,-,-,-,29.86771944,77.88415556,01-02-2026 14:00,0.5
4845,Roorkee_2,Uttarakhand,5,Uttarakhand,50,Haridwar,Roorkee,-,-,-,-,-,-,-,-,29.86771944,77.88415556,01-02-2026 17:00,296.5
4846,Roorkee_2,Uttarakhand,5,Uttarakhand,50,Haridwar,Roorkee,-,-,-,-,-,-,-,-,29.86771944,77.88415556,01-02-2026 20:00,280
4847,Roorkee_2,Uttarakhand,5,Uttarakhand,50,Haridwar,Roorkee,-,-,-,-,-,-,-,-,29.86771944,77.88415556,01-02-2026 21:00,280.5
4848,Roorkee_2,Uttarakhand,5,Uttarakhand,50,Haridwar,Roorkee,-,-,-,-,-,-,-,-,29.86771944,77.88415556,01-02-2026 22:00,281.5
4849,Roorkee_2,Uttarakhand,5,Uttarakhand,50,Haridwar,Roorkee,-,-,-,-,-,-,-,-,29.86771944,77.88415556,02-02-2026 01:00,265.5
4850,Roorkee_2,Uttarakhand,5,Uttarakhand,50,Haridwar,Roorkee,-,-,-,-,-,-,-,-,29.86771944,77.88415556,02-02-2026 10:00,284.5
4851,Roorkee_2,Uttarakhand,5,Uttarakhand,50,Haridwar,Roorkee,-,-,-,-,-,-,-,-,29.86771944,77.88415556,02-02-2026 14:00,314
4852,Roorkee_2,Uttarakhand,5,Uttarakhand,50,Haridwar,Roorkee,-,-,-,-,-,-,-,-,29.86771944,77.88415556,02-02-2026 16:00,303
4853,Roorkee_2,Uttarakhand,5,Uttarakhand,50,Haridwar,Roorkee,-,-,-,-,-,-,-,-,29.86771944,77.88415556,02-02-2026 18:00,290
4854,Roorkee_2,Uttarakhand,5,Uttarakhand,50,Haridwar,Roorkee,-,-,-,-,-,-,-,-,29.86771944,77.88415556,02-02-2026 19:00,286
4855,Roorkee_2,Uttarakhand,5,Uttarakhand,50,Haridwar,Roorkee,-,-,-,-,-,-,-,-,29.86771944,77.88415556,02-02-2026 21:00,278
4856,Roorkee_2,Uttarakhand,5,Uttarakhand,50,Haridwar,Roorkee,-,-,-,-,-,-,-,-,29.86771944,77.88415556,02-02-2026 22:00,275
4857,Roorkee_2,Uttarakhand,5,Uttarakhand,50,Haridwar,Roorkee,-,-,-,-,-,-,-,-,29.86771944,77.88415556,03-02-2026 00:00,267.5
4858,Roorkee_2,Uttarakhand,5,Uttarakhand,50,Haridwar,Roorkee,-,-,-,-,-,-,-,-,29.86771944,77.88415556,03-02-2026 01:00,264
4859,Roorkee_2,Uttarakhand,5,Uttarakhand,50,Haridwar,Roorkee,-,-,-,-,-,-,-,-,29.86771944,77.88415556,03-02-2026 02:00,261
4860,Roorkee_2,Uttarakhand,5,Uttarakhand,50,Haridwar,Roorkee,-,-,-,-,-,-,-,-,29.86771944,77.88415556,03-02-2026 15:00,295
4861,Roorkee_2,Uttarakhand,5,Uttarakhand,50,Haridwar,Roorkee,-,-,-,-,-,-,-,-,29.86771944,77.88415556,03-02-2026 20:00,267
4862,Roorkee_2,Uttarakhand,5,Uttarakhand,50,Haridwar,Roorkee,-,-,-,-,-,-,-,-,29.86771944,77.88415556,04-02-2026 02:00,257
4863,Roorkee_2,Uttarakhand,5,Uttarakhand,50,Haridwar,Roorkee,-,-,-,-,-,-,-,-,29.86771944,77.88415556,04-02-2026 03:00,257
4864,Roorkee_2,Uttarakhand,5,Uttarakhand,50,Haridwar,Roorkee,-,-,-,-,-,-,-,-,29.86771944,77.88415556,04-02-2026 09:00,511.5
4865,Roorkee_2,Uttarakhand,5,Uttarakhand,50,Haridwar,Roorkee,-,-,-,-,-,-,-,-,29.86771944,77.88415556,04-02-2026 11:00,276
4866,Roorkee_2,Uttarakhand,5,Uttarakhand,50,Haridwar,Roorkee,-,-,-,-,-,-,-,-,29.86771944,77.88415556,04-02-2026 14:00,310
4867,Roorkee_2,Uttarakhand,5,Uttarakhand,50,Haridwar,Roorkee,-,-,-,-,-,-,-,-,29.86771944,77.88415556,04-02-2026 17:00,294
4868,Roorkee_2,Uttarakhand,5,Uttarakhand,50,Haridwar,Roorkee,-,-,-,-,-,-,-,-,29.86771944,77.88415556,04-02-2026 19:00,279.5
4869,Roorkee_2,Uttarakhand,5,Uttarakhand,50,Haridwar,Roorkee,-,-,-,-,-,-,-,-,29.86771944,77.88415556,04-02-2026 21:00,267
4870,Roorkee_2,Uttarakhand,5,Uttarakhand,50,Haridwar,Roorkee,-,-,-,-,-,-,-,-,29.86771944,77.88415556,05-02-2026 09:00,249.5
4871,Roorkee_2,Uttarakhand,5,Uttarakhand,50,Haridwar,Roorkee,-,-,-,-,-,-,-,-,29.86771944,77.88415556,05-02-2026 10:00,256
4872,Roorkee_2,Uttarakhand,5,Uttarakhand,50,Haridwar,Roorkee,-,-,-,-,-,-,-,-,29.86771944,77.88415556,05-02-2026 12:00,300
4873,Roorkee_2,Uttarakhand,5,Uttarakhand,50,Haridwar,Roorkee,-,-,-,-,-,-,-,-,29.86771944,77.88415556,05-02-2026 13:00,311
4874,Roorkee_2,Uttarakhand,5,Uttarakhand,50,Haridwar,Roorkee,-,-,-,-,-,-,-,-,29.86771944,77.88415556,05-02-2026 17:00,294.5
4875,Roorkee_2,Uttarakhand,5,Uttarakhand,50,Haridwar,Roorkee,-,-,-,-,-,-,-,-,29.86771944,77.88415556,05-02-2026 19:00,282.5
4876,Roorkee_2,Uttarakhand,5,Uttarakhand,50,Haridwar,Roorkee,-,-,-,-,-,-,-,-,29.86771944,77.88415556,05-02-2026 20:00,278
4877,Roorkee_2,Uttarakhand,5,Uttarakhand,50,Haridwar,Roorkee,-,-,-,-,-,-,-,-,29.86771944,77.88415556,05-02-2026 21:00,270.5
4878,Roorkee_2,Uttarakhand,5,Uttarakhand,50,Haridwar,Roorkee,-,-,-,-,-,-,-,-,29.86771944,77.88415556,05-02-2026 23:00,265
4879,Roorkee_2,Uttarakhand,5,Uttarakhand,50,Haridwar,Roorkee,-,-,-,-,-,-,-,-,29.86771944,77.88415556,06-02-2026 00:00,261
4880,Roorkee_2,Uttarakhand,5,Uttarakhand,50,Haridwar,Roorkee,-,-,-,-,-,-,-,-,29.86771944,77.88415556,06-02-2026 01:00,258
4881,Roorkee_2,Uttarakhand,5,Uttarakhand,50,Haridwar,Roorkee,-,-,-,-,-,-,-,-,29.86771944,77.88415556,06-02-2026 02:00,255
4882,Roorkee_2,Uttarakhand,5,Uttarakhand,50,Haridwar,Roorkee,-,-,-,-,-,-,-,-,29.86771944,77.88415556,06-02-2026 12:00,312
4883,Roorkee_2,Uttarakhand,5,Uttarakhand,50,Haridwar,Roorkee,-,-,-,-,-,-,-,-,29.86771944,77.88415556,06-02-2026 16:00,311
4884,Roorkee_2,Uttarakhand,5,Uttarakhand,50,Haridwar,Roorkee,-,-,-,-,-,-,-,-,29.86771944,77.88415556,06-02-2026 18:00,289.5
4885,Roorkee_2,Uttarakhand,5,Uttarakhand,50,Haridwar,Roorkee,-,-,-,-,-,-,-,-,29.86771944,77.88415556,06-02-2026 20:00,282
4886,Roorkee_2,Uttarakhand,5,Uttarakhand,50,Haridwar,Roorkee,-,-,-,-,-,-,-,-,29.86771944,77.88415556,06-02-2026 23:00,266
4887,Roorkee_2,Uttarakhand,5,Uttarakhand,50,Haridwar,Roorkee,-,-,-,-,-,-,-,-,29.86771944,77.88415556,07-02-2026 00:00,263.5
4888,Roorkee_2,Uttarakhand,5,Uttarakhand,50,Haridwar,Roorkee,-,-,-,-,-,-,-,-,29.86771944,77.88415556,07-02-2026 09:00,272.5
4889,Roorkee_2,Uttarakhand,5,Uttarakhand,50,Haridwar,Roorkee,-,-,-,-,-,-,-,-,29.86771944,77.88415556,07-02-2026 15:00,322
4890,Roorkee_2,Uttarakhand,5,Uttarakhand,50,Haridwar,Roorkee,-,-,-,-,-,-,-,-,29.86771944,77.88415556,07-02-2026 16:00,314.5
4891,Roorkee_2,Uttarakhand,5,Uttarakhand,50,Haridwar,Roorkee,-,-,-,-,-,-,-,-,29.86771944,77.88415556,07-02-2026 17:00,304
4892,Roorkee_2,Uttarakhand,5,Uttarakhand,50,Haridwar,Roorkee,-,-,-,-,-,-,-,-,29.86771944,77.88415556,07-02-2026 20:00,283.5
4893,Roorkee_2,Uttarakhand,5,Uttarakhand,50,Haridwar,Roorkee,-,-,-,-,-,-,-,-,29.86771944,77.88415556,07-02-2026 22:00,271.5
4894,Roorkee_2,Uttarakhand,5,Uttarakhand,50,Haridwar,Roorkee,-,-,-,-,-,-,-,-,29.86771944,77.88415556,07-02-2026 23:00,266.5
4895,Roorkee_2,Uttarakhand,5,Uttarakhand,50,Haridwar,Roorkee,-,-,-,-,-,-,-,-,29.86771944,77.88415556,08-02-2026 01:00,259.5
4896,Roorkee_2,Uttarakhand,5,Uttarakhand,50,Haridwar,Roorkee,-,-,-,-,-,-,-,-,29.86771944,77.88415556,08-02-2026 10:00,280.5
4897,Roorkee_2,Uttarakhand,5,Uttarakhand,50,Haridwar,Roorkee,-,-,-,-,-,-,-,-,29.86771944,77.88415556,08-02-2026 12:00,305
4898,Roorkee_2,Uttarakhand,5,Uttarakhand,50,Haridwar,Roorkee,-,-,-,-,-,-,-,-,29.86771944,77.88415556,08-02-2026 12:30,36
4899,Roorkee_2,Uttarakhand,5,Uttarakhand,50,Haridwar,Roorkee,-,-,-,-,-,-,-,-,29.86771944,77.88415556,08-02-2026 15:00,312
4900,Roorkee_2,Uttarakhand,5,Uttarakhand,50,Haridwar,Roorkee,-,-,-,-,-,-,-,-,29.86771944,77.88415556,08-02-2026 21:00,274.5
4901,Roorkee_2,Uttarakhand,5,Uttarakhand,50,Haridwar,Roorkee,-,-,-,-,-,-,-,-,29.86771944,77.88415556,08-02-2026 22:00,261.5
4902,Roorkee_2,Uttarakhand,5,Uttarakhand,50,Haridwar,Roorkee,-,-,-,-,-,-,-,-,29.86771944,77.88415556,09-02-2026 00:00,269
4903,Roorkee_2,Uttarakhand,5,Uttarakhand,50,Haridwar,Roorkee,-,-,-,-,-,-,-,-,29.86771944,77.88415556,09-02-2026 01:00,265.5
4904,Roorkee_2,Uttarakhand,5,Uttarakhand,50,Haridwar,Roorkee,-,-,-,-,-,-,-,-,29.86771944,77.88415556,09-02-2026 02:00,263.5
4905,Roorkee_2,Uttarakhand,5,Uttarakhand,50,Haridwar,Roorkee,-,-,-,-,-,-,-,-,29.86771944,77.88415556,09-02-2026 08:00,511.5
4906,Roorkee_2,Uttarakhand,5,Uttarakhand,50,Haridwar,Roorkee,-,-,-,-,-,-,-,-,29.86771944,77.88415556,09-02-2026 09:00,276.5
4907,Roorkee_2,Uttarakhand,5,Uttarakhand,50,Haridwar,Roorkee,-,-,-,-,-,-,-,-,29.86771944,77.88415556,09-02-2026 15:00,312.5
4908,Roorkee_2,Uttarakhand,5,Uttarakhand,50,Haridwar,Roorkee,-,-,-,-,-,-,-,-,29.86771944,77.88415556,09-02-2026 19:00,279.5
4909,Roorkee_2,Uttarakhand,5,Uttarakhand,50,Haridwar,Roorkee,-,-,-,-,-,-,-,-,29.86771944,77.88415556,09-02-2026 21:00,266.5
4910,Roorkee_2,Uttarakhand,5,Uttarakhand,50,Haridwar,Roorkee,-,-,-,-,-,-,-,-,29.86771944,77.88415556,09-02-2026 22:00,266
4911,Roorkee_2,Uttarakhand,5,Uttarakhand,50,Haridwar,Roorkee,-,-,-,-,-,-,-,-,29.86771944,77.88415556,10-02-2026 02:00,251.5
4912,Roorkee_2,Uttarakhand,5,Uttarakhand,50,Haridwar,Roorkee,-,-,-,-,-,-,-,-,29.86771944,77.88415556,10-02-2026 08:00,511.5
4913,Roorkee_2,Uttarakhand,5,Uttarakhand,50,Haridwar,Roorkee,-,-,-,-,-,-,-,-,29.86771944,77.88415556,11-02-2026 10:00,296.5
4914,Roorkee_2,Uttarakhand,5,Uttarakhand,50,Haridwar,Roorkee,-,-,-,-,-,-,-,-,29.86771944,77.88415556,11-02-2026 12:00,318
4915,Roorkee_2,Uttarakhand,5,Uttarakhand,50,Haridwar,Roorkee,-,-,-,-,-,-,-,-,29.86771944,77.88415556,11-02-2026 17:00,309.5
4916,Roorkee_2,Uttarakhand,5,Uttarakhand,50,Haridwar,Roorkee,-,-,-,-,-,-,-,-,29.86771944,77.88415556,11-02-2026 19:00,294
4917,Roorkee_2,Uttarakhand,5,Uttarakhand,50,Haridwar,Roorkee,-,-,-,-,-,-,-,-,29.86771944,77.88415556,11-02-2026 22:00,281.5
4918,Roorkee_2,Uttarakhand,5,Uttarakhand,50,Haridwar,Roorkee,-,-,-,-,-,-,-,-,29.86771944,77.88415556,12-02-2026 01:00,265
4919,Roorkee_2,Uttarakhand,5,Uttarakhand,50,Haridwar,Roorkee,-,-,-,-,-,-,-,-,29.86771944,77.88415556,12-02-2026 10:00,292.5
4920,Roorkee_2,Uttarakhand,5,Uttarakhand,50,Haridwar,Roorkee,-,-,-,-,-,-,-,-,29.86771944,77.88415556,12-02-2026 12:00,320
4921,Roorkee_2,Uttarakhand,5,Uttarakhand,50,Haridwar,Roorkee,-,-,-,-,-,-,-,-,29.86771944,77.88415556,12-02-2026 16:00,316.5
4922,Roorkee_2,Uttarakhand,5,Uttarakhand,50,Haridwar,Roorkee,-,-,-,-,-,-,-,-,29.86771944,77.88415556,12-02-2026 17:00,307
4923,Roorkee_2,Uttarakhand,5,Uttarakhand,50,Haridwar,Roorkee,-,-,-,-,-,-,-,-,29.86771944,77.88415556,12-02-2026 21:00,284
4924,Roorkee_2,Uttarakhand,5,Uttarakhand,50,Haridwar,Roorkee,-,-,-,-,-,-,-,-,29.86771944,77.88415556,13-02-2026 00:00,270.5
4925,Roorkee_2,Uttarakhand,5,Uttarakhand,50,Haridwar,Roorkee,-,-,-,-,-,-,-,-,29.86771944,77.88415556,13-02-2026 03:00,264.5
4926,Roorkee_2,Uttarakhand,5,Uttarakhand,50,Haridwar,Roorkee,-,-,-,-,-,-,-,-,29.86771944,77.88415556,13-02-2026 09:00,268
4927,Roorkee_2,Uttarakhand,5,Uttarakhand,50,Haridwar,Roorkee,-,-,-,-,-,-,-,-,29.86771944,77.88415556,13-02-2026 10:00,278
4928,Roorkee_2,Uttarakhand,5,Uttarakhand,50,Haridwar,Roorkee,-,-,-,-,-,-,-,-,29.86771944,77.88415556,13-02-2026 13:00,316
4929,Roorkee_2,Uttarakhand,5,Uttarakhand,50,Haridwar,Roorkee,-,-,-,-,-,-,-,-,29.86771944,77.88415556,13-02-2026 14:00,317
4930,Roorkee_2,Uttarakhand,5,Uttarakhand,50,Haridwar,Roorkee,-,-,-,-,-,-,-,-,29.86771944,77.88415556,13-02-2026 16:00,316
4931,Roorkee_2,Uttarakhand,5,Uttarakhand,50,Haridwar,Roorkee,-,-,-,-,-,-,-,-,29.86771944,77.88415556,14-02-2026 00:00,268.5
4932,Roorkee_2,Uttarakhand,5,Uttarakhand,50,Haridwar,Roorkee,-,-,-,-,-,-,-,-,29.86771944,77.88415556,14-02-2026 02:00,265.5
4933,Roorkee_2,Uttarakhand,5,Uttarakhand,50,Haridwar,Roorkee,-,-,-,-,-,-,-,-,29.86771944,77.88415556,14-02-2026 11:00,311.5
4934,Roorkee_2,Uttarakhand,5,Uttarakhand,50,Haridwar,Roorkee,-,-,-,-,-,-,-,-,29.86771944,77.88415556,14-02-2026 13:00,328
4935,Roorkee_2,Uttarakhand,5,Uttarakhand,50,Haridwar,Roorkee,-,-,-,-,-,-,-,-,29.86771944,77.88415556,14-02-2026 14:00,328
4936,Roorkee_2,Uttarakhand,5,Uttarakhand,50,Haridwar,Roorkee,-,-,-,-,-,-,-,-,29.86771944,77.88415556,14-02-2026 21:00,285.5
4937,Roorkee_2,Uttarakhand,5,Uttarakhand,50,Haridwar,Roorkee,-,-,-,-,-,-,-,-,29.86771944,77.88415556,14-02-2026 22:00,284.5
4938,Roorkee_2,Uttarakhand,5,Uttarakhand,50,Haridwar,Roorkee,-,-,-,-,-,-,-,-,29.86771944,77.88415556,15-02-2026 02:00,268.5
4939,Roorkee_2,Uttarakhand,5,Uttarakhand,50,Haridwar,Roorkee,-,-,-,-,-,-,-,-,29.86771944,77.88415556,15-02-2026 03:00,266
4940,Roorkee_2,Uttarakhand,5,Uttarakhand,50,Haridwar,Roorkee,-,-,-,-,-,-,-,-,29.86771944,77.88415556,15-02-2026 08:00,511.5
4941,Roorkee_2,Uttarakhand,5,Uttarakhand,50,Haridwar,Roorkee,-,-,-,-,-,-,-,-,29.86771944,77.88415556,15-02-2026 14:00,328
4942,Roorkee_2,Uttarakhand,5,Uttarakhand,50,Haridwar,Roorkee,-,-,-,-,-,-,-,-,29.86771944,77.88415556,15-02-2026 15:00,329
4943,Roorkee_2,Uttarakhand,5,Uttarakhand,50,Haridwar,Roorkee,-,-,-,-,-,-,-,-,29.86771944,77.88415556,15-02-2026 19:00,298
4944,Roorkee_2,Uttarakhand,5,Uttarakhand,50,Haridwar,Roorkee,-,-,-,-,-,-,-,-,29.86771944,77.88415556,15-02-2026 21:00,294.5
4945,Roorkee_2,Uttarakhand,5,Uttarakhand,50,Haridwar,Roorkee,-,-,-,-,-,-,-,-,29.86771944,77.88415556,15-02-2026 22:00,283
4946,Roorkee_2,Uttarakhand,5,Uttarakhand,50,Haridwar,Roorkee,-,-,-,-,-,-,-,-,29.86771944,77.88415556,16-02-2026 09:00,283.5
4947,Roorkee_2,Uttarakhand,5,Uttarakhand,50,Haridwar,Roorkee,-,-,-,-,-,-,-,-,29.86771944,77.88415556,16-02-2026 10:00,308.5
4948,Roorkee_2,Uttarakhand,5,Uttarakhand,50,Haridwar,Roorkee,-,-,-,-,-,-,-,-,29.86771944,77.88415556,16-02-2026 11:00,321
4949,Roorkee_2,Uttarakhand,5,Uttarakhand,50,Haridwar,Roorkee,-,-,-,-,-,-,-,-,29.86771944,77.88415556,16-02-2026 12:00,328
4950,Roorkee_2,Uttarakhand,5,Uttarakhand,50,Haridwar,Roorkee,-,-,-,-,-,-,-,-,29.86771944,77.88415556,16-02-2026 13:00,330
4951,Roorkee_2,Uttarakhand,5,Uttarakhand,50,Haridwar,Roorkee,-,-,-,-,-,-,-,-,29.86771944,77.88415556,16-02-2026 14:00,331.5
4952,Roorkee_2,Uttarakhand,5,Uttarakhand,50,Haridwar,Roorkee,-,-,-,-,-,-,-,-,29.86771944,77.88415556,16-02-2026 15:00,335.5
4953,Roorkee_2,Uttarakhand,5,Uttarakhand,50,Haridwar,Roorkee,-,-,-,-,-,-,-,-,29.86771944,77.88415556,16-02-2026 16:00,330
4954,Roorkee_2,Uttarakhand,5,Uttarakhand,50,Haridwar,Roorkee,-,-,-,-,-,-,-,-,29.86771944,77.88415556,16-02-2026 17:00,316
4955,Roorkee_2,Uttarakhand,5,Uttarakhand,50,Haridwar,Roorkee,-,-,-,-,-,-,-,-,29.86771944,77.88415556,16-02-2026 18:00,291.5
4956,Roorkee_2,Uttarakhand,5,Uttarakhand,50,Haridwar,Roorkee,-,-,-,-,-,-,-,-,29.86771944,77.88415556,16-02-2026 19:00,279
4957,Roorkee_2,Uttarakhand,5,Uttarakhand,50,Haridwar,Roorkee,-,-,-,-,-,-,-,-,29.86771944,77.88415556,16-02-2026 21:00,271.5
4958,Roorkee_2,Uttarakhand,5,Uttarakhand,50,Haridwar,Roorkee,-,-,-,-,-,-,-,-,29.86771944,77.88415556,16-02-2026 22:00,265
4959,Roorkee_2,Uttarakhand,5,Uttarakhand,50,Haridwar,Roorkee,-,-,-,-,-,-,-,-,29.86771944,77.88415556,17-02-2026 01:00,265
4960,Roorkee_2,Uttarakhand,5,Uttarakhand,50,Haridwar,Roorkee,-,-,-,-,-,-,-,-,29.86771944,77.88415556,17-02-2026 03:00,258
4961,Roorkee_2,Uttarakhand,5,Uttarakhand,50,Haridwar,Roorkee,-,-,-,-,-,-,-,-,29.86771944,77.88415556,17-02-2026 09:00,299.5
4962,Roorkee_2,Uttarakhand,5,Uttarakhand,50,Haridwar,Roorkee,-,-,-,-,-,-,-,-,29.86771944,77.88415556,17-02-2026 11:00,329
4963,Roorkee_2,Uttarakhand,5,Uttarakhand,50,Haridwar,Roorkee,-,-,-,-,-,-,-,-,29.86771944,77.88415556,17-02-2026 12:00,335.5
4964,Roorkee_2,Uttarakhand,5,Uttarakhand,50,Haridwar,Roorkee,-,-,-,-,-,-,-,-,29.86771944,77.88415556,17-02-2026 16:00,335.5
4965,Roorkee_2,Uttarakhand,5,Uttarakhand,50,Haridwar,Roorkee,-,-,-,-,-,-,-,-,29.86771944,77.88415556,17-02-2026 18:00,296.5
4966,Roorkee_2,Uttarakhand,5,Uttarakhand,50,Haridwar,Roorkee,-,-,-,-,-,-,-,-,29.86771944,77.88415556,17-02-2026 19:00,285
4967,Roorkee_2,Uttarakhand,5,Uttarakhand,50,Haridwar,Roorkee,-,-,-,-,-,-,-,-,29.86771944,77.88415556,18-02-2026 01:00,266
4968,Roorkee_2,Uttarakhand,5,Uttarakhand,50,Haridwar,Roorkee,-,-,-,-,-,-,-,-,29.86771944,77.88415556,18-02-2026 08:00,511.5
4969,Roorkee_2,Uttarakhand,5,Uttarakhand,50,Haridwar,Roorkee,-,-,-,-,-,-,-,-,29.86771944,77.88415556,18-02-2026 09:00,283
4970,Roorkee_2,Uttarakhand,5,Uttarakhand,50,Haridwar,Roorkee,-,-,-,-,-,-,-,-,29.86771944,77.88415556,18-02-2026 11:00,293.5
4971,Roorkee_2,Uttarakhand,5,Uttarakhand,50,Haridwar,Roorkee,-,-,-,-,-,-,-,-,29.86771944,77.88415556,18-02-2026 14:00,310.5
4972,Roorkee_2,Uttarakhand,5,Uttarakhand,50,Haridwar,Roorkee,-,-,-,-,-,-,-,-,29.86771944,77.88415556,18-02-2026 17:00,296
4973,Roorkee_2,Uttarakhand,5,Uttarakhand,50,Haridwar,Roorkee,-,-,-,-,-,-,-,-,29.86771944,77.88415556,19-02-2026 02:00,275
4974,Roorkee_2,Uttarakhand,5,Uttarakhand,50,Haridwar,Roorkee,-,-,-,-,-,-,-,-,29.86771944,77.88415556,19-02-2026 11:00,329.5
4975,Roorkee_2,Uttarakhand,5,Uttarakhand,50,Haridwar,Roorkee,-,-,-,-,-,-,-,-,29.86771944,77.88415556,19-02-2026 13:00,335.5
4976,Roorkee_2,Uttarakhand,5,Uttarakhand,50,Haridwar,Roorkee,-,-,-,-,-,-,-,-,29.86771944,77.88415556,19-02-2026 16:00,329.5
4977,Roorkee_2,Uttarakhand,5,Uttarakhand,50,Haridwar,Roorkee,-,-,-,-,-,-,-,-,29.86771944,77.88415556,20-02-2026 02:00,275.5
4978,Roorkee_2,Uttarakhand,5,Uttarakhand,50,Haridwar,Roorkee,-,-,-,-,-,-,-,-,29.86771944,77.88415556,20-02-2026 12:00,338
4979,Roorkee_2,Uttarakhand,5,Uttarakhand,50,Haridwar,Roorkee,-,-,-,-,-,-,-,-,29.86771944,77.88415556,20-02-2026 13:00,343.5
4980,Roorkee_2,Uttarakhand,5,Uttarakhand,50,Haridwar,Roorkee,-,-,-,-,-,-,-,-,29.86771944,77.88415556,20-02-2026 14:00,340
4981,Roorkee_2,Uttarakhand,5,Uttarakhand,50,Haridwar,Roorkee,-,-,-,-,-,-,-,-,29.86771944,77.88415556,20-02-2026 15:00,340
4982,Roorkee_2,Uttarakhand,5,Uttarakhand,50,Haridwar,Roorkee,-,-,-,-,-,-,-,-,29.86771944,77.88415556,20-02-2026 16:00,333
4983,Roorkee_2,Uttarakhand,5,Uttarakhand,50,Haridwar,Roorkee,-,-,-,-,-,-,-,-,29.86771944,77.88415556,20-02-2026 17:00,324
4984,Roorkee_2,Uttarakhand,5,Uttarakhand,50,Haridwar,Roorkee,-,-,-,-,-,-,-,-,29.86771944,77.88415556,20-02-2026 18:00,315.5
4985,Roorkee_2,Uttarakhand,5,Uttarakhand,50,Haridwar,Roorkee,-,-,-,-,-,-,-,-,29.86771944,77.88415556,21-02-2026 00:00,286
4986,Roorkee_2,Uttarakhand,5,Uttarakhand,50,Haridwar,Roorkee,-,-,-,-,-,-,-,-,29.86771944,77.88415556,21-02-2026 02:00,281
4987,Roorkee_2,Uttarakhand,5,Uttarakhand,50,Haridwar,Roorkee,-,-,-,-,-,-,-,-,29.86771944,77.88415556,21-02-2026 03:00,277.5
4988,Roorkee_2,Uttarakhand,5,Uttarakhand,50,Haridwar,Roorkee,-,-,-,-,-,-,-,-,29.86771944,77.88415556,21-02-2026 12:00,314
4989,Roorkee_2,Uttarakhand,5,Uttarakhand,50,Haridwar,Roorkee,-,-,-,-,-,-,-,-,29.86771944,77.88415556,21-02-2026 15:00,327.5
4990,Roorkee_2,Uttarakhand,5,Uttarakhand,50,Haridwar,Roorkee,-,-,-,-,-,-,-,-,29.86771944,77.88415556,21-02-2026 16:00,324.5
4991,Roorkee_2,Uttarakhand,5,Uttarakhand,50,Haridwar,Roorkee,-,-,-,-,-,-,-,-,29.86771944,77.88415556,21-02-2026 18:00,309.5
4992,Roorkee_2,Uttarakhand,5,Uttarakhand,50,Haridwar,Roorkee,-,-,-,-,-,-,-,-,29.86771944,77.88415556,21-02-2026 19:00,304.5
4993,Roorkee_2,Uttarakhand,5,Uttarakhand,50,Haridwar,Roorkee,-,-,-,-,-,-,-,-,29.86771944,77.88415556,21-02-2026 20:00,300
4994,Roorkee_2,Uttarakhand,5,Uttarakhand,50,Haridwar,Roorkee,-,-,-,-,-,-,-,-,29.86771944,77.88415556,21-02-2026 21:00,296.5
4995,Roorkee_2,Uttarakhand,5,Uttarakhand,50,Haridwar,Roorkee,-,-,-,-,-,-,-,-,29.86771944,77.88415556,21-02-2026 22:00,291
4996,Roorkee_2,Uttarakhand,5,Uttarakhand,50,Haridwar,Roorkee,-,-,-,-,-,-,-,-,29.86771944,77.88415556,21-02-2026 23:00,286.5
4997,Roorkee_2,Uttarakhand,5,Uttarakhand,50,Haridwar,Roorkee,-,-,-,-,-,-,-,-,29.86771944,77.88415556,22-02-2026 00:00,286.5
4998,Roorkee_2,Uttarakhand,5,Uttarakhand,50,Haridwar,Roorkee,-,-,-,-,-,-,-,-,29.86771944,77.88415556,22-02-2026 01:00,282
4999,Roorkee_2,Uttarakhand,5,Uttarakhand,50,Haridwar,Roorkee,-,-,-,-,-,-,-,-,29.86771944,77.88415556,22-02-2026 02:00,280
5000,Roorkee_2,Uttarakhand,5,Uttarakhand,50,Haridwar,Roorkee,-,-,-,-,-,-,-,-,29.86771944,77.88415556,22-02-2026 03:00,274.5
5001,Roorkee_2,Uttarakhand,5,Uttarakhand,50,Haridwar,Roorkee,-,-,-,-,-,-,-,-,29.86771944,77.88415556,22-02-2026 11:00,311.5
5002,Roorkee_2,Uttarakhand,5,Uttarakhand,50,Haridwar,Roorkee,-,-,-,-,-,-,-,-,29.86771944,77.88415556,22-02-2026 12:00,321
5003,Roorkee_2,Uttarakhand,5,Uttarakhand,50,Haridwar,Roorkee,-,-,-,-,-,-,-,-,29.86771944,77.88415556,22-02-2026 22:00,128
5004,Roorkee_2,Uttarakhand,5,Uttarakhand,50,Haridwar,Roorkee,-,-,-,-,-,-,-,-,29.86771944,77.88415556,23-02-2026 01:00,272.5
5005,Roorkee_2,Uttarakhand,5,Uttarakhand,50,Haridwar,Roorkee,-,-,-,-,-,-,-,-,29.86771944,77.88415556,23-02-2026 07:00,511.5
5006,Roorkee_2,Uttarakhand,5,Uttarakhand,50,Haridwar,Roorkee,-,-,-,-,-,-,-,-,29.86771944,77.88415556,23-02-2026 08:00,281
5007,Roorkee_2,Uttarakhand,5,Uttarakhand,50,Haridwar,Roorkee,-,-,-,-,-,-,-,-,29.86771944,77.88415556,23-02-2026 10:00,315.5
5008,Roorkee_2,Uttarakhand,5,Uttarakhand,50,Haridwar,Roorkee,-,-,-,-,-,-,-,-,29.86771944,77.88415556,23-02-2026 14:00,333.5
5009,Roorkee_2,Uttarakhand,5,Uttarakhand,50,Haridwar,Roorkee,-,-,-,-,-,-,-,-,29.86771944,77.88415556,23-02-2026 16:00,330
5010,Roorkee_2,Uttarakhand,5,Uttarakhand,50,Haridwar,Roorkee,-,-,-,-,-,-,-,-,29.86771944,77.88415556,24-02-2026 00:00,276
5011,Roorkee_2,Uttarakhand,5,Uttarakhand,50,Haridwar,Roorkee,-,-,-,-,-,-,-,-,29.86771944,77.88415556,24-02-2026 02:00,271.5
5012,Roorkee_2,Uttarakhand,5,Uttarakhand,50,Haridwar,Roorkee,-,-,-,-,-,-,-,-,29.86771944,77.88415556,24-02-2026 07:00,511.5
5013,Roorkee_2,Uttarakhand,5,Uttarakhand,50,Haridwar,Roorkee,-,-,-,-,-,-,-,-,29.86771944,77.88415556,24-02-2026 10:00,316
5014,Roorkee_2,Uttarakhand,5,Uttarakhand,50,Haridwar,Roorkee,-,-,-,-,-,-,-,-,29.86771944,77.88415556,24-02-2026 11:00,323.5
5015,Roorkee_2,Uttarakhand,5,Uttarakhand,50,Haridwar,Roorkee,-,-,-,-,-,-,-,-,29.86771944,77.88415556,24-02-2026 12:00,332
5016,Roorkee_2,Uttarakhand,5,Uttarakhand,50,Haridwar,Roorkee,-,-,-,-,-,-,-,-,29.86771944,77.88415556,24-02-2026 13:00,330.5
5017,Roorkee_2,Uttarakhand,5,Uttarakhand,50,Haridwar,Roorkee,-,-,-,-,-,-,-,-,29.86771944,77.88415556,24-02-2026 15:00,335.5
5018,Roorkee_2,Uttarakhand,5,Uttarakhand,50,Haridwar,Roorkee,-,-,-,-,-,-,-,-,29.86771944,77.88415556,27-02-2026 10:30,0.5
5019,Roorkee_2,Uttarakhand,5,Uttarakhand,50,Haridwar,Roorkee,-,-,-,-,-,-,-,-,29.86771944,77.88415556,19-03-2026 09:00,330.5
5020,Roorkee_2,Uttarakhand,5,Uttarakhand,50,Haridwar,Roorkee,-,-,-,-,-,-,-,-,29.86771944,77.88415556,19-03-2026 11:00,350.5
5021,Roorkee_2,Uttarakhand,5,Uttarakhand,50,Haridwar,Roorkee,-,-,-,-,-,-,-,-,29.86771944,77.88415556,19-03-2026 12:00,342
5022,Roorkee_2,Uttarakhand,5,Uttarakhand,50,Haridwar,Roorkee,-,-,-,-,-,-,-,-,29.86771944,77.88415556,19-03-2026 15:00,320
5023,Roorkee_2,Uttarakhand,5,Uttarakhand,50,Haridwar,Roorkee,-,-,-,-,-,-,-,-,29.86771944,77.88415556,19-03-2026 17:00,306.5
5024,Roorkee_2,Uttarakhand,5,Uttarakhand,50,Haridwar,Roorkee,-,-,-,-,-,-,-,-,29.86771944,77.88415556,19-03-2026 20:00,297
5025,Roorkee_2,Uttarakhand,5,Uttarakhand,50,Haridwar,Roorkee,-,-,-,-,-,-,-,-,29.86771944,77.88415556,19-03-2026 23:00,0.5
5026,Roorkee_2,Uttarakhand,5,Uttarakhand,50,Haridwar,Roorkee,-,-,-,-,-,-,-,-,29.86771944,77.88415556,20-03-2026 00:00,283
5027,Roorkee_2,Uttarakhand,5,Uttarakhand,50,Haridwar,Roorkee,-,-,-,-,-,-,-,-,29.86771944,77.88415556,20-03-2026 01:00,282
5028,Roorkee_2,Uttarakhand,5,Uttarakhand,50,Haridwar,Roorkee,-,-,-,-,-,-,-,-,29.86771944,77.88415556,20-03-2026 10:00,285
5029,Roorkee_2,Uttarakhand,5,Uttarakhand,50,Haridwar,Roorkee,-,-,-,-,-,-,-,-,29.86771944,77.88415556,20-03-2026 12:00,284
5030,Roorkee_2,Uttarakhand,5,Uttarakhand,50,Haridwar,Roorkee,-,-,-,-,-,-,-,-,29.86771944,77.88415556,20-03-2026 15:00,282
5031,Roorkee_2,Uttarakhand,5,Uttarakhand,50,Haridwar,Roorkee,-,-,-,-,-,-,-,-,29.86771944,77.88415556,20-03-2026 18:00,0.5
5032,Roorkee_2,Uttarakhand,5,Uttarakhand,50,Haridwar,Roorkee,-,-,-,-,-,-,-,-,29.86771944,77.88415556,20-03-2026 19:00,278.5
5033,Roorkee_2,Uttarakhand,5,Uttarakhand,50,Haridwar,Roorkee,-,-,-,-,-,-,-,-,29.86771944,77.88415556,20-03-2026 23:00,274
5034,Roorkee_2,Uttarakhand,5,Uttarakhand,50,Haridwar,Roorkee,-,-,-,-,-,-,-,-,29.86771944,77.88415556,21-03-2026 03:00,266
5035,Roorkee_2,Uttarakhand,5,Uttarakhand,50,Haridwar,Roorkee,-,-,-,-,-,-,-,-,29.86771944,77.88415556,21-03-2026 07:00,266
5036,Roorkee_2,Uttarakhand,5,Uttarakhand,50,Haridwar,Roorkee,-,-,-,-,-,-,-,-,29.86771944,77.88415556,21-03-2026 08:00,282
5037,Roorkee_2,Uttarakhand,5,Uttarakhand,50,Haridwar,Roorkee,-,-,-,-,-,-,-,-,29.86771944,77.88415556,21-03-2026 09:00,302
5038,Roorkee_2,Uttarakhand,5,Uttarakhand,50,Haridwar,Roorkee,-,-,-,-,-,-,-,-,29.86771944,77.88415556,21-03-2026 11:00,317.5
5039,Roorkee_2,Uttarakhand,5,Uttarakhand,50,Haridwar,Roorkee,-,-,-,-,-,-,-,-,29.86771944,77.88415556,21-03-2026 13:00,322
5040,Roorkee_2,Uttarakhand,5,Uttarakhand,50,Haridwar,Roorkee,-,-,-,-,-,-,-,-,29.86771944,77.88415556,21-03-2026 19:00,307.5
5041,Roorkee_2,Uttarakhand,5,Uttarakhand,50,Haridwar,Roorkee,-,-,-,-,-,-,-,-,29.86771944,77.88415556,21-03-2026 23:00,293.5
5042,Roorkee_2,Uttarakhand,5,Uttarakhand,50,Haridwar,Roorkee,-,-,-,-,-,-,-,-,29.86771944,77.88415556,22-03-2026 00:00,288
5043,Roorkee_2,Uttarakhand,5,Uttarakhand,50,Haridwar,Roorkee,-,-,-,-,-,-,-,-,29.86771944,77.88415556,22-03-2026 02:00,281
5044,Roorkee_2,Uttarakhand,5,Uttarakhand,50,Haridwar,Roorkee,-,-,-,-,-,-,-,-,29.86771944,77.88415556,22-03-2026 03:00,278.5
5045,Roorkee_2,Uttarakhand,5,Uttarakhand,50,Haridwar,Roorkee,-,-,-,-,-,-,-,-,29.86771944,77.88415556,22-03-2026 08:00,278.5
5046,Roorkee_2,Uttarakhand,5,Uttarakhand,50,Haridwar,Roorkee,-,-,-,-,-,-,-,-,29.86771944,77.88415556,22-03-2026 11:00,322
5047,Roorkee_2,Uttarakhand,5,Uttarakhand,50,Haridwar,Roorkee,-,-,-,-,-,-,-,-,29.86771944,77.88415556,22-03-2026 13:00,338
5048,Roorkee_2,Uttarakhand,5,Uttarakhand,50,Haridwar,Roorkee,-,-,-,-,-,-,-,-,29.86771944,77.88415556,22-03-2026 16:00,336.5
5049,Roorkee_2,Uttarakhand,5,Uttarakhand,50,Haridwar,Roorkee,-,-,-,-,-,-,-,-,29.86771944,77.88415556,22-03-2026 17:00,329.5
5050,Roorkee_2,Uttarakhand,5,Uttarakhand,50,Haridwar,Roorkee,-,-,-,-,-,-,-,-,29.86771944,77.88415556,22-03-2026 21:00,308
5051,Roorkee_2,Uttarakhand,5,Uttarakhand,50,Haridwar,Roorkee,-,-,-,-,-,-,-,-,29.86771944,77.88415556,23-03-2026 00:00,295
5052,Roorkee_2,Uttarakhand,5,Uttarakhand,50,Haridwar,Roorkee,-,-,-,-,-,-,-,-,29.86771944,77.88415556,23-03-2026 01:00,286.5
5053,Roorkee_2,Uttarakhand,5,Uttarakhand,50,Haridwar,Roorkee,-,-,-,-,-,-,-,-,29.86771944,77.88415556,23-03-2026 02:00,282.5
5054,Roorkee_2,Uttarakhand,5,Uttarakhand,50,Haridwar,Roorkee,-,-,-,-,-,-,-,-,29.86771944,77.88415556,23-03-2026 03:00,280.5
5055,Roorkee_2,Uttarakhand,5,Uttarakhand,50,Haridwar,Roorkee,-,-,-,-,-,-,-,-,29.86771944,77.88415556,23-03-2026 08:00,298.5
5056,Roorkee_2,Uttarakhand,5,Uttarakhand,50,Haridwar,Roorkee,-,-,-,-,-,-,-,-,29.86771944,77.88415556,23-03-2026 10:00,319
5057,Roorkee_2,Uttarakhand,5,Uttarakhand,50,Haridwar,Roorkee,-,-,-,-,-,-,-,-,29.86771944,77.88415556,23-03-2026 15:00,333.5
5058,Roorkee_2,Uttarakhand,5,Uttarakhand,50,Haridwar,Roorkee,-,-,-,-,-,-,-,-,29.86771944,77.88415556,23-03-2026 20:00,304
5059,Roorkee_2,Uttarakhand,5,Uttarakhand,50,Haridwar,Roorkee,-,-,-,-,-,-,-,-,29.86771944,77.88415556,23-03-2026 22:00,299
5060,Roorkee_2,Uttarakhand,5,Uttarakhand,50,Haridwar,Roorkee,-,-,-,-,-,-,-,-,29.86771944,77.88415556,24-03-2026 01:00,290.5
5061,Roorkee_2,Uttarakhand,5,Uttarakhand,50,Haridwar,Roorkee,-,-,-,-,-,-,-,-,29.86771944,77.88415556,24-03-2026 06:00,282.5
5062,Roorkee_2,Uttarakhand,5,Uttarakhand,50,Haridwar,Roorkee,-,-,-,-,-,-,-,-,29.86771944,77.88415556,24-03-2026 07:00,289.5
5063,Roorkee_2,Uttarakhand,5,Uttarakhand,50,Haridwar,Roorkee,-,-,-,-,-,-,-,-,29.86771944,77.88415556,24-03-2026 08:00,309
5064,Roorkee_2,Uttarakhand,5,Uttarakhand,50,Haridwar,Roorkee,-,-,-,-,-,-,-,-,29.86771944,77.88415556,24-03-2026 09:00,322.5
5065,Roorkee_2,Uttarakhand,5,Uttarakhand,50,Haridwar,Roorkee,-,-,-,-,-,-,-,-,29.86771944,77.88415556,24-03-2026 10:00,330
5066,Roorkee_2,Uttarakhand,5,Uttarakhand,50,Haridwar,Roorkee,-,-,-,-,-,-,-,-,29.86771944,77.88415556,24-03-2026 13:00,342
5067,Roorkee_2,Uttarakhand,5,Uttarakhand,50,Haridwar,Roorkee,-,-,-,-,-,-,-,-,29.86771944,77.88415556,24-03-2026 14:00,346.5
5068,Roorkee_2,Uttarakhand,5,Uttarakhand,50,Haridwar,Roorkee,-,-,-,-,-,-,-,-,29.86771944,77.88415556,24-03-2026 15:00,345.5
5069,Roorkee_2,Uttarakhand,5,Uttarakhand,50,Haridwar,Roorkee,-,-,-,-,-,-,-,-,29.86771944,77.88415556,15-04-2026 05:00,289.5
5070,Roorkee_2,Uttarakhand,5,Uttarakhand,50,Haridwar,Roorkee,-,-,-,-,-,-,-,-,29.86771944,77.88415556,15-04-2026 21:00,316.5
5071,Roorkee_2,Uttarakhand,5,Uttarakhand,50,Haridwar,Roorkee,-,-,-,-,-,-,-,-,29.86771944,77.88415556,16-04-2026 05:00,285
5072,Roorkee_2,Uttarakhand,5,Uttarakhand,50,Haridwar,Roorkee,-,-,-,-,-,-,-,-,29.86771944,77.88415556,17-04-2026 05:00,314
5073,Roorkee_2,Uttarakhand,5,Uttarakhand,50,Haridwar,Roorkee,-,-,-,-,-,-,-,-,29.86771944,77.88415556,18-04-2026 15:00,389.5
5074,Roorkee_2,Uttarakhand,5,Uttarakhand,50,Haridwar,Roorkee,-,-,-,-,-,-,-,-,29.86771944,77.88415556,18-04-2026 20:00,338
5075,Roorkee_2,Uttarakhand,5,Uttarakhand,50,Haridwar,Roorkee,-,-,-,-,-,-,-,-,29.86771944,77.88415556,18-04-2026 22:00,325.5
5076,Roorkee_2,Uttarakhand,5,Uttarakhand,50,Haridwar,Roorkee,-,-,-,-,-,-,-,-,29.86771944,77.88415556,19-04-2026 06:00,318
5077,Roorkee_2,Uttarakhand,5,Uttarakhand,50,Haridwar,Roorkee,-,-,-,-,-,-,-,-,29.86771944,77.88415556,19-04-2026 17:00,377.5
5078,Roorkee_2,Uttarakhand,5,Uttarakhand,50,Haridwar,Roorkee,-,-,-,-,-,-,-,-,29.86771944,77.88415556,20-04-2026 19:00,361
5079,Roorkee_2,Uttarakhand,5,Uttarakhand,50,Haridwar,Roorkee,-,-,-,-,-,-,-,-,29.86771944,77.88415556,21-04-2026 05:00,311.5
5080,Roorkee_2,Uttarakhand,5,Uttarakhand,50,Haridwar,Roorkee,-,-,-,-,-,-,-,-,29.86771944,77.88415556,21-04-2026 08:00,342
5081,Roorkee_2,Uttarakhand,5,Uttarakhand,50,Haridwar,Roorkee,-,-,-,-,-,-,-,-,29.86771944,77.88415556,22-04-2026 05:00,312.5
5082,Roorkee_2,Uttarakhand,5,Uttarakhand,50,Haridwar,Roorkee,-,-,-,-,-,-,-,-,29.86771944,77.88415556,22-04-2026 15:00,395
5083,Roorkee_2,Uttarakhand,5,Uttarakhand,50,Haridwar,Roorkee,-,-,-,-,-,-,-,-,29.86771944,77.88415556,22-04-2026 18:00,370.5
5084,Roorkee_2,Uttarakhand,5,Uttarakhand,50,Haridwar,Roorkee,-,-,-,-,-,-,-,-,29.86771944,77.88415556,22-04-2026 23:00,334
5085,Roorkee_2,Uttarakhand,5,Uttarakhand,50,Haridwar,Roorkee,-,-,-,-,-,-,-,-,29.86771944,77.88415556,23-04-2026 05:00,304.5
5086,Roorkee_2,Uttarakhand,5,Uttarakhand,50,Haridwar,Roorkee,-,-,-,-,-,-,-,-,29.86771944,77.88415556,23-04-2026 16:00,395
5087,Roorkee_2,Uttarakhand,5,Uttarakhand,50,Haridwar,Roorkee,-,-,-,-,-,-,-,-,29.86771944,77.88415556,24-04-2026 05:00,316.5
5088,Roorkee_2,Uttarakhand,5,Uttarakhand,50,Haridwar,Roorkee,-,-,-,-,-,-,-,-,29.86771944,77.88415556,25-04-2026 13:00,399.5
5089,Roorkee_2,Uttarakhand,5,Uttarakhand,50,Haridwar,Roorkee,-,-,-,-,-,-,-,-,29.86771944,77.88415556,26-04-2026 05:00,325.5
5090,Roorkee_2,Uttarakhand,5,Uttarakhand,50,Haridwar,Roorkee,-,-,-,-,-,-,-,-,29.86771944,77.88415556,26-04-2026 14:00,403.5
5091,Roorkee_2,Uttarakhand,5,Uttarakhand,50,Haridwar,Roorkee,-,-,-,-,-,-,-,-,29.86771944,77.88415556,27-04-2026 01:00,323
5092,Roorkee_2,Uttarakhand,5,Uttarakhand,50,Haridwar,Roorkee,-,-,-,-,-,-,-,-,29.86771944,77.88415556,27-04-2026 13:00,389
5093,Roorkee_2,Uttarakhand,5,Uttarakhand,50,Haridwar,Roorkee,-,-,-,-,-,-,-,-,29.86771944,77.88415556,28-04-2026 05:00,337
5094,Roorkee_2,Uttarakhand,5,Uttarakhand,50,Haridwar,Roorkee,-,-,-,-,-,-,-,-,29.86771944,77.88415556,28-04-2026 23:00,325.5
5095,Roorkee_2,Uttarakhand,5,Uttarakhand,50,Haridwar,Roorkee,-,-,-,-,-,-,-,-,29.86771944,77.88415556,29-04-2026 05:00,325.5
5096,Roorkee_2,Uttarakhand,5,Uttarakhand,50,Haridwar,Roorkee,-,-,-,-,-,-,-,-,29.86771944,77.88415556,29-04-2026 23:00,329.5
5097,Roorkee_2,Uttarakhand,5,Uttarakhand,50,Haridwar,Roorkee,-,-,-,-,-,-,-,-,29.86771944,77.88415556,30-04-2026 05:00,321.5
5098,Roorkee_2,Uttarakhand,5,Uttarakhand,50,Haridwar,Roorkee,-,-,-,-,-,-,-,-,29.86771944,77.88415556,30-04-2026 06:00,326
5099,Roorkee_2,Uttarakhand,5,Uttarakhand,50,Haridwar,Roorkee,-,-,-,-,-,-,-,-,29.86771944,77.88415556,30-04-2026 07:00,336
5100,Roorkee_2,Uttarakhand,5,Uttarakhand,50,Haridwar,Roorkee,-,-,-,-,-,-,-,-,29.86771944,77.88415556,30-04-2026 08:00,342
5101,Roorkee_2,Uttarakhand,5,Uttarakhand,50,Haridwar,Roorkee,-,-,-,-,-,-,-,-,29.86771944,77.88415556,30-04-2026 09:00,350
5102,Roorkee_2,Uttarakhand,5,Uttarakhand,50,Haridwar,Roorkee,-,-,-,-,-,-,-,-,29.86771944,77.88415556,30-04-2026 10:00,354.5
5103,Roorkee_2,Uttarakhand,5,Uttarakhand,50,Haridwar,Roorkee,-,-,-,-,-,-,-,-,29.86771944,77.88415556,30-04-2026 11:00,363
5104,Roorkee_2,Uttarakhand,5,Uttarakhand,50,Haridwar,Roorkee,-,-,-,-,-,-,-,-,29.86771944,77.88415556,30-04-2026 12:00,366
5105,Roorkee_2,Uttarakhand,5,Uttarakhand,50,Haridwar,Roorkee,-,-,-,-,-,-,-,-,29.86771944,77.88415556,30-04-2026 13:00,371
5106,Roorkee_2,Uttarakhand,5,Uttarakhand,50,Haridwar,Roorkee,-,-,-,-,-,-,-,-,29.86771944,77.88415556,30-04-2026 14:00,374
5107,Roorkee_2,Uttarakhand,5,Uttarakhand,50,Haridwar,Roorkee,-,-,-,-,-,-,-,-,29.86771944,77.88415556,30-04-2026 15:00,370
5108,Roorkee_2,Uttarakhand,5,Uttarakhand,50,Haridwar,Roorkee,-,-,-,-,-,-,-,-,29.86771944,77.88415556,30-04-2026 16:00,342
5109,Roorkee_2,Uttarakhand,5,Uttarakhand,50,Haridwar,Roorkee,-,-,-,-,-,-,-,-,29.86771944,77.88415556,30-04-2026 17:00,303.5
5110,Roorkee_2,Uttarakhand,5,Uttarakhand,50,Haridwar,Roorkee,-,-,-,-,-,-,-,-,29.86771944,77.88415556,30-04-2026 19:00,310.5
5111,Roorkee_2,Uttarakhand,5,Uttarakhand,50,Haridwar,Roorkee,-,-,-,-,-,-,-,-,29.86771944,77.88415556,30-04-2026 20:00,313
5112,Roorkee_2,Uttarakhand,5,Uttarakhand,50,Haridwar,Roorkee,-,-,-,-,-,-,-,-,29.86771944,77.88415556,30-04-2026 21:00,311.5
5113,Roorkee_2,Uttarakhand,5,Uttarakhand,50,Haridwar,Roorkee,-,-,-,-,-,-,-,-,29.86771944,77.88415556,30-04-2026 22:00,309
5114,Roorkee_2,Uttarakhand,5,Uttarakhand,50,Haridwar,Roorkee,-,-,-,-,-,-,-,-,29.86771944,77.88415556,30-04-2026 23:00,306
5115,Roorkee_2,Uttarakhand,5,Uttarakhand,50,Haridwar,Roorkee,-,-,-,-,-,-,-,-,29.86771944,77.88415556,01-05-2026 00:00,301
5116,Roorkee_2,Uttarakhand,5,Uttarakhand,50,Haridwar,Roorkee,-,-,-,-,-,-,-,-,29.86771944,77.88415556,01-05-2026 01:00,298.5
5117,Roorkee_2,Uttarakhand,5,Uttarakhand,50,Haridwar,Roorkee,-,-,-,-,-,-,-,-,29.86771944,77.88415556,01-05-2026 02:00,299.5
5118,Roorkee_2,Uttarakhand,5,Uttarakhand,50,Haridwar,Roorkee,-,-,-,-,-,-,-,-,29.86771944,77.88415556,01-05-2026 03:00,299
5119,Roorkee_2,Uttarakhand,5,Uttarakhand,50,Haridwar,Roorkee,-,-,-,-,-,-,-,-,29.86771944,77.88415556,01-05-2026 05:00,302
5120,Roorkee_2,Uttarakhand,5,Uttarakhand,50,Haridwar,Roorkee,-,-,-,-,-,-,-,-,29.86771944,77.88415556,01-05-2026 06:00,309.5
5121,Roorkee_2,Uttarakhand,5,Uttarakhand,50,Haridwar,Roorkee,-,-,-,-,-,-,-,-,29.86771944,77.88415556,01-05-2026 07:00,320
5122,Roorkee_2,Uttarakhand,5,Uttarakhand,50,Haridwar,Roorkee,-,-,-,-,-,-,-,-,29.86771944,77.88415556,01-05-2026 08:00,328.5
5123,Roorkee_2,Uttarakhand,5,Uttarakhand,50,Haridwar,Roorkee,-,-,-,-,-,-,-,-,29.86771944,77.88415556,01-05-2026 09:00,339.5
5124,Roorkee_2,Uttarakhand,5,Uttarakhand,50,Haridwar,Roorkee,-,-,-,-,-,-,-,-,29.86771944,77.88415556,01-05-2026 11:00,355
5125,Roorkee_2,Uttarakhand,5,Uttarakhand,50,Haridwar,Roorkee,-,-,-,-,-,-,-,-,29.86771944,77.88415556,01-05-2026 13:00,361.5
5126,Roorkee_2,Uttarakhand,5,Uttarakhand,50,Haridwar,Roorkee,-,-,-,-,-,-,-,-,29.86771944,77.88415556,01-05-2026 15:00,363
5127,Roorkee_2,Uttarakhand,5,Uttarakhand,50,Haridwar,Roorkee,-,-,-,-,-,-,-,-,29.86771944,77.88415556,01-05-2026 17:00,359.5
5128,Roorkee_2,Uttarakhand,5,Uttarakhand,50,Haridwar,Roorkee,-,-,-,-,-,-,-,-,29.86771944,77.88415556,01-05-2026 22:00,325.5
5129,Roorkee_2,Uttarakhand,5,Uttarakhand,50,Haridwar,Roorkee,-,-,-,-,-,-,-,-,29.86771944,77.88415556,02-05-2026 00:00,322.5
5130,Roorkee_2,Uttarakhand,5,Uttarakhand,50,Haridwar,Roorkee,-,-,-,-,-,-,-,-,29.86771944,77.88415556,02-05-2026 01:00,320.5
5131,Roorkee_2,Uttarakhand,5,Uttarakhand,50,Haridwar,Roorkee,-,-,-,-,-,-,-,-,29.86771944,77.88415556,02-05-2026 04:00,309
5132,Roorkee_2,Uttarakhand,5,Uttarakhand,50,Haridwar,Roorkee,-,-,-,-,-,-,-,-,29.86771944,77.88415556,11-06-2026 10:00,0.5
5133,Roorkee_2,Uttarakhand,5,Uttarakhand,50,Haridwar,Roorkee,-,-,-,-,-,-,-,-,29.86771944,77.88415556,12-06-2026 04:00,0.5
5134,Roorkee_2,Uttarakhand,5,Uttarakhand,50,Haridwar,Roorkee,-,-,-,-,-,-,-,-,29.86771944,77.88415556,14-06-2026 05:00,0.5
5135,Roorkee_2,Uttarakhand,5,Uttarakhand,50,Haridwar,Roorkee,-,-,-,-,-,-,-,-,29.86771944,77.88415556,30-06-2026 15:00,0.5
5136,Roorkee_2,Uttarakhand,5,Uttarakhand,50,Haridwar,Roorkee,-,-,-,-,-,-,-,-,29.86771944,77.88415556,05-07-2026 13:00,18
5137,Roorkee_2,Uttarakhand,5,Uttarakhand,50,Haridwar,Roorkee,-,-,-,-,-,-,-,-,29.86771944,77.88415556,07-07-2026 13:00,21.5
5138,Roorkee_2,Uttarakhand,5,Uttarakhand,50,Haridwar,Roorkee,-,-,-,-,-,-,-,-,29.86771944,77.88415556,07-07-2026 14:00,1.5
5139,Roorkee_2,Uttarakhand,5,Uttarakhand,50,Haridwar,Roorkee,-,-,-,-,-,-,-,-,29.86771944,77.88415556,07-07-2026 15:00,1.5
5140,Roorkee_2,Uttarakhand,5,Uttarakhand,50,Haridwar,Roorkee,-,-,-,-,-,-,-,-,29.86771944,77.88415556,07-07-2026 16:00,1
5141,Roorkee_2,Uttarakhand,5,Uttarakhand,50,Haridwar,Roorkee,-,-,-,-,-,-,-,-,29.86771944,77.88415556,07-07-2026 18:00,0.5
5142,Roorkee_2,Uttarakhand,5,Uttarakhand,50,Haridwar,Roorkee,-,-,-,-,-,-,-,-,29.86771944,77.88415556,08-07-2026 06:00,0.5
5143,Roorkee_2,Uttarakhand,5,Uttarakhand,50,Haridwar,Roorkee,-,-,-,-,-,-,-,-,29.86771944,77.88415556,08-07-2026 07:00,4
5144,Roorkee_2,Uttarakhand,5,Uttarakhand,50,Haridwar,Roorkee,-,-,-,-,-,-,-,-,29.86771944,77.88415556,08-07-2026 08:00,3
5145,Roorkee_2,Uttarakhand,5,Uttarakhand,50,Haridwar,Roorkee,-,-,-,-,-,-,-,-,29.86771944,77.88415556,08-07-2026 09:00,0.5
5146,Roorkee_2,Uttarakhand,5,Uttarakhand,50,Haridwar,Roorkee,-,-,-,-,-,-,-,-,29.86771944,77.88415556,08-07-2026 13:00,1.5
5147,Roorkee_2,Uttarakhand,5,Uttarakhand,50,Haridwar,Roorkee,-,-,-,-,-,-,-,-,29.86771944,77.88415556,08-07-2026 14:00,1.5
5148,Roorkee_2,Uttarakhand,5,Uttarakhand,50,Haridwar,Roorkee,-,-,-,-,-,-,-,-,29.86771944,77.88415556,08-07-2026 15:00,0.5
5149,Roorkee_2,Uttarakhand,5,Uttarakhand,50,Haridwar,Roorkee,-,-,-,-,-,-,-,-,29.86771944,77.88415556,08-07-2026 21:00,0.5
5150,Roorkee_2,Uttarakhand,5,Uttarakhand,50,Haridwar,Roorkee,-,-,-,-,-,-,-,-,29.86771944,77.88415556,08-07-2026 22:00,1.5
5151,Roorkee_2,Uttarakhand,5,Uttarakhand,50,Haridwar,Roorkee,-,-,-,-,-,-,-,-,29.86771944,77.88415556,08-07-2026 23:00,1.5
5152,Roorkee_2,Uttarakhand,5,Uttarakhand,50,Haridwar,Roorkee,-,-,-,-,-,-,-,-,29.86771944,77.88415556,09-07-2026 00:00,2.5
5153,Roorkee_2,Uttarakhand,5,Uttarakhand,50,Haridwar,Roorkee,-,-,-,-,-,-,-,-,29.86771944,77.88415556,09-07-2026 01:00,8.5
5154,Roorkee_2,Uttarakhand,5,Uttarakhand,50,Haridwar,Roorkee,-,-,-,-,-,-,-,-,29.86771944,77.88415556,09-07-2026 02:00,17.5
5155,Roorkee_2,Uttarakhand,5,Uttarakhand,50,Haridwar,Roorkee,-,-,-,-,-,-,-,-,29.86771944,77.88415556,09-07-2026 03:00,11
5156,Roorkee_2,Uttarakhand,5,Uttarakhand,50,Haridwar,Roorkee,-,-,-,-,-,-,-,-,29.86771944,77.88415556,09-07-2026 04:00,24
5157,Roorkee_2,Uttarakhand,5,Uttarakhand,50,Haridwar,Roorkee,-,-,-,-,-,-,-,-,29.86771944,77.88415556,09-07-2026 05:00,16
5158,Roorkee_2,Uttarakhand,5,Uttarakhand,50,Haridwar,Roorkee,-,-,-,-,-,-,-,-,29.86771944,77.88415556,09-07-2026 06:00,6.5
5159,Roorkee_2,Uttarakhand,5,Uttarakhand,50,Haridwar,Roorkee,-,-,-,-,-,-,-,-,29.86771944,77.88415556,09-07-2026 07:00,17.5
5160,Roorkee_2,Uttarakhand,5,Uttarakhand,50,Haridwar,Roorkee,-,-,-,-,-,-,-,-,29.86771944,77.88415556,09-07-2026 08:00,43.5
5161,Roorkee_2,Uttarakhand,5,Uttarakhand,50,Haridwar,Roorkee,-,-,-,-,-,-,-,-,29.86771944,77.88415556,09-07-2026 09:00,52
5162,Roorkee_2,Uttarakhand,5,Uttarakhand,50,Haridwar,Roorkee,-,-,-,-,-,-,-,-,29.86771944,77.88415556,09-07-2026 10:00,50.5
5163,Roorkee_2,Uttarakhand,5,Uttarakhand,50,Haridwar,Roorkee,-,-,-,-,-,-,-,-,29.86771944,77.88415556,09-07-2026 11:00,36.5
5164,Roorkee_2,Uttarakhand,5,Uttarakhand,50,Haridwar,Roorkee,-,-,-,-,-,-,-,-,29.86771944,77.88415556,09-07-2026 12:00,7
5165,Roorkee_2,Uttarakhand,5,Uttarakhand,50,Haridwar,Roorkee,-,-,-,-,-,-,-,-,29.86771944,77.88415556,09-07-2026 13:00,6.5
5166,Roorkee_2,Uttarakhand,5,Uttarakhand,50,Haridwar,Roorkee,-,-,-,-,-,-,-,-,29.86771944,77.88415556,09-07-2026 14:00,3
5167,Roorkee_2,Uttarakhand,5,Uttarakhand,50,Haridwar,Roorkee,-,-,-,-,-,-,-,-,29.86771944,77.88415556,09-07-2026 15:00,1
5168,Roorkee_2,Uttarakhand,5,Uttarakhand,50,Haridwar,Roorkee,-,-,-,-,-,-,-,-,29.86771944,77.88415556,09-07-2026 16:00,0.5
5169,Roorkee_2,Uttarakhand,5,Uttarakhand,50,Haridwar,Roorkee,-,-,-,-,-,-,-,-,29.86771944,77.88415556,09-07-2026 22:00,1
5170,Roorkee_2,Uttarakhand,5,Uttarakhand,50,Haridwar,Roorkee,-,-,-,-,-,-,-,-,29.86771944,77.88415556,09-07-2026 23:00,0.5
5171,Roorkee_2,Uttarakhand,5,Uttarakhand,50,Haridwar,Roorkee,-,-,-,-,-,-,-,-,29.86771944,77.88415556,10-07-2026 00:00,1
5172,Roorkee_2,Uttarakhand,5,Uttarakhand,50,Haridwar,Roorkee,-,-,-,-,-,-,-,-,29.86771944,77.88415556,10-07-2026 01:00,0.5
5173,Roorkee_2,Uttarakhand,5,Uttarakhand,50,Haridwar,Roorkee,-,-,-,-,-,-,-,-,29.86771944,77.88415556,10-07-2026 02:00,0.5
5174,Roorkee_2,Uttarakhand,5,Uttarakhand,50,Haridwar,Roorkee,-,-,-,-,-,-,-,-,29.86771944,77.88415556,10-07-2026 05:00,3
5175,Roorkee_2,Uttarakhand,5,Uttarakhand,50,Haridwar,Roorkee,-,-,-,-,-,-,-,-,29.86771944,77.88415556,10-07-2026 06:00,3
5176,Roorkee_2,Uttarakhand,5,Uttarakhand,50,Haridwar,Roorkee,-,-,-,-,-,-,-,-,29.86771944,77.88415556,10-07-2026 07:00,2
5177,Roorkee_2,Uttarakhand,5,Uttarakhand,50,Haridwar,Roorkee,-,-,-,-,-,-,-,-,29.86771944,77.88415556,10-07-2026 08:00,4
5178,Roorkee_2,Uttarakhand,5,Uttarakhand,50,Haridwar,Roorkee,-,-,-,-,-,-,-,-,29.86771944,77.88415556,10-07-2026 09:00,1
5179,Roorkee_2,Uttarakhand,5,Uttarakhand,50,Haridwar,Roorkee,-,-,-,-,-,-,-,-,29.86771944,77.88415556,10-07-2026 10:00,0.5
5180,Roorkee_2,Uttarakhand,5,Uttarakhand,50,Haridwar,Roorkee,-,-,-,-,-,-,-,-,29.86771944,77.88415556,10-07-2026 11:00,4
5181,Roorkee_2,Uttarakhand,5,Uttarakhand,50,Haridwar,Roorkee,-,-,-,-,-,-,-,-,29.86771944,77.88415556,10-07-2026 12:00,3
5182,Roorkee_2,Uttarakhand,5,Uttarakhand,50,Haridwar,Roorkee,-,-,-,-,-,-,-,-,29.86771944,77.88415556,10-07-2026 13:00,9.5
5183,Roorkee_2,Uttarakhand,5,Uttarakhand,50,Haridwar,Roorkee,-,-,-,-,-,-,-,-,29.86771944,77.88415556,10-07-2026 14:00,3
5184,Roorkee_2,Uttarakhand,5,Uttarakhand,50,Haridwar,Roorkee,-,-,-,-,-,-,-,-,29.86771944,77.88415556,10-07-2026 15:00,4
5185,Roorkee_2,Uttarakhand,5,Uttarakhand,50,Haridwar,Roorkee,-,-,-,-,-,-,-,-,29.86771944,77.88415556,10-07-2026 16:00,1.5
5186,Roorkee_2,Uttarakhand,5,Uttarakhand,50,Haridwar,Roorkee,-,-,-,-,-,-,-,-,29.86771944,77.88415556,10-07-2026 19:00,0.5
5187,Roorkee_2,Uttarakhand,5,Uttarakhand,50,Haridwar,Roorkee,-,-,-,-,-,-,-,-,29.86771944,77.88415556,10-07-2026 21:00,0.5
5188,Roorkee_2,Uttarakhand,5,Uttarakhand,50,Haridwar,Roorkee,-,-,-,-,-,-,-,-,29.86771944,77.88415556,10-07-2026 22:00,2.5
5189,Roorkee_2,Uttarakhand,5,Uttarakhand,50,Haridwar,Roorkee,-,-,-,-,-,-,-,-,29.86771944,77.88415556,10-07-2026 23:00,2
5190,Roorkee_2,Uttarakhand,5,Uttarakhand,50,Haridwar,Roorkee,-,-,-,-,-,-,-,-,29.86771944,77.88415556,11-07-2026 00:00,4.5
5191,Roorkee_2,Uttarakhand,5,Uttarakhand,50,Haridwar,Roorkee,-,-,-,-,-,-,-,-,29.86771944,77.88415556,12-07-2026 01:00,1.5
5192,Roorkee_2,Uttarakhand,5,Uttarakhand,50,Haridwar,Roorkee,-,-,-,-,-,-,-,-,29.86771944,77.88415556,12-07-2026 02:00,5
5193,Roorkee_2,Uttarakhand,5,Uttarakhand,50,Haridwar,Roorkee,-,-,-,-,-,-,-,-,29.86771944,77.88415556,12-07-2026 05:00,1
5194,Roorkee_2,Uttarakhand,5,Uttarakhand,50,Haridwar,Roorkee,-,-,-,-,-,-,-,-,29.86771944,77.88415556,17-07-2026 14:00,13.5
5195,Roorkee_2,Uttarakhand,5,Uttarakhand,50,Haridwar,Roorkee,-,-,-,-,-,-,-,-,29.86771944,77.88415556,17-07-2026 15:00,0.5
5196,Roorkee_2,Uttarakhand,5,Uttarakhand,50,Haridwar,Roorkee,-,-,-,-,-,-,-,-,29.86771944,77.88415556,18-07-2026 18:00,0.5
5197,Roorkee_2,Uttarakhand,5,Uttarakhand,50,Haridwar,Roorkee,-,-,-,-,-,-,-,-,29.86771944,77.88415556,20-07-2026 15:00,1.5
5198,Roorkee_2,Uttarakhand,5,Uttarakhand,50,Haridwar,Roorkee,-,-,-,-,-,-,-,-,29.86771944,77.88415556,20-07-2026 19:00,0.5
5199,Roorkee_2,Uttarakhand,5,Uttarakhand,50,Haridwar,Roorkee,-,-,-,-,-,-,-,-,29.86771944,77.88415556,28-07-2026 06:00,11
5200,Roorkee_2,Uttarakhand,5,Uttarakhand,50,Haridwar,Roorkee,-,-,-,-,-,-,-,-,29.86771944,77.88415556,28-07-2026 07:00,30
5201,Roorkee_2,Uttarakhand,5,Uttarakhand,50,Haridwar,Roorkee,-,-,-,-,-,-,-,-,29.86771944,77.88415556,28-07-2026 08:00,15
5202,Roorkee_2,Uttarakhand,5,Uttarakhand,50,Haridwar,Roorkee,-,-,-,-,-,-,-,-,29.86771944,77.88415556,28-07-2026 09:00,3.5
5203,Roorkee_2,Uttarakhand,5,Uttarakhand,50,Haridwar,Roorkee,-,-,-,-,-,-,-,-,29.86771944,77.88415556,28-07-2026 10:00,3
5204,Roorkee_2,Uttarakhand,5,Uttarakhand,50,Haridwar,Roorkee,-,-,-,-,-,-,-,-,29.86771944,77.88415556,28-07-2026 11:00,2
5205,Roorkee_2,Uttarakhand,5,Uttarakhand,50,Haridwar,Roorkee,-,-,-,-,-,-,-,-,29.86771944,77.88415556,28-07-2026 12:00,2
5206,Roorkee_2,Uttarakhand,5,Uttarakhand,50,Haridwar,Roorkee,-,-,-,-,-,-,-,-,29.86771944,77.88415556,28-07-2026 13:00,1.5
5207,Roorkee_2,Uttarakhand,5,Uttarakhand,50,Haridwar,Roorkee,-,-,-,-,-,-,-,-,29.86771944,77.88415556,28-07-2026 15:00,0.5
5208,Roorkee_2,Uttarakhand,5,Uttarakhand,50,Haridwar,Roorkee,-,-,-,-,-,-,-,-,29.86771944,77.88415556,29-07-2026 15:00,20
5209,Roorkee_2,Uttarakhand,5,Uttarakhand,50,Haridwar,Roorkee,-,-,-,-,-,-,-,-,29.86771944,77.88415556,29-07-2026 16:00,0.5
5210,Roorkee_2,Uttarakhand,5,Uttarakhand,50,Haridwar,Roorkee,-,-,-,-,-,-,-,-,29.86771944,77.88415556,30-07-2026 12:00,8
5211,Roorkee_2,Uttarakhand,5,Uttarakhand,50,Haridwar,Roorkee,-,-,-,-,-,-,-,-,29.86771944,77.88415556,30-07-2026 16:00,20.5
5212,Roorkee_2,Uttarakhand,5,Uttarakhand,50,Haridwar,Roorkee,-,-,-,-,-,-,-,-,29.86771944,77.88415556,04-08-2026 14:00,1.5
5213,Roorkee_2,Uttarakhand,5,Uttarakhand,50,Haridwar,Roorkee,-,-,-,-,-,-,-,-,29.86771944,77.88415556,05-08-2026 19:00,7.5
5214,Roorkee_2,Uttarakhand,5,Uttarakhand,50,Haridwar,Roorkee,-,-,-,-,-,-,-,-,29.86771944,77.88415556,05-08-2026 20:00,3.5
5215,Roorkee_2,Uttarakhand,5,Uttarakhand,50,Haridwar,Roorkee,-,-,-,-,-,-,-,-,29.86771944,77.88415556,05-08-2026 22:00,0.5
5216,Roorkee_2,Uttarakhand,5,Uttarakhand,50,Haridwar,Roorkee,-,-,-,-,-,-,-,-,29.86771944,77.88415556,10-08-2026 07:00,4
5217,Roorkee_2,Uttarakhand,5,Uttarakhand,50,Haridwar,Roorkee,-,-,-,-,-,-,-,-,29.86771944,77.88415556,10-08-2026 08:00,38
5218,Roorkee_2,Uttarakhand,5,Uttarakhand,50,Haridwar,Roorkee,-,-,-,-,-,-,-,-,29.86771944,77.88415556,10-08-2026 09:00,7
5219,Roorkee_2,Uttarakhand,5,Uttarakhand,50,Haridwar,Roorkee,-,-,-,-,-,-,-,-,29.86771944,77.88415556,10-08-2026 10:00,1
5220,Roorkee_2,Uttarakhand,5,Uttarakhand,50,Haridwar,Roorkee,-,-,-,-,-,-,-,-,29.86771944,77.88415556,10-08-2026 11:00,0.5
5221,Roorkee_2,Uttarakhand,5,Uttarakhand,50,Haridwar,Roorkee,-,-,-,-,-,-,-,-,29.86771944,77.88415556,11-08-2026 06:00,17
5222,Roorkee_2,Uttarakhand,5,Uttarakhand,50,Haridwar,Roorkee,-,-,-,-,-,-,-,-,29.86771944,77.88415556,11-08-2026 07:00,5
5223,Roorkee_2,Uttarakhand,5,Uttarakhand,50,Haridwar,Roorkee,-,-,-,-,-,-,-,-,29.86771944,77.88415556,11-08-2026 08:00,1
5224,Roorkee_2,Uttarakhand,5,Uttarakhand,50,Haridwar,Roorkee,-,-,-,-,-,-,-,-,29.86771944,77.88415556,11-08-2026 10:00,0.5
5225,Roorkee_2,Uttarakhand,5,Uttarakhand,50,Haridwar,Roorkee,-,-,-,-,-,-,-,-,29.86771944,77.88415556,14-08-2026 14:00,0.5
5226,Roorkee_2,Uttarakhand,5,Uttarakhand,50,Haridwar,Roorkee,-,-,-,-,-,-,-,-,29.86771944,77.88415556,17-08-2026 17:00,0.5
5227,Roorkee_2,Uttarakhand,5,Uttarakhand,50,Haridwar,Roorkee,-,-,-,-,-,-,-,-,29.86771944,77.88415556,17-08-2026 21:00,0.5
5228,Roorkee_2,Uttarakhand,5,Uttarakhand,50,Haridwar,Roorkee,-,-,-,-,-,-,-,-,29.86771944,77.88415556,17-08-2026 22:00,12.5
5229,Roorkee_2,Uttarakhand,5,Uttarakhand,50,Haridwar,Roorkee,-,-,-,-,-,-,-,-,29.86771944,77.88415556,18-08-2026 03:00,1.5
5230,Roorkee_2,Uttarakhand,5,Uttarakhand,50,Haridwar,Roorkee,-,-,-,-,-,-,-,-,29.86771944,77.88415556,18-08-2026 04:00,2
5231,Roorkee_2,Uttarakhand,5,Uttarakhand,50,Haridwar,Roorkee,-,-,-,-,-,-,-,-,29.86771944,77.88415556,18-08-2026 05:00,9.5
5232,Roorkee_2,Uttarakhand,5,Uttarakhand,50,Haridwar,Roorkee,-,-,-,-,-,-,-,-,29.86771944,77.88415556,18-08-2026 06:00,2.5
5233,Roorkee_2,Uttarakhand,5,Uttarakhand,50,Haridwar,Roorkee,-,-,-,-,-,-,-,-,29.86771944,77.88415556,18-08-2026 07:00,18
5234,Roorkee_2,Uttarakhand,5,Uttarakhand,50,Haridwar,Roorkee,-,-,-,-,-,-,-,-,29.86771944,77.88415556,18-08-2026 08:00,2
5235,Roorkee_2,Uttarakhand,5,Uttarakhand,50,Haridwar,Roorkee,-,-,-,-,-,-,-,-,29.86771944,77.88415556,18-08-2026 21:00,0.5
5236,Roorkee_2,Uttarakhand,5,Uttarakhand,50,Haridwar,Roorkee,-,-,-,-,-,-,-,-,29.86771944,77.88415556,18-08-2026 22:00,0.5
5237,Roorkee_2,Uttarakhand,5,Uttarakhand,50,Haridwar,Roorkee,-,-,-,-,-,-,-,-,29.86771944,77.88415556,19-08-2026 02:00,0.5
5238,Roorkee_2,Uttarakhand,5,Uttarakhand,50,Haridwar,Roorkee,-,-,-,-,-,-,-,-,29.86771944,77.88415556,20-08-2026 07:00,0.5
5239,Roorkee_2,Uttarakhand,5,Uttarakhand,50,Haridwar,Roorkee,-,-,-,-,-,-,-,-,29.86771944,77.88415556,20-08-2026 15:00,8
5240,Roorkee_2,Uttarakhand,5,Uttarakhand,50,Haridwar,Roorkee,-,-,-,-,-,-,-,-,29.86771944,77.88415556,20-08-2026 21:00,25
5241,Roorkee_2,Uttarakhand,5,Uttarakhand,50,Haridwar,Roorkee,-,-,-,-,-,-,-,-,29.86771944,77.88415556,22-08-2026 08:00,12.5
5242,Roorkee_2,Uttarakhand,5,Uttarakhand,50,Haridwar,Roorkee,-,-,-,-,-,-,-,-,29.86771944,77.88415556,22-08-2026 08:00,12.5
5243,Roorkee_2,Uttarakhand,5,Uttarakhand,50,Haridwar,Roorkee,-,-,-,-,-,-,-,-,29.86771944,77.88415556,22-08-2026 09:00,4.5
5244,Roorkee_2,Uttarakhand,5,Uttarakhand,50,Haridwar,Roorkee,-,-,-,-,-,-,-,-,29.86771944,77.88415556,22-08-2026 09:00,4.5
5245,Roorkee_2,Uttarakhand,5,Uttarakhand,50,Haridwar,Roorkee,-,-,-,-,-,-,-,-,29.86771944,77.88415556,22-08-2026 10:00,7
5246,Roorkee_2,Uttarakhand,5,Uttarakhand,50,Haridwar,Roorkee,-,-,-,-,-,-,-,-,29.86771944,77.88415556,22-08-2026 10:00,7
5247,Roorkee_2,Uttarakhand,5,Uttarakhand,50,Haridwar,Roorkee,-,-,-,-,-,-,-,-,29.86771944,77.88415556,22-08-2026 11:00,0.5
5248,Roorkee_2,Uttarakhand,5,Uttarakhand,50,Haridwar,Roorkee,-,-,-,-,-,-,-,-,29.86771944,77.88415556,23-08-2026 02:00,0.5
5249,Roorkee_2,Uttarakhand,5,Uttarakhand,50,Haridwar,Roorkee,-,-,-,-,-,-,-,-,29.86771944,77.88415556,23-08-2026 05:00,6
5250,Roorkee_2,Uttarakhand,5,Uttarakhand,50,Haridwar,Roorkee,-,-,-,-,-,-,-,-,29.86771944,77.88415556,23-08-2026 06:00,5
5251,Roorkee_2,Uttarakhand,5,Uttarakhand,50,Haridwar,Roorkee,-,-,-,-,-,-,-,-,29.86771944,77.88415556,23-08-2026 07:00,0.5
5252,Roorkee_2,Uttarakhand,5,Uttarakhand,50,Haridwar,Roorkee,-,-,-,-,-,-,-,-,29.86771944,77.88415556,24-08-2026 05:00,334
5253,Roorkee_2,Uttarakhand,5,Uttarakhand,50,Haridwar,Roorkee,-,-,-,-,-,-,-,-,29.86771944,77.88415556,24-08-2026 06:00,334.5
5254,Roorkee_2,Uttarakhand,5,Uttarakhand,50,Haridwar,Roorkee,-,-,-,-,-,-,-,-,29.86771944,77.88415556,24-08-2026 07:00,337
5255,Roorkee_2,Uttarakhand,5,Uttarakhand,50,Haridwar,Roorkee,-,-,-,-,-,-,-,-,29.86771944,77.88415556,24-08-2026 09:00,345.5
5256,Roorkee_2,Uttarakhand,5,Uttarakhand,50,Haridwar,Roorkee,-,-,-,-,-,-,-,-,29.86771944,77.88415556,24-08-2026 12:00,359.5
5257,Roorkee_2,Uttarakhand,5,Uttarakhand,50,Haridwar,Roorkee,-,-,-,-,-,-,-,-,29.86771944,77.88415556,24-08-2026 15:00,361.5
5258,Roorkee_2,Uttarakhand,5,Uttarakhand,50,Haridwar,Roorkee,-,-,-,-,-,-,-,-,29.86771944,77.88415556,24-08-2026 23:00,333.5
5259,Roorkee_2,Uttarakhand,5,Uttarakhand,50,Haridwar,Roorkee,-,-,-,-,-,-,-,-,29.86771944,77.88415556,25-08-2026 03:00,332.5
5260,Roorkee_2,Uttarakhand,5,Uttarakhand,50,Haridwar,Roorkee,-,-,-,-,-,-,-,-,29.86771944,77.88415556,25-08-2026 04:00,333
5261,Roorkee_2,Uttarakhand,5,Uttarakhand,50,Haridwar,Roorkee,-,-,-,-,-,-,-,-,29.86771944,77.88415556,25-08-2026 05:00,330.5
5262,Roorkee_2,Uttarakhand,5,Uttarakhand,50,Haridwar,Roorkee,-,-,-,-,-,-,-,-,29.86771944,77.88415556,25-08-2026 06:00,333
5263,Roorkee_2,Uttarakhand,5,Uttarakhand,50,Haridwar,Roorkee,-,-,-,-,-,-,-,-,29.86771944,77.88415556,25-08-2026 08:00,349.5
5264,Roorkee_2,Uttarakhand,5,Uttarakhand,50,Haridwar,Roorkee,-,-,-,-,-,-,-,-,29.86771944,77.88415556,25-08-2026 09:00,356.5
5265,Roorkee_2,Uttarakhand,5,Uttarakhand,50,Haridwar,Roorkee,-,-,-,-,-,-,-,-,29.86771944,77.88415556,25-08-2026 14:00,375
5266,Roorkee_2,Uttarakhand,5,Uttarakhand,50,Haridwar,Roorkee,-,-,-,-,-,-,-,-,29.86771944,77.88415556,25-08-2026 20:00,340
5267,Roorkee_2,Uttarakhand,5,Uttarakhand,50,Haridwar,Roorkee,-,-,-,-,-,-,-,-,29.86771944,77.88415556,26-08-2026 02:00,336.5
5268,Roorkee_2,Uttarakhand,5,Uttarakhand,50,Haridwar,Roorkee,-,-,-,-,-,-,-,-,29.86771944,77.88415556,26-08-2026 05:00,335
5269,Roorkee_2,Uttarakhand,5,Uttarakhand,50,Haridwar,Roorkee,-,-,-,-,-,-,-,-,29.86771944,77.88415556,26-08-2026 06:00,337
5270,Roorkee_2,Uttarakhand,5,Uttarakhand,50,Haridwar,Roorkee,-,-,-,-,-,-,-,-,29.86771944,77.88415556,26-08-2026 07:00,342.5
5271,Roorkee_2,Uttarakhand,5,Uttarakhand,50,Haridwar,Roorkee,-,-,-,-,-,-,-,-,29.86771944,77.88415556,26-08-2026 08:00,348
5272,Roorkee_2,Uttarakhand,5,Uttarakhand,50,Haridwar,Roorkee,-,-,-,-,-,-,-,-,29.86771944,77.88415556,26-08-2026 10:00,362.5
5273,Roorkee_2,Uttarakhand,5,Uttarakhand,50,Haridwar,Roorkee,-,-,-,-,-,-,-,-,29.86771944,77.88415556,26-08-2026 13:00,370
5274,Roorkee_2,Uttarakhand,5,Uttarakhand,50,Haridwar,Roorkee,-,-,-,-,-,-,-,-,29.86771944,77.88415556,26-08-2026 14:00,373.5
5275,Roorkee_2,Uttarakhand,5,Uttarakhand,50,Haridwar,Roorkee,-,-,-,-,-,-,-,-,29.86771944,77.88415556,26-08-2026 16:00,368
5276,Roorkee_2,Uttarakhand,5,Uttarakhand,50,Haridwar,Roorkee,-,-,-,-,-,-,-,-,29.86771944,77.88415556,26-08-2026 22:00,340.5
5277,Roorkee_2,Uttarakhand,5,Uttarakhand,50,Haridwar,Roorkee,-,-,-,-,-,-,-,-,29.86771944,77.88415556,26-08-2026 23:00,338.5
5278,Roorkee_2,Uttarakhand,5,Uttarakhand,50,Haridwar,Roorkee,-,-,-,-,-,-,-,-,29.86771944,77.88415556,27-08-2026 00:00,336.5
5279,Roorkee_2,Uttarakhand,5,Uttarakhand,50,Haridwar,Roorkee,-,-,-,-,-,-,-,-,29.86771944,77.88415556,27-08-2026 03:00,331
5280,Roorkee_2,Uttarakhand,5,Uttarakhand,50,Haridwar,Roorkee,-,-,-,-,-,-,-,-,29.86771944,77.88415556,27-08-2026 04:00,0.5
5281,Roorkee_2,Uttarakhand,5,Uttarakhand,50,Haridwar,Roorkee,-,-,-,-,-,-,-,-,29.86771944,77.88415556,27-08-2026 04:00,327
5282,Roorkee_2,Uttarakhand,5,Uttarakhand,50,Haridwar,Roorkee,-,-,-,-,-,-,-,-,29.86771944,77.88415556,27-08-2026 05:00,6.5
5283,Roorkee_2,Uttarakhand,5,Uttarakhand,50,Haridwar,Roorkee,-,-,-,-,-,-,-,-,29.86771944,77.88415556,27-08-2026 05:00,326.5
5284,Roorkee_2,Uttarakhand,5,Uttarakhand,50,Haridwar,Roorkee,-,-,-,-,-,-,-,-,29.86771944,77.88415556,27-08-2026 06:00,327.5
5285,Roorkee_2,Uttarakhand,5,Uttarakhand,50,Haridwar,Roorkee,-,-,-,-,-,-,-,-,29.86771944,77.88415556,27-08-2026 07:00,328.5
5286,Roorkee_2,Uttarakhand,5,Uttarakhand,50,Haridwar,Roorkee,-,-,-,-,-,-,-,-,29.86771944,77.88415556,27-08-2026 08:00,331
5287,Roorkee_2,Uttarakhand,5,Uttarakhand,50,Haridwar,Roorkee,-,-,-,-,-,-,-,-,29.86771944,77.88415556,27-08-2026 09:00,0.5
5288,Roorkee_2,Uttarakhand,5,Uttarakhand,50,Haridwar,Roorkee,-,-,-,-,-,-,-,-,29.86771944,77.88415556,27-08-2026 09:00,331.5
5289,Roorkee_2,Uttarakhand,5,Uttarakhand,50,Haridwar,Roorkee,-,-,-,-,-,-,-,-,29.86771944,77.88415556,27-08-2026 10:00,5
5290,Roorkee_2,Uttarakhand,5,Uttarakhand,50,Haridwar,Roorkee,-,-,-,-,-,-,-,-,29.86771944,77.88415556,27-08-2026 10:00,334
5291,Roorkee_2,Uttarakhand,5,Uttarakhand,50,Haridwar,Roorkee,-,-,-,-,-,-,-,-,29.86771944,77.88415556,27-08-2026 11:00,0.5
5292,Roorkee_2,Uttarakhand,5,Uttarakhand,50,Haridwar,Roorkee,-,-,-,-,-,-,-,-,29.86771944,77.88415556,27-08-2026 11:00,333
5293,Roorkee_2,Uttarakhand,5,Uttarakhand,50,Haridwar,Roorkee,-,-,-,-,-,-,-,-,29.86771944,77.88415556,27-08-2026 12:00,333
5294,Roorkee_2,Uttarakhand,5,Uttarakhand,50,Haridwar,Roorkee,-,-,-,-,-,-,-,-,29.86771944,77.88415556,27-08-2026 13:00,332.5
5295,Roorkee_2,Uttarakhand,5,Uttarakhand,50,Haridwar,Roorkee,-,-,-,-,-,-,-,-,29.86771944,77.88415556,27-08-2026 14:00,333
5296,Roorkee_2,Uttarakhand,5,Uttarakhand,50,Haridwar,Roorkee,-,-,-,-,-,-,-,-,29.86771944,77.88415556,27-08-2026 15:00,334
5297,Roorkee_2,Uttarakhand,5,Uttarakhand,50,Haridwar,Roorkee,-,-,-,-,-,-,-,-,29.86771944,77.88415556,27-08-2026 16:00,334.5
5298,Roorkee_2,Uttarakhand,5,Uttarakhand,50,Haridwar,Roorkee,-,-,-,-,-,-,-,-,29.86771944,77.88415556,27-08-2026 17:00,333
5299,Roorkee_2,Uttarakhand,5,Uttarakhand,50,Haridwar,Roorkee,-,-,-,-,-,-,-,-,29.86771944,77.88415556,27-08-2026 18:00,333.5
5300,Roorkee_2,Uttarakhand,5,Uttarakhand,50,Haridwar,Roorkee,-,-,-,-,-,-,-,-,29.86771944,77.88415556,27-08-2026 19:00,330
5301,Roorkee_2,Uttarakhand,5,Uttarakhand,50,Haridwar,Roorkee,-,-,-,-,-,-,-,-,29.86771944,77.88415556,27-08-2026 20:00,329
5302,Roorkee_2,Uttarakhand,5,Uttarakhand,50,Haridwar,Roorkee,-,-,-,-,-,-,-,-,29.86771944,77.88415556,27-08-2026 20:00,8
5303,Sitarganj_1,Uttarakhand,5,Uttarakhand,56,UDHAM SINGH NAGAR,Sitarganj,-,-,-,-,-,-,-,-,28.92971389,79.70300000,11-06-2026 08:00,1
5304,Sitarganj_1,Uttarakhand,5,Uttarakhand,56,UDHAM SINGH NAGAR,Sitarganj,-,-,-,-,-,-,-,-,28.92971389,79.70300000,12-06-2026 02:00,7
5305,Sitarganj_1,Uttarakhand,5,Uttarakhand,56,UDHAM SINGH NAGAR,Sitarganj,-,-,-,-,-,-,-,-,28.92971389,79.70300000,12-06-2026 03:00,4.5
5306,Sitarganj_1,Uttarakhand,5,Uttarakhand,56,UDHAM SINGH NAGAR,Sitarganj,-,-,-,-,-,-,-,-,28.92971389,79.70300000,12-06-2026 04:00,1.5
5307,Sitarganj_1,Uttarakhand,5,Uttarakhand,56,UDHAM SINGH NAGAR,Sitarganj,-,-,-,-,-,-,-,-,28.92971389,79.70300000,12-06-2026 05:00,0.5
5308,Sitarganj_1,Uttarakhand,5,Uttarakhand,56,UDHAM SINGH NAGAR,Sitarganj,-,-,-,-,-,-,-,-,28.92971389,79.70300000,28-06-2026 07:00,1
5309,Sitarganj_1,Uttarakhand,5,Uttarakhand,56,UDHAM SINGH NAGAR,Sitarganj,-,-,-,-,-,-,-,-,28.92971389,79.70300000,30-06-2026 05:00,67.5
5310,Sitarganj_1,Uttarakhand,5,Uttarakhand,56,UDHAM SINGH NAGAR,Sitarganj,-,-,-,-,-,-,-,-,28.92971389,79.70300000,30-06-2026 06:00,19
5311,Sitarganj_1,Uttarakhand,5,Uttarakhand,56,UDHAM SINGH NAGAR,Sitarganj,-,-,-,-,-,-,-,-,28.92971389,79.70300000,30-06-2026 07:00,5
5312,Sitarganj_1,Uttarakhand,5,Uttarakhand,56,UDHAM SINGH NAGAR,Sitarganj,-,-,-,-,-,-,-,-,28.92971389,79.70300000,30-06-2026 08:00,1
5313,Sitarganj_1,Uttarakhand,5,Uttarakhand,56,UDHAM SINGH NAGAR,Sitarganj,-,-,-,-,-,-,-,-,28.92971389,79.70300000,30-06-2026 09:00,3.5
5314,Sitarganj_1,Uttarakhand,5,Uttarakhand,56,UDHAM SINGH NAGAR,Sitarganj,-,-,-,-,-,-,-,-,28.92971389,79.70300000,30-06-2026 10:00,3
5315,Sitarganj_1,Uttarakhand,5,Uttarakhand,56,UDHAM SINGH NAGAR,Sitarganj,-,-,-,-,-,-,-,-,28.92971389,79.70300000,30-06-2026 11:00,3.5
5316,Sitarganj_1,Uttarakhand,5,Uttarakhand,56,UDHAM SINGH NAGAR,Sitarganj,-,-,-,-,-,-,-,-,28.92971389,79.70300000,30-06-2026 12:00,1.5
5317,Sitarganj_1,Uttarakhand,5,Uttarakhand,56,UDHAM SINGH NAGAR,Sitarganj,-,-,-,-,-,-,-,-,28.92971389,79.70300000,30-06-2026 13:00,4
5318,Sitarganj_1,Uttarakhand,5,Uttarakhand,56,UDHAM SINGH NAGAR,Sitarganj,-,-,-,-,-,-,-,-,28.92971389,79.70300000,30-06-2026 14:00,3.5
5319,Sitarganj_1,Uttarakhand,5,Uttarakhand,56,UDHAM SINGH NAGAR,Sitarganj,-,-,-,-,-,-,-,-,28.92971389,79.70300000,30-06-2026 15:00,1.5
5320,Sitarganj_1,Uttarakhand,5,Uttarakhand,56,UDHAM SINGH NAGAR,Sitarganj,-,-,-,-,-,-,-,-,28.92971389,79.70300000,01-07-2026 08:00,0.5
5321,Sitarganj_1,Uttarakhand,5,Uttarakhand,56,UDHAM SINGH NAGAR,Sitarganj,-,-,-,-,-,-,-,-,28.92971389,79.70300000,01-07-2026 09:00,0.5
5322,Sitarganj_1,Uttarakhand,5,Uttarakhand,56,UDHAM SINGH NAGAR,Sitarganj,-,-,-,-,-,-,-,-,28.92971389,79.70300000,01-07-2026 11:00,8
5323,Sitarganj_1,Uttarakhand,5,Uttarakhand,56,UDHAM SINGH NAGAR,Sitarganj,-,-,-,-,-,-,-,-,28.92971389,79.70300000,01-07-2026 12:00,0.5
5324,Sitarganj_1,Uttarakhand,5,Uttarakhand,56,UDHAM SINGH NAGAR,Sitarganj,-,-,-,-,-,-,-,-,28.92971389,79.70300000,02-07-2026 03:00,42.5
5325,Sitarganj_1,Uttarakhand,5,Uttarakhand,56,UDHAM SINGH NAGAR,Sitarganj,-,-,-,-,-,-,-,-,28.92971389,79.70300000,02-07-2026 04:00,39.5
5326,Sitarganj_1,Uttarakhand,5,Uttarakhand,56,UDHAM SINGH NAGAR,Sitarganj,-,-,-,-,-,-,-,-,28.92971389,79.70300000,02-07-2026 05:00,9
5327,Sitarganj_1,Uttarakhand,5,Uttarakhand,56,UDHAM SINGH NAGAR,Sitarganj,-,-,-,-,-,-,-,-,28.92971389,79.70300000,02-07-2026 06:00,1.5
5328,Sitarganj_1,Uttarakhand,5,Uttarakhand,56,UDHAM SINGH NAGAR,Sitarganj,-,-,-,-,-,-,-,-,28.92971389,79.70300000,05-07-2026 10:00,0.5
5329,Sitarganj_1,Uttarakhand,5,Uttarakhand,56,UDHAM SINGH NAGAR,Sitarganj,-,-,-,-,-,-,-,-,28.92971389,79.70300000,05-07-2026 11:00,1
5330,Sitarganj_1,Uttarakhand,5,Uttarakhand,56,UDHAM SINGH NAGAR,Sitarganj,-,-,-,-,-,-,-,-,28.92971389,79.70300000,05-07-2026 12:00,0.5
5331,Sitarganj_1,Uttarakhand,5,Uttarakhand,56,UDHAM SINGH NAGAR,Sitarganj,-,-,-,-,-,-,-,-,28.92971389,79.70300000,07-07-2026 09:00,1.5
5332,Sitarganj_1,Uttarakhand,5,Uttarakhand,56,UDHAM SINGH NAGAR,Sitarganj,-,-,-,-,-,-,-,-,28.92971389,79.70300000,07-07-2026 10:00,0.5
5333,Sitarganj_1,Uttarakhand,5,Uttarakhand,56,UDHAM SINGH NAGAR,Sitarganj,-,-,-,-,-,-,-,-,28.92971389,79.70300000,08-07-2026 06:00,9.5
5334,Sitarganj_1,Uttarakhand,5,Uttarakhand,56,UDHAM SINGH NAGAR,Sitarganj,-,-,-,-,-,-,-,-,28.92971389,79.70300000,08-07-2026 08:00,4.5
5335,Sitarganj_1,Uttarakhand,5,Uttarakhand,56,UDHAM SINGH NAGAR,Sitarganj,-,-,-,-,-,-,-,-,28.92971389,79.70300000,08-07-2026 09:00,10
5336,Sitarganj_1,Uttarakhand,5,Uttarakhand,56,UDHAM SINGH NAGAR,Sitarganj,-,-,-,-,-,-,-,-,28.92971389,79.70300000,08-07-2026 10:00,0.5
5337,Sitarganj_1,Uttarakhand,5,Uttarakhand,56,UDHAM SINGH NAGAR,Sitarganj,-,-,-,-,-,-,-,-,28.92971389,79.70300000,08-07-2026 21:00,12.5
5338,Sitarganj_1,Uttarakhand,5,Uttarakhand,56,UDHAM SINGH NAGAR,Sitarganj,-,-,-,-,-,-,-,-,28.92971389,79.70300000,08-07-2026 22:00,2.5
5339,Sitarganj_1,Uttarakhand,5,Uttarakhand,56,UDHAM SINGH NAGAR,Sitarganj,-,-,-,-,-,-,-,-,28.92971389,79.70300000,09-07-2026 00:00,0.5
5340,Sitarganj_1,Uttarakhand,5,Uttarakhand,56,UDHAM SINGH NAGAR,Sitarganj,-,-,-,-,-,-,-,-,28.92971389,79.70300000,09-07-2026 03:00,5
5341,Sitarganj_1,Uttarakhand,5,Uttarakhand,56,UDHAM SINGH NAGAR,Sitarganj,-,-,-,-,-,-,-,-,28.92971389,79.70300000,09-07-2026 08:00,2
5342,Sitarganj_1,Uttarakhand,5,Uttarakhand,56,UDHAM SINGH NAGAR,Sitarganj,-,-,-,-,-,-,-,-,28.92971389,79.70300000,09-07-2026 14:00,0.5
5343,Sitarganj_1,Uttarakhand,5,Uttarakhand,56,UDHAM SINGH NAGAR,Sitarganj,-,-,-,-,-,-,-,-,28.92971389,79.70300000,09-07-2026 15:00,1
5344,Sitarganj_1,Uttarakhand,5,Uttarakhand,56,UDHAM SINGH NAGAR,Sitarganj,-,-,-,-,-,-,-,-,28.92971389,79.70300000,09-07-2026 16:00,1.5
5345,Sitarganj_1,Uttarakhand,5,Uttarakhand,56,UDHAM SINGH NAGAR,Sitarganj,-,-,-,-,-,-,-,-,28.92971389,79.70300000,09-07-2026 17:00,0.5
5346,Sitarganj_1,Uttarakhand,5,Uttarakhand,56,UDHAM SINGH NAGAR,Sitarganj,-,-,-,-,-,-,-,-,28.92971389,79.70300000,09-07-2026 18:00,4.5
5347,Sitarganj_1,Uttarakhand,5,Uttarakhand,56,UDHAM SINGH NAGAR,Sitarganj,-,-,-,-,-,-,-,-,28.92971389,79.70300000,09-07-2026 20:00,0.5
5348,Sitarganj_1,Uttarakhand,5,Uttarakhand,56,UDHAM SINGH NAGAR,Sitarganj,-,-,-,-,-,-,-,-,28.92971389,79.70300000,10-07-2026 02:00,0.5
5349,Sitarganj_1,Uttarakhand,5,Uttarakhand,56,UDHAM SINGH NAGAR,Sitarganj,-,-,-,-,-,-,-,-,28.92971389,79.70300000,10-07-2026 03:00,3.5
5350,Sitarganj_1,Uttarakhand,5,Uttarakhand,56,UDHAM SINGH NAGAR,Sitarganj,-,-,-,-,-,-,-,-,28.92971389,79.70300000,10-07-2026 04:00,16
5351,Sitarganj_1,Uttarakhand,5,Uttarakhand,56,UDHAM SINGH NAGAR,Sitarganj,-,-,-,-,-,-,-,-,28.92971389,79.70300000,10-07-2026 05:00,8
5352,Sitarganj_1,Uttarakhand,5,Uttarakhand,56,UDHAM SINGH NAGAR,Sitarganj,-,-,-,-,-,-,-,-,28.92971389,79.70300000,10-07-2026 06:00,25
5353,Sitarganj_1,Uttarakhand,5,Uttarakhand,56,UDHAM SINGH NAGAR,Sitarganj,-,-,-,-,-,-,-,-,28.92971389,79.70300000,10-07-2026 07:00,14.5
5354,Sitarganj_1,Uttarakhand,5,Uttarakhand,56,UDHAM SINGH NAGAR,Sitarganj,-,-,-,-,-,-,-,-,28.92971389,79.70300000,10-07-2026 08:00,0.5
5355,Sitarganj_1,Uttarakhand,5,Uttarakhand,56,UDHAM SINGH NAGAR,Sitarganj,-,-,-,-,-,-,-,-,28.92971389,79.70300000,10-07-2026 09:00,0.5
5356,Sitarganj_1,Uttarakhand,5,Uttarakhand,56,UDHAM SINGH NAGAR,Sitarganj,-,-,-,-,-,-,-,-,28.92971389,79.70300000,10-07-2026 16:00,6
5357,Sitarganj_1,Uttarakhand,5,Uttarakhand,56,UDHAM SINGH NAGAR,Sitarganj,-,-,-,-,-,-,-,-,28.92971389,79.70300000,10-07-2026 19:00,0.5
5358,Sitarganj_1,Uttarakhand,5,Uttarakhand,56,UDHAM SINGH NAGAR,Sitarganj,-,-,-,-,-,-,-,-,28.92971389,79.70300000,10-07-2026 20:00,0.5
5359,Sitarganj_1,Uttarakhand,5,Uttarakhand,56,UDHAM SINGH NAGAR,Sitarganj,-,-,-,-,-,-,-,-,28.92971389,79.70300000,11-07-2026 01:00,0.5
5360,Sitarganj_1,Uttarakhand,5,Uttarakhand,56,UDHAM SINGH NAGAR,Sitarganj,-,-,-,-,-,-,-,-,28.92971389,79.70300000,11-07-2026 07:00,0.5
5361,Sitarganj_1,Uttarakhand,5,Uttarakhand,56,UDHAM SINGH NAGAR,Sitarganj,-,-,-,-,-,-,-,-,28.92971389,79.70300000,12-07-2026 05:00,0.5
5362,Sitarganj_1,Uttarakhand,5,Uttarakhand,56,UDHAM SINGH NAGAR,Sitarganj,-,-,-,-,-,-,-,-,28.92971389,79.70300000,12-07-2026 06:00,5
5363,Sitarganj_1,Uttarakhand,5,Uttarakhand,56,UDHAM SINGH NAGAR,Sitarganj,-,-,-,-,-,-,-,-,28.92971389,79.70300000,12-07-2026 07:00,5.5
5364,Sitarganj_1,Uttarakhand,5,Uttarakhand,56,UDHAM SINGH NAGAR,Sitarganj,-,-,-,-,-,-,-,-,28.92971389,79.70300000,12-07-2026 08:00,0.5
5365,Sitarganj_1,Uttarakhand,5,Uttarakhand,56,UDHAM SINGH NAGAR,Sitarganj,-,-,-,-,-,-,-,-,28.92971389,79.70300000,15-07-2026 18:00,0.5
5366,Sitarganj_1,Uttarakhand,5,Uttarakhand,56,UDHAM SINGH NAGAR,Sitarganj,-,-,-,-,-,-,-,-,28.92971389,79.70300000,18-07-2026 02:00,0.5
5367,Sitarganj_1,Uttarakhand,5,Uttarakhand,56,UDHAM SINGH NAGAR,Sitarganj,-,-,-,-,-,-,-,-,28.92971389,79.70300000,18-07-2026 03:00,49
5368,Sitarganj_1,Uttarakhand,5,Uttarakhand,56,UDHAM SINGH NAGAR,Sitarganj,-,-,-,-,-,-,-,-,28.92971389,79.70300000,18-07-2026 04:00,48.5
5369,Sitarganj_1,Uttarakhand,5,Uttarakhand,56,UDHAM SINGH NAGAR,Sitarganj,-,-,-,-,-,-,-,-,28.92971389,79.70300000,18-07-2026 05:00,8
5370,Sitarganj_1,Uttarakhand,5,Uttarakhand,56,UDHAM SINGH NAGAR,Sitarganj,-,-,-,-,-,-,-,-,28.92971389,79.70300000,18-07-2026 06:00,1.5
5371,Sitarganj_1,Uttarakhand,5,Uttarakhand,56,UDHAM SINGH NAGAR,Sitarganj,-,-,-,-,-,-,-,-,28.92971389,79.70300000,18-07-2026 09:00,1
5372,Sitarganj_1,Uttarakhand,5,Uttarakhand,56,UDHAM SINGH NAGAR,Sitarganj,-,-,-,-,-,-,-,-,28.92971389,79.70300000,19-07-2026 02:00,1
5373,Sitarganj_1,Uttarakhand,5,Uttarakhand,56,UDHAM SINGH NAGAR,Sitarganj,-,-,-,-,-,-,-,-,28.92971389,79.70300000,19-07-2026 04:00,0.5
5374,Sitarganj_1,Uttarakhand,5,Uttarakhand,56,UDHAM SINGH NAGAR,Sitarganj,-,-,-,-,-,-,-,-,28.92971389,79.70300000,19-07-2026 10:00,0.5
5375,Sitarganj_1,Uttarakhand,5,Uttarakhand,56,UDHAM SINGH NAGAR,Sitarganj,-,-,-,-,-,-,-,-,28.92971389,79.70300000,19-07-2026 12:00,1
5376,Sitarganj_1,Uttarakhand,5,Uttarakhand,56,UDHAM SINGH NAGAR,Sitarganj,-,-,-,-,-,-,-,-,28.92971389,79.70300000,19-07-2026 13:00,1
5377,Sitarganj_1,Uttarakhand,5,Uttarakhand,56,UDHAM SINGH NAGAR,Sitarganj,-,-,-,-,-,-,-,-,28.92971389,79.70300000,20-07-2026 01:00,0.5
5378,Sitarganj_1,Uttarakhand,5,Uttarakhand,56,UDHAM SINGH NAGAR,Sitarganj,-,-,-,-,-,-,-,-,28.92971389,79.70300000,20-07-2026 02:00,1.5
5379,Sitarganj_1,Uttarakhand,5,Uttarakhand,56,UDHAM SINGH NAGAR,Sitarganj,-,-,-,-,-,-,-,-,28.92971389,79.70300000,20-07-2026 03:00,4
5380,Sitarganj_1,Uttarakhand,5,Uttarakhand,56,UDHAM SINGH NAGAR,Sitarganj,-,-,-,-,-,-,-,-,28.92971389,79.70300000,20-07-2026 04:00,9
5381,Sitarganj_1,Uttarakhand,5,Uttarakhand,56,UDHAM SINGH NAGAR,Sitarganj,-,-,-,-,-,-,-,-,28.92971389,79.70300000,20-07-2026 05:00,7
5382,Sitarganj_1,Uttarakhand,5,Uttarakhand,56,UDHAM SINGH NAGAR,Sitarganj,-,-,-,-,-,-,-,-,28.92971389,79.70300000,20-07-2026 06:00,6
5383,Sitarganj_1,Uttarakhand,5,Uttarakhand,56,UDHAM SINGH NAGAR,Sitarganj,-,-,-,-,-,-,-,-,28.92971389,79.70300000,20-07-2026 07:00,8.5
5384,Sitarganj_1,Uttarakhand,5,Uttarakhand,56,UDHAM SINGH NAGAR,Sitarganj,-,-,-,-,-,-,-,-,28.92971389,79.70300000,20-07-2026 08:00,14.5
5385,Sitarganj_1,Uttarakhand,5,Uttarakhand,56,UDHAM SINGH NAGAR,Sitarganj,-,-,-,-,-,-,-,-,28.92971389,79.70300000,20-07-2026 09:00,7.5
5386,Sitarganj_1,Uttarakhand,5,Uttarakhand,56,UDHAM SINGH NAGAR,Sitarganj,-,-,-,-,-,-,-,-,28.92971389,79.70300000,20-07-2026 10:00,2
5387,Sitarganj_1,Uttarakhand,5,Uttarakhand,56,UDHAM SINGH NAGAR,Sitarganj,-,-,-,-,-,-,-,-,28.92971389,79.70300000,20-07-2026 11:00,0.5
5388,Sitarganj_1,Uttarakhand,5,Uttarakhand,56,UDHAM SINGH NAGAR,Sitarganj,-,-,-,-,-,-,-,-,28.92971389,79.70300000,20-07-2026 18:00,0.5
5389,Sitarganj_1,Uttarakhand,5,Uttarakhand,56,UDHAM SINGH NAGAR,Sitarganj,-,-,-,-,-,-,-,-,28.92971389,79.70300000,22-07-2026 00:00,7
5390,Sitarganj_1,Uttarakhand,5,Uttarakhand,56,UDHAM SINGH NAGAR,Sitarganj,-,-,-,-,-,-,-,-,28.92971389,79.70300000,22-07-2026 01:00,1.5
5391,Sitarganj_1,Uttarakhand,5,Uttarakhand,56,UDHAM SINGH NAGAR,Sitarganj,-,-,-,-,-,-,-,-,28.92971389,79.70300000,22-07-2026 02:00,1
5392,Sitarganj_1,Uttarakhand,5,Uttarakhand,56,UDHAM SINGH NAGAR,Sitarganj,-,-,-,-,-,-,-,-,28.92971389,79.70300000,24-07-2026 14:00,5.5
5393,Sitarganj_1,Uttarakhand,5,Uttarakhand,56,UDHAM SINGH NAGAR,Sitarganj,-,-,-,-,-,-,-,-,28.92971389,79.70300000,24-07-2026 18:00,0.5
5394,Sitarganj_1,Uttarakhand,5,Uttarakhand,56,UDHAM SINGH NAGAR,Sitarganj,-,-,-,-,-,-,-,-,28.92971389,79.70300000,25-07-2026 16:00,1.5
5395,Sitarganj_1,Uttarakhand,5,Uttarakhand,56,UDHAM SINGH NAGAR,Sitarganj,-,-,-,-,-,-,-,-,28.92971389,79.70300000,25-07-2026 17:00,0.5
5396,Sitarganj_1,Uttarakhand,5,Uttarakhand,56,UDHAM SINGH NAGAR,Sitarganj,-,-,-,-,-,-,-,-,28.92971389,79.70300000,27-07-2026 15:00,40.5
5397,Sitarganj_1,Uttarakhand,5,Uttarakhand,56,UDHAM SINGH NAGAR,Sitarganj,-,-,-,-,-,-,-,-,28.92971389,79.70300000,27-07-2026 16:00,10.5
5398,Sitarganj_1,Uttarakhand,5,Uttarakhand,56,UDHAM SINGH NAGAR,Sitarganj,-,-,-,-,-,-,-,-,28.92971389,79.70300000,27-07-2026 17:00,1
5399,Sitarganj_1,Uttarakhand,5,Uttarakhand,56,UDHAM SINGH NAGAR,Sitarganj,-,-,-,-,-,-,-,-,28.92971389,79.70300000,27-07-2026 18:00,1
5400,Sitarganj_1,Uttarakhand,5,Uttarakhand,56,UDHAM SINGH NAGAR,Sitarganj,-,-,-,-,-,-,-,-,28.92971389,79.70300000,30-07-2026 09:00,1
5401,Sitarganj_1,Uttarakhand,5,Uttarakhand,56,UDHAM SINGH NAGAR,Sitarganj,-,-,-,-,-,-,-,-,28.92971389,79.70300000,30-07-2026 10:00,1.5
5402,Sitarganj_1,Uttarakhand,5,Uttarakhand,56,UDHAM SINGH NAGAR,Sitarganj,-,-,-,-,-,-,-,-,28.92971389,79.70300000,30-07-2026 11:00,0.5
5403,Sitarganj_1,Uttarakhand,5,Uttarakhand,56,UDHAM SINGH NAGAR,Sitarganj,-,-,-,-,-,-,-,-,28.92971389,79.70300000,02-08-2026 07:00,0.5
5404,Sitarganj_1,Uttarakhand,5,Uttarakhand,56,UDHAM SINGH NAGAR,Sitarganj,-,-,-,-,-,-,-,-,28.92971389,79.70300000,02-08-2026 08:00,5
5405,Sitarganj_1,Uttarakhand,5,Uttarakhand,56,UDHAM SINGH NAGAR,Sitarganj,-,-,-,-,-,-,-,-,28.92971389,79.70300000,02-08-2026 09:00,4
5406,Sitarganj_1,Uttarakhand,5,Uttarakhand,56,UDHAM SINGH NAGAR,Sitarganj,-,-,-,-,-,-,-,-,28.92971389,79.70300000,04-08-2026 18:00,1.5
5407,Sitarganj_1,Uttarakhand,5,Uttarakhand,56,UDHAM SINGH NAGAR,Sitarganj,-,-,-,-,-,-,-,-,28.92971389,79.70300000,06-08-2026 01:00,4.5
5408,Sitarganj_1,Uttarakhand,5,Uttarakhand,56,UDHAM SINGH NAGAR,Sitarganj,-,-,-,-,-,-,-,-,28.92971389,79.70300000,06-08-2026 02:00,2
5409,Sitarganj_1,Uttarakhand,5,Uttarakhand,56,UDHAM SINGH NAGAR,Sitarganj,-,-,-,-,-,-,-,-,28.92971389,79.70300000,06-08-2026 12:00,8.5
5410,Sitarganj_1,Uttarakhand,5,Uttarakhand,56,UDHAM SINGH NAGAR,Sitarganj,-,-,-,-,-,-,-,-,28.92971389,79.70300000,06-08-2026 13:00,2
5411,Sitarganj_1,Uttarakhand,5,Uttarakhand,56,UDHAM SINGH NAGAR,Sitarganj,-,-,-,-,-,-,-,-,28.92971389,79.70300000,10-08-2026 07:00,16
5412,Sitarganj_1,Uttarakhand,5,Uttarakhand,56,UDHAM SINGH NAGAR,Sitarganj,-,-,-,-,-,-,-,-,28.92971389,79.70300000,10-08-2026 08:00,26
5413,Sitarganj_1,Uttarakhand,5,Uttarakhand,56,UDHAM SINGH NAGAR,Sitarganj,-,-,-,-,-,-,-,-,28.92971389,79.70300000,10-08-2026 09:00,5.5
5414,Sitarganj_1,Uttarakhand,5,Uttarakhand,56,UDHAM SINGH NAGAR,Sitarganj,-,-,-,-,-,-,-,-,28.92971389,79.70300000,14-08-2026 09:00,1.5
5415,Sitarganj_1,Uttarakhand,5,Uttarakhand,56,UDHAM SINGH NAGAR,Sitarganj,-,-,-,-,-,-,-,-,28.92971389,79.70300000,14-08-2026 10:00,5
5416,Sitarganj_1,Uttarakhand,5,Uttarakhand,56,UDHAM SINGH NAGAR,Sitarganj,-,-,-,-,-,-,-,-,28.92971389,79.70300000,14-08-2026 11:00,1.5
5417,Sitarganj_1,Uttarakhand,5,Uttarakhand,56,UDHAM SINGH NAGAR,Sitarganj,-,-,-,-,-,-,-,-,28.92971389,79.70300000,14-08-2026 12:00,1
5418,Sitarganj_1,Uttarakhand,5,Uttarakhand,56,UDHAM SINGH NAGAR,Sitarganj,-,-,-,-,-,-,-,-,28.92971389,79.70300000,14-08-2026 13:00,0.5
5419,Sitarganj_1,Uttarakhand,5,Uttarakhand,56,UDHAM SINGH NAGAR,Sitarganj,-,-,-,-,-,-,-,-,28.92971389,79.70300000,15-08-2026 21:00,1.5
5420,Sitarganj_1,Uttarakhand,5,Uttarakhand,56,UDHAM SINGH NAGAR,Sitarganj,-,-,-,-,-,-,-,-,28.92971389,79.70300000,15-08-2026 22:00,3.5
5421,Sitarganj_1,Uttarakhand,5,Uttarakhand,56,UDHAM SINGH NAGAR,Sitarganj,-,-,-,-,-,-,-,-,28.92971389,79.70300000,15-08-2026 23:00,1
5422,Sitarganj_1,Uttarakhand,5,Uttarakhand,56,UDHAM SINGH NAGAR,Sitarganj,-,-,-,-,-,-,-,-,28.92971389,79.70300000,16-08-2026 00:00,0.5
5423,Sitarganj_1,Uttarakhand,5,Uttarakhand,56,UDHAM SINGH NAGAR,Sitarganj,-,-,-,-,-,-,-,-,28.92971389,79.70300000,16-08-2026 01:00,0.5
5424,Sitarganj_1,Uttarakhand,5,Uttarakhand,56,UDHAM SINGH NAGAR,Sitarganj,-,-,-,-,-,-,-,-,28.92971389,79.70300000,16-08-2026 11:00,2
5425,Sitarganj_1,Uttarakhand,5,Uttarakhand,56,UDHAM SINGH NAGAR,Sitarganj,-,-,-,-,-,-,-,-,28.92971389,79.70300000,16-08-2026 12:00,0.5
5426,Sitarganj_1,Uttarakhand,5,Uttarakhand,56,UDHAM SINGH NAGAR,Sitarganj,-,-,-,-,-,-,-,-,28.92971389,79.70300000,17-08-2026 03:00,11.5
5427,Sitarganj_1,Uttarakhand,5,Uttarakhand,56,UDHAM SINGH NAGAR,Sitarganj,-,-,-,-,-,-,-,-,28.92971389,79.70300000,17-08-2026 05:00,2.5
5428,Sitarganj_1,Uttarakhand,5,Uttarakhand,56,UDHAM SINGH NAGAR,Sitarganj,-,-,-,-,-,-,-,-,28.92971389,79.70300000,17-08-2026 06:00,2
5429,Sitarganj_1,Uttarakhand,5,Uttarakhand,56,UDHAM SINGH NAGAR,Sitarganj,-,-,-,-,-,-,-,-,28.92971389,79.70300000,17-08-2026 07:00,0.5
5430,Sitarganj_1,Uttarakhand,5,Uttarakhand,56,UDHAM SINGH NAGAR,Sitarganj,-,-,-,-,-,-,-,-,28.92971389,79.70300000,17-08-2026 08:00,0.5
5431,Sitarganj_1,Uttarakhand,5,Uttarakhand,56,UDHAM SINGH NAGAR,Sitarganj,-,-,-,-,-,-,-,-,28.92971389,79.70300000,17-08-2026 09:00,5
5432,Sitarganj_1,Uttarakhand,5,Uttarakhand,56,UDHAM SINGH NAGAR,Sitarganj,-,-,-,-,-,-,-,-,28.92971389,79.70300000,17-08-2026 10:00,2
5433,Sitarganj_1,Uttarakhand,5,Uttarakhand,56,UDHAM SINGH NAGAR,Sitarganj,-,-,-,-,-,-,-,-,28.92971389,79.70300000,17-08-2026 11:00,13.5
5434,Sitarganj_1,Uttarakhand,5,Uttarakhand,56,UDHAM SINGH NAGAR,Sitarganj,-,-,-,-,-,-,-,-,28.92971389,79.70300000,17-08-2026 12:00,3.5
5435,Sitarganj_1,Uttarakhand,5,Uttarakhand,56,UDHAM SINGH NAGAR,Sitarganj,-,-,-,-,-,-,-,-,28.92971389,79.70300000,17-08-2026 14:00,1.5
5436,Sitarganj_1,Uttarakhand,5,Uttarakhand,56,UDHAM SINGH NAGAR,Sitarganj,-,-,-,-,-,-,-,-,28.92971389,79.70300000,18-08-2026 12:00,2.5
5437,Sitarganj_1,Uttarakhand,5,Uttarakhand,56,UDHAM SINGH NAGAR,Sitarganj,-,-,-,-,-,-,-,-,28.92971389,79.70300000,18-08-2026 13:00,10
5438,Sitarganj_1,Uttarakhand,5,Uttarakhand,56,UDHAM SINGH NAGAR,Sitarganj,-,-,-,-,-,-,-,-,28.92971389,79.70300000,19-08-2026 15:00,10
5439,Sitarganj_1,Uttarakhand,5,Uttarakhand,56,UDHAM SINGH NAGAR,Sitarganj,-,-,-,-,-,-,-,-,28.92971389,79.70300000,19-08-2026 17:00,15.5
5440,Sitarganj_1,Uttarakhand,5,Uttarakhand,56,UDHAM SINGH NAGAR,Sitarganj,-,-,-,-,-,-,-,-,28.92971389,79.70300000,19-08-2026 18:00,5
5441,Sitarganj_1,Uttarakhand,5,Uttarakhand,56,UDHAM SINGH NAGAR,Sitarganj,-,-,-,-,-,-,-,-,28.92971389,79.70300000,19-08-2026 19:00,0.5
5442,Sitarganj_1,Uttarakhand,5,Uttarakhand,56,UDHAM SINGH NAGAR,Sitarganj,-,-,-,-,-,-,-,-,28.92971389,79.70300000,22-08-2026 14:00,1
5443,Sitarganj_1,Uttarakhand,5,Uttarakhand,56,UDHAM SINGH NAGAR,Sitarganj,-,-,-,-,-,-,-,-,28.92971389,79.70300000,24-08-2026 21:00,1.5
5444,Sitarganj_1,Uttarakhand,5,Uttarakhand,56,UDHAM SINGH NAGAR,Sitarganj,-,-,-,-,-,-,-,-,28.92971389,79.70300000,24-08-2026 22:00,0.5
5445,Sitarganj_1,Uttarakhand,5,Uttarakhand,56,UDHAM SINGH NAGAR,Sitarganj,-,-,-,-,-,-,-,-,28.92971389,79.70300000,25-08-2026 12:00,0.5
5446,Sitarganj_1,Uttarakhand,5,Uttarakhand,56,UDHAM SINGH NAGAR,Sitarganj,-,-,-,-,-,-,-,-,28.92971389,79.70300000,27-08-2026 03:00,30.5
5447,Sitarganj_1,Uttarakhand,5,Uttarakhand,56,UDHAM SINGH NAGAR,Sitarganj,-,-,-,-,-,-,-,-,28.92971389,79.70300000,27-08-2026 04:00,4.5
5448,Sitarganj_1,Uttarakhand,5,Uttarakhand,56,UDHAM SINGH NAGAR,Sitarganj,-,-,-,-,-,-,-,-,28.92971389,79.70300000,27-08-2026 05:00,0.5
5449,Sitarganj_1,Uttarakhand,5,Uttarakhand,56,UDHAM SINGH NAGAR,Sitarganj,-,-,-,-,-,-,-,-,28.92971389,79.70300000,27-08-2026 08:00,1
5450,Sitarganj_1,Uttarakhand,5,Uttarakhand,56,UDHAM SINGH NAGAR,Sitarganj,-,-,-,-,-,-,-,-,28.92971389,79.70300000,27-08-2026 09:00,1
5451,Sitarganj_1,Uttarakhand,5,Uttarakhand,56,UDHAM SINGH NAGAR,Sitarganj,-,-,-,-,-,-,-,-,28.92971389,79.70300000,27-08-2026 10:00,6
5452,Sonprayag_1,Uttarakhand,5,Uttarakhand,54,Rudraprayag,-,-,-,-,-,-,-,-,-,30.63547222,78.99941667,11-08-2026 08:00,2.5
5453,Sonprayag_1,Uttarakhand,5,Uttarakhand,54,Rudraprayag,-,-,-,-,-,-,-,-,-,30.63547222,78.99941667,11-08-2026 11:00,1
5454,Sonprayag_1,Uttarakhand,5,Uttarakhand,54,Rudraprayag,-,-,-,-,-,-,-,-,-,30.63547222,78.99941667,13-08-2026 19:00,5
5455,Sonprayag_1,Uttarakhand,5,Uttarakhand,54,Rudraprayag,-,-,-,-,-,-,-,-,-,30.63547222,78.99941667,13-08-2026 20:00,1.5
5456,Sonprayag_1,Uttarakhand,5,Uttarakhand,54,Rudraprayag,-,-,-,-,-,-,-,-,-,30.63547222,78.99941667,14-08-2026 15:00,2.5
5457,Sonprayag_1,Uttarakhand,5,Uttarakhand,54,Rudraprayag,-,-,-,-,-,-,-,-,-,30.63547222,78.99941667,14-08-2026 16:00,3.5
5458,Sonprayag_1,Uttarakhand,5,Uttarakhand,54,Rudraprayag,-,-,-,-,-,-,-,-,-,30.63547222,78.99941667,14-08-2026 17:00,1.5
5459,Sonprayag_1,Uttarakhand,5,Uttarakhand,54,Rudraprayag,-,-,-,-,-,-,-,-,-,30.63547222,78.99941667,14-08-2026 18:00,1
5460,Sonprayag_1,Uttarakhand,5,Uttarakhand,54,Rudraprayag,-,-,-,-,-,-,-,-,-,30.63547222,78.99941667,14-08-2026 23:00,3
5461,Sonprayag_1,Uttarakhand,5,Uttarakhand,54,Rudraprayag,-,-,-,-,-,-,-,-,-,30.63547222,78.99941667,15-08-2026 00:00,2
5462,Sonprayag_1,Uttarakhand,5,Uttarakhand,54,Rudraprayag,-,-,-,-,-,-,-,-,-,30.63547222,78.99941667,15-08-2026 01:00,2.5
5463,Sonprayag_1,Uttarakhand,5,Uttarakhand,54,Rudraprayag,-,-,-,-,-,-,-,-,-,30.63547222,78.99941667,15-08-2026 02:00,3
5464,Sonprayag_1,Uttarakhand,5,Uttarakhand,54,Rudraprayag,-,-,-,-,-,-,-,-,-,30.63547222,78.99941667,15-08-2026 03:00,4.5
5465,Sonprayag_1,Uttarakhand,5,Uttarakhand,54,Rudraprayag,-,-,-,-,-,-,-,-,-,30.63547222,78.99941667,15-08-2026 04:00,0.5
5466,Sonprayag_1,Uttarakhand,5,Uttarakhand,54,Rudraprayag,-,-,-,-,-,-,-,-,-,30.63547222,78.99941667,15-08-2026 05:00,8.5
5467,Sonprayag_1,Uttarakhand,5,Uttarakhand,54,Rudraprayag,-,-,-,-,-,-,-,-,-,30.63547222,78.99941667,15-08-2026 06:00,5
5468,Sonprayag_1,Uttarakhand,5,Uttarakhand,54,Rudraprayag,-,-,-,-,-,-,-,-,-,30.63547222,78.99941667,15-08-2026 07:00,16.5
5469,Sonprayag_1,Uttarakhand,5,Uttarakhand,54,Rudraprayag,-,-,-,-,-,-,-,-,-,30.63547222,78.99941667,15-08-2026 08:00,7
5470,Sonprayag_1,Uttarakhand,5,Uttarakhand,54,Rudraprayag,-,-,-,-,-,-,-,-,-,30.63547222,78.99941667,15-08-2026 09:00,1.5
5471,Sonprayag_1,Uttarakhand,5,Uttarakhand,54,Rudraprayag,-,-,-,-,-,-,-,-,-,30.63547222,78.99941667,15-08-2026 10:00,2
5472,Sonprayag_1,Uttarakhand,5,Uttarakhand,54,Rudraprayag,-,-,-,-,-,-,-,-,-,30.63547222,78.99941667,15-08-2026 11:00,1.5
5473,Sonprayag_1,Uttarakhand,5,Uttarakhand,54,Rudraprayag,-,-,-,-,-,-,-,-,-,30.63547222,78.99941667,15-08-2026 12:00,0.5
5474,Sonprayag_1,Uttarakhand,5,Uttarakhand,54,Rudraprayag,-,-,-,-,-,-,-,-,-,30.63547222,78.99941667,15-08-2026 13:00,0.5
5475,Sonprayag_1,Uttarakhand,5,Uttarakhand,54,Rudraprayag,-,-,-,-,-,-,-,-,-,30.63547222,78.99941667,15-08-2026 16:00,2
5476,Sonprayag_1,Uttarakhand,5,Uttarakhand,54,Rudraprayag,-,-,-,-,-,-,-,-,-,30.63547222,78.99941667,15-08-2026 20:00,1
5477,Sonprayag_1,Uttarakhand,5,Uttarakhand,54,Rudraprayag,-,-,-,-,-,-,-,-,-,30.63547222,78.99941667,15-08-2026 22:00,0.5
5478,Sonprayag_1,Uttarakhand,5,Uttarakhand,54,Rudraprayag,-,-,-,-,-,-,-,-,-,30.63547222,78.99941667,15-08-2026 23:00,1
5479,Sonprayag_1,Uttarakhand,5,Uttarakhand,54,Rudraprayag,-,-,-,-,-,-,-,-,-,30.63547222,78.99941667,16-08-2026 00:00,8
5480,Sonprayag_1,Uttarakhand,5,Uttarakhand,54,Rudraprayag,-,-,-,-,-,-,-,-,-,30.63547222,78.99941667,16-08-2026 01:00,2.5
5481,Sonprayag_1,Uttarakhand,5,Uttarakhand,54,Rudraprayag,-,-,-,-,-,-,-,-,-,30.63547222,78.99941667,16-08-2026 15:00,3
5482,Sonprayag_1,Uttarakhand,5,Uttarakhand,54,Rudraprayag,-,-,-,-,-,-,-,-,-,30.63547222,78.99941667,16-08-2026 16:00,0.5
5483,Sonprayag_1,Uttarakhand,5,Uttarakhand,54,Rudraprayag,-,-,-,-,-,-,-,-,-,30.63547222,78.99941667,17-08-2026 08:00,2.5
5484,Sonprayag_1,Uttarakhand,5,Uttarakhand,54,Rudraprayag,-,-,-,-,-,-,-,-,-,30.63547222,78.99941667,17-08-2026 15:00,0.5
5485,Sonprayag_1,Uttarakhand,5,Uttarakhand,54,Rudraprayag,-,-,-,-,-,-,-,-,-,30.63547222,78.99941667,17-08-2026 16:00,0.5
5486,Sonprayag_1,Uttarakhand,5,Uttarakhand,54,Rudraprayag,-,-,-,-,-,-,-,-,-,30.63547222,78.99941667,17-08-2026 17:00,2.5
5487,Sonprayag_1,Uttarakhand,5,Uttarakhand,54,Rudraprayag,-,-,-,-,-,-,-,-,-,30.63547222,78.99941667,17-08-2026 19:00,1
5488,Sonprayag_1,Uttarakhand,5,Uttarakhand,54,Rudraprayag,-,-,-,-,-,-,-,-,-,30.63547222,78.99941667,17-08-2026 20:00,2.5
5489,Sonprayag_1,Uttarakhand,5,Uttarakhand,54,Rudraprayag,-,-,-,-,-,-,-,-,-,30.63547222,78.99941667,18-08-2026 13:00,0.5
5490,Sonprayag_1,Uttarakhand,5,Uttarakhand,54,Rudraprayag,-,-,-,-,-,-,-,-,-,30.63547222,78.99941667,18-08-2026 14:00,1
5491,Sonprayag_1,Uttarakhand,5,Uttarakhand,54,Rudraprayag,-,-,-,-,-,-,-,-,-,30.63547222,78.99941667,18-08-2026 15:00,0.5
5492,Sonprayag_1,Uttarakhand,5,Uttarakhand,54,Rudraprayag,-,-,-,-,-,-,-,-,-,30.63547222,78.99941667,18-08-2026 22:00,10.5
5493,Sonprayag_1,Uttarakhand,5,Uttarakhand,54,Rudraprayag,-,-,-,-,-,-,-,-,-,30.63547222,78.99941667,18-08-2026 23:00,0.5
5494,Sonprayag_1,Uttarakhand,5,Uttarakhand,54,Rudraprayag,-,-,-,-,-,-,-,-,-,30.63547222,78.99941667,19-08-2026 20:00,2.5
5495,Sonprayag_1,Uttarakhand,5,Uttarakhand,54,Rudraprayag,-,-,-,-,-,-,-,-,-,30.63547222,78.99941667,19-08-2026 22:00,4
5496,Sonprayag_1,Uttarakhand,5,Uttarakhand,54,Rudraprayag,-,-,-,-,-,-,-,-,-,30.63547222,78.99941667,19-08-2026 23:00,0.5
5497,Sonprayag_1,Uttarakhand,5,Uttarakhand,54,Rudraprayag,-,-,-,-,-,-,-,-,-,30.63547222,78.99941667,20-08-2026 10:00,0.5
5498,Sonprayag_1,Uttarakhand,5,Uttarakhand,54,Rudraprayag,-,-,-,-,-,-,-,-,-,30.63547222,78.99941667,20-08-2026 11:00,2
5499,Sonprayag_1,Uttarakhand,5,Uttarakhand,54,Rudraprayag,-,-,-,-,-,-,-,-,-,30.63547222,78.99941667,20-08-2026 12:00,3.5
5500,Sonprayag_1,Uttarakhand,5,Uttarakhand,54,Rudraprayag,-,-,-,-,-,-,-,-,-,30.63547222,78.99941667,20-08-2026 15:00,1
5501,Sonprayag_1,Uttarakhand,5,Uttarakhand,54,Rudraprayag,-,-,-,-,-,-,-,-,-,30.63547222,78.99941667,20-08-2026 22:00,9.5
5502,Sonprayag_1,Uttarakhand,5,Uttarakhand,54,Rudraprayag,-,-,-,-,-,-,-,-,-,30.63547222,78.99941667,20-08-2026 23:00,6
5503,Sonprayag_1,Uttarakhand,5,Uttarakhand,54,Rudraprayag,-,-,-,-,-,-,-,-,-,30.63547222,78.99941667,21-08-2026 00:00,30
5504,Sonprayag_1,Uttarakhand,5,Uttarakhand,54,Rudraprayag,-,-,-,-,-,-,-,-,-,30.63547222,78.99941667,21-08-2026 01:00,2.5
5505,Sonprayag_1,Uttarakhand,5,Uttarakhand,54,Rudraprayag,-,-,-,-,-,-,-,-,-,30.63547222,78.99941667,21-08-2026 02:00,0.5
5506,Sonprayag_1,Uttarakhand,5,Uttarakhand,54,Rudraprayag,-,-,-,-,-,-,-,-,-,30.63547222,78.99941667,21-08-2026 06:00,1.5
5507,Sonprayag_1,Uttarakhand,5,Uttarakhand,54,Rudraprayag,-,-,-,-,-,-,-,-,-,30.63547222,78.99941667,21-08-2026 07:00,0.5
5508,Sonprayag_1,Uttarakhand,5,Uttarakhand,54,Rudraprayag,-,-,-,-,-,-,-,-,-,30.63547222,78.99941667,21-08-2026 08:00,0.5
5509,Sonprayag_1,Uttarakhand,5,Uttarakhand,54,Rudraprayag,-,-,-,-,-,-,-,-,-,30.63547222,78.99941667,21-08-2026 16:00,2.5
5510,Sonprayag_1,Uttarakhand,5,Uttarakhand,54,Rudraprayag,-,-,-,-,-,-,-,-,-,30.63547222,78.99941667,21-08-2026 17:00,6
5511,Sonprayag_1,Uttarakhand,5,Uttarakhand,54,Rudraprayag,-,-,-,-,-,-,-,-,-,30.63547222,78.99941667,21-08-2026 21:00,7
5512,Sonprayag_1,Uttarakhand,5,Uttarakhand,54,Rudraprayag,-,-,-,-,-,-,-,-,-,30.63547222,78.99941667,22-08-2026 01:00,1
5513,Sonprayag_1,Uttarakhand,5,Uttarakhand,54,Rudraprayag,-,-,-,-,-,-,-,-,-,30.63547222,78.99941667,22-08-2026 02:00,11
5514,Sonprayag_1,Uttarakhand,5,Uttarakhand,54,Rudraprayag,-,-,-,-,-,-,-,-,-,30.63547222,78.99941667,22-08-2026 04:00,13.5
5515,Sonprayag_1,Uttarakhand,5,Uttarakhand,54,Rudraprayag,-,-,-,-,-,-,-,-,-,30.63547222,78.99941667,22-08-2026 05:00,15.5
5516,Sonprayag_1,Uttarakhand,5,Uttarakhand,54,Rudraprayag,-,-,-,-,-,-,-,-,-,30.63547222,78.99941667,22-08-2026 06:00,0.5
5517,Sonprayag_1,Uttarakhand,5,Uttarakhand,54,Rudraprayag,-,-,-,-,-,-,-,-,-,30.63547222,78.99941667,23-08-2026 03:00,6
5518,Sonprayag_1,Uttarakhand,5,Uttarakhand,54,Rudraprayag,-,-,-,-,-,-,-,-,-,30.63547222,78.99941667,23-08-2026 04:00,36
5519,Sonprayag_1,Uttarakhand,5,Uttarakhand,54,Rudraprayag,-,-,-,-,-,-,-,-,-,30.63547222,78.99941667,23-08-2026 05:00,5
5520,Sonprayag_1,Uttarakhand,5,Uttarakhand,54,Rudraprayag,-,-,-,-,-,-,-,-,-,30.63547222,78.99941667,23-08-2026 06:00,0.5
5521,Sonprayag_1,Uttarakhand,5,Uttarakhand,54,Rudraprayag,-,-,-,-,-,-,-,-,-,30.63547222,78.99941667,24-08-2026 08:00,0.5
5522,Sonprayag_1,Uttarakhand,5,Uttarakhand,54,Rudraprayag,-,-,-,-,-,-,-,-,-,30.63547222,78.99941667,24-08-2026 09:00,1
5523,Sonprayag_1,Uttarakhand,5,Uttarakhand,54,Rudraprayag,-,-,-,-,-,-,-,-,-,30.63547222,78.99941667,24-08-2026 11:00,1.5
5524,Sonprayag_1,Uttarakhand,5,Uttarakhand,54,Rudraprayag,-,-,-,-,-,-,-,-,-,30.63547222,78.99941667,24-08-2026 12:00,0.5
5525,Sonprayag_1,Uttarakhand,5,Uttarakhand,54,Rudraprayag,-,-,-,-,-,-,-,-,-,30.63547222,78.99941667,26-08-2026 16:00,9.5
5526,Sonprayag_1,Uttarakhand,5,Uttarakhand,54,Rudraprayag,-,-,-,-,-,-,-,-,-,30.63547222,78.99941667,26-08-2026 17:00,25
5527,Sonprayag_1,Uttarakhand,5,Uttarakhand,54,Rudraprayag,-,-,-,-,-,-,-,-,-,30.63547222,78.99941667,26-08-2026 18:00,0.5
5528,Sonprayag_1,Uttarakhand,5,Uttarakhand,54,Rudraprayag,-,-,-,-,-,-,-,-,-,30.63547222,78.99941667,27-08-2026 13:00,0.5
5529,Sonprayag_1,Uttarakhand,5,Uttarakhand,54,Rudraprayag,-,-,-,-,-,-,-,-,-,30.63547222,78.99941667,27-08-2026 15:00,1
5530,Sonprayag_1,Uttarakhand,5,Uttarakhand,54,Rudraprayag,-,-,-,-,-,-,-,-,-,30.63547222,78.99941667,27-08-2026 16:00,2
5531,Srinagar_2,Uttarakhand,5,Uttarakhand,52,PAURI GARHWAL,-,-,-,-,-,-,-,-,-,30.23581944,78.81720278,14-01-2026 07:00,287.5
5532,Srinagar_2,Uttarakhand,5,Uttarakhand,52,PAURI GARHWAL,-,-,-,-,-,-,-,-,-,30.23581944,78.81720278,14-01-2026 09:00,286
5533,Srinagar_2,Uttarakhand,5,Uttarakhand,52,PAURI GARHWAL,-,-,-,-,-,-,-,-,-,30.23581944,78.81720278,14-01-2026 15:00,511.5
5534,Srinagar_2,Uttarakhand,5,Uttarakhand,52,PAURI GARHWAL,-,-,-,-,-,-,-,-,-,30.23581944,78.81720278,14-01-2026 17:00,260.5
5535,Srinagar_2,Uttarakhand,5,Uttarakhand,52,PAURI GARHWAL,-,-,-,-,-,-,-,-,-,30.23581944,78.81720278,14-01-2026 19:00,268.5
5536,Srinagar_2,Uttarakhand,5,Uttarakhand,52,PAURI GARHWAL,-,-,-,-,-,-,-,-,-,30.23581944,78.81720278,14-01-2026 22:00,274
5537,Srinagar_2,Uttarakhand,5,Uttarakhand,52,PAURI GARHWAL,-,-,-,-,-,-,-,-,-,30.23581944,78.81720278,15-01-2026 03:00,276
5538,Srinagar_2,Uttarakhand,5,Uttarakhand,52,PAURI GARHWAL,-,-,-,-,-,-,-,-,-,30.23581944,78.81720278,15-01-2026 04:00,277
5539,Srinagar_2,Uttarakhand,5,Uttarakhand,52,PAURI GARHWAL,-,-,-,-,-,-,-,-,-,30.23581944,78.81720278,15-01-2026 05:00,280
5540,Srinagar_2,Uttarakhand,5,Uttarakhand,52,PAURI GARHWAL,-,-,-,-,-,-,-,-,-,30.23581944,78.81720278,15-01-2026 06:00,284
5541,Srinagar_2,Uttarakhand,5,Uttarakhand,52,PAURI GARHWAL,-,-,-,-,-,-,-,-,-,30.23581944,78.81720278,15-01-2026 12:00,511.5
5542,Srinagar_2,Uttarakhand,5,Uttarakhand,52,PAURI GARHWAL,-,-,-,-,-,-,-,-,-,30.23581944,78.81720278,20-01-2026 05:00,254
5543,Srinagar_2,Uttarakhand,5,Uttarakhand,52,PAURI GARHWAL,-,-,-,-,-,-,-,-,-,30.23581944,78.81720278,20-01-2026 09:00,511.5
5544,Srinagar_2,Uttarakhand,5,Uttarakhand,52,PAURI GARHWAL,-,-,-,-,-,-,-,-,-,30.23581944,78.81720278,20-01-2026 13:00,511.5
5545,Srinagar_2,Uttarakhand,5,Uttarakhand,52,PAURI GARHWAL,-,-,-,-,-,-,-,-,-,30.23581944,78.81720278,20-01-2026 15:00,511.5
5546,Srinagar_2,Uttarakhand,5,Uttarakhand,52,PAURI GARHWAL,-,-,-,-,-,-,-,-,-,30.23581944,78.81720278,20-01-2026 22:00,511.5
5547,Srinagar_2,Uttarakhand,5,Uttarakhand,52,PAURI GARHWAL,-,-,-,-,-,-,-,-,-,30.23581944,78.81720278,21-01-2026 00:00,511.5
5548,Srinagar_2,Uttarakhand,5,Uttarakhand,52,PAURI GARHWAL,-,-,-,-,-,-,-,-,-,30.23581944,78.81720278,21-01-2026 03:00,254
5549,Srinagar_2,Uttarakhand,5,Uttarakhand,52,PAURI GARHWAL,-,-,-,-,-,-,-,-,-,30.23581944,78.81720278,21-01-2026 05:00,257.5
5550,Srinagar_2,Uttarakhand,5,Uttarakhand,52,PAURI GARHWAL,-,-,-,-,-,-,-,-,-,30.23581944,78.81720278,21-01-2026 07:00,256
5551,Srinagar_2,Uttarakhand,5,Uttarakhand,52,PAURI GARHWAL,-,-,-,-,-,-,-,-,-,30.23581944,78.81720278,21-01-2026 12:00,511.5
5552,Srinagar_2,Uttarakhand,5,Uttarakhand,52,PAURI GARHWAL,-,-,-,-,-,-,-,-,-,30.23581944,78.81720278,28-01-2026 05:00,511.5
5553,Srinagar_2,Uttarakhand,5,Uttarakhand,52,PAURI GARHWAL,-,-,-,-,-,-,-,-,-,30.23581944,78.81720278,28-01-2026 06:00,511.5
5554,Srinagar_2,Uttarakhand,5,Uttarakhand,52,PAURI GARHWAL,-,-,-,-,-,-,-,-,-,30.23581944,78.81720278,28-01-2026 07:00,511.5
5555,Srinagar_2,Uttarakhand,5,Uttarakhand,52,PAURI GARHWAL,-,-,-,-,-,-,-,-,-,30.23581944,78.81720278,28-01-2026 11:00,511.5
5556,Srinagar_2,Uttarakhand,5,Uttarakhand,52,PAURI GARHWAL,-,-,-,-,-,-,-,-,-,30.23581944,78.81720278,28-01-2026 14:00,511.5
5557,Srinagar_2,Uttarakhand,5,Uttarakhand,52,PAURI GARHWAL,-,-,-,-,-,-,-,-,-,30.23581944,78.81720278,28-01-2026 17:00,511.5
5558,Srinagar_2,Uttarakhand,5,Uttarakhand,52,PAURI GARHWAL,-,-,-,-,-,-,-,-,-,30.23581944,78.81720278,28-01-2026 21:00,511.5
5559,Srinagar_2,Uttarakhand,5,Uttarakhand,52,PAURI GARHWAL,-,-,-,-,-,-,-,-,-,30.23581944,78.81720278,28-01-2026 23:00,511.5
5560,Srinagar_2,Uttarakhand,5,Uttarakhand,52,PAURI GARHWAL,-,-,-,-,-,-,-,-,-,30.23581944,78.81720278,29-01-2026 00:00,511.5
5561,Srinagar_2,Uttarakhand,5,Uttarakhand,52,PAURI GARHWAL,-,-,-,-,-,-,-,-,-,30.23581944,78.81720278,29-01-2026 08:00,0.5
5562,Srinagar_2,Uttarakhand,5,Uttarakhand,52,PAURI GARHWAL,-,-,-,-,-,-,-,-,-,30.23581944,78.81720278,29-01-2026 12:00,511.5
5563,Srinagar_2,Uttarakhand,5,Uttarakhand,52,PAURI GARHWAL,-,-,-,-,-,-,-,-,-,30.23581944,78.81720278,29-01-2026 13:00,511.5
5564,Srinagar_2,Uttarakhand,5,Uttarakhand,52,PAURI GARHWAL,-,-,-,-,-,-,-,-,-,30.23581944,78.81720278,29-01-2026 14:00,511.5
5565,Srinagar_2,Uttarakhand,5,Uttarakhand,52,PAURI GARHWAL,-,-,-,-,-,-,-,-,-,30.23581944,78.81720278,29-01-2026 16:00,511.5
5566,Srinagar_2,Uttarakhand,5,Uttarakhand,52,PAURI GARHWAL,-,-,-,-,-,-,-,-,-,30.23581944,78.81720278,29-01-2026 18:00,511.5
5567,Srinagar_2,Uttarakhand,5,Uttarakhand,52,PAURI GARHWAL,-,-,-,-,-,-,-,-,-,30.23581944,78.81720278,29-01-2026 19:00,511.5
5568,Srinagar_2,Uttarakhand,5,Uttarakhand,52,PAURI GARHWAL,-,-,-,-,-,-,-,-,-,30.23581944,78.81720278,29-01-2026 21:00,511.5
5569,Srinagar_2,Uttarakhand,5,Uttarakhand,52,PAURI GARHWAL,-,-,-,-,-,-,-,-,-,30.23581944,78.81720278,29-01-2026 23:00,511.5
5570,Srinagar_2,Uttarakhand,5,Uttarakhand,52,PAURI GARHWAL,-,-,-,-,-,-,-,-,-,30.23581944,78.81720278,30-01-2026 00:00,511.5
5571,Srinagar_2,Uttarakhand,5,Uttarakhand,52,PAURI GARHWAL,-,-,-,-,-,-,-,-,-,30.23581944,78.81720278,30-01-2026 02:00,251.5
5572,Srinagar_2,Uttarakhand,5,Uttarakhand,52,PAURI GARHWAL,-,-,-,-,-,-,-,-,-,30.23581944,78.81720278,30-01-2026 06:00,256.5
5573,Srinagar_2,Uttarakhand,5,Uttarakhand,52,PAURI GARHWAL,-,-,-,-,-,-,-,-,-,30.23581944,78.81720278,30-01-2026 08:00,256
5574,Srinagar_2,Uttarakhand,5,Uttarakhand,52,PAURI GARHWAL,-,-,-,-,-,-,-,-,-,30.23581944,78.81720278,30-01-2026 10:00,511.5
5575,Srinagar_2,Uttarakhand,5,Uttarakhand,52,PAURI GARHWAL,-,-,-,-,-,-,-,-,-,30.23581944,78.81720278,30-01-2026 13:00,511.5
5576,Srinagar_2,Uttarakhand,5,Uttarakhand,52,PAURI GARHWAL,-,-,-,-,-,-,-,-,-,30.23581944,78.81720278,30-01-2026 14:00,511.5
5577,Srinagar_2,Uttarakhand,5,Uttarakhand,52,PAURI GARHWAL,-,-,-,-,-,-,-,-,-,30.23581944,78.81720278,30-01-2026 20:00,511.5
5578,Srinagar_2,Uttarakhand,5,Uttarakhand,52,PAURI GARHWAL,-,-,-,-,-,-,-,-,-,30.23581944,78.81720278,30-01-2026 21:00,511.5
5579,Srinagar_2,Uttarakhand,5,Uttarakhand,52,PAURI GARHWAL,-,-,-,-,-,-,-,-,-,30.23581944,78.81720278,30-01-2026 23:00,511.5
5580,Srinagar_2,Uttarakhand,5,Uttarakhand,52,PAURI GARHWAL,-,-,-,-,-,-,-,-,-,30.23581944,78.81720278,31-01-2026 02:00,253
5581,Srinagar_2,Uttarakhand,5,Uttarakhand,52,PAURI GARHWAL,-,-,-,-,-,-,-,-,-,30.23581944,78.81720278,31-01-2026 04:00,251
5582,Srinagar_2,Uttarakhand,5,Uttarakhand,52,PAURI GARHWAL,-,-,-,-,-,-,-,-,-,30.23581944,78.81720278,31-01-2026 05:00,511.5
5583,Srinagar_2,Uttarakhand,5,Uttarakhand,52,PAURI GARHWAL,-,-,-,-,-,-,-,-,-,30.23581944,78.81720278,31-01-2026 08:00,511.5
5584,Srinagar_2,Uttarakhand,5,Uttarakhand,52,PAURI GARHWAL,-,-,-,-,-,-,-,-,-,30.23581944,78.81720278,31-01-2026 10:00,511.5
5585,Srinagar_2,Uttarakhand,5,Uttarakhand,52,PAURI GARHWAL,-,-,-,-,-,-,-,-,-,30.23581944,78.81720278,31-01-2026 16:00,511.5
5586,Srinagar_2,Uttarakhand,5,Uttarakhand,52,PAURI GARHWAL,-,-,-,-,-,-,-,-,-,30.23581944,78.81720278,31-01-2026 18:00,511.5
5587,Srinagar_2,Uttarakhand,5,Uttarakhand,52,PAURI GARHWAL,-,-,-,-,-,-,-,-,-,30.23581944,78.81720278,31-01-2026 19:00,511.5
5588,Srinagar_2,Uttarakhand,5,Uttarakhand,52,PAURI GARHWAL,-,-,-,-,-,-,-,-,-,30.23581944,78.81720278,31-01-2026 21:00,511.5
5589,Srinagar_2,Uttarakhand,5,Uttarakhand,52,PAURI GARHWAL,-,-,-,-,-,-,-,-,-,30.23581944,78.81720278,31-01-2026 22:00,511.5
5590,Srinagar_2,Uttarakhand,5,Uttarakhand,52,PAURI GARHWAL,-,-,-,-,-,-,-,-,-,30.23581944,78.81720278,01-02-2026 00:00,511.5
5591,Srinagar_2,Uttarakhand,5,Uttarakhand,52,PAURI GARHWAL,-,-,-,-,-,-,-,-,-,30.23581944,78.81720278,01-02-2026 01:00,511.5
5592,Srinagar_2,Uttarakhand,5,Uttarakhand,52,PAURI GARHWAL,-,-,-,-,-,-,-,-,-,30.23581944,78.81720278,01-02-2026 06:00,511.5
5593,Srinagar_2,Uttarakhand,5,Uttarakhand,52,PAURI GARHWAL,-,-,-,-,-,-,-,-,-,30.23581944,78.81720278,01-02-2026 17:00,511.5
5594,Srinagar_2,Uttarakhand,5,Uttarakhand,52,PAURI GARHWAL,-,-,-,-,-,-,-,-,-,30.23581944,78.81720278,01-02-2026 18:00,511.5
5595,Srinagar_2,Uttarakhand,5,Uttarakhand,52,PAURI GARHWAL,-,-,-,-,-,-,-,-,-,30.23581944,78.81720278,01-02-2026 22:00,511.5
5596,Srinagar_2,Uttarakhand,5,Uttarakhand,52,PAURI GARHWAL,-,-,-,-,-,-,-,-,-,30.23581944,78.81720278,01-02-2026 23:00,511.5
5597,Srinagar_2,Uttarakhand,5,Uttarakhand,52,PAURI GARHWAL,-,-,-,-,-,-,-,-,-,30.23581944,78.81720278,02-02-2026 01:00,511.5
5598,Srinagar_2,Uttarakhand,5,Uttarakhand,52,PAURI GARHWAL,-,-,-,-,-,-,-,-,-,30.23581944,78.81720278,02-02-2026 04:00,511.5
5599,Srinagar_2,Uttarakhand,5,Uttarakhand,52,PAURI GARHWAL,-,-,-,-,-,-,-,-,-,30.23581944,78.81720278,02-02-2026 10:00,511.5
5600,Srinagar_2,Uttarakhand,5,Uttarakhand,52,PAURI GARHWAL,-,-,-,-,-,-,-,-,-,30.23581944,78.81720278,02-02-2026 14:00,511.5
5601,Srinagar_2,Uttarakhand,5,Uttarakhand,52,PAURI GARHWAL,-,-,-,-,-,-,-,-,-,30.23581944,78.81720278,02-02-2026 18:00,511.5
5602,Srinagar_2,Uttarakhand,5,Uttarakhand,52,PAURI GARHWAL,-,-,-,-,-,-,-,-,-,30.23581944,78.81720278,02-02-2026 21:00,511.5
5603,Srinagar_2,Uttarakhand,5,Uttarakhand,52,PAURI GARHWAL,-,-,-,-,-,-,-,-,-,30.23581944,78.81720278,02-02-2026 23:00,511.5
5604,Srinagar_2,Uttarakhand,5,Uttarakhand,52,PAURI GARHWAL,-,-,-,-,-,-,-,-,-,30.23581944,78.81720278,03-02-2026 00:00,511.5
5605,Srinagar_2,Uttarakhand,5,Uttarakhand,52,PAURI GARHWAL,-,-,-,-,-,-,-,-,-,30.23581944,78.81720278,03-02-2026 07:00,511.5
5606,Srinagar_2,Uttarakhand,5,Uttarakhand,52,PAURI GARHWAL,-,-,-,-,-,-,-,-,-,30.23581944,78.81720278,03-02-2026 09:00,511.5
5607,Srinagar_2,Uttarakhand,5,Uttarakhand,52,PAURI GARHWAL,-,-,-,-,-,-,-,-,-,30.23581944,78.81720278,03-02-2026 22:00,511.5
5608,Srinagar_2,Uttarakhand,5,Uttarakhand,52,PAURI GARHWAL,-,-,-,-,-,-,-,-,-,30.23581944,78.81720278,04-02-2026 01:00,511.5
5609,Srinagar_2,Uttarakhand,5,Uttarakhand,52,PAURI GARHWAL,-,-,-,-,-,-,-,-,-,30.23581944,78.81720278,04-02-2026 04:00,511.5
5610,Srinagar_2,Uttarakhand,5,Uttarakhand,52,PAURI GARHWAL,-,-,-,-,-,-,-,-,-,30.23581944,78.81720278,04-02-2026 05:00,511.5
5611,Srinagar_2,Uttarakhand,5,Uttarakhand,52,PAURI GARHWAL,-,-,-,-,-,-,-,-,-,30.23581944,78.81720278,04-02-2026 08:00,511.5
5612,Srinagar_2,Uttarakhand,5,Uttarakhand,52,PAURI GARHWAL,-,-,-,-,-,-,-,-,-,30.23581944,78.81720278,04-02-2026 13:00,511.5
5613,Srinagar_2,Uttarakhand,5,Uttarakhand,52,PAURI GARHWAL,-,-,-,-,-,-,-,-,-,30.23581944,78.81720278,04-02-2026 14:00,511.5
5614,Srinagar_2,Uttarakhand,5,Uttarakhand,52,PAURI GARHWAL,-,-,-,-,-,-,-,-,-,30.23581944,78.81720278,04-02-2026 17:00,511.5
5615,Srinagar_2,Uttarakhand,5,Uttarakhand,52,PAURI GARHWAL,-,-,-,-,-,-,-,-,-,30.23581944,78.81720278,04-02-2026 18:00,511.5
5616,Srinagar_2,Uttarakhand,5,Uttarakhand,52,PAURI GARHWAL,-,-,-,-,-,-,-,-,-,30.23581944,78.81720278,04-02-2026 19:00,511.5
5617,Srinagar_2,Uttarakhand,5,Uttarakhand,52,PAURI GARHWAL,-,-,-,-,-,-,-,-,-,30.23581944,78.81720278,04-02-2026 21:00,511.5
5618,Srinagar_2,Uttarakhand,5,Uttarakhand,52,PAURI GARHWAL,-,-,-,-,-,-,-,-,-,30.23581944,78.81720278,05-02-2026 03:00,511.5
5619,Srinagar_2,Uttarakhand,5,Uttarakhand,52,PAURI GARHWAL,-,-,-,-,-,-,-,-,-,30.23581944,78.81720278,05-02-2026 06:00,254
5620,Srinagar_2,Uttarakhand,5,Uttarakhand,52,PAURI GARHWAL,-,-,-,-,-,-,-,-,-,30.23581944,78.81720278,05-02-2026 08:00,511.5
5621,Srinagar_2,Uttarakhand,5,Uttarakhand,52,PAURI GARHWAL,-,-,-,-,-,-,-,-,-,30.23581944,78.81720278,05-02-2026 09:00,511.5
5622,Srinagar_2,Uttarakhand,5,Uttarakhand,52,PAURI GARHWAL,-,-,-,-,-,-,-,-,-,30.23581944,78.81720278,05-02-2026 10:00,511.5
5623,Srinagar_2,Uttarakhand,5,Uttarakhand,52,PAURI GARHWAL,-,-,-,-,-,-,-,-,-,30.23581944,78.81720278,05-02-2026 14:00,511.5
5624,Srinagar_2,Uttarakhand,5,Uttarakhand,52,PAURI GARHWAL,-,-,-,-,-,-,-,-,-,30.23581944,78.81720278,05-02-2026 16:00,511.5
5625,Srinagar_2,Uttarakhand,5,Uttarakhand,52,PAURI GARHWAL,-,-,-,-,-,-,-,-,-,30.23581944,78.81720278,05-02-2026 17:00,511.5
5626,Srinagar_2,Uttarakhand,5,Uttarakhand,52,PAURI GARHWAL,-,-,-,-,-,-,-,-,-,30.23581944,78.81720278,05-02-2026 19:00,511.5
5627,Srinagar_2,Uttarakhand,5,Uttarakhand,52,PAURI GARHWAL,-,-,-,-,-,-,-,-,-,30.23581944,78.81720278,05-02-2026 21:00,511.5
5628,Srinagar_2,Uttarakhand,5,Uttarakhand,52,PAURI GARHWAL,-,-,-,-,-,-,-,-,-,30.23581944,78.81720278,05-02-2026 23:00,511.5
5629,Srinagar_2,Uttarakhand,5,Uttarakhand,52,PAURI GARHWAL,-,-,-,-,-,-,-,-,-,30.23581944,78.81720278,06-02-2026 00:00,511.5
5630,Srinagar_2,Uttarakhand,5,Uttarakhand,52,PAURI GARHWAL,-,-,-,-,-,-,-,-,-,30.23581944,78.81720278,06-02-2026 01:00,511.5
5631,Srinagar_2,Uttarakhand,5,Uttarakhand,52,PAURI GARHWAL,-,-,-,-,-,-,-,-,-,30.23581944,78.81720278,06-02-2026 05:00,254
5632,Srinagar_2,Uttarakhand,5,Uttarakhand,52,PAURI GARHWAL,-,-,-,-,-,-,-,-,-,30.23581944,78.81720278,06-02-2026 09:00,511.5
5633,Srinagar_2,Uttarakhand,5,Uttarakhand,52,PAURI GARHWAL,-,-,-,-,-,-,-,-,-,30.23581944,78.81720278,06-02-2026 12:00,511.5
5634,Srinagar_2,Uttarakhand,5,Uttarakhand,52,PAURI GARHWAL,-,-,-,-,-,-,-,-,-,30.23581944,78.81720278,06-02-2026 16:00,511.5
5635,Srinagar_2,Uttarakhand,5,Uttarakhand,52,PAURI GARHWAL,-,-,-,-,-,-,-,-,-,30.23581944,78.81720278,06-02-2026 17:00,511.5
5636,Srinagar_2,Uttarakhand,5,Uttarakhand,52,PAURI GARHWAL,-,-,-,-,-,-,-,-,-,30.23581944,78.81720278,06-02-2026 18:00,511.5
5637,Srinagar_2,Uttarakhand,5,Uttarakhand,52,PAURI GARHWAL,-,-,-,-,-,-,-,-,-,30.23581944,78.81720278,06-02-2026 20:00,511.5
5638,Srinagar_2,Uttarakhand,5,Uttarakhand,52,PAURI GARHWAL,-,-,-,-,-,-,-,-,-,30.23581944,78.81720278,07-02-2026 07:00,252.5
5639,Srinagar_2,Uttarakhand,5,Uttarakhand,52,PAURI GARHWAL,-,-,-,-,-,-,-,-,-,30.23581944,78.81720278,07-02-2026 08:00,511.5
5640,Srinagar_2,Uttarakhand,5,Uttarakhand,52,PAURI GARHWAL,-,-,-,-,-,-,-,-,-,30.23581944,78.81720278,07-02-2026 10:00,511.5
5641,Srinagar_2,Uttarakhand,5,Uttarakhand,52,PAURI GARHWAL,-,-,-,-,-,-,-,-,-,30.23581944,78.81720278,07-02-2026 16:00,511.5
5642,Srinagar_2,Uttarakhand,5,Uttarakhand,52,PAURI GARHWAL,-,-,-,-,-,-,-,-,-,30.23581944,78.81720278,07-02-2026 17:00,511.5
5643,Srinagar_2,Uttarakhand,5,Uttarakhand,52,PAURI GARHWAL,-,-,-,-,-,-,-,-,-,30.23581944,78.81720278,07-02-2026 20:00,511.5
5644,Srinagar_2,Uttarakhand,5,Uttarakhand,52,PAURI GARHWAL,-,-,-,-,-,-,-,-,-,30.23581944,78.81720278,08-02-2026 00:00,511.5
5645,Srinagar_2,Uttarakhand,5,Uttarakhand,52,PAURI GARHWAL,-,-,-,-,-,-,-,-,-,30.23581944,78.81720278,08-02-2026 01:00,511.5
5646,Srinagar_2,Uttarakhand,5,Uttarakhand,52,PAURI GARHWAL,-,-,-,-,-,-,-,-,-,30.23581944,78.81720278,08-02-2026 04:00,251.5
5647,Srinagar_2,Uttarakhand,5,Uttarakhand,52,PAURI GARHWAL,-,-,-,-,-,-,-,-,-,30.23581944,78.81720278,08-02-2026 11:00,511.5
5648,Srinagar_2,Uttarakhand,5,Uttarakhand,52,PAURI GARHWAL,-,-,-,-,-,-,-,-,-,30.23581944,78.81720278,08-02-2026 15:00,511.5
5649,Srinagar_2,Uttarakhand,5,Uttarakhand,52,PAURI GARHWAL,-,-,-,-,-,-,-,-,-,30.23581944,78.81720278,08-02-2026 21:00,511.5
5650,Srinagar_2,Uttarakhand,5,Uttarakhand,52,PAURI GARHWAL,-,-,-,-,-,-,-,-,-,30.23581944,78.81720278,08-02-2026 22:00,511.5
5651,Srinagar_2,Uttarakhand,5,Uttarakhand,52,PAURI GARHWAL,-,-,-,-,-,-,-,-,-,30.23581944,78.81720278,09-02-2026 00:00,511.5
5652,Srinagar_2,Uttarakhand,5,Uttarakhand,52,PAURI GARHWAL,-,-,-,-,-,-,-,-,-,30.23581944,78.81720278,09-02-2026 02:00,511.5
5653,Srinagar_2,Uttarakhand,5,Uttarakhand,52,PAURI GARHWAL,-,-,-,-,-,-,-,-,-,30.23581944,78.81720278,09-02-2026 03:00,511.5
5654,Srinagar_2,Uttarakhand,5,Uttarakhand,52,PAURI GARHWAL,-,-,-,-,-,-,-,-,-,30.23581944,78.81720278,09-02-2026 05:00,511.5
5655,Srinagar_2,Uttarakhand,5,Uttarakhand,52,PAURI GARHWAL,-,-,-,-,-,-,-,-,-,30.23581944,78.81720278,09-02-2026 13:00,511.5
5656,Srinagar_2,Uttarakhand,5,Uttarakhand,52,PAURI GARHWAL,-,-,-,-,-,-,-,-,-,30.23581944,78.81720278,09-02-2026 18:00,511.5
5657,Srinagar_2,Uttarakhand,5,Uttarakhand,52,PAURI GARHWAL,-,-,-,-,-,-,-,-,-,30.23581944,78.81720278,09-02-2026 21:00,511.5
5658,Srinagar_2,Uttarakhand,5,Uttarakhand,52,PAURI GARHWAL,-,-,-,-,-,-,-,-,-,30.23581944,78.81720278,09-02-2026 22:00,511.5
5659,Srinagar_2,Uttarakhand,5,Uttarakhand,52,PAURI GARHWAL,-,-,-,-,-,-,-,-,-,30.23581944,78.81720278,10-02-2026 03:00,248
5660,Srinagar_2,Uttarakhand,5,Uttarakhand,52,PAURI GARHWAL,-,-,-,-,-,-,-,-,-,30.23581944,78.81720278,10-02-2026 08:00,511.5
5661,Srinagar_2,Uttarakhand,5,Uttarakhand,52,PAURI GARHWAL,-,-,-,-,-,-,-,-,-,30.23581944,78.81720278,11-02-2026 10:00,511.5
5662,Srinagar_2,Uttarakhand,5,Uttarakhand,52,PAURI GARHWAL,-,-,-,-,-,-,-,-,-,30.23581944,78.81720278,11-02-2026 12:00,511.5
5663,Srinagar_2,Uttarakhand,5,Uttarakhand,52,PAURI GARHWAL,-,-,-,-,-,-,-,-,-,30.23581944,78.81720278,11-02-2026 14:00,511.5
5664,Srinagar_2,Uttarakhand,5,Uttarakhand,52,PAURI GARHWAL,-,-,-,-,-,-,-,-,-,30.23581944,78.81720278,11-02-2026 17:00,511.5
5665,Srinagar_2,Uttarakhand,5,Uttarakhand,52,PAURI GARHWAL,-,-,-,-,-,-,-,-,-,30.23581944,78.81720278,11-02-2026 19:00,511.5
5666,Srinagar_2,Uttarakhand,5,Uttarakhand,52,PAURI GARHWAL,-,-,-,-,-,-,-,-,-,30.23581944,78.81720278,11-02-2026 22:00,511.5
5667,Srinagar_2,Uttarakhand,5,Uttarakhand,52,PAURI GARHWAL,-,-,-,-,-,-,-,-,-,30.23581944,78.81720278,11-02-2026 23:00,511.5
5668,Srinagar_2,Uttarakhand,5,Uttarakhand,52,PAURI GARHWAL,-,-,-,-,-,-,-,-,-,30.23581944,78.81720278,12-02-2026 04:00,511.5
5669,Srinagar_2,Uttarakhand,5,Uttarakhand,52,PAURI GARHWAL,-,-,-,-,-,-,-,-,-,30.23581944,78.81720278,12-02-2026 05:00,249
5670,Srinagar_2,Uttarakhand,5,Uttarakhand,52,PAURI GARHWAL,-,-,-,-,-,-,-,-,-,30.23581944,78.81720278,12-02-2026 10:00,511.5
5671,Srinagar_2,Uttarakhand,5,Uttarakhand,52,PAURI GARHWAL,-,-,-,-,-,-,-,-,-,30.23581944,78.81720278,12-02-2026 11:00,511.5
5672,Srinagar_2,Uttarakhand,5,Uttarakhand,52,PAURI GARHWAL,-,-,-,-,-,-,-,-,-,30.23581944,78.81720278,12-02-2026 16:00,511.5
5673,Srinagar_2,Uttarakhand,5,Uttarakhand,52,PAURI GARHWAL,-,-,-,-,-,-,-,-,-,30.23581944,78.81720278,12-02-2026 17:00,511.5
5674,Srinagar_2,Uttarakhand,5,Uttarakhand,52,PAURI GARHWAL,-,-,-,-,-,-,-,-,-,30.23581944,78.81720278,12-02-2026 18:00,511.5
5675,Srinagar_2,Uttarakhand,5,Uttarakhand,52,PAURI GARHWAL,-,-,-,-,-,-,-,-,-,30.23581944,78.81720278,12-02-2026 19:00,511.5
5676,Srinagar_2,Uttarakhand,5,Uttarakhand,52,PAURI GARHWAL,-,-,-,-,-,-,-,-,-,30.23581944,78.81720278,12-02-2026 21:00,511.5
5677,Srinagar_2,Uttarakhand,5,Uttarakhand,52,PAURI GARHWAL,-,-,-,-,-,-,-,-,-,30.23581944,78.81720278,12-02-2026 23:00,511.5
5678,Srinagar_2,Uttarakhand,5,Uttarakhand,52,PAURI GARHWAL,-,-,-,-,-,-,-,-,-,30.23581944,78.81720278,13-02-2026 00:00,511.5
5679,Srinagar_2,Uttarakhand,5,Uttarakhand,52,PAURI GARHWAL,-,-,-,-,-,-,-,-,-,30.23581944,78.81720278,13-02-2026 01:00,511.5
5680,Srinagar_2,Uttarakhand,5,Uttarakhand,52,PAURI GARHWAL,-,-,-,-,-,-,-,-,-,30.23581944,78.81720278,13-02-2026 03:00,511.5
5681,Srinagar_2,Uttarakhand,5,Uttarakhand,52,PAURI GARHWAL,-,-,-,-,-,-,-,-,-,30.23581944,78.81720278,13-02-2026 05:00,511.5
5682,Srinagar_2,Uttarakhand,5,Uttarakhand,52,PAURI GARHWAL,-,-,-,-,-,-,-,-,-,30.23581944,78.81720278,13-02-2026 10:00,511.5
5683,Srinagar_2,Uttarakhand,5,Uttarakhand,52,PAURI GARHWAL,-,-,-,-,-,-,-,-,-,30.23581944,78.81720278,13-02-2026 14:00,511.5
5684,Srinagar_2,Uttarakhand,5,Uttarakhand,52,PAURI GARHWAL,-,-,-,-,-,-,-,-,-,30.23581944,78.81720278,13-02-2026 16:00,511.5
5685,Srinagar_2,Uttarakhand,5,Uttarakhand,52,PAURI GARHWAL,-,-,-,-,-,-,-,-,-,30.23581944,78.81720278,13-02-2026 21:00,511.5
5686,Srinagar_2,Uttarakhand,5,Uttarakhand,52,PAURI GARHWAL,-,-,-,-,-,-,-,-,-,30.23581944,78.81720278,14-02-2026 00:00,511.5
5687,Srinagar_2,Uttarakhand,5,Uttarakhand,52,PAURI GARHWAL,-,-,-,-,-,-,-,-,-,30.23581944,78.81720278,14-02-2026 02:00,511.5
5688,Srinagar_2,Uttarakhand,5,Uttarakhand,52,PAURI GARHWAL,-,-,-,-,-,-,-,-,-,30.23581944,78.81720278,14-02-2026 04:00,511.5
5689,Srinagar_2,Uttarakhand,5,Uttarakhand,52,PAURI GARHWAL,-,-,-,-,-,-,-,-,-,30.23581944,78.81720278,14-02-2026 13:00,209.5
5690,Srinagar_2,Uttarakhand,5,Uttarakhand,52,PAURI GARHWAL,-,-,-,-,-,-,-,-,-,30.23581944,78.81720278,14-02-2026 18:00,511.5
5691,Srinagar_2,Uttarakhand,5,Uttarakhand,52,PAURI GARHWAL,-,-,-,-,-,-,-,-,-,30.23581944,78.81720278,14-02-2026 21:00,511.5
5692,Srinagar_2,Uttarakhand,5,Uttarakhand,52,PAURI GARHWAL,-,-,-,-,-,-,-,-,-,30.23581944,78.81720278,14-02-2026 22:00,511.5
5693,Srinagar_2,Uttarakhand,5,Uttarakhand,52,PAURI GARHWAL,-,-,-,-,-,-,-,-,-,30.23581944,78.81720278,15-02-2026 02:00,511.5
5694,Srinagar_2,Uttarakhand,5,Uttarakhand,52,PAURI GARHWAL,-,-,-,-,-,-,-,-,-,30.23581944,78.81720278,15-02-2026 05:00,511.5
5695,Srinagar_2,Uttarakhand,5,Uttarakhand,52,PAURI GARHWAL,-,-,-,-,-,-,-,-,-,30.23581944,78.81720278,15-02-2026 06:00,511.5
5696,Srinagar_2,Uttarakhand,5,Uttarakhand,52,PAURI GARHWAL,-,-,-,-,-,-,-,-,-,30.23581944,78.81720278,15-02-2026 08:00,511.5
5697,Srinagar_2,Uttarakhand,5,Uttarakhand,52,PAURI GARHWAL,-,-,-,-,-,-,-,-,-,30.23581944,78.81720278,15-02-2026 14:00,511.5
5698,Srinagar_2,Uttarakhand,5,Uttarakhand,52,PAURI GARHWAL,-,-,-,-,-,-,-,-,-,30.23581944,78.81720278,15-02-2026 15:00,511.5
5699,Srinagar_2,Uttarakhand,5,Uttarakhand,52,PAURI GARHWAL,-,-,-,-,-,-,-,-,-,30.23581944,78.81720278,15-02-2026 17:00,511.5
5700,Srinagar_2,Uttarakhand,5,Uttarakhand,52,PAURI GARHWAL,-,-,-,-,-,-,-,-,-,30.23581944,78.81720278,15-02-2026 19:00,511.5
5701,Srinagar_2,Uttarakhand,5,Uttarakhand,52,PAURI GARHWAL,-,-,-,-,-,-,-,-,-,30.23581944,78.81720278,15-02-2026 22:00,511.5
5702,Srinagar_2,Uttarakhand,5,Uttarakhand,52,PAURI GARHWAL,-,-,-,-,-,-,-,-,-,30.23581944,78.81720278,16-02-2026 02:00,511.5
5703,Srinagar_2,Uttarakhand,5,Uttarakhand,52,PAURI GARHWAL,-,-,-,-,-,-,-,-,-,30.23581944,78.81720278,16-02-2026 04:00,511.5
5704,Srinagar_2,Uttarakhand,5,Uttarakhand,52,PAURI GARHWAL,-,-,-,-,-,-,-,-,-,30.23581944,78.81720278,16-02-2026 05:00,511.5
5705,Srinagar_2,Uttarakhand,5,Uttarakhand,52,PAURI GARHWAL,-,-,-,-,-,-,-,-,-,30.23581944,78.81720278,16-02-2026 07:00,511.5
5706,Srinagar_2,Uttarakhand,5,Uttarakhand,52,PAURI GARHWAL,-,-,-,-,-,-,-,-,-,30.23581944,78.81720278,16-02-2026 08:00,511.5
5707,Srinagar_2,Uttarakhand,5,Uttarakhand,52,PAURI GARHWAL,-,-,-,-,-,-,-,-,-,30.23581944,78.81720278,16-02-2026 10:00,511.5
5708,Srinagar_2,Uttarakhand,5,Uttarakhand,52,PAURI GARHWAL,-,-,-,-,-,-,-,-,-,30.23581944,78.81720278,16-02-2026 11:00,511.5
5709,Srinagar_2,Uttarakhand,5,Uttarakhand,52,PAURI GARHWAL,-,-,-,-,-,-,-,-,-,30.23581944,78.81720278,16-02-2026 17:00,511.5
5710,Srinagar_2,Uttarakhand,5,Uttarakhand,52,PAURI GARHWAL,-,-,-,-,-,-,-,-,-,30.23581944,78.81720278,16-02-2026 18:00,511.5
5711,Srinagar_2,Uttarakhand,5,Uttarakhand,52,PAURI GARHWAL,-,-,-,-,-,-,-,-,-,30.23581944,78.81720278,16-02-2026 19:00,511.5
5712,Srinagar_2,Uttarakhand,5,Uttarakhand,52,PAURI GARHWAL,-,-,-,-,-,-,-,-,-,30.23581944,78.81720278,16-02-2026 22:00,511.5
5713,Srinagar_2,Uttarakhand,5,Uttarakhand,52,PAURI GARHWAL,-,-,-,-,-,-,-,-,-,30.23581944,78.81720278,17-02-2026 07:00,511.5
5714,Srinagar_2,Uttarakhand,5,Uttarakhand,52,PAURI GARHWAL,-,-,-,-,-,-,-,-,-,30.23581944,78.81720278,17-02-2026 09:00,511.5
5715,Srinagar_2,Uttarakhand,5,Uttarakhand,52,PAURI GARHWAL,-,-,-,-,-,-,-,-,-,30.23581944,78.81720278,17-02-2026 11:00,511.5
5716,Srinagar_2,Uttarakhand,5,Uttarakhand,52,PAURI GARHWAL,-,-,-,-,-,-,-,-,-,30.23581944,78.81720278,17-02-2026 12:00,511.5
5717,Srinagar_2,Uttarakhand,5,Uttarakhand,52,PAURI GARHWAL,-,-,-,-,-,-,-,-,-,30.23581944,78.81720278,17-02-2026 16:00,511.5
5718,Srinagar_2,Uttarakhand,5,Uttarakhand,52,PAURI GARHWAL,-,-,-,-,-,-,-,-,-,30.23581944,78.81720278,17-02-2026 19:00,511.5
5719,Srinagar_2,Uttarakhand,5,Uttarakhand,52,PAURI GARHWAL,-,-,-,-,-,-,-,-,-,30.23581944,78.81720278,18-02-2026 01:00,511.5
5720,Srinagar_2,Uttarakhand,5,Uttarakhand,52,PAURI GARHWAL,-,-,-,-,-,-,-,-,-,30.23581944,78.81720278,18-02-2026 03:00,511.5
5721,Srinagar_2,Uttarakhand,5,Uttarakhand,52,PAURI GARHWAL,-,-,-,-,-,-,-,-,-,30.23581944,78.81720278,18-02-2026 04:00,511.5
5722,Srinagar_2,Uttarakhand,5,Uttarakhand,52,PAURI GARHWAL,-,-,-,-,-,-,-,-,-,30.23581944,78.81720278,18-02-2026 05:00,511.5
5723,Srinagar_2,Uttarakhand,5,Uttarakhand,52,PAURI GARHWAL,-,-,-,-,-,-,-,-,-,30.23581944,78.81720278,18-02-2026 07:00,511.5
5724,Srinagar_2,Uttarakhand,5,Uttarakhand,52,PAURI GARHWAL,-,-,-,-,-,-,-,-,-,30.23581944,78.81720278,18-02-2026 08:00,511.5
5725,Srinagar_2,Uttarakhand,5,Uttarakhand,52,PAURI GARHWAL,-,-,-,-,-,-,-,-,-,30.23581944,78.81720278,18-02-2026 09:00,511.5
5726,Srinagar_2,Uttarakhand,5,Uttarakhand,52,PAURI GARHWAL,-,-,-,-,-,-,-,-,-,30.23581944,78.81720278,18-02-2026 11:00,511.5
5727,Srinagar_2,Uttarakhand,5,Uttarakhand,52,PAURI GARHWAL,-,-,-,-,-,-,-,-,-,30.23581944,78.81720278,18-02-2026 14:00,511.5
5728,Srinagar_2,Uttarakhand,5,Uttarakhand,52,PAURI GARHWAL,-,-,-,-,-,-,-,-,-,30.23581944,78.81720278,18-02-2026 15:00,511.5
5729,Srinagar_2,Uttarakhand,5,Uttarakhand,52,PAURI GARHWAL,-,-,-,-,-,-,-,-,-,30.23581944,78.81720278,18-02-2026 17:00,511.5
5730,Srinagar_2,Uttarakhand,5,Uttarakhand,52,PAURI GARHWAL,-,-,-,-,-,-,-,-,-,30.23581944,78.81720278,18-02-2026 18:00,511.5
5731,Srinagar_2,Uttarakhand,5,Uttarakhand,52,PAURI GARHWAL,-,-,-,-,-,-,-,-,-,30.23581944,78.81720278,18-02-2026 23:00,511.5
5732,Srinagar_2,Uttarakhand,5,Uttarakhand,52,PAURI GARHWAL,-,-,-,-,-,-,-,-,-,30.23581944,78.81720278,19-02-2026 00:00,511.5
5733,Srinagar_2,Uttarakhand,5,Uttarakhand,52,PAURI GARHWAL,-,-,-,-,-,-,-,-,-,30.23581944,78.81720278,19-02-2026 07:00,511.5
5734,Srinagar_2,Uttarakhand,5,Uttarakhand,52,PAURI GARHWAL,-,-,-,-,-,-,-,-,-,30.23581944,78.81720278,19-02-2026 10:00,511.5
5735,Srinagar_2,Uttarakhand,5,Uttarakhand,52,PAURI GARHWAL,-,-,-,-,-,-,-,-,-,30.23581944,78.81720278,20-02-2026 02:00,511.5
5736,Srinagar_2,Uttarakhand,5,Uttarakhand,52,PAURI GARHWAL,-,-,-,-,-,-,-,-,-,30.23581944,78.81720278,20-02-2026 04:00,511.5
5737,Srinagar_2,Uttarakhand,5,Uttarakhand,52,PAURI GARHWAL,-,-,-,-,-,-,-,-,-,30.23581944,78.81720278,20-02-2026 05:00,511.5
5738,Srinagar_2,Uttarakhand,5,Uttarakhand,52,PAURI GARHWAL,-,-,-,-,-,-,-,-,-,30.23581944,78.81720278,20-02-2026 09:00,511.5
5739,Srinagar_2,Uttarakhand,5,Uttarakhand,52,PAURI GARHWAL,-,-,-,-,-,-,-,-,-,30.23581944,78.81720278,20-02-2026 13:00,511.5
5740,Srinagar_2,Uttarakhand,5,Uttarakhand,52,PAURI GARHWAL,-,-,-,-,-,-,-,-,-,30.23581944,78.81720278,20-02-2026 14:00,511.5
5741,Srinagar_2,Uttarakhand,5,Uttarakhand,52,PAURI GARHWAL,-,-,-,-,-,-,-,-,-,30.23581944,78.81720278,20-02-2026 15:00,511.5
5742,Srinagar_2,Uttarakhand,5,Uttarakhand,52,PAURI GARHWAL,-,-,-,-,-,-,-,-,-,30.23581944,78.81720278,20-02-2026 16:00,511.5
5743,Srinagar_2,Uttarakhand,5,Uttarakhand,52,PAURI GARHWAL,-,-,-,-,-,-,-,-,-,30.23581944,78.81720278,20-02-2026 18:00,511.5
5744,Srinagar_2,Uttarakhand,5,Uttarakhand,52,PAURI GARHWAL,-,-,-,-,-,-,-,-,-,30.23581944,78.81720278,20-02-2026 22:00,511.5
5745,Srinagar_2,Uttarakhand,5,Uttarakhand,52,PAURI GARHWAL,-,-,-,-,-,-,-,-,-,30.23581944,78.81720278,21-02-2026 00:00,511.5
5746,Srinagar_2,Uttarakhand,5,Uttarakhand,52,PAURI GARHWAL,-,-,-,-,-,-,-,-,-,30.23581944,78.81720278,21-02-2026 03:00,511.5
5747,Srinagar_2,Uttarakhand,5,Uttarakhand,52,PAURI GARHWAL,-,-,-,-,-,-,-,-,-,30.23581944,78.81720278,21-02-2026 05:00,511.5
5748,Srinagar_2,Uttarakhand,5,Uttarakhand,52,PAURI GARHWAL,-,-,-,-,-,-,-,-,-,30.23581944,78.81720278,21-02-2026 06:00,511.5
5749,Srinagar_2,Uttarakhand,5,Uttarakhand,52,PAURI GARHWAL,-,-,-,-,-,-,-,-,-,30.23581944,78.81720278,21-02-2026 11:00,511.5
5750,Srinagar_2,Uttarakhand,5,Uttarakhand,52,PAURI GARHWAL,-,-,-,-,-,-,-,-,-,30.23581944,78.81720278,21-02-2026 12:00,511.5
5751,Srinagar_2,Uttarakhand,5,Uttarakhand,52,PAURI GARHWAL,-,-,-,-,-,-,-,-,-,30.23581944,78.81720278,21-02-2026 14:00,511.5
5752,Srinagar_2,Uttarakhand,5,Uttarakhand,52,PAURI GARHWAL,-,-,-,-,-,-,-,-,-,30.23581944,78.81720278,21-02-2026 18:00,511.5
5753,Srinagar_2,Uttarakhand,5,Uttarakhand,52,PAURI GARHWAL,-,-,-,-,-,-,-,-,-,30.23581944,78.81720278,21-02-2026 20:00,511.5
5754,Srinagar_2,Uttarakhand,5,Uttarakhand,52,PAURI GARHWAL,-,-,-,-,-,-,-,-,-,30.23581944,78.81720278,21-02-2026 21:00,511.5
5755,Srinagar_2,Uttarakhand,5,Uttarakhand,52,PAURI GARHWAL,-,-,-,-,-,-,-,-,-,30.23581944,78.81720278,21-02-2026 22:00,511.5
5756,Srinagar_2,Uttarakhand,5,Uttarakhand,52,PAURI GARHWAL,-,-,-,-,-,-,-,-,-,30.23581944,78.81720278,21-02-2026 23:00,511.5
5757,Srinagar_2,Uttarakhand,5,Uttarakhand,52,PAURI GARHWAL,-,-,-,-,-,-,-,-,-,30.23581944,78.81720278,22-02-2026 00:00,511.5
5758,Srinagar_2,Uttarakhand,5,Uttarakhand,52,PAURI GARHWAL,-,-,-,-,-,-,-,-,-,30.23581944,78.81720278,22-02-2026 01:00,511.5
5759,Srinagar_2,Uttarakhand,5,Uttarakhand,52,PAURI GARHWAL,-,-,-,-,-,-,-,-,-,30.23581944,78.81720278,22-02-2026 02:00,511.5
5760,Srinagar_2,Uttarakhand,5,Uttarakhand,52,PAURI GARHWAL,-,-,-,-,-,-,-,-,-,30.23581944,78.81720278,22-02-2026 05:00,511.5
5761,Srinagar_2,Uttarakhand,5,Uttarakhand,52,PAURI GARHWAL,-,-,-,-,-,-,-,-,-,30.23581944,78.81720278,22-02-2026 06:00,511.5
5762,Srinagar_2,Uttarakhand,5,Uttarakhand,52,PAURI GARHWAL,-,-,-,-,-,-,-,-,-,30.23581944,78.81720278,22-02-2026 08:00,511.5
5763,Srinagar_2,Uttarakhand,5,Uttarakhand,52,PAURI GARHWAL,-,-,-,-,-,-,-,-,-,30.23581944,78.81720278,22-02-2026 16:00,5
5764,Srinagar_2,Uttarakhand,5,Uttarakhand,52,PAURI GARHWAL,-,-,-,-,-,-,-,-,-,30.23581944,78.81720278,22-02-2026 18:00,511.5
5765,Srinagar_2,Uttarakhand,5,Uttarakhand,52,PAURI GARHWAL,-,-,-,-,-,-,-,-,-,30.23581944,78.81720278,22-02-2026 19:00,511.5
5766,Srinagar_2,Uttarakhand,5,Uttarakhand,52,PAURI GARHWAL,-,-,-,-,-,-,-,-,-,30.23581944,78.81720278,22-02-2026 20:00,511.5
5767,Srinagar_2,Uttarakhand,5,Uttarakhand,52,PAURI GARHWAL,-,-,-,-,-,-,-,-,-,30.23581944,78.81720278,23-02-2026 07:00,511.5
5768,Srinagar_2,Uttarakhand,5,Uttarakhand,52,PAURI GARHWAL,-,-,-,-,-,-,-,-,-,30.23581944,78.81720278,23-02-2026 12:00,511.5
5769,Srinagar_2,Uttarakhand,5,Uttarakhand,52,PAURI GARHWAL,-,-,-,-,-,-,-,-,-,30.23581944,78.81720278,23-02-2026 16:00,511.5
5770,Srinagar_2,Uttarakhand,5,Uttarakhand,52,PAURI GARHWAL,-,-,-,-,-,-,-,-,-,30.23581944,78.81720278,23-02-2026 22:00,511.5
5771,Srinagar_2,Uttarakhand,5,Uttarakhand,52,PAURI GARHWAL,-,-,-,-,-,-,-,-,-,30.23581944,78.81720278,24-02-2026 02:00,511.5
5772,Srinagar_2,Uttarakhand,5,Uttarakhand,52,PAURI GARHWAL,-,-,-,-,-,-,-,-,-,30.23581944,78.81720278,24-02-2026 05:00,511.5
5773,Srinagar_2,Uttarakhand,5,Uttarakhand,52,PAURI GARHWAL,-,-,-,-,-,-,-,-,-,30.23581944,78.81720278,24-02-2026 07:00,511.5
5774,Srinagar_2,Uttarakhand,5,Uttarakhand,52,PAURI GARHWAL,-,-,-,-,-,-,-,-,-,30.23581944,78.81720278,24-02-2026 09:00,511.5
5775,Srinagar_2,Uttarakhand,5,Uttarakhand,52,PAURI GARHWAL,-,-,-,-,-,-,-,-,-,30.23581944,78.81720278,24-02-2026 10:00,511.5
5776,Srinagar_2,Uttarakhand,5,Uttarakhand,52,PAURI GARHWAL,-,-,-,-,-,-,-,-,-,30.23581944,78.81720278,24-02-2026 12:00,511.5
5777,Srinagar_2,Uttarakhand,5,Uttarakhand,52,PAURI GARHWAL,-,-,-,-,-,-,-,-,-,30.23581944,78.81720278,24-02-2026 16:00,511.5
5778,Srinagar_2,Uttarakhand,5,Uttarakhand,52,PAURI GARHWAL,-,-,-,-,-,-,-,-,-,30.23581944,78.81720278,25-02-2026 09:00,511.5
5779,Srinagar_2,Uttarakhand,5,Uttarakhand,52,PAURI GARHWAL,-,-,-,-,-,-,-,-,-,30.23581944,78.81720278,19-03-2026 09:00,511.5
5780,Srinagar_2,Uttarakhand,5,Uttarakhand,52,PAURI GARHWAL,-,-,-,-,-,-,-,-,-,30.23581944,78.81720278,19-03-2026 12:00,511.5
5781,Srinagar_2,Uttarakhand,5,Uttarakhand,52,PAURI GARHWAL,-,-,-,-,-,-,-,-,-,30.23581944,78.81720278,19-03-2026 15:00,511.5
5782,Srinagar_2,Uttarakhand,5,Uttarakhand,52,PAURI GARHWAL,-,-,-,-,-,-,-,-,-,30.23581944,78.81720278,19-03-2026 17:00,511.5
5783,Srinagar_2,Uttarakhand,5,Uttarakhand,52,PAURI GARHWAL,-,-,-,-,-,-,-,-,-,30.23581944,78.81720278,19-03-2026 23:00,0.5
5784,Srinagar_2,Uttarakhand,5,Uttarakhand,52,PAURI GARHWAL,-,-,-,-,-,-,-,-,-,30.23581944,78.81720278,20-03-2026 05:00,511.5
5785,Srinagar_2,Uttarakhand,5,Uttarakhand,52,PAURI GARHWAL,-,-,-,-,-,-,-,-,-,30.23581944,78.81720278,20-03-2026 06:00,511.5
5786,Srinagar_2,Uttarakhand,5,Uttarakhand,52,PAURI GARHWAL,-,-,-,-,-,-,-,-,-,30.23581944,78.81720278,20-03-2026 11:00,511.5
5787,Srinagar_2,Uttarakhand,5,Uttarakhand,52,PAURI GARHWAL,-,-,-,-,-,-,-,-,-,30.23581944,78.81720278,20-03-2026 13:00,511.5
5788,Srinagar_2,Uttarakhand,5,Uttarakhand,52,PAURI GARHWAL,-,-,-,-,-,-,-,-,-,30.23581944,78.81720278,20-03-2026 14:00,511.5
5789,Srinagar_2,Uttarakhand,5,Uttarakhand,52,PAURI GARHWAL,-,-,-,-,-,-,-,-,-,30.23581944,78.81720278,20-03-2026 15:00,511.5
5790,Srinagar_2,Uttarakhand,5,Uttarakhand,52,PAURI GARHWAL,-,-,-,-,-,-,-,-,-,30.23581944,78.81720278,20-03-2026 16:00,511.5
5791,Srinagar_2,Uttarakhand,5,Uttarakhand,52,PAURI GARHWAL,-,-,-,-,-,-,-,-,-,30.23581944,78.81720278,20-03-2026 18:00,511.5
5792,Srinagar_2,Uttarakhand,5,Uttarakhand,52,PAURI GARHWAL,-,-,-,-,-,-,-,-,-,30.23581944,78.81720278,20-03-2026 22:00,511.5
5793,Srinagar_2,Uttarakhand,5,Uttarakhand,52,PAURI GARHWAL,-,-,-,-,-,-,-,-,-,30.23581944,78.81720278,21-03-2026 00:00,511.5
5794,Srinagar_2,Uttarakhand,5,Uttarakhand,52,PAURI GARHWAL,-,-,-,-,-,-,-,-,-,30.23581944,78.81720278,21-03-2026 01:00,511.5
5795,Srinagar_2,Uttarakhand,5,Uttarakhand,52,PAURI GARHWAL,-,-,-,-,-,-,-,-,-,30.23581944,78.81720278,21-03-2026 02:00,511.5
5796,Srinagar_2,Uttarakhand,5,Uttarakhand,52,PAURI GARHWAL,-,-,-,-,-,-,-,-,-,30.23581944,78.81720278,21-03-2026 05:00,511.5
5797,Srinagar_2,Uttarakhand,5,Uttarakhand,52,PAURI GARHWAL,-,-,-,-,-,-,-,-,-,30.23581944,78.81720278,21-03-2026 07:00,0.5
5798,Srinagar_2,Uttarakhand,5,Uttarakhand,52,PAURI GARHWAL,-,-,-,-,-,-,-,-,-,30.23581944,78.81720278,21-03-2026 08:00,511.5
5799,Srinagar_2,Uttarakhand,5,Uttarakhand,52,PAURI GARHWAL,-,-,-,-,-,-,-,-,-,30.23581944,78.81720278,21-03-2026 15:00,511.5
5800,Srinagar_2,Uttarakhand,5,Uttarakhand,52,PAURI GARHWAL,-,-,-,-,-,-,-,-,-,30.23581944,78.81720278,21-03-2026 19:00,511.5
5801,Srinagar_2,Uttarakhand,5,Uttarakhand,52,PAURI GARHWAL,-,-,-,-,-,-,-,-,-,30.23581944,78.81720278,21-03-2026 23:00,511.5
5802,Srinagar_2,Uttarakhand,5,Uttarakhand,52,PAURI GARHWAL,-,-,-,-,-,-,-,-,-,30.23581944,78.81720278,22-03-2026 02:00,511.5
5803,Srinagar_2,Uttarakhand,5,Uttarakhand,52,PAURI GARHWAL,-,-,-,-,-,-,-,-,-,30.23581944,78.81720278,22-03-2026 03:00,511.5
5804,Srinagar_2,Uttarakhand,5,Uttarakhand,52,PAURI GARHWAL,-,-,-,-,-,-,-,-,-,30.23581944,78.81720278,22-03-2026 08:00,511.5
5805,Srinagar_2,Uttarakhand,5,Uttarakhand,52,PAURI GARHWAL,-,-,-,-,-,-,-,-,-,30.23581944,78.81720278,22-03-2026 11:00,511.5
5806,Srinagar_2,Uttarakhand,5,Uttarakhand,52,PAURI GARHWAL,-,-,-,-,-,-,-,-,-,30.23581944,78.81720278,22-03-2026 14:00,511.5
5807,Srinagar_2,Uttarakhand,5,Uttarakhand,52,PAURI GARHWAL,-,-,-,-,-,-,-,-,-,30.23581944,78.81720278,22-03-2026 15:00,511.5
5808,Srinagar_2,Uttarakhand,5,Uttarakhand,52,PAURI GARHWAL,-,-,-,-,-,-,-,-,-,30.23581944,78.81720278,22-03-2026 16:00,511.5
5809,Srinagar_2,Uttarakhand,5,Uttarakhand,52,PAURI GARHWAL,-,-,-,-,-,-,-,-,-,30.23581944,78.81720278,22-03-2026 21:00,511.5
5810,Srinagar_2,Uttarakhand,5,Uttarakhand,52,PAURI GARHWAL,-,-,-,-,-,-,-,-,-,30.23581944,78.81720278,23-03-2026 01:00,511.5
5811,Srinagar_2,Uttarakhand,5,Uttarakhand,52,PAURI GARHWAL,-,-,-,-,-,-,-,-,-,30.23581944,78.81720278,23-03-2026 02:00,511.5
5812,Srinagar_2,Uttarakhand,5,Uttarakhand,52,PAURI GARHWAL,-,-,-,-,-,-,-,-,-,30.23581944,78.81720278,23-03-2026 03:00,511.5
5813,Srinagar_2,Uttarakhand,5,Uttarakhand,52,PAURI GARHWAL,-,-,-,-,-,-,-,-,-,30.23581944,78.81720278,23-03-2026 08:00,511.5
5814,Srinagar_2,Uttarakhand,5,Uttarakhand,52,PAURI GARHWAL,-,-,-,-,-,-,-,-,-,30.23581944,78.81720278,23-03-2026 10:00,511.5
5815,Srinagar_2,Uttarakhand,5,Uttarakhand,52,PAURI GARHWAL,-,-,-,-,-,-,-,-,-,30.23581944,78.81720278,23-03-2026 12:00,511.5
5816,Srinagar_2,Uttarakhand,5,Uttarakhand,52,PAURI GARHWAL,-,-,-,-,-,-,-,-,-,30.23581944,78.81720278,23-03-2026 13:00,511.5
5817,Srinagar_2,Uttarakhand,5,Uttarakhand,52,PAURI GARHWAL,-,-,-,-,-,-,-,-,-,30.23581944,78.81720278,23-03-2026 15:00,511.5
5818,Srinagar_2,Uttarakhand,5,Uttarakhand,52,PAURI GARHWAL,-,-,-,-,-,-,-,-,-,30.23581944,78.81720278,23-03-2026 20:00,511.5
5819,Srinagar_2,Uttarakhand,5,Uttarakhand,52,PAURI GARHWAL,-,-,-,-,-,-,-,-,-,30.23581944,78.81720278,23-03-2026 22:00,511.5
5820,Srinagar_2,Uttarakhand,5,Uttarakhand,52,PAURI GARHWAL,-,-,-,-,-,-,-,-,-,30.23581944,78.81720278,24-03-2026 01:00,511.5
5821,Srinagar_2,Uttarakhand,5,Uttarakhand,52,PAURI GARHWAL,-,-,-,-,-,-,-,-,-,30.23581944,78.81720278,24-03-2026 03:00,511.5
5822,Srinagar_2,Uttarakhand,5,Uttarakhand,52,PAURI GARHWAL,-,-,-,-,-,-,-,-,-,30.23581944,78.81720278,24-03-2026 06:00,511.5
5823,Srinagar_2,Uttarakhand,5,Uttarakhand,52,PAURI GARHWAL,-,-,-,-,-,-,-,-,-,30.23581944,78.81720278,24-03-2026 07:00,511.5
5824,Srinagar_2,Uttarakhand,5,Uttarakhand,52,PAURI GARHWAL,-,-,-,-,-,-,-,-,-,30.23581944,78.81720278,24-03-2026 08:00,511.5
5825,Srinagar_2,Uttarakhand,5,Uttarakhand,52,PAURI GARHWAL,-,-,-,-,-,-,-,-,-,30.23581944,78.81720278,24-03-2026 09:00,511.5
5826,Srinagar_2,Uttarakhand,5,Uttarakhand,52,PAURI GARHWAL,-,-,-,-,-,-,-,-,-,30.23581944,78.81720278,24-03-2026 13:00,511.5
5827,Srinagar_2,Uttarakhand,5,Uttarakhand,52,PAURI GARHWAL,-,-,-,-,-,-,-,-,-,30.23581944,78.81720278,24-03-2026 14:00,511.5
5828,Srinagar_2,Uttarakhand,5,Uttarakhand,52,PAURI GARHWAL,-,-,-,-,-,-,-,-,-,30.23581944,78.81720278,24-03-2026 15:00,511.5
5829,Srinagar_2,Uttarakhand,5,Uttarakhand,52,PAURI GARHWAL,-,-,-,-,-,-,-,-,-,30.23581944,78.81720278,15-04-2026 05:00,511.5
5830,Srinagar_2,Uttarakhand,5,Uttarakhand,52,PAURI GARHWAL,-,-,-,-,-,-,-,-,-,30.23581944,78.81720278,15-04-2026 22:00,511.5
5831,Srinagar_2,Uttarakhand,5,Uttarakhand,52,PAURI GARHWAL,-,-,-,-,-,-,-,-,-,30.23581944,78.81720278,18-04-2026 20:00,511.5
5832,Srinagar_2,Uttarakhand,5,Uttarakhand,52,PAURI GARHWAL,-,-,-,-,-,-,-,-,-,30.23581944,78.81720278,20-04-2026 14:00,511.5
5833,Srinagar_2,Uttarakhand,5,Uttarakhand,52,PAURI GARHWAL,-,-,-,-,-,-,-,-,-,30.23581944,78.81720278,21-04-2026 00:00,511.5
5834,Srinagar_2,Uttarakhand,5,Uttarakhand,52,PAURI GARHWAL,-,-,-,-,-,-,-,-,-,30.23581944,78.81720278,21-04-2026 07:00,511.5
5835,Srinagar_2,Uttarakhand,5,Uttarakhand,52,PAURI GARHWAL,-,-,-,-,-,-,-,-,-,30.23581944,78.81720278,22-04-2026 02:00,511.5
5836,Srinagar_2,Uttarakhand,5,Uttarakhand,52,PAURI GARHWAL,-,-,-,-,-,-,-,-,-,30.23581944,78.81720278,22-04-2026 08:00,511.5
5837,Srinagar_2,Uttarakhand,5,Uttarakhand,52,PAURI GARHWAL,-,-,-,-,-,-,-,-,-,30.23581944,78.81720278,23-04-2026 22:00,511.5
5838,Srinagar_2,Uttarakhand,5,Uttarakhand,52,PAURI GARHWAL,-,-,-,-,-,-,-,-,-,30.23581944,78.81720278,24-04-2026 00:00,511.5
5839,Srinagar_2,Uttarakhand,5,Uttarakhand,52,PAURI GARHWAL,-,-,-,-,-,-,-,-,-,30.23581944,78.81720278,24-04-2026 22:00,511.5
5840,Srinagar_2,Uttarakhand,5,Uttarakhand,52,PAURI GARHWAL,-,-,-,-,-,-,-,-,-,30.23581944,78.81720278,25-04-2026 13:00,511.5
5841,Srinagar_2,Uttarakhand,5,Uttarakhand,52,PAURI GARHWAL,-,-,-,-,-,-,-,-,-,30.23581944,78.81720278,25-04-2026 15:00,511.5
5842,Srinagar_2,Uttarakhand,5,Uttarakhand,52,PAURI GARHWAL,-,-,-,-,-,-,-,-,-,30.23581944,78.81720278,25-04-2026 20:00,511.5
5843,Srinagar_2,Uttarakhand,5,Uttarakhand,52,PAURI GARHWAL,-,-,-,-,-,-,-,-,-,30.23581944,78.81720278,25-04-2026 22:00,511.5
5844,Srinagar_2,Uttarakhand,5,Uttarakhand,52,PAURI GARHWAL,-,-,-,-,-,-,-,-,-,30.23581944,78.81720278,26-04-2026 08:00,511.5
5845,Srinagar_2,Uttarakhand,5,Uttarakhand,52,PAURI GARHWAL,-,-,-,-,-,-,-,-,-,30.23581944,78.81720278,26-04-2026 14:00,511.5
5846,Srinagar_2,Uttarakhand,5,Uttarakhand,52,PAURI GARHWAL,-,-,-,-,-,-,-,-,-,30.23581944,78.81720278,27-04-2026 17:00,511.5
5847,Srinagar_2,Uttarakhand,5,Uttarakhand,52,PAURI GARHWAL,-,-,-,-,-,-,-,-,-,30.23581944,78.81720278,28-04-2026 05:00,511.5
5848,Srinagar_2,Uttarakhand,5,Uttarakhand,52,PAURI GARHWAL,-,-,-,-,-,-,-,-,-,30.23581944,78.81720278,28-04-2026 16:00,511.5
5849,Srinagar_2,Uttarakhand,5,Uttarakhand,52,PAURI GARHWAL,-,-,-,-,-,-,-,-,-,30.23581944,78.81720278,29-04-2026 09:00,511.5
5850,Srinagar_2,Uttarakhand,5,Uttarakhand,52,PAURI GARHWAL,-,-,-,-,-,-,-,-,-,30.23581944,78.81720278,29-04-2026 14:00,511.5
5851,Srinagar_2,Uttarakhand,5,Uttarakhand,52,PAURI GARHWAL,-,-,-,-,-,-,-,-,-,30.23581944,78.81720278,29-04-2026 22:00,511.5
5852,Srinagar_2,Uttarakhand,5,Uttarakhand,52,PAURI GARHWAL,-,-,-,-,-,-,-,-,-,30.23581944,78.81720278,30-04-2026 06:00,511.5
5853,Srinagar_2,Uttarakhand,5,Uttarakhand,52,PAURI GARHWAL,-,-,-,-,-,-,-,-,-,30.23581944,78.81720278,30-04-2026 07:00,511.5
5854,Srinagar_2,Uttarakhand,5,Uttarakhand,52,PAURI GARHWAL,-,-,-,-,-,-,-,-,-,30.23581944,78.81720278,30-04-2026 08:00,511.5
5855,Srinagar_2,Uttarakhand,5,Uttarakhand,52,PAURI GARHWAL,-,-,-,-,-,-,-,-,-,30.23581944,78.81720278,30-04-2026 09:00,511.5
5856,Srinagar_2,Uttarakhand,5,Uttarakhand,52,PAURI GARHWAL,-,-,-,-,-,-,-,-,-,30.23581944,78.81720278,30-04-2026 10:00,511.5
5857,Srinagar_2,Uttarakhand,5,Uttarakhand,52,PAURI GARHWAL,-,-,-,-,-,-,-,-,-,30.23581944,78.81720278,30-04-2026 11:00,511.5
5858,Srinagar_2,Uttarakhand,5,Uttarakhand,52,PAURI GARHWAL,-,-,-,-,-,-,-,-,-,30.23581944,78.81720278,30-04-2026 12:00,511.5
5859,Srinagar_2,Uttarakhand,5,Uttarakhand,52,PAURI GARHWAL,-,-,-,-,-,-,-,-,-,30.23581944,78.81720278,30-04-2026 13:00,511.5
5860,Srinagar_2,Uttarakhand,5,Uttarakhand,52,PAURI GARHWAL,-,-,-,-,-,-,-,-,-,30.23581944,78.81720278,30-04-2026 15:00,511.5
5861,Srinagar_2,Uttarakhand,5,Uttarakhand,52,PAURI GARHWAL,-,-,-,-,-,-,-,-,-,30.23581944,78.81720278,30-04-2026 16:00,511.5
5862,Srinagar_2,Uttarakhand,5,Uttarakhand,52,PAURI GARHWAL,-,-,-,-,-,-,-,-,-,30.23581944,78.81720278,30-04-2026 17:00,511.5
5863,Srinagar_2,Uttarakhand,5,Uttarakhand,52,PAURI GARHWAL,-,-,-,-,-,-,-,-,-,30.23581944,78.81720278,30-04-2026 19:00,511.5
5864,Srinagar_2,Uttarakhand,5,Uttarakhand,52,PAURI GARHWAL,-,-,-,-,-,-,-,-,-,30.23581944,78.81720278,30-04-2026 20:00,511.5
5865,Srinagar_2,Uttarakhand,5,Uttarakhand,52,PAURI GARHWAL,-,-,-,-,-,-,-,-,-,30.23581944,78.81720278,30-04-2026 21:00,511.5
5866,Srinagar_2,Uttarakhand,5,Uttarakhand,52,PAURI GARHWAL,-,-,-,-,-,-,-,-,-,30.23581944,78.81720278,30-04-2026 22:00,511.5
5867,Srinagar_2,Uttarakhand,5,Uttarakhand,52,PAURI GARHWAL,-,-,-,-,-,-,-,-,-,30.23581944,78.81720278,01-05-2026 00:00,511.5
5868,Srinagar_2,Uttarakhand,5,Uttarakhand,52,PAURI GARHWAL,-,-,-,-,-,-,-,-,-,30.23581944,78.81720278,01-05-2026 01:00,511.5
5869,Srinagar_2,Uttarakhand,5,Uttarakhand,52,PAURI GARHWAL,-,-,-,-,-,-,-,-,-,30.23581944,78.81720278,01-05-2026 02:00,511.5
5870,Srinagar_2,Uttarakhand,5,Uttarakhand,52,PAURI GARHWAL,-,-,-,-,-,-,-,-,-,30.23581944,78.81720278,01-05-2026 03:00,511.5
5871,Srinagar_2,Uttarakhand,5,Uttarakhand,52,PAURI GARHWAL,-,-,-,-,-,-,-,-,-,30.23581944,78.81720278,01-05-2026 04:00,511.5
5872,Srinagar_2,Uttarakhand,5,Uttarakhand,52,PAURI GARHWAL,-,-,-,-,-,-,-,-,-,30.23581944,78.81720278,01-05-2026 05:00,511.5
5873,Srinagar_2,Uttarakhand,5,Uttarakhand,52,PAURI GARHWAL,-,-,-,-,-,-,-,-,-,30.23581944,78.81720278,01-05-2026 06:00,511.5
5874,Srinagar_2,Uttarakhand,5,Uttarakhand,52,PAURI GARHWAL,-,-,-,-,-,-,-,-,-,30.23581944,78.81720278,01-05-2026 07:00,511.5
5875,Srinagar_2,Uttarakhand,5,Uttarakhand,52,PAURI GARHWAL,-,-,-,-,-,-,-,-,-,30.23581944,78.81720278,01-05-2026 08:00,511.5
5876,Srinagar_2,Uttarakhand,5,Uttarakhand,52,PAURI GARHWAL,-,-,-,-,-,-,-,-,-,30.23581944,78.81720278,01-05-2026 09:00,511.5
5877,Srinagar_2,Uttarakhand,5,Uttarakhand,52,PAURI GARHWAL,-,-,-,-,-,-,-,-,-,30.23581944,78.81720278,01-05-2026 12:00,511.5
5878,Srinagar_2,Uttarakhand,5,Uttarakhand,52,PAURI GARHWAL,-,-,-,-,-,-,-,-,-,30.23581944,78.81720278,01-05-2026 15:00,511.5
5879,Srinagar_2,Uttarakhand,5,Uttarakhand,52,PAURI GARHWAL,-,-,-,-,-,-,-,-,-,30.23581944,78.81720278,01-05-2026 22:00,511.5
5880,Srinagar_2,Uttarakhand,5,Uttarakhand,52,PAURI GARHWAL,-,-,-,-,-,-,-,-,-,30.23581944,78.81720278,01-05-2026 23:00,511.5
5881,Srinagar_2,Uttarakhand,5,Uttarakhand,52,PAURI GARHWAL,-,-,-,-,-,-,-,-,-,30.23581944,78.81720278,02-05-2026 04:00,511.5
5882,Srinagar_2,Uttarakhand,5,Uttarakhand,52,PAURI GARHWAL,-,-,-,-,-,-,-,-,-,30.23581944,78.81720278,11-06-2026 09:00,0.5
5883,Srinagar_2,Uttarakhand,5,Uttarakhand,52,PAURI GARHWAL,-,-,-,-,-,-,-,-,-,30.23581944,78.81720278,29-06-2026 15:00,0.5
5884,Srinagar_2,Uttarakhand,5,Uttarakhand,52,PAURI GARHWAL,-,-,-,-,-,-,-,-,-,30.23581944,78.81720278,01-07-2026 06:00,0.5
5885,Srinagar_2,Uttarakhand,5,Uttarakhand,52,PAURI GARHWAL,-,-,-,-,-,-,-,-,-,30.23581944,78.81720278,02-07-2026 09:00,0.5
5886,Srinagar_2,Uttarakhand,5,Uttarakhand,52,PAURI GARHWAL,-,-,-,-,-,-,-,-,-,30.23581944,78.81720278,05-07-2026 13:00,8.5
5887,Srinagar_2,Uttarakhand,5,Uttarakhand,52,PAURI GARHWAL,-,-,-,-,-,-,-,-,-,30.23581944,78.81720278,07-07-2026 13:00,20.5
5888,Srinagar_2,Uttarakhand,5,Uttarakhand,52,PAURI GARHWAL,-,-,-,-,-,-,-,-,-,30.23581944,78.81720278,07-07-2026 14:00,1
5889,Srinagar_2,Uttarakhand,5,Uttarakhand,52,PAURI GARHWAL,-,-,-,-,-,-,-,-,-,30.23581944,78.81720278,07-07-2026 15:00,1.5
5890,Srinagar_2,Uttarakhand,5,Uttarakhand,52,PAURI GARHWAL,-,-,-,-,-,-,-,-,-,30.23581944,78.81720278,07-07-2026 16:00,0.5
5891,Srinagar_2,Uttarakhand,5,Uttarakhand,52,PAURI GARHWAL,-,-,-,-,-,-,-,-,-,30.23581944,78.81720278,07-07-2026 17:00,0.5
5892,Srinagar_2,Uttarakhand,5,Uttarakhand,52,PAURI GARHWAL,-,-,-,-,-,-,-,-,-,30.23581944,78.81720278,08-07-2026 07:00,4
5893,Srinagar_2,Uttarakhand,5,Uttarakhand,52,PAURI GARHWAL,-,-,-,-,-,-,-,-,-,30.23581944,78.81720278,08-07-2026 08:00,3
5894,Srinagar_2,Uttarakhand,5,Uttarakhand,52,PAURI GARHWAL,-,-,-,-,-,-,-,-,-,30.23581944,78.81720278,08-07-2026 09:00,0.5
5895,Srinagar_2,Uttarakhand,5,Uttarakhand,52,PAURI GARHWAL,-,-,-,-,-,-,-,-,-,30.23581944,78.81720278,08-07-2026 12:00,3
5896,Srinagar_2,Uttarakhand,5,Uttarakhand,52,PAURI GARHWAL,-,-,-,-,-,-,-,-,-,30.23581944,78.81720278,08-07-2026 13:00,1
5897,Srinagar_2,Uttarakhand,5,Uttarakhand,52,PAURI GARHWAL,-,-,-,-,-,-,-,-,-,30.23581944,78.81720278,08-07-2026 14:00,1.5
5898,Srinagar_2,Uttarakhand,5,Uttarakhand,52,PAURI GARHWAL,-,-,-,-,-,-,-,-,-,30.23581944,78.81720278,08-07-2026 21:00,0.5
5899,Srinagar_2,Uttarakhand,5,Uttarakhand,52,PAURI GARHWAL,-,-,-,-,-,-,-,-,-,30.23581944,78.81720278,08-07-2026 22:00,1
5900,Srinagar_2,Uttarakhand,5,Uttarakhand,52,PAURI GARHWAL,-,-,-,-,-,-,-,-,-,30.23581944,78.81720278,08-07-2026 23:00,1.5
5901,Srinagar_2,Uttarakhand,5,Uttarakhand,52,PAURI GARHWAL,-,-,-,-,-,-,-,-,-,30.23581944,78.81720278,09-07-2026 00:00,2.5
5902,Srinagar_2,Uttarakhand,5,Uttarakhand,52,PAURI GARHWAL,-,-,-,-,-,-,-,-,-,30.23581944,78.81720278,09-07-2026 01:00,8
5903,Srinagar_2,Uttarakhand,5,Uttarakhand,52,PAURI GARHWAL,-,-,-,-,-,-,-,-,-,30.23581944,78.81720278,09-07-2026 02:00,18
5904,Srinagar_2,Uttarakhand,5,Uttarakhand,52,PAURI GARHWAL,-,-,-,-,-,-,-,-,-,30.23581944,78.81720278,09-07-2026 03:00,10.5
5905,Srinagar_2,Uttarakhand,5,Uttarakhand,52,PAURI GARHWAL,-,-,-,-,-,-,-,-,-,30.23581944,78.81720278,09-07-2026 04:00,23.5
5906,Srinagar_2,Uttarakhand,5,Uttarakhand,52,PAURI GARHWAL,-,-,-,-,-,-,-,-,-,30.23581944,78.81720278,09-07-2026 05:00,15.5
5907,Srinagar_2,Uttarakhand,5,Uttarakhand,52,PAURI GARHWAL,-,-,-,-,-,-,-,-,-,30.23581944,78.81720278,09-07-2026 06:00,6.5
5908,Srinagar_2,Uttarakhand,5,Uttarakhand,52,PAURI GARHWAL,-,-,-,-,-,-,-,-,-,30.23581944,78.81720278,09-07-2026 07:00,17.5
5909,Srinagar_2,Uttarakhand,5,Uttarakhand,52,PAURI GARHWAL,-,-,-,-,-,-,-,-,-,30.23581944,78.81720278,09-07-2026 08:00,43.5
5910,Srinagar_2,Uttarakhand,5,Uttarakhand,52,PAURI GARHWAL,-,-,-,-,-,-,-,-,-,30.23581944,78.81720278,09-07-2026 09:00,51
5911,Srinagar_2,Uttarakhand,5,Uttarakhand,52,PAURI GARHWAL,-,-,-,-,-,-,-,-,-,30.23581944,78.81720278,09-07-2026 10:00,49.5
5912,Srinagar_2,Uttarakhand,5,Uttarakhand,52,PAURI GARHWAL,-,-,-,-,-,-,-,-,-,30.23581944,78.81720278,09-07-2026 11:00,36
5913,Srinagar_2,Uttarakhand,5,Uttarakhand,52,PAURI GARHWAL,-,-,-,-,-,-,-,-,-,30.23581944,78.81720278,09-07-2026 12:00,7
5914,Srinagar_2,Uttarakhand,5,Uttarakhand,52,PAURI GARHWAL,-,-,-,-,-,-,-,-,-,30.23581944,78.81720278,09-07-2026 13:00,6.5
5915,Srinagar_2,Uttarakhand,5,Uttarakhand,52,PAURI GARHWAL,-,-,-,-,-,-,-,-,-,30.23581944,78.81720278,09-07-2026 14:00,2.5
5916,Srinagar_2,Uttarakhand,5,Uttarakhand,52,PAURI GARHWAL,-,-,-,-,-,-,-,-,-,30.23581944,78.81720278,09-07-2026 15:00,1
5917,Srinagar_2,Uttarakhand,5,Uttarakhand,52,PAURI GARHWAL,-,-,-,-,-,-,-,-,-,30.23581944,78.81720278,09-07-2026 16:00,0.5
5918,Srinagar_2,Uttarakhand,5,Uttarakhand,52,PAURI GARHWAL,-,-,-,-,-,-,-,-,-,30.23581944,78.81720278,09-07-2026 22:00,0.5
5919,Srinagar_2,Uttarakhand,5,Uttarakhand,52,PAURI GARHWAL,-,-,-,-,-,-,-,-,-,30.23581944,78.81720278,09-07-2026 23:00,0.5
5920,Srinagar_2,Uttarakhand,5,Uttarakhand,52,PAURI GARHWAL,-,-,-,-,-,-,-,-,-,30.23581944,78.81720278,10-07-2026 00:00,1
5921,Srinagar_2,Uttarakhand,5,Uttarakhand,52,PAURI GARHWAL,-,-,-,-,-,-,-,-,-,30.23581944,78.81720278,10-07-2026 01:00,0.5
5922,Srinagar_2,Uttarakhand,5,Uttarakhand,52,PAURI GARHWAL,-,-,-,-,-,-,-,-,-,30.23581944,78.81720278,10-07-2026 03:00,0.5
5923,Srinagar_2,Uttarakhand,5,Uttarakhand,52,PAURI GARHWAL,-,-,-,-,-,-,-,-,-,30.23581944,78.81720278,10-07-2026 05:00,2.5
5924,Srinagar_2,Uttarakhand,5,Uttarakhand,52,PAURI GARHWAL,-,-,-,-,-,-,-,-,-,30.23581944,78.81720278,10-07-2026 06:00,3
5925,Srinagar_2,Uttarakhand,5,Uttarakhand,52,PAURI GARHWAL,-,-,-,-,-,-,-,-,-,30.23581944,78.81720278,10-07-2026 07:00,2
5926,Srinagar_2,Uttarakhand,5,Uttarakhand,52,PAURI GARHWAL,-,-,-,-,-,-,-,-,-,30.23581944,78.81720278,10-07-2026 08:00,4
5927,Srinagar_2,Uttarakhand,5,Uttarakhand,52,PAURI GARHWAL,-,-,-,-,-,-,-,-,-,30.23581944,78.81720278,10-07-2026 09:00,1
5928,Srinagar_2,Uttarakhand,5,Uttarakhand,52,PAURI GARHWAL,-,-,-,-,-,-,-,-,-,30.23581944,78.81720278,10-07-2026 10:00,0.5
5929,Srinagar_2,Uttarakhand,5,Uttarakhand,52,PAURI GARHWAL,-,-,-,-,-,-,-,-,-,30.23581944,78.81720278,10-07-2026 11:00,3.5
5930,Srinagar_2,Uttarakhand,5,Uttarakhand,52,PAURI GARHWAL,-,-,-,-,-,-,-,-,-,30.23581944,78.81720278,10-07-2026 12:00,3
5931,Srinagar_2,Uttarakhand,5,Uttarakhand,52,PAURI GARHWAL,-,-,-,-,-,-,-,-,-,30.23581944,78.81720278,10-07-2026 13:00,9
5932,Srinagar_2,Uttarakhand,5,Uttarakhand,52,PAURI GARHWAL,-,-,-,-,-,-,-,-,-,30.23581944,78.81720278,10-07-2026 14:00,3.5
5933,Srinagar_2,Uttarakhand,5,Uttarakhand,52,PAURI GARHWAL,-,-,-,-,-,-,-,-,-,30.23581944,78.81720278,10-07-2026 15:00,3.5
5934,Srinagar_2,Uttarakhand,5,Uttarakhand,52,PAURI GARHWAL,-,-,-,-,-,-,-,-,-,30.23581944,78.81720278,10-07-2026 16:00,1.5
5935,Srinagar_2,Uttarakhand,5,Uttarakhand,52,PAURI GARHWAL,-,-,-,-,-,-,-,-,-,30.23581944,78.81720278,10-07-2026 21:00,0.5
5936,Srinagar_2,Uttarakhand,5,Uttarakhand,52,PAURI GARHWAL,-,-,-,-,-,-,-,-,-,30.23581944,78.81720278,10-07-2026 22:00,2.5
5937,Srinagar_2,Uttarakhand,5,Uttarakhand,52,PAURI GARHWAL,-,-,-,-,-,-,-,-,-,30.23581944,78.81720278,10-07-2026 23:00,2
5938,Srinagar_2,Uttarakhand,5,Uttarakhand,52,PAURI GARHWAL,-,-,-,-,-,-,-,-,-,30.23581944,78.81720278,11-07-2026 00:00,4.5
5939,Srinagar_2,Uttarakhand,5,Uttarakhand,52,PAURI GARHWAL,-,-,-,-,-,-,-,-,-,30.23581944,78.81720278,11-07-2026 01:00,0.5
5940,Srinagar_2,Uttarakhand,5,Uttarakhand,52,PAURI GARHWAL,-,-,-,-,-,-,-,-,-,30.23581944,78.81720278,12-07-2026 01:00,1
5941,Srinagar_2,Uttarakhand,5,Uttarakhand,52,PAURI GARHWAL,-,-,-,-,-,-,-,-,-,30.23581944,78.81720278,12-07-2026 02:00,5
5942,Srinagar_2,Uttarakhand,5,Uttarakhand,52,PAURI GARHWAL,-,-,-,-,-,-,-,-,-,30.23581944,78.81720278,12-07-2026 05:00,1
5943,Srinagar_2,Uttarakhand,5,Uttarakhand,52,PAURI GARHWAL,-,-,-,-,-,-,-,-,-,30.23581944,78.81720278,17-07-2026 14:00,12
5944,Srinagar_2,Uttarakhand,5,Uttarakhand,52,PAURI GARHWAL,-,-,-,-,-,-,-,-,-,30.23581944,78.81720278,20-07-2026 15:00,1.5
5945,Srinagar_2,Uttarakhand,5,Uttarakhand,52,PAURI GARHWAL,-,-,-,-,-,-,-,-,-,30.23581944,78.81720278,28-07-2026 06:00,10.5
5946,Srinagar_2,Uttarakhand,5,Uttarakhand,52,PAURI GARHWAL,-,-,-,-,-,-,-,-,-,30.23581944,78.81720278,28-07-2026 07:00,28.5
5947,Srinagar_2,Uttarakhand,5,Uttarakhand,52,PAURI GARHWAL,-,-,-,-,-,-,-,-,-,30.23581944,78.81720278,28-07-2026 08:00,14.5
5948,Srinagar_2,Uttarakhand,5,Uttarakhand,52,PAURI GARHWAL,-,-,-,-,-,-,-,-,-,30.23581944,78.81720278,28-07-2026 09:00,3
5949,Srinagar_2,Uttarakhand,5,Uttarakhand,52,PAURI GARHWAL,-,-,-,-,-,-,-,-,-,30.23581944,78.81720278,28-07-2026 10:00,3.5
5950,Srinagar_2,Uttarakhand,5,Uttarakhand,52,PAURI GARHWAL,-,-,-,-,-,-,-,-,-,30.23581944,78.81720278,28-07-2026 11:00,1.5
5951,Srinagar_2,Uttarakhand,5,Uttarakhand,52,PAURI GARHWAL,-,-,-,-,-,-,-,-,-,30.23581944,78.81720278,28-07-2026 12:00,2
5952,Srinagar_2,Uttarakhand,5,Uttarakhand,52,PAURI GARHWAL,-,-,-,-,-,-,-,-,-,30.23581944,78.81720278,28-07-2026 13:00,1.5
5953,Srinagar_2,Uttarakhand,5,Uttarakhand,52,PAURI GARHWAL,-,-,-,-,-,-,-,-,-,30.23581944,78.81720278,29-07-2026 15:00,19.5
5954,Srinagar_2,Uttarakhand,5,Uttarakhand,52,PAURI GARHWAL,-,-,-,-,-,-,-,-,-,30.23581944,78.81720278,29-07-2026 16:00,0.5
5955,Srinagar_2,Uttarakhand,5,Uttarakhand,52,PAURI GARHWAL,-,-,-,-,-,-,-,-,-,30.23581944,78.81720278,04-08-2026 18:00,6
5956,Srinagar_2,Uttarakhand,5,Uttarakhand,52,PAURI GARHWAL,-,-,-,-,-,-,-,-,-,30.23581944,78.81720278,04-08-2026 18:47,0.5
5957,Srinagar_2,Uttarakhand,5,Uttarakhand,52,PAURI GARHWAL,-,-,-,-,-,-,-,-,-,30.23581944,78.81720278,04-08-2026 19:00,0.5
5958,Srinagar_2,Uttarakhand,5,Uttarakhand,52,PAURI GARHWAL,-,-,-,-,-,-,-,-,-,30.23581944,78.81720278,05-08-2026 19:00,6
5959,Srinagar_2,Uttarakhand,5,Uttarakhand,52,PAURI GARHWAL,-,-,-,-,-,-,-,-,-,30.23581944,78.81720278,05-08-2026 20:00,3
5960,Srinagar_2,Uttarakhand,5,Uttarakhand,52,PAURI GARHWAL,-,-,-,-,-,-,-,-,-,30.23581944,78.81720278,05-08-2026 23:00,1
5961,Srinagar_2,Uttarakhand,5,Uttarakhand,52,PAURI GARHWAL,-,-,-,-,-,-,-,-,-,30.23581944,78.81720278,06-08-2026 00:00,1.5
5962,Srinagar_2,Uttarakhand,5,Uttarakhand,52,PAURI GARHWAL,-,-,-,-,-,-,-,-,-,30.23581944,78.81720278,06-08-2026 02:00,31.5
5963,Srinagar_2,Uttarakhand,5,Uttarakhand,52,PAURI GARHWAL,-,-,-,-,-,-,-,-,-,30.23581944,78.81720278,06-08-2026 03:00,42
5964,Srinagar_2,Uttarakhand,5,Uttarakhand,52,PAURI GARHWAL,-,-,-,-,-,-,-,-,-,30.23581944,78.81720278,06-08-2026 04:00,5
5965,Srinagar_2,Uttarakhand,5,Uttarakhand,52,PAURI GARHWAL,-,-,-,-,-,-,-,-,-,30.23581944,78.81720278,06-08-2026 05:00,0.5
5966,Srinagar_2,Uttarakhand,5,Uttarakhand,52,PAURI GARHWAL,-,-,-,-,-,-,-,-,-,30.23581944,78.81720278,06-08-2026 06:00,0.5
5967,Srinagar_2,Uttarakhand,5,Uttarakhand,52,PAURI GARHWAL,-,-,-,-,-,-,-,-,-,30.23581944,78.81720278,06-08-2026 07:00,2
5968,Srinagar_2,Uttarakhand,5,Uttarakhand,52,PAURI GARHWAL,-,-,-,-,-,-,-,-,-,30.23581944,78.81720278,06-08-2026 08:00,4
5969,Srinagar_2,Uttarakhand,5,Uttarakhand,52,PAURI GARHWAL,-,-,-,-,-,-,-,-,-,30.23581944,78.81720278,06-08-2026 09:00,3
5970,Srinagar_2,Uttarakhand,5,Uttarakhand,52,PAURI GARHWAL,-,-,-,-,-,-,-,-,-,30.23581944,78.81720278,06-08-2026 10:00,9.5
5971,Srinagar_2,Uttarakhand,5,Uttarakhand,52,PAURI GARHWAL,-,-,-,-,-,-,-,-,-,30.23581944,78.81720278,06-08-2026 11:00,31.5
5972,Srinagar_2,Uttarakhand,5,Uttarakhand,52,PAURI GARHWAL,-,-,-,-,-,-,-,-,-,30.23581944,78.81720278,06-08-2026 12:00,14.5
5973,Srinagar_2,Uttarakhand,5,Uttarakhand,52,PAURI GARHWAL,-,-,-,-,-,-,-,-,-,30.23581944,78.81720278,06-08-2026 13:00,5.5
5974,Srinagar_2,Uttarakhand,5,Uttarakhand,52,PAURI GARHWAL,-,-,-,-,-,-,-,-,-,30.23581944,78.81720278,06-08-2026 14:00,2
5975,Srinagar_2,Uttarakhand,5,Uttarakhand,52,PAURI GARHWAL,-,-,-,-,-,-,-,-,-,30.23581944,78.81720278,06-08-2026 16:00,0.5
5976,Srinagar_2,Uttarakhand,5,Uttarakhand,52,PAURI GARHWAL,-,-,-,-,-,-,-,-,-,30.23581944,78.81720278,06-08-2026 17:00,2
5977,Srinagar_2,Uttarakhand,5,Uttarakhand,52,PAURI GARHWAL,-,-,-,-,-,-,-,-,-,30.23581944,78.81720278,06-08-2026 18:00,0.5
5978,Srinagar_2,Uttarakhand,5,Uttarakhand,52,PAURI GARHWAL,-,-,-,-,-,-,-,-,-,30.23581944,78.81720278,10-08-2026 07:00,3.5
5979,Srinagar_2,Uttarakhand,5,Uttarakhand,52,PAURI GARHWAL,-,-,-,-,-,-,-,-,-,30.23581944,78.81720278,10-08-2026 08:00,37
5980,Srinagar_2,Uttarakhand,5,Uttarakhand,52,PAURI GARHWAL,-,-,-,-,-,-,-,-,-,30.23581944,78.81720278,10-08-2026 09:00,6.5
5981,Srinagar_2,Uttarakhand,5,Uttarakhand,52,PAURI GARHWAL,-,-,-,-,-,-,-,-,-,30.23581944,78.81720278,10-08-2026 10:00,1
5982,Srinagar_2,Uttarakhand,5,Uttarakhand,52,PAURI GARHWAL,-,-,-,-,-,-,-,-,-,30.23581944,78.81720278,10-08-2026 11:00,0.5
5983,Srinagar_2,Uttarakhand,5,Uttarakhand,52,PAURI GARHWAL,-,-,-,-,-,-,-,-,-,30.23581944,78.81720278,10-08-2026 12:00,0.5
5984,Srinagar_2,Uttarakhand,5,Uttarakhand,52,PAURI GARHWAL,-,-,-,-,-,-,-,-,-,30.23581944,78.81720278,10-08-2026 14:00,0.5
5985,Srinagar_2,Uttarakhand,5,Uttarakhand,52,PAURI GARHWAL,-,-,-,-,-,-,-,-,-,30.23581944,78.81720278,11-08-2026 06:00,16.5
5986,Srinagar_2,Uttarakhand,5,Uttarakhand,52,PAURI GARHWAL,-,-,-,-,-,-,-,-,-,30.23581944,78.81720278,11-08-2026 07:00,5.5
5987,Srinagar_2,Uttarakhand,5,Uttarakhand,52,PAURI GARHWAL,-,-,-,-,-,-,-,-,-,30.23581944,78.81720278,11-08-2026 08:00,0.5
5988,Srinagar_2,Uttarakhand,5,Uttarakhand,52,PAURI GARHWAL,-,-,-,-,-,-,-,-,-,30.23581944,78.81720278,11-08-2026 09:00,0.5
5989,Srinagar_2,Uttarakhand,5,Uttarakhand,52,PAURI GARHWAL,-,-,-,-,-,-,-,-,-,30.23581944,78.81720278,14-08-2026 14:00,0.5
5990,Srinagar_2,Uttarakhand,5,Uttarakhand,52,PAURI GARHWAL,-,-,-,-,-,-,-,-,-,30.23581944,78.81720278,16-08-2026 01:00,1
5991,Srinagar_2,Uttarakhand,5,Uttarakhand,52,PAURI GARHWAL,-,-,-,-,-,-,-,-,-,30.23581944,78.81720278,16-08-2026 02:00,4.5
5992,Srinagar_2,Uttarakhand,5,Uttarakhand,52,PAURI GARHWAL,-,-,-,-,-,-,-,-,-,30.23581944,78.81720278,16-08-2026 19:00,5
5993,Srinagar_2,Uttarakhand,5,Uttarakhand,52,PAURI GARHWAL,-,-,-,-,-,-,-,-,-,30.23581944,78.81720278,16-08-2026 20:00,0.5
5994,Srinagar_2,Uttarakhand,5,Uttarakhand,52,PAURI GARHWAL,-,-,-,-,-,-,-,-,-,30.23581944,78.81720278,16-08-2026 22:00,4.5
5995,Srinagar_2,Uttarakhand,5,Uttarakhand,52,PAURI GARHWAL,-,-,-,-,-,-,-,-,-,30.23581944,78.81720278,17-08-2026 00:00,1.5
5996,Srinagar_2,Uttarakhand,5,Uttarakhand,52,PAURI GARHWAL,-,-,-,-,-,-,-,-,-,30.23581944,78.81720278,18-08-2026 09:00,0.5
5997,Srinagar_2,Uttarakhand,5,Uttarakhand,52,PAURI GARHWAL,-,-,-,-,-,-,-,-,-,30.23581944,78.81720278,20-08-2026 15:00,9
5998,Srinagar_2,Uttarakhand,5,Uttarakhand,52,PAURI GARHWAL,-,-,-,-,-,-,-,-,-,30.23581944,78.81720278,20-08-2026 21:00,22.5
5999,Srinagar_2,Uttarakhand,5,Uttarakhand,52,PAURI GARHWAL,-,-,-,-,-,-,-,-,-,30.23581944,78.81720278,20-08-2026 22:00,5.5
6000,Srinagar_2,Uttarakhand,5,Uttarakhand,52,PAURI GARHWAL,-,-,-,-,-,-,-,-,-,30.23581944,78.81720278,22-08-2026 08:00,12
6001,Srinagar_2,Uttarakhand,5,Uttarakhand,52,PAURI GARHWAL,-,-,-,-,-,-,-,-,-,30.23581944,78.81720278,22-08-2026 08:00,12
6002,Srinagar_2,Uttarakhand,5,Uttarakhand,52,PAURI GARHWAL,-,-,-,-,-,-,-,-,-,30.23581944,78.81720278,22-08-2026 09:00,4.5
6003,Srinagar_2,Uttarakhand,5,Uttarakhand,52,PAURI GARHWAL,-,-,-,-,-,-,-,-,-,30.23581944,78.81720278,22-08-2026 09:00,4.5
6004,Srinagar_2,Uttarakhand,5,Uttarakhand,52,PAURI GARHWAL,-,-,-,-,-,-,-,-,-,30.23581944,78.81720278,22-08-2026 10:00,7
6005,Srinagar_2,Uttarakhand,5,Uttarakhand,52,PAURI GARHWAL,-,-,-,-,-,-,-,-,-,30.23581944,78.81720278,22-08-2026 10:00,7
6006,Srinagar_2,Uttarakhand,5,Uttarakhand,52,PAURI GARHWAL,-,-,-,-,-,-,-,-,-,30.23581944,78.81720278,23-08-2026 00:00,11.5
6007,Srinagar_2,Uttarakhand,5,Uttarakhand,52,PAURI GARHWAL,-,-,-,-,-,-,-,-,-,30.23581944,78.81720278,23-08-2026 00:00,11.5
6008,Srinagar_2,Uttarakhand,5,Uttarakhand,52,PAURI GARHWAL,-,-,-,-,-,-,-,-,-,30.23581944,78.81720278,23-08-2026 01:00,2.5
6009,Srinagar_2,Uttarakhand,5,Uttarakhand,52,PAURI GARHWAL,-,-,-,-,-,-,-,-,-,30.23581944,78.81720278,23-08-2026 01:00,2.5
6010,Srinagar_2,Uttarakhand,5,Uttarakhand,52,PAURI GARHWAL,-,-,-,-,-,-,-,-,-,30.23581944,78.81720278,23-08-2026 03:00,0.5
6011,Srinagar_2,Uttarakhand,5,Uttarakhand,52,PAURI GARHWAL,-,-,-,-,-,-,-,-,-,30.23581944,78.81720278,23-08-2026 03:00,0.5
6012,Srinagar_2,Uttarakhand,5,Uttarakhand,52,PAURI GARHWAL,-,-,-,-,-,-,-,-,-,30.23581944,78.81720278,23-08-2026 05:00,6
6013,Srinagar_2,Uttarakhand,5,Uttarakhand,52,PAURI GARHWAL,-,-,-,-,-,-,-,-,-,30.23581944,78.81720278,23-08-2026 05:00,6
6014,Srinagar_2,Uttarakhand,5,Uttarakhand,52,PAURI GARHWAL,-,-,-,-,-,-,-,-,-,30.23581944,78.81720278,23-08-2026 06:00,4.5
6015,Srinagar_2,Uttarakhand,5,Uttarakhand,52,PAURI GARHWAL,-,-,-,-,-,-,-,-,-,30.23581944,78.81720278,23-08-2026 06:00,4.5
6016,Srinagar_2,Uttarakhand,5,Uttarakhand,52,PAURI GARHWAL,-,-,-,-,-,-,-,-,-,30.23581944,78.81720278,23-08-2026 07:00,0.5
6017,Srinagar_2,Uttarakhand,5,Uttarakhand,52,PAURI GARHWAL,-,-,-,-,-,-,-,-,-,30.23581944,78.81720278,23-08-2026 07:00,0.5
6018,Srinagar_2,Uttarakhand,5,Uttarakhand,52,PAURI GARHWAL,-,-,-,-,-,-,-,-,-,30.23581944,78.81720278,23-08-2026 09:00,0.5
6019,Srinagar_2,Uttarakhand,5,Uttarakhand,52,PAURI GARHWAL,-,-,-,-,-,-,-,-,-,30.23581944,78.81720278,23-08-2026 09:00,0.5
6020,Srinagar_2,Uttarakhand,5,Uttarakhand,52,PAURI GARHWAL,-,-,-,-,-,-,-,-,-,30.23581944,78.81720278,24-08-2026 05:00,511.5
6021,Srinagar_2,Uttarakhand,5,Uttarakhand,52,PAURI GARHWAL,-,-,-,-,-,-,-,-,-,30.23581944,78.81720278,24-08-2026 06:00,511.5
6022,Srinagar_2,Uttarakhand,5,Uttarakhand,52,PAURI GARHWAL,-,-,-,-,-,-,-,-,-,30.23581944,78.81720278,24-08-2026 07:00,511.5
6023,Srinagar_2,Uttarakhand,5,Uttarakhand,52,PAURI GARHWAL,-,-,-,-,-,-,-,-,-,30.23581944,78.81720278,24-08-2026 08:00,511.5
6024,Srinagar_2,Uttarakhand,5,Uttarakhand,52,PAURI GARHWAL,-,-,-,-,-,-,-,-,-,30.23581944,78.81720278,24-08-2026 09:00,511.5
6025,Srinagar_2,Uttarakhand,5,Uttarakhand,52,PAURI GARHWAL,-,-,-,-,-,-,-,-,-,30.23581944,78.81720278,24-08-2026 10:00,511.5
6026,Srinagar_2,Uttarakhand,5,Uttarakhand,52,PAURI GARHWAL,-,-,-,-,-,-,-,-,-,30.23581944,78.81720278,24-08-2026 11:00,511.5
6027,Srinagar_2,Uttarakhand,5,Uttarakhand,52,PAURI GARHWAL,-,-,-,-,-,-,-,-,-,30.23581944,78.81720278,24-08-2026 12:00,511.5
6028,Srinagar_2,Uttarakhand,5,Uttarakhand,52,PAURI GARHWAL,-,-,-,-,-,-,-,-,-,30.23581944,78.81720278,24-08-2026 13:00,511.5
6029,Srinagar_2,Uttarakhand,5,Uttarakhand,52,PAURI GARHWAL,-,-,-,-,-,-,-,-,-,30.23581944,78.81720278,24-08-2026 14:00,511.5
6030,Srinagar_2,Uttarakhand,5,Uttarakhand,52,PAURI GARHWAL,-,-,-,-,-,-,-,-,-,30.23581944,78.81720278,24-08-2026 15:00,511.5
6031,Srinagar_2,Uttarakhand,5,Uttarakhand,52,PAURI GARHWAL,-,-,-,-,-,-,-,-,-,30.23581944,78.81720278,24-08-2026 16:00,511.5
6032,Srinagar_2,Uttarakhand,5,Uttarakhand,52,PAURI GARHWAL,-,-,-,-,-,-,-,-,-,30.23581944,78.81720278,24-08-2026 17:00,511.5
6033,Srinagar_2,Uttarakhand,5,Uttarakhand,52,PAURI GARHWAL,-,-,-,-,-,-,-,-,-,30.23581944,78.81720278,24-08-2026 18:00,511.5
6034,Srinagar_2,Uttarakhand,5,Uttarakhand,52,PAURI GARHWAL,-,-,-,-,-,-,-,-,-,30.23581944,78.81720278,24-08-2026 19:00,511.5
6035,Srinagar_2,Uttarakhand,5,Uttarakhand,52,PAURI GARHWAL,-,-,-,-,-,-,-,-,-,30.23581944,78.81720278,24-08-2026 20:00,511.5
6036,Srinagar_2,Uttarakhand,5,Uttarakhand,52,PAURI GARHWAL,-,-,-,-,-,-,-,-,-,30.23581944,78.81720278,24-08-2026 21:00,511.5
6037,Srinagar_2,Uttarakhand,5,Uttarakhand,52,PAURI GARHWAL,-,-,-,-,-,-,-,-,-,30.23581944,78.81720278,24-08-2026 22:00,511.5
6038,Srinagar_2,Uttarakhand,5,Uttarakhand,52,PAURI GARHWAL,-,-,-,-,-,-,-,-,-,30.23581944,78.81720278,24-08-2026 23:00,511.5
6039,Srinagar_2,Uttarakhand,5,Uttarakhand,52,PAURI GARHWAL,-,-,-,-,-,-,-,-,-,30.23581944,78.81720278,25-08-2026 00:00,511.5
6040,Srinagar_2,Uttarakhand,5,Uttarakhand,52,PAURI GARHWAL,-,-,-,-,-,-,-,-,-,30.23581944,78.81720278,25-08-2026 01:00,511.5
6041,Srinagar_2,Uttarakhand,5,Uttarakhand,52,PAURI GARHWAL,-,-,-,-,-,-,-,-,-,30.23581944,78.81720278,25-08-2026 02:00,511.5
6042,Srinagar_2,Uttarakhand,5,Uttarakhand,52,PAURI GARHWAL,-,-,-,-,-,-,-,-,-,30.23581944,78.81720278,25-08-2026 03:00,511.5
6043,Srinagar_2,Uttarakhand,5,Uttarakhand,52,PAURI GARHWAL,-,-,-,-,-,-,-,-,-,30.23581944,78.81720278,25-08-2026 04:00,511.5
6044,Srinagar_2,Uttarakhand,5,Uttarakhand,52,PAURI GARHWAL,-,-,-,-,-,-,-,-,-,30.23581944,78.81720278,25-08-2026 05:00,511.5
6045,Srinagar_2,Uttarakhand,5,Uttarakhand,52,PAURI GARHWAL,-,-,-,-,-,-,-,-,-,30.23581944,78.81720278,25-08-2026 06:00,511.5
6046,Srinagar_2,Uttarakhand,5,Uttarakhand,52,PAURI GARHWAL,-,-,-,-,-,-,-,-,-,30.23581944,78.81720278,25-08-2026 07:00,511.5
6047,Srinagar_2,Uttarakhand,5,Uttarakhand,52,PAURI GARHWAL,-,-,-,-,-,-,-,-,-,30.23581944,78.81720278,25-08-2026 08:00,511.5
6048,Srinagar_2,Uttarakhand,5,Uttarakhand,52,PAURI GARHWAL,-,-,-,-,-,-,-,-,-,30.23581944,78.81720278,25-08-2026 09:00,511.5
6049,Srinagar_2,Uttarakhand,5,Uttarakhand,52,PAURI GARHWAL,-,-,-,-,-,-,-,-,-,30.23581944,78.81720278,25-08-2026 10:00,511.5
6050,Srinagar_2,Uttarakhand,5,Uttarakhand,52,PAURI GARHWAL,-,-,-,-,-,-,-,-,-,30.23581944,78.81720278,25-08-2026 11:00,511.5
6051,Srinagar_2,Uttarakhand,5,Uttarakhand,52,PAURI GARHWAL,-,-,-,-,-,-,-,-,-,30.23581944,78.81720278,25-08-2026 12:00,511.5
6052,Srinagar_2,Uttarakhand,5,Uttarakhand,52,PAURI GARHWAL,-,-,-,-,-,-,-,-,-,30.23581944,78.81720278,25-08-2026 13:00,511.5
6053,Srinagar_2,Uttarakhand,5,Uttarakhand,52,PAURI GARHWAL,-,-,-,-,-,-,-,-,-,30.23581944,78.81720278,25-08-2026 14:00,511.5
6054,Srinagar_2,Uttarakhand,5,Uttarakhand,52,PAURI GARHWAL,-,-,-,-,-,-,-,-,-,30.23581944,78.81720278,25-08-2026 15:00,511.5
6055,Srinagar_2,Uttarakhand,5,Uttarakhand,52,PAURI GARHWAL,-,-,-,-,-,-,-,-,-,30.23581944,78.81720278,25-08-2026 16:00,511.5
6056,Srinagar_2,Uttarakhand,5,Uttarakhand,52,PAURI GARHWAL,-,-,-,-,-,-,-,-,-,30.23581944,78.81720278,25-08-2026 17:00,511.5
6057,Srinagar_2,Uttarakhand,5,Uttarakhand,52,PAURI GARHWAL,-,-,-,-,-,-,-,-,-,30.23581944,78.81720278,25-08-2026 19:00,511.5
6058,Srinagar_2,Uttarakhand,5,Uttarakhand,52,PAURI GARHWAL,-,-,-,-,-,-,-,-,-,30.23581944,78.81720278,25-08-2026 20:00,511.5
6059,Srinagar_2,Uttarakhand,5,Uttarakhand,52,PAURI GARHWAL,-,-,-,-,-,-,-,-,-,30.23581944,78.81720278,25-08-2026 21:00,511.5
6060,Srinagar_2,Uttarakhand,5,Uttarakhand,52,PAURI GARHWAL,-,-,-,-,-,-,-,-,-,30.23581944,78.81720278,25-08-2026 22:00,511.5
6061,Srinagar_2,Uttarakhand,5,Uttarakhand,52,PAURI GARHWAL,-,-,-,-,-,-,-,-,-,30.23581944,78.81720278,25-08-2026 23:00,511.5
6062,Srinagar_2,Uttarakhand,5,Uttarakhand,52,PAURI GARHWAL,-,-,-,-,-,-,-,-,-,30.23581944,78.81720278,26-08-2026 00:00,511.5
6063,Srinagar_2,Uttarakhand,5,Uttarakhand,52,PAURI GARHWAL,-,-,-,-,-,-,-,-,-,30.23581944,78.81720278,26-08-2026 01:00,511.5
6064,Srinagar_2,Uttarakhand,5,Uttarakhand,52,PAURI GARHWAL,-,-,-,-,-,-,-,-,-,30.23581944,78.81720278,26-08-2026 02:00,511.5
6065,Srinagar_2,Uttarakhand,5,Uttarakhand,52,PAURI GARHWAL,-,-,-,-,-,-,-,-,-,30.23581944,78.81720278,26-08-2026 03:00,511.5
6066,Srinagar_2,Uttarakhand,5,Uttarakhand,52,PAURI GARHWAL,-,-,-,-,-,-,-,-,-,30.23581944,78.81720278,26-08-2026 04:00,511.5
6067,Srinagar_2,Uttarakhand,5,Uttarakhand,52,PAURI GARHWAL,-,-,-,-,-,-,-,-,-,30.23581944,78.81720278,26-08-2026 05:00,511.5
6068,Srinagar_2,Uttarakhand,5,Uttarakhand,52,PAURI GARHWAL,-,-,-,-,-,-,-,-,-,30.23581944,78.81720278,26-08-2026 06:00,511.5
6069,Srinagar_2,Uttarakhand,5,Uttarakhand,52,PAURI GARHWAL,-,-,-,-,-,-,-,-,-,30.23581944,78.81720278,26-08-2026 07:00,511.5
6070,Srinagar_2,Uttarakhand,5,Uttarakhand,52,PAURI GARHWAL,-,-,-,-,-,-,-,-,-,30.23581944,78.81720278,26-08-2026 08:00,511.5
6071,Srinagar_2,Uttarakhand,5,Uttarakhand,52,PAURI GARHWAL,-,-,-,-,-,-,-,-,-,30.23581944,78.81720278,26-08-2026 09:00,511.5
6072,Srinagar_2,Uttarakhand,5,Uttarakhand,52,PAURI GARHWAL,-,-,-,-,-,-,-,-,-,30.23581944,78.81720278,26-08-2026 10:00,511.5
6073,Srinagar_2,Uttarakhand,5,Uttarakhand,52,PAURI GARHWAL,-,-,-,-,-,-,-,-,-,30.23581944,78.81720278,26-08-2026 11:00,511.5
6074,Srinagar_2,Uttarakhand,5,Uttarakhand,52,PAURI GARHWAL,-,-,-,-,-,-,-,-,-,30.23581944,78.81720278,26-08-2026 12:00,511.5
6075,Srinagar_2,Uttarakhand,5,Uttarakhand,52,PAURI GARHWAL,-,-,-,-,-,-,-,-,-,30.23581944,78.81720278,26-08-2026 13:00,511.5
6076,Srinagar_2,Uttarakhand,5,Uttarakhand,52,PAURI GARHWAL,-,-,-,-,-,-,-,-,-,30.23581944,78.81720278,26-08-2026 14:00,511.5
6077,Srinagar_2,Uttarakhand,5,Uttarakhand,52,PAURI GARHWAL,-,-,-,-,-,-,-,-,-,30.23581944,78.81720278,26-08-2026 15:00,511.5
6078,Srinagar_2,Uttarakhand,5,Uttarakhand,52,PAURI GARHWAL,-,-,-,-,-,-,-,-,-,30.23581944,78.81720278,26-08-2026 16:00,511.5
6079,Srinagar_2,Uttarakhand,5,Uttarakhand,52,PAURI GARHWAL,-,-,-,-,-,-,-,-,-,30.23581944,78.81720278,26-08-2026 17:00,511.5
6080,Srinagar_2,Uttarakhand,5,Uttarakhand,52,PAURI GARHWAL,-,-,-,-,-,-,-,-,-,30.23581944,78.81720278,26-08-2026 19:00,511.5
6081,Srinagar_2,Uttarakhand,5,Uttarakhand,52,PAURI GARHWAL,-,-,-,-,-,-,-,-,-,30.23581944,78.81720278,26-08-2026 20:00,511.5
6082,Srinagar_2,Uttarakhand,5,Uttarakhand,52,PAURI GARHWAL,-,-,-,-,-,-,-,-,-,30.23581944,78.81720278,26-08-2026 21:00,511.5
6083,Srinagar_2,Uttarakhand,5,Uttarakhand,52,PAURI GARHWAL,-,-,-,-,-,-,-,-,-,30.23581944,78.81720278,26-08-2026 22:00,511.5
6084,Srinagar_2,Uttarakhand,5,Uttarakhand,52,PAURI GARHWAL,-,-,-,-,-,-,-,-,-,30.23581944,78.81720278,26-08-2026 23:00,511.5
6085,Srinagar_2,Uttarakhand,5,Uttarakhand,52,PAURI GARHWAL,-,-,-,-,-,-,-,-,-,30.23581944,78.81720278,27-08-2026 00:00,511.5
6086,Srinagar_2,Uttarakhand,5,Uttarakhand,52,PAURI GARHWAL,-,-,-,-,-,-,-,-,-,30.23581944,78.81720278,27-08-2026 01:00,511.5
6087,Srinagar_2,Uttarakhand,5,Uttarakhand,52,PAURI GARHWAL,-,-,-,-,-,-,-,-,-,30.23581944,78.81720278,27-08-2026 02:00,511.5
6088,Srinagar_2,Uttarakhand,5,Uttarakhand,52,PAURI GARHWAL,-,-,-,-,-,-,-,-,-,30.23581944,78.81720278,27-08-2026 03:00,511.5
6089,Srinagar_2,Uttarakhand,5,Uttarakhand,52,PAURI GARHWAL,-,-,-,-,-,-,-,-,-,30.23581944,78.81720278,27-08-2026 04:00,511.5
6090,Srinagar_2,Uttarakhand,5,Uttarakhand,52,PAURI GARHWAL,-,-,-,-,-,-,-,-,-,30.23581944,78.81720278,27-08-2026 04:00,0.5
6091,Srinagar_2,Uttarakhand,5,Uttarakhand,52,PAURI GARHWAL,-,-,-,-,-,-,-,-,-,30.23581944,78.81720278,27-08-2026 05:00,511.5
6092,Srinagar_2,Uttarakhand,5,Uttarakhand,52,PAURI GARHWAL,-,-,-,-,-,-,-,-,-,30.23581944,78.81720278,27-08-2026 05:00,6
6093,Srinagar_2,Uttarakhand,5,Uttarakhand,52,PAURI GARHWAL,-,-,-,-,-,-,-,-,-,30.23581944,78.81720278,27-08-2026 08:00,511.5
6094,Srinagar_2,Uttarakhand,5,Uttarakhand,52,PAURI GARHWAL,-,-,-,-,-,-,-,-,-,30.23581944,78.81720278,27-08-2026 09:00,511.5
6095,Srinagar_2,Uttarakhand,5,Uttarakhand,52,PAURI GARHWAL,-,-,-,-,-,-,-,-,-,30.23581944,78.81720278,27-08-2026 09:00,0.5
6096,Srinagar_2,Uttarakhand,5,Uttarakhand,52,PAURI GARHWAL,-,-,-,-,-,-,-,-,-,30.23581944,78.81720278,27-08-2026 10:00,4.5
6097,Srinagar_2,Uttarakhand,5,Uttarakhand,52,PAURI GARHWAL,-,-,-,-,-,-,-,-,-,30.23581944,78.81720278,27-08-2026 10:00,4.5
6098,Srinagar_2,Uttarakhand,5,Uttarakhand,52,PAURI GARHWAL,-,-,-,-,-,-,-,-,-,30.23581944,78.81720278,27-08-2026 11:00,511.5
6099,Srinagar_2,Uttarakhand,5,Uttarakhand,52,PAURI GARHWAL,-,-,-,-,-,-,-,-,-,30.23581944,78.81720278,27-08-2026 12:00,511.5
6100,Srinagar_2,Uttarakhand,5,Uttarakhand,52,PAURI GARHWAL,-,-,-,-,-,-,-,-,-,30.23581944,78.81720278,27-08-2026 13:00,511.5
6101,Srinagar_2,Uttarakhand,5,Uttarakhand,52,PAURI GARHWAL,-,-,-,-,-,-,-,-,-,30.23581944,78.81720278,27-08-2026 13:00,0.5
6102,Srinagar_2,Uttarakhand,5,Uttarakhand,52,PAURI GARHWAL,-,-,-,-,-,-,-,-,-,30.23581944,78.81720278,27-08-2026 14:00,511.5
6103,Srinagar_2,Uttarakhand,5,Uttarakhand,52,PAURI GARHWAL,-,-,-,-,-,-,-,-,-,30.23581944,78.81720278,27-08-2026 15:00,511.5
6104,Srinagar_2,Uttarakhand,5,Uttarakhand,52,PAURI GARHWAL,-,-,-,-,-,-,-,-,-,30.23581944,78.81720278,27-08-2026 17:00,511.5
6105,Srinagar_2,Uttarakhand,5,Uttarakhand,52,PAURI GARHWAL,-,-,-,-,-,-,-,-,-,30.23581944,78.81720278,27-08-2026 19:00,511.5
6106,Srinagar_2,Uttarakhand,5,Uttarakhand,52,PAURI GARHWAL,-,-,-,-,-,-,-,-,-,30.23581944,78.81720278,27-08-2026 20:00,7.5
6107,Srinagar_2,Uttarakhand,5,Uttarakhand,52,PAURI GARHWAL,-,-,-,-,-,-,-,-,-,30.23581944,78.81720278,27-08-2026 20:00,511.5
6108,Srinagar_2,Uttarakhand,5,Uttarakhand,52,PAURI GARHWAL,-,-,-,-,-,-,-,-,-,30.23581944,78.81720278,27-08-2026 21:00,511.5
6109,Srinagar_2,Uttarakhand,5,Uttarakhand,52,PAURI GARHWAL,-,-,-,-,-,-,-,-,-,30.23581944,78.81720278,27-08-2026 22:00,511.5
6110,Srinagar_2,Uttarakhand,5,Uttarakhand,52,PAURI GARHWAL,-,-,-,-,-,-,-,-,-,30.23581944,78.81720278,27-08-2026 23:00,511.5
6111,Tanakpur_1,Uttarakhand,5,Uttarakhand,48,Champawat,-,-,-,Kali,Ganga,-,-,-,-,29.07222222,80.11750000,02-07-2026 18:00,0.5
6112,Tanakpur_1,Uttarakhand,5,Uttarakhand,48,Champawat,-,-,-,Kali,Ganga,-,-,-,-,29.07222222,80.11750000,15-07-2026 14:00,2
6113,Tanakpur_1,Uttarakhand,5,Uttarakhand,48,Champawat,-,-,-,Kali,Ganga,-,-,-,-,29.07222222,80.11750000,24-07-2026 11:00,4.5
6114,Tanakpur_1,Uttarakhand,5,Uttarakhand,48,Champawat,-,-,-,Kali,Ganga,-,-,-,-,29.07222222,80.11750000,24-07-2026 12:00,20
6115,Tanakpur_1,Uttarakhand,5,Uttarakhand,48,Champawat,-,-,-,Kali,Ganga,-,-,-,-,29.07222222,80.11750000,24-07-2026 13:00,18.5
6116,Tanakpur_1,Uttarakhand,5,Uttarakhand,48,Champawat,-,-,-,Kali,Ganga,-,-,-,-,29.07222222,80.11750000,09-08-2026 05:00,0.5
6117,Tanakpur_1,Uttarakhand,5,Uttarakhand,48,Champawat,-,-,-,Kali,Ganga,-,-,-,-,29.07222222,80.11750000,14-08-2026 01:00,0.5
6118,Tanakpur_1,Uttarakhand,5,Uttarakhand,48,Champawat,-,-,-,Kali,Ganga,-,-,-,-,29.07222222,80.11750000,14-08-2026 07:00,0.5
6119,Tanakpur_1,Uttarakhand,5,Uttarakhand,48,Champawat,-,-,-,Kali,Ganga,-,-,-,-,29.07222222,80.11750000,14-08-2026 10:00,0.5
6120,Tanakpur_1,Uttarakhand,5,Uttarakhand,48,Champawat,-,-,-,Kali,Ganga,-,-,-,-,29.07222222,80.11750000,14-08-2026 11:00,1
6121,Tanakpur_1,Uttarakhand,5,Uttarakhand,48,Champawat,-,-,-,Kali,Ganga,-,-,-,-,29.07222222,80.11750000,14-08-2026 12:00,1.5
6122,Tanakpur_1,Uttarakhand,5,Uttarakhand,48,Champawat,-,-,-,Kali,Ganga,-,-,-,-,29.07222222,80.11750000,24-08-2026 20:00,0.5
6123,Tanakpur_1,Uttarakhand,5,Uttarakhand,48,Champawat,-,-,-,Kali,Ganga,-,-,-,-,29.07222222,80.11750000,26-08-2026 14:00,2
6124,Tumaria,Uttarakhand,5,Uttarakhand,56,UDHAM SINGH NAGAR,Jaspur,-,-,-,-,-,-,-,-,29.30704722,78.93133056,11-06-2026 10:00,0.5
6125,Tumaria,Uttarakhand,5,Uttarakhand,56,UDHAM SINGH NAGAR,Jaspur,-,-,-,-,-,-,-,-,29.30704722,78.93133056,11-06-2026 11:00,0.5
6126,Tumaria,Uttarakhand,5,Uttarakhand,56,UDHAM SINGH NAGAR,Jaspur,-,-,-,-,-,-,-,-,29.30704722,78.93133056,12-06-2026 00:00,5
6127,Tumaria,Uttarakhand,5,Uttarakhand,56,UDHAM SINGH NAGAR,Jaspur,-,-,-,-,-,-,-,-,29.30704722,78.93133056,12-06-2026 01:00,3
6128,Tumaria,Uttarakhand,5,Uttarakhand,56,UDHAM SINGH NAGAR,Jaspur,-,-,-,-,-,-,-,-,29.30704722,78.93133056,12-06-2026 02:00,3
6129,Tumaria,Uttarakhand,5,Uttarakhand,56,UDHAM SINGH NAGAR,Jaspur,-,-,-,-,-,-,-,-,29.30704722,78.93133056,12-06-2026 03:00,6.5
6130,Tumaria,Uttarakhand,5,Uttarakhand,56,UDHAM SINGH NAGAR,Jaspur,-,-,-,-,-,-,-,-,29.30704722,78.93133056,12-06-2026 04:00,2.5
6131,Tumaria,Uttarakhand,5,Uttarakhand,56,UDHAM SINGH NAGAR,Jaspur,-,-,-,-,-,-,-,-,29.30704722,78.93133056,12-06-2026 05:00,0.5
6132,Tumaria,Uttarakhand,5,Uttarakhand,56,UDHAM SINGH NAGAR,Jaspur,-,-,-,-,-,-,-,-,29.30704722,78.93133056,25-07-2026 07:00,0.5
6133,Tumaria,Uttarakhand,5,Uttarakhand,56,UDHAM SINGH NAGAR,Jaspur,-,-,-,-,-,-,-,-,29.30704722,78.93133056,25-07-2026 08:00,1
6134,Tumaria,Uttarakhand,5,Uttarakhand,56,UDHAM SINGH NAGAR,Jaspur,-,-,-,-,-,-,-,-,29.30704722,78.93133056,25-07-2026 09:00,3
6135,Tumaria,Uttarakhand,5,Uttarakhand,56,UDHAM SINGH NAGAR,Jaspur,-,-,-,-,-,-,-,-,29.30704722,78.93133056,25-07-2026 10:00,0.5
6136,Tumaria,Uttarakhand,5,Uttarakhand,56,UDHAM SINGH NAGAR,Jaspur,-,-,-,-,-,-,-,-,29.30704722,78.93133056,01-08-2026 15:00,1
6137,Tumaria,Uttarakhand,5,Uttarakhand,56,UDHAM SINGH NAGAR,Jaspur,-,-,-,-,-,-,-,-,29.30704722,78.93133056,05-08-2026 17:00,5
6138,Tumaria,Uttarakhand,5,Uttarakhand,56,UDHAM SINGH NAGAR,Jaspur,-,-,-,-,-,-,-,-,29.30704722,78.93133056,05-08-2026 18:00,1
6139,Tumaria,Uttarakhand,5,Uttarakhand,56,UDHAM SINGH NAGAR,Jaspur,-,-,-,-,-,-,-,-,29.30704722,78.93133056,05-08-2026 21:00,0.5
6140,Tumaria,Uttarakhand,5,Uttarakhand,56,UDHAM SINGH NAGAR,Jaspur,-,-,-,-,-,-,-,-,29.30704722,78.93133056,05-08-2026 22:00,1.5
6141,Tumaria,Uttarakhand,5,Uttarakhand,56,UDHAM SINGH NAGAR,Jaspur,-,-,-,-,-,-,-,-,29.30704722,78.93133056,06-08-2026 04:00,0.5
6142,Tumaria,Uttarakhand,5,Uttarakhand,56,UDHAM SINGH NAGAR,Jaspur,-,-,-,-,-,-,-,-,29.30704722,78.93133056,06-08-2026 08:00,4
6143,Tumaria,Uttarakhand,5,Uttarakhand,56,UDHAM SINGH NAGAR,Jaspur,-,-,-,-,-,-,-,-,29.30704722,78.93133056,06-08-2026 14:00,0.5
6144,Tumaria,Uttarakhand,5,Uttarakhand,56,UDHAM SINGH NAGAR,Jaspur,-,-,-,-,-,-,-,-,29.30704722,78.93133056,06-08-2026 15:00,0.5
6145,Tumaria,Uttarakhand,5,Uttarakhand,56,UDHAM SINGH NAGAR,Jaspur,-,-,-,-,-,-,-,-,29.30704722,78.93133056,10-08-2026 07:00,5.5
6146,Tumaria,Uttarakhand,5,Uttarakhand,56,UDHAM SINGH NAGAR,Jaspur,-,-,-,-,-,-,-,-,29.30704722,78.93133056,10-08-2026 08:00,3
6147,Tumaria,Uttarakhand,5,Uttarakhand,56,UDHAM SINGH NAGAR,Jaspur,-,-,-,-,-,-,-,-,29.30704722,78.93133056,10-08-2026 09:00,1
6148,Tumaria,Uttarakhand,5,Uttarakhand,56,UDHAM SINGH NAGAR,Jaspur,-,-,-,-,-,-,-,-,29.30704722,78.93133056,10-08-2026 10:00,3
6149,Tumaria,Uttarakhand,5,Uttarakhand,56,UDHAM SINGH NAGAR,Jaspur,-,-,-,-,-,-,-,-,29.30704722,78.93133056,10-08-2026 13:00,2.5
6150,Tumaria,Uttarakhand,5,Uttarakhand,56,UDHAM SINGH NAGAR,Jaspur,-,-,-,-,-,-,-,-,29.30704722,78.93133056,10-08-2026 15:00,0.5
6151,Tumaria,Uttarakhand,5,Uttarakhand,56,UDHAM SINGH NAGAR,Jaspur,-,-,-,-,-,-,-,-,29.30704722,78.93133056,10-08-2026 17:00,0.5
6152,Tumaria,Uttarakhand,5,Uttarakhand,56,UDHAM SINGH NAGAR,Jaspur,-,-,-,-,-,-,-,-,29.30704722,78.93133056,10-08-2026 19:00,1
6153,Tumaria,Uttarakhand,5,Uttarakhand,56,UDHAM SINGH NAGAR,Jaspur,-,-,-,-,-,-,-,-,29.30704722,78.93133056,10-08-2026 20:00,1
6154,Tumaria,Uttarakhand,5,Uttarakhand,56,UDHAM SINGH NAGAR,Jaspur,-,-,-,-,-,-,-,-,29.30704722,78.93133056,11-08-2026 06:00,1.5
6155,Tumaria,Uttarakhand,5,Uttarakhand,56,UDHAM SINGH NAGAR,Jaspur,-,-,-,-,-,-,-,-,29.30704722,78.93133056,14-08-2026 08:00,9
6156,Tumaria,Uttarakhand,5,Uttarakhand,56,UDHAM SINGH NAGAR,Jaspur,-,-,-,-,-,-,-,-,29.30704722,78.93133056,14-08-2026 09:00,2.5
6157,Tumaria,Uttarakhand,5,Uttarakhand,56,UDHAM SINGH NAGAR,Jaspur,-,-,-,-,-,-,-,-,29.30704722,78.93133056,14-08-2026 13:00,0.5
6158,Tumaria,Uttarakhand,5,Uttarakhand,56,UDHAM SINGH NAGAR,Jaspur,-,-,-,-,-,-,-,-,29.30704722,78.93133056,14-08-2026 15:00,0.5
6159,Tumaria,Uttarakhand,5,Uttarakhand,56,UDHAM SINGH NAGAR,Jaspur,-,-,-,-,-,-,-,-,29.30704722,78.93133056,14-08-2026 16:00,0.5
6160,Tumaria,Uttarakhand,5,Uttarakhand,56,UDHAM SINGH NAGAR,Jaspur,-,-,-,-,-,-,-,-,29.30704722,78.93133056,16-08-2026 06:00,1
6161,Tumaria,Uttarakhand,5,Uttarakhand,56,UDHAM SINGH NAGAR,Jaspur,-,-,-,-,-,-,-,-,29.30704722,78.93133056,16-08-2026 10:00,1
6162,Tumaria,Uttarakhand,5,Uttarakhand,56,UDHAM SINGH NAGAR,Jaspur,-,-,-,-,-,-,-,-,29.30704722,78.93133056,16-08-2026 11:00,1.5
6163,Tumaria,Uttarakhand,5,Uttarakhand,56,UDHAM SINGH NAGAR,Jaspur,-,-,-,-,-,-,-,-,29.30704722,78.93133056,16-08-2026 23:00,9.5
6164,Tumaria,Uttarakhand,5,Uttarakhand,56,UDHAM SINGH NAGAR,Jaspur,-,-,-,-,-,-,-,-,29.30704722,78.93133056,17-08-2026 00:00,1.5
6165,Tumaria,Uttarakhand,5,Uttarakhand,56,UDHAM SINGH NAGAR,Jaspur,-,-,-,-,-,-,-,-,29.30704722,78.93133056,17-08-2026 01:00,1
6166,Tumaria,Uttarakhand,5,Uttarakhand,56,UDHAM SINGH NAGAR,Jaspur,-,-,-,-,-,-,-,-,29.30704722,78.93133056,17-08-2026 02:00,0.5
6167,Tumaria,Uttarakhand,5,Uttarakhand,56,UDHAM SINGH NAGAR,Jaspur,-,-,-,-,-,-,-,-,29.30704722,78.93133056,17-08-2026 03:00,0.5
6168,Tumaria,Uttarakhand,5,Uttarakhand,56,UDHAM SINGH NAGAR,Jaspur,-,-,-,-,-,-,-,-,29.30704722,78.93133056,17-08-2026 05:00,0.5
6169,Tumaria,Uttarakhand,5,Uttarakhand,56,UDHAM SINGH NAGAR,Jaspur,-,-,-,-,-,-,-,-,29.30704722,78.93133056,17-08-2026 08:00,0.5
6170,Tumaria,Uttarakhand,5,Uttarakhand,56,UDHAM SINGH NAGAR,Jaspur,-,-,-,-,-,-,-,-,29.30704722,78.93133056,17-08-2026 12:00,0.5
6171,Tumaria,Uttarakhand,5,Uttarakhand,56,UDHAM SINGH NAGAR,Jaspur,-,-,-,-,-,-,-,-,29.30704722,78.93133056,17-08-2026 20:00,0.5
6172,Tumaria,Uttarakhand,5,Uttarakhand,56,UDHAM SINGH NAGAR,Jaspur,-,-,-,-,-,-,-,-,29.30704722,78.93133056,18-08-2026 09:00,0.5
6173,Tumaria,Uttarakhand,5,Uttarakhand,56,UDHAM SINGH NAGAR,Jaspur,-,-,-,-,-,-,-,-,29.30704722,78.93133056,19-08-2026 01:00,0.5
6174,Tumaria,Uttarakhand,5,Uttarakhand,56,UDHAM SINGH NAGAR,Jaspur,-,-,-,-,-,-,-,-,29.30704722,78.93133056,24-08-2026 05:00,0.5
6175,Virbhadra,Uttarakhand,5,Uttarakhand,52,PAURI GARHWAL,-,-,-,-,-,-,-,-,-,30.07444444,78.29047222,10-02-2026 15:00,36
6176,Virbhadra,Uttarakhand,5,Uttarakhand,52,PAURI GARHWAL,-,-,-,-,-,-,-,-,-,30.07444444,78.29047222,18-02-2026 16:00,54
6177,Virbhadra,Uttarakhand,5,Uttarakhand,52,PAURI GARHWAL,-,-,-,-,-,-,-,-,-,30.07444444,78.29047222,27-02-2026 10:00,0.5
6178,Yamkeshwar,Uttarakhand,5,Uttarakhand,52,PAURI GARHWAL,-,-,-,-,-,-,-,-,-,29.96130556,78.44086111,23-03-2026 06:00,-354
6179,Yamkeshwar,Uttarakhand,5,Uttarakhand,52,PAURI GARHWAL,-,-,-,-,-,-,-,-,-,29.96130556,78.44086111,17-04-2026 05:00,0.5
6180,Yamuna Colony,Uttarakhand,5,Uttarakhand,49,Dehradun,Dehradun,-,-,-,-,-,-,-,-,30.33775278,78.03311667,14-01-2026 07:00,215.5
6181,Yamuna Colony,Uttarakhand,5,Uttarakhand,49,Dehradun,Dehradun,-,-,-,-,-,-,-,-,30.33775278,78.03311667,14-01-2026 15:00,286
6182,Yamuna Colony,Uttarakhand,5,Uttarakhand,49,Dehradun,Dehradun,-,-,-,-,-,-,-,-,30.33775278,78.03311667,14-01-2026 16:00,276.5
6183,Yamuna Colony,Uttarakhand,5,Uttarakhand,49,Dehradun,Dehradun,-,-,-,-,-,-,-,-,30.33775278,78.03311667,14-01-2026 18:00,251.5
6184,Yamuna Colony,Uttarakhand,5,Uttarakhand,49,Dehradun,Dehradun,-,-,-,-,-,-,-,-,30.33775278,78.03311667,14-01-2026 22:00,230.5
6185,Yamuna Colony,Uttarakhand,5,Uttarakhand,49,Dehradun,Dehradun,-,-,-,-,-,-,-,-,30.33775278,78.03311667,15-01-2026 05:00,215.5
6186,Yamuna Colony,Uttarakhand,5,Uttarakhand,49,Dehradun,Dehradun,-,-,-,-,-,-,-,-,30.33775278,78.03311667,15-01-2026 12:00,289.5
6187,Yamuna Colony,Uttarakhand,5,Uttarakhand,49,Dehradun,Dehradun,-,-,-,-,-,-,-,-,30.33775278,78.03311667,20-01-2026 05:00,228
6188,Yamuna Colony,Uttarakhand,5,Uttarakhand,49,Dehradun,Dehradun,-,-,-,-,-,-,-,-,30.33775278,78.03311667,20-01-2026 08:00,265.5
6189,Yamuna Colony,Uttarakhand,5,Uttarakhand,49,Dehradun,Dehradun,-,-,-,-,-,-,-,-,30.33775278,78.03311667,20-01-2026 13:00,309.5
6190,Yamuna Colony,Uttarakhand,5,Uttarakhand,49,Dehradun,Dehradun,-,-,-,-,-,-,-,-,30.33775278,78.03311667,20-01-2026 15:00,299.5
6191,Yamuna Colony,Uttarakhand,5,Uttarakhand,49,Dehradun,Dehradun,-,-,-,-,-,-,-,-,30.33775278,78.03311667,20-01-2026 17:00,282
6192,Yamuna Colony,Uttarakhand,5,Uttarakhand,49,Dehradun,Dehradun,-,-,-,-,-,-,-,-,30.33775278,78.03311667,20-01-2026 19:00,257
6193,Yamuna Colony,Uttarakhand,5,Uttarakhand,49,Dehradun,Dehradun,-,-,-,-,-,-,-,-,30.33775278,78.03311667,21-01-2026 03:00,236.5
6194,Yamuna Colony,Uttarakhand,5,Uttarakhand,49,Dehradun,Dehradun,-,-,-,-,-,-,-,-,30.33775278,78.03311667,21-01-2026 05:00,232
6195,Yamuna Colony,Uttarakhand,5,Uttarakhand,49,Dehradun,Dehradun,-,-,-,-,-,-,-,-,30.33775278,78.03311667,21-01-2026 07:00,232.5
6196,Yamuna Colony,Uttarakhand,5,Uttarakhand,49,Dehradun,Dehradun,-,-,-,-,-,-,-,-,30.33775278,78.03311667,28-01-2026 11:00,280
6197,Yamuna Colony,Uttarakhand,5,Uttarakhand,49,Dehradun,Dehradun,-,-,-,-,-,-,-,-,30.33775278,78.03311667,28-01-2026 12:00,285
6198,Yamuna Colony,Uttarakhand,5,Uttarakhand,49,Dehradun,Dehradun,-,-,-,-,-,-,-,-,30.33775278,78.03311667,28-01-2026 14:00,290
6199,Yamuna Colony,Uttarakhand,5,Uttarakhand,49,Dehradun,Dehradun,-,-,-,-,-,-,-,-,30.33775278,78.03311667,28-01-2026 15:00,286.5
6200,Yamuna Colony,Uttarakhand,5,Uttarakhand,49,Dehradun,Dehradun,-,-,-,-,-,-,-,-,30.33775278,78.03311667,28-01-2026 16:00,278.5
6201,Yamuna Colony,Uttarakhand,5,Uttarakhand,49,Dehradun,Dehradun,-,-,-,-,-,-,-,-,30.33775278,78.03311667,28-01-2026 17:00,271
6202,Yamuna Colony,Uttarakhand,5,Uttarakhand,49,Dehradun,Dehradun,-,-,-,-,-,-,-,-,30.33775278,78.03311667,28-01-2026 20:00,256.5
6203,Yamuna Colony,Uttarakhand,5,Uttarakhand,49,Dehradun,Dehradun,-,-,-,-,-,-,-,-,30.33775278,78.03311667,28-01-2026 23:00,246.5
6204,Yamuna Colony,Uttarakhand,5,Uttarakhand,49,Dehradun,Dehradun,-,-,-,-,-,-,-,-,30.33775278,78.03311667,29-01-2026 00:00,244
6205,Yamuna Colony,Uttarakhand,5,Uttarakhand,49,Dehradun,Dehradun,-,-,-,-,-,-,-,-,30.33775278,78.03311667,29-01-2026 01:00,245.5
6206,Yamuna Colony,Uttarakhand,5,Uttarakhand,49,Dehradun,Dehradun,-,-,-,-,-,-,-,-,30.33775278,78.03311667,29-01-2026 02:00,242
6207,Yamuna Colony,Uttarakhand,5,Uttarakhand,49,Dehradun,Dehradun,-,-,-,-,-,-,-,-,30.33775278,78.03311667,29-01-2026 05:00,231.5
6208,Yamuna Colony,Uttarakhand,5,Uttarakhand,49,Dehradun,Dehradun,-,-,-,-,-,-,-,-,30.33775278,78.03311667,29-01-2026 11:00,290
6209,Yamuna Colony,Uttarakhand,5,Uttarakhand,49,Dehradun,Dehradun,-,-,-,-,-,-,-,-,30.33775278,78.03311667,29-01-2026 12:00,296
6210,Yamuna Colony,Uttarakhand,5,Uttarakhand,49,Dehradun,Dehradun,-,-,-,-,-,-,-,-,30.33775278,78.03311667,29-01-2026 13:00,298.5
6211,Yamuna Colony,Uttarakhand,5,Uttarakhand,49,Dehradun,Dehradun,-,-,-,-,-,-,-,-,30.33775278,78.03311667,29-01-2026 19:00,256
6212,Yamuna Colony,Uttarakhand,5,Uttarakhand,49,Dehradun,Dehradun,-,-,-,-,-,-,-,-,30.33775278,78.03311667,29-01-2026 23:00,243.5
6213,Yamuna Colony,Uttarakhand,5,Uttarakhand,49,Dehradun,Dehradun,-,-,-,-,-,-,-,-,30.33775278,78.03311667,30-01-2026 03:00,238.5
6214,Yamuna Colony,Uttarakhand,5,Uttarakhand,49,Dehradun,Dehradun,-,-,-,-,-,-,-,-,30.33775278,78.03311667,30-01-2026 04:00,241
6215,Yamuna Colony,Uttarakhand,5,Uttarakhand,49,Dehradun,Dehradun,-,-,-,-,-,-,-,-,30.33775278,78.03311667,30-01-2026 08:00,268
6216,Yamuna Colony,Uttarakhand,5,Uttarakhand,49,Dehradun,Dehradun,-,-,-,-,-,-,-,-,30.33775278,78.03311667,30-01-2026 09:00,281
6217,Yamuna Colony,Uttarakhand,5,Uttarakhand,49,Dehradun,Dehradun,-,-,-,-,-,-,-,-,30.33775278,78.03311667,30-01-2026 13:00,300
6218,Yamuna Colony,Uttarakhand,5,Uttarakhand,49,Dehradun,Dehradun,-,-,-,-,-,-,-,-,30.33775278,78.03311667,30-01-2026 14:00,301.5
6219,Yamuna Colony,Uttarakhand,5,Uttarakhand,49,Dehradun,Dehradun,-,-,-,-,-,-,-,-,30.33775278,78.03311667,30-01-2026 19:00,268
6220,Yamuna Colony,Uttarakhand,5,Uttarakhand,49,Dehradun,Dehradun,-,-,-,-,-,-,-,-,30.33775278,78.03311667,30-01-2026 20:00,260.5
6221,Yamuna Colony,Uttarakhand,5,Uttarakhand,49,Dehradun,Dehradun,-,-,-,-,-,-,-,-,30.33775278,78.03311667,30-01-2026 21:00,254.5
6222,Yamuna Colony,Uttarakhand,5,Uttarakhand,49,Dehradun,Dehradun,-,-,-,-,-,-,-,-,30.33775278,78.03311667,30-01-2026 23:00,247.5
6223,Yamuna Colony,Uttarakhand,5,Uttarakhand,49,Dehradun,Dehradun,-,-,-,-,-,-,-,-,30.33775278,78.03311667,31-01-2026 01:00,240
6224,Yamuna Colony,Uttarakhand,5,Uttarakhand,49,Dehradun,Dehradun,-,-,-,-,-,-,-,-,30.33775278,78.03311667,31-01-2026 02:00,238.5
6225,Yamuna Colony,Uttarakhand,5,Uttarakhand,49,Dehradun,Dehradun,-,-,-,-,-,-,-,-,30.33775278,78.03311667,31-01-2026 04:00,232
6226,Yamuna Colony,Uttarakhand,5,Uttarakhand,49,Dehradun,Dehradun,-,-,-,-,-,-,-,-,30.33775278,78.03311667,31-01-2026 05:00,231.5
6227,Yamuna Colony,Uttarakhand,5,Uttarakhand,49,Dehradun,Dehradun,-,-,-,-,-,-,-,-,30.33775278,78.03311667,31-01-2026 06:00,228.5
6228,Yamuna Colony,Uttarakhand,5,Uttarakhand,49,Dehradun,Dehradun,-,-,-,-,-,-,-,-,30.33775278,78.03311667,31-01-2026 08:00,266.5
6229,Yamuna Colony,Uttarakhand,5,Uttarakhand,49,Dehradun,Dehradun,-,-,-,-,-,-,-,-,30.33775278,78.03311667,31-01-2026 09:00,277
6230,Yamuna Colony,Uttarakhand,5,Uttarakhand,49,Dehradun,Dehradun,-,-,-,-,-,-,-,-,30.33775278,78.03311667,31-01-2026 10:00,292.5
6231,Yamuna Colony,Uttarakhand,5,Uttarakhand,49,Dehradun,Dehradun,-,-,-,-,-,-,-,-,30.33775278,78.03311667,31-01-2026 13:00,305
6232,Yamuna Colony,Uttarakhand,5,Uttarakhand,49,Dehradun,Dehradun,-,-,-,-,-,-,-,-,30.33775278,78.03311667,31-01-2026 18:00,272
6233,Yamuna Colony,Uttarakhand,5,Uttarakhand,49,Dehradun,Dehradun,-,-,-,-,-,-,-,-,30.33775278,78.03311667,31-01-2026 19:00,268.5
6234,Yamuna Colony,Uttarakhand,5,Uttarakhand,49,Dehradun,Dehradun,-,-,-,-,-,-,-,-,30.33775278,78.03311667,01-02-2026 05:00,252
6235,Yamuna Colony,Uttarakhand,5,Uttarakhand,49,Dehradun,Dehradun,-,-,-,-,-,-,-,-,30.33775278,78.03311667,01-02-2026 06:00,252.5
6236,Yamuna Colony,Uttarakhand,5,Uttarakhand,49,Dehradun,Dehradun,-,-,-,-,-,-,-,-,30.33775278,78.03311667,01-02-2026 12:00,295.5
6237,Yamuna Colony,Uttarakhand,5,Uttarakhand,49,Dehradun,Dehradun,-,-,-,-,-,-,-,-,30.33775278,78.03311667,01-02-2026 21:00,266.5
6238,Yamuna Colony,Uttarakhand,5,Uttarakhand,49,Dehradun,Dehradun,-,-,-,-,-,-,-,-,30.33775278,78.03311667,02-02-2026 01:00,258
6239,Yamuna Colony,Uttarakhand,5,Uttarakhand,49,Dehradun,Dehradun,-,-,-,-,-,-,-,-,30.33775278,78.03311667,02-02-2026 05:00,248.5
6240,Yamuna Colony,Uttarakhand,5,Uttarakhand,49,Dehradun,Dehradun,-,-,-,-,-,-,-,-,30.33775278,78.03311667,02-02-2026 10:00,289
6241,Yamuna Colony,Uttarakhand,5,Uttarakhand,49,Dehradun,Dehradun,-,-,-,-,-,-,-,-,30.33775278,78.03311667,02-02-2026 16:00,291.5
6242,Yamuna Colony,Uttarakhand,5,Uttarakhand,49,Dehradun,Dehradun,-,-,-,-,-,-,-,-,30.33775278,78.03311667,02-02-2026 18:00,276.5
6243,Yamuna Colony,Uttarakhand,5,Uttarakhand,49,Dehradun,Dehradun,-,-,-,-,-,-,-,-,30.33775278,78.03311667,02-02-2026 21:00,266.5
6244,Yamuna Colony,Uttarakhand,5,Uttarakhand,49,Dehradun,Dehradun,-,-,-,-,-,-,-,-,30.33775278,78.03311667,03-02-2026 00:00,258
6245,Yamuna Colony,Uttarakhand,5,Uttarakhand,49,Dehradun,Dehradun,-,-,-,-,-,-,-,-,30.33775278,78.03311667,03-02-2026 01:00,256
6246,Yamuna Colony,Uttarakhand,5,Uttarakhand,49,Dehradun,Dehradun,-,-,-,-,-,-,-,-,30.33775278,78.03311667,03-02-2026 02:00,255.5
6247,Yamuna Colony,Uttarakhand,5,Uttarakhand,49,Dehradun,Dehradun,-,-,-,-,-,-,-,-,30.33775278,78.03311667,03-02-2026 15:00,287
6248,Yamuna Colony,Uttarakhand,5,Uttarakhand,49,Dehradun,Dehradun,-,-,-,-,-,-,-,-,30.33775278,78.03311667,03-02-2026 20:00,260
6249,Yamuna Colony,Uttarakhand,5,Uttarakhand,49,Dehradun,Dehradun,-,-,-,-,-,-,-,-,30.33775278,78.03311667,04-02-2026 02:00,243
6250,Yamuna Colony,Uttarakhand,5,Uttarakhand,49,Dehradun,Dehradun,-,-,-,-,-,-,-,-,30.33775278,78.03311667,04-02-2026 03:00,240
6251,Yamuna Colony,Uttarakhand,5,Uttarakhand,49,Dehradun,Dehradun,-,-,-,-,-,-,-,-,30.33775278,78.03311667,04-02-2026 05:00,236
6252,Yamuna Colony,Uttarakhand,5,Uttarakhand,49,Dehradun,Dehradun,-,-,-,-,-,-,-,-,30.33775278,78.03311667,04-02-2026 07:00,235.5
6253,Yamuna Colony,Uttarakhand,5,Uttarakhand,49,Dehradun,Dehradun,-,-,-,-,-,-,-,-,30.33775278,78.03311667,04-02-2026 08:00,267
6254,Yamuna Colony,Uttarakhand,5,Uttarakhand,49,Dehradun,Dehradun,-,-,-,-,-,-,-,-,30.33775278,78.03311667,04-02-2026 11:00,292
6255,Yamuna Colony,Uttarakhand,5,Uttarakhand,49,Dehradun,Dehradun,-,-,-,-,-,-,-,-,30.33775278,78.03311667,04-02-2026 17:00,283.5
6256,Yamuna Colony,Uttarakhand,5,Uttarakhand,49,Dehradun,Dehradun,-,-,-,-,-,-,-,-,30.33775278,78.03311667,05-02-2026 03:00,240
6257,Yamuna Colony,Uttarakhand,5,Uttarakhand,49,Dehradun,Dehradun,-,-,-,-,-,-,-,-,30.33775278,78.03311667,05-02-2026 04:00,236.5
6258,Yamuna Colony,Uttarakhand,5,Uttarakhand,49,Dehradun,Dehradun,-,-,-,-,-,-,-,-,30.33775278,78.03311667,05-02-2026 05:00,234
6259,Yamuna Colony,Uttarakhand,5,Uttarakhand,49,Dehradun,Dehradun,-,-,-,-,-,-,-,-,30.33775278,78.03311667,05-02-2026 07:00,236
6260,Yamuna Colony,Uttarakhand,5,Uttarakhand,49,Dehradun,Dehradun,-,-,-,-,-,-,-,-,30.33775278,78.03311667,05-02-2026 09:00,282
6261,Yamuna Colony,Uttarakhand,5,Uttarakhand,49,Dehradun,Dehradun,-,-,-,-,-,-,-,-,30.33775278,78.03311667,05-02-2026 10:00,295
6262,Yamuna Colony,Uttarakhand,5,Uttarakhand,49,Dehradun,Dehradun,-,-,-,-,-,-,-,-,30.33775278,78.03311667,05-02-2026 17:00,284
6263,Yamuna Colony,Uttarakhand,5,Uttarakhand,49,Dehradun,Dehradun,-,-,-,-,-,-,-,-,30.33775278,78.03311667,05-02-2026 18:00,275.5
6264,Yamuna Colony,Uttarakhand,5,Uttarakhand,49,Dehradun,Dehradun,-,-,-,-,-,-,-,-,30.33775278,78.03311667,05-02-2026 23:00,250
6265,Yamuna Colony,Uttarakhand,5,Uttarakhand,49,Dehradun,Dehradun,-,-,-,-,-,-,-,-,30.33775278,78.03311667,06-02-2026 01:00,243
6266,Yamuna Colony,Uttarakhand,5,Uttarakhand,49,Dehradun,Dehradun,-,-,-,-,-,-,-,-,30.33775278,78.03311667,06-02-2026 02:00,240.5
6267,Yamuna Colony,Uttarakhand,5,Uttarakhand,49,Dehradun,Dehradun,-,-,-,-,-,-,-,-,30.33775278,78.03311667,06-02-2026 06:00,232.5
6268,Yamuna Colony,Uttarakhand,5,Uttarakhand,49,Dehradun,Dehradun,-,-,-,-,-,-,-,-,30.33775278,78.03311667,06-02-2026 09:00,283
6269,Yamuna Colony,Uttarakhand,5,Uttarakhand,49,Dehradun,Dehradun,-,-,-,-,-,-,-,-,30.33775278,78.03311667,06-02-2026 12:00,303.5
6270,Yamuna Colony,Uttarakhand,5,Uttarakhand,49,Dehradun,Dehradun,-,-,-,-,-,-,-,-,30.33775278,78.03311667,06-02-2026 18:00,272.5
6271,Yamuna Colony,Uttarakhand,5,Uttarakhand,49,Dehradun,Dehradun,-,-,-,-,-,-,-,-,30.33775278,78.03311667,06-02-2026 20:00,261
6272,Yamuna Colony,Uttarakhand,5,Uttarakhand,49,Dehradun,Dehradun,-,-,-,-,-,-,-,-,30.33775278,78.03311667,06-02-2026 23:00,251.5
6273,Yamuna Colony,Uttarakhand,5,Uttarakhand,49,Dehradun,Dehradun,-,-,-,-,-,-,-,-,30.33775278,78.03311667,07-02-2026 00:00,247
6274,Yamuna Colony,Uttarakhand,5,Uttarakhand,49,Dehradun,Dehradun,-,-,-,-,-,-,-,-,30.33775278,78.03311667,07-02-2026 02:00,243.5
6275,Yamuna Colony,Uttarakhand,5,Uttarakhand,49,Dehradun,Dehradun,-,-,-,-,-,-,-,-,30.33775278,78.03311667,07-02-2026 07:00,242
6276,Yamuna Colony,Uttarakhand,5,Uttarakhand,49,Dehradun,Dehradun,-,-,-,-,-,-,-,-,30.33775278,78.03311667,07-02-2026 10:00,296.5
6277,Yamuna Colony,Uttarakhand,5,Uttarakhand,49,Dehradun,Dehradun,-,-,-,-,-,-,-,-,30.33775278,78.03311667,07-02-2026 11:00,298
6278,Yamuna Colony,Uttarakhand,5,Uttarakhand,49,Dehradun,Dehradun,-,-,-,-,-,-,-,-,30.33775278,78.03311667,07-02-2026 15:00,303.5
6279,Yamuna Colony,Uttarakhand,5,Uttarakhand,49,Dehradun,Dehradun,-,-,-,-,-,-,-,-,30.33775278,78.03311667,07-02-2026 17:00,290.5
6280,Yamuna Colony,Uttarakhand,5,Uttarakhand,49,Dehradun,Dehradun,-,-,-,-,-,-,-,-,30.33775278,78.03311667,07-02-2026 20:00,264
6281,Yamuna Colony,Uttarakhand,5,Uttarakhand,49,Dehradun,Dehradun,-,-,-,-,-,-,-,-,30.33775278,78.03311667,07-02-2026 22:00,256.5
6282,Yamuna Colony,Uttarakhand,5,Uttarakhand,49,Dehradun,Dehradun,-,-,-,-,-,-,-,-,30.33775278,78.03311667,08-02-2026 01:00,248
6283,Yamuna Colony,Uttarakhand,5,Uttarakhand,49,Dehradun,Dehradun,-,-,-,-,-,-,-,-,30.33775278,78.03311667,08-02-2026 03:00,242
6284,Yamuna Colony,Uttarakhand,5,Uttarakhand,49,Dehradun,Dehradun,-,-,-,-,-,-,-,-,30.33775278,78.03311667,08-02-2026 05:00,239
6285,Yamuna Colony,Uttarakhand,5,Uttarakhand,49,Dehradun,Dehradun,-,-,-,-,-,-,-,-,30.33775278,78.03311667,08-02-2026 07:00,239.5
6286,Yamuna Colony,Uttarakhand,5,Uttarakhand,49,Dehradun,Dehradun,-,-,-,-,-,-,-,-,30.33775278,78.03311667,08-02-2026 10:00,296.5
6287,Yamuna Colony,Uttarakhand,5,Uttarakhand,49,Dehradun,Dehradun,-,-,-,-,-,-,-,-,30.33775278,78.03311667,08-02-2026 15:00,303.5
6288,Yamuna Colony,Uttarakhand,5,Uttarakhand,49,Dehradun,Dehradun,-,-,-,-,-,-,-,-,30.33775278,78.03311667,08-02-2026 16:00,295
6289,Yamuna Colony,Uttarakhand,5,Uttarakhand,49,Dehradun,Dehradun,-,-,-,-,-,-,-,-,30.33775278,78.03311667,08-02-2026 22:00,260.5
6290,Yamuna Colony,Uttarakhand,5,Uttarakhand,49,Dehradun,Dehradun,-,-,-,-,-,-,-,-,30.33775278,78.03311667,09-02-2026 00:00,255
6291,Yamuna Colony,Uttarakhand,5,Uttarakhand,49,Dehradun,Dehradun,-,-,-,-,-,-,-,-,30.33775278,78.03311667,09-02-2026 01:00,257
6292,Yamuna Colony,Uttarakhand,5,Uttarakhand,49,Dehradun,Dehradun,-,-,-,-,-,-,-,-,30.33775278,78.03311667,09-02-2026 02:00,255
6293,Yamuna Colony,Uttarakhand,5,Uttarakhand,49,Dehradun,Dehradun,-,-,-,-,-,-,-,-,30.33775278,78.03311667,09-02-2026 05:00,255.5
6294,Yamuna Colony,Uttarakhand,5,Uttarakhand,49,Dehradun,Dehradun,-,-,-,-,-,-,-,-,30.33775278,78.03311667,09-02-2026 08:00,267.5
6295,Yamuna Colony,Uttarakhand,5,Uttarakhand,49,Dehradun,Dehradun,-,-,-,-,-,-,-,-,30.33775278,78.03311667,09-02-2026 09:00,275.5
6296,Yamuna Colony,Uttarakhand,5,Uttarakhand,49,Dehradun,Dehradun,-,-,-,-,-,-,-,-,30.33775278,78.03311667,09-02-2026 15:00,292
6297,Yamuna Colony,Uttarakhand,5,Uttarakhand,49,Dehradun,Dehradun,-,-,-,-,-,-,-,-,30.33775278,78.03311667,09-02-2026 21:00,262.5
6298,Yamuna Colony,Uttarakhand,5,Uttarakhand,49,Dehradun,Dehradun,-,-,-,-,-,-,-,-,30.33775278,78.03311667,09-02-2026 22:00,261
6299,Yamuna Colony,Uttarakhand,5,Uttarakhand,49,Dehradun,Dehradun,-,-,-,-,-,-,-,-,30.33775278,78.03311667,10-02-2026 02:00,246
6300,Yamuna Colony,Uttarakhand,5,Uttarakhand,49,Dehradun,Dehradun,-,-,-,-,-,-,-,-,30.33775278,78.03311667,10-02-2026 03:00,251.5
6301,Yamuna Colony,Uttarakhand,5,Uttarakhand,49,Dehradun,Dehradun,-,-,-,-,-,-,-,-,30.33775278,78.03311667,10-02-2026 07:00,246
6302,Yamuna Colony,Uttarakhand,5,Uttarakhand,49,Dehradun,Dehradun,-,-,-,-,-,-,-,-,30.33775278,78.03311667,10-02-2026 08:00,280
6303,Yamuna Colony,Uttarakhand,5,Uttarakhand,49,Dehradun,Dehradun,-,-,-,-,-,-,-,-,30.33775278,78.03311667,11-02-2026 09:00,297.5
6304,Yamuna Colony,Uttarakhand,5,Uttarakhand,49,Dehradun,Dehradun,-,-,-,-,-,-,-,-,30.33775278,78.03311667,11-02-2026 12:00,309.5
6305,Yamuna Colony,Uttarakhand,5,Uttarakhand,49,Dehradun,Dehradun,-,-,-,-,-,-,-,-,30.33775278,78.03311667,11-02-2026 13:00,314.5
6306,Yamuna Colony,Uttarakhand,5,Uttarakhand,49,Dehradun,Dehradun,-,-,-,-,-,-,-,-,30.33775278,78.03311667,11-02-2026 17:00,292
6307,Yamuna Colony,Uttarakhand,5,Uttarakhand,49,Dehradun,Dehradun,-,-,-,-,-,-,-,-,30.33775278,78.03311667,11-02-2026 19:00,270.5
6308,Yamuna Colony,Uttarakhand,5,Uttarakhand,49,Dehradun,Dehradun,-,-,-,-,-,-,-,-,30.33775278,78.03311667,12-02-2026 01:00,251
6309,Yamuna Colony,Uttarakhand,5,Uttarakhand,49,Dehradun,Dehradun,-,-,-,-,-,-,-,-,30.33775278,78.03311667,12-02-2026 02:00,248
6310,Yamuna Colony,Uttarakhand,5,Uttarakhand,49,Dehradun,Dehradun,-,-,-,-,-,-,-,-,30.33775278,78.03311667,12-02-2026 04:00,242.5
6311,Yamuna Colony,Uttarakhand,5,Uttarakhand,49,Dehradun,Dehradun,-,-,-,-,-,-,-,-,30.33775278,78.03311667,12-02-2026 05:00,243
6312,Yamuna Colony,Uttarakhand,5,Uttarakhand,49,Dehradun,Dehradun,-,-,-,-,-,-,-,-,30.33775278,78.03311667,12-02-2026 06:00,239.5
6313,Yamuna Colony,Uttarakhand,5,Uttarakhand,49,Dehradun,Dehradun,-,-,-,-,-,-,-,-,30.33775278,78.03311667,12-02-2026 10:00,299
6314,Yamuna Colony,Uttarakhand,5,Uttarakhand,49,Dehradun,Dehradun,-,-,-,-,-,-,-,-,30.33775278,78.03311667,12-02-2026 16:00,298.5
6315,Yamuna Colony,Uttarakhand,5,Uttarakhand,49,Dehradun,Dehradun,-,-,-,-,-,-,-,-,30.33775278,78.03311667,12-02-2026 17:00,288
6316,Yamuna Colony,Uttarakhand,5,Uttarakhand,49,Dehradun,Dehradun,-,-,-,-,-,-,-,-,30.33775278,78.03311667,12-02-2026 21:00,264
6317,Yamuna Colony,Uttarakhand,5,Uttarakhand,49,Dehradun,Dehradun,-,-,-,-,-,-,-,-,30.33775278,78.03311667,12-02-2026 22:00,261.5
6318,Yamuna Colony,Uttarakhand,5,Uttarakhand,49,Dehradun,Dehradun,-,-,-,-,-,-,-,-,30.33775278,78.03311667,13-02-2026 00:00,258
6319,Yamuna Colony,Uttarakhand,5,Uttarakhand,49,Dehradun,Dehradun,-,-,-,-,-,-,-,-,30.33775278,78.03311667,13-02-2026 04:00,253.5
6320,Yamuna Colony,Uttarakhand,5,Uttarakhand,49,Dehradun,Dehradun,-,-,-,-,-,-,-,-,30.33775278,78.03311667,13-02-2026 07:00,252.5
6321,Yamuna Colony,Uttarakhand,5,Uttarakhand,49,Dehradun,Dehradun,-,-,-,-,-,-,-,-,30.33775278,78.03311667,13-02-2026 09:00,289
6322,Yamuna Colony,Uttarakhand,5,Uttarakhand,49,Dehradun,Dehradun,-,-,-,-,-,-,-,-,30.33775278,78.03311667,13-02-2026 10:00,295.5
6323,Yamuna Colony,Uttarakhand,5,Uttarakhand,49,Dehradun,Dehradun,-,-,-,-,-,-,-,-,30.33775278,78.03311667,13-02-2026 13:00,305
6324,Yamuna Colony,Uttarakhand,5,Uttarakhand,49,Dehradun,Dehradun,-,-,-,-,-,-,-,-,30.33775278,78.03311667,13-02-2026 16:00,297
6325,Yamuna Colony,Uttarakhand,5,Uttarakhand,49,Dehradun,Dehradun,-,-,-,-,-,-,-,-,30.33775278,78.03311667,14-02-2026 00:00,268.5
6326,Yamuna Colony,Uttarakhand,5,Uttarakhand,49,Dehradun,Dehradun,-,-,-,-,-,-,-,-,30.33775278,78.03311667,14-02-2026 02:00,261.5
6327,Yamuna Colony,Uttarakhand,5,Uttarakhand,49,Dehradun,Dehradun,-,-,-,-,-,-,-,-,30.33775278,78.03311667,14-02-2026 03:00,258.5
6328,Yamuna Colony,Uttarakhand,5,Uttarakhand,49,Dehradun,Dehradun,-,-,-,-,-,-,-,-,30.33775278,78.03311667,14-02-2026 11:00,303.5
6329,Yamuna Colony,Uttarakhand,5,Uttarakhand,49,Dehradun,Dehradun,-,-,-,-,-,-,-,-,30.33775278,78.03311667,14-02-2026 13:00,310.5
6330,Yamuna Colony,Uttarakhand,5,Uttarakhand,49,Dehradun,Dehradun,-,-,-,-,-,-,-,-,30.33775278,78.03311667,14-02-2026 14:00,309.5
6331,Yamuna Colony,Uttarakhand,5,Uttarakhand,49,Dehradun,Dehradun,-,-,-,-,-,-,-,-,30.33775278,78.03311667,14-02-2026 22:00,267
6332,Yamuna Colony,Uttarakhand,5,Uttarakhand,49,Dehradun,Dehradun,-,-,-,-,-,-,-,-,30.33775278,78.03311667,15-02-2026 02:00,257.5
6333,Yamuna Colony,Uttarakhand,5,Uttarakhand,49,Dehradun,Dehradun,-,-,-,-,-,-,-,-,30.33775278,78.03311667,15-02-2026 03:00,254.5
6334,Yamuna Colony,Uttarakhand,5,Uttarakhand,49,Dehradun,Dehradun,-,-,-,-,-,-,-,-,30.33775278,78.03311667,15-02-2026 06:00,250
6335,Yamuna Colony,Uttarakhand,5,Uttarakhand,49,Dehradun,Dehradun,-,-,-,-,-,-,-,-,30.33775278,78.03311667,15-02-2026 15:00,309.5
6336,Yamuna Colony,Uttarakhand,5,Uttarakhand,49,Dehradun,Dehradun,-,-,-,-,-,-,-,-,30.33775278,78.03311667,15-02-2026 16:00,303.5
6337,Yamuna Colony,Uttarakhand,5,Uttarakhand,49,Dehradun,Dehradun,-,-,-,-,-,-,-,-,30.33775278,78.03311667,15-02-2026 19:00,278
6338,Yamuna Colony,Uttarakhand,5,Uttarakhand,49,Dehradun,Dehradun,-,-,-,-,-,-,-,-,30.33775278,78.03311667,15-02-2026 21:00,270.5
6339,Yamuna Colony,Uttarakhand,5,Uttarakhand,49,Dehradun,Dehradun,-,-,-,-,-,-,-,-,30.33775278,78.03311667,16-02-2026 02:00,257
6340,Yamuna Colony,Uttarakhand,5,Uttarakhand,49,Dehradun,Dehradun,-,-,-,-,-,-,-,-,30.33775278,78.03311667,16-02-2026 09:00,292.5
6341,Yamuna Colony,Uttarakhand,5,Uttarakhand,49,Dehradun,Dehradun,-,-,-,-,-,-,-,-,30.33775278,78.03311667,16-02-2026 11:00,315
6342,Yamuna Colony,Uttarakhand,5,Uttarakhand,49,Dehradun,Dehradun,-,-,-,-,-,-,-,-,30.33775278,78.03311667,16-02-2026 12:00,311.5
6343,Yamuna Colony,Uttarakhand,5,Uttarakhand,49,Dehradun,Dehradun,-,-,-,-,-,-,-,-,30.33775278,78.03311667,16-02-2026 13:00,318
6344,Yamuna Colony,Uttarakhand,5,Uttarakhand,49,Dehradun,Dehradun,-,-,-,-,-,-,-,-,30.33775278,78.03311667,16-02-2026 14:00,317
6345,Yamuna Colony,Uttarakhand,5,Uttarakhand,49,Dehradun,Dehradun,-,-,-,-,-,-,-,-,30.33775278,78.03311667,16-02-2026 15:00,316
6346,Yamuna Colony,Uttarakhand,5,Uttarakhand,49,Dehradun,Dehradun,-,-,-,-,-,-,-,-,30.33775278,78.03311667,16-02-2026 17:00,298.5
6347,Yamuna Colony,Uttarakhand,5,Uttarakhand,49,Dehradun,Dehradun,-,-,-,-,-,-,-,-,30.33775278,78.03311667,16-02-2026 18:00,283.5
6348,Yamuna Colony,Uttarakhand,5,Uttarakhand,49,Dehradun,Dehradun,-,-,-,-,-,-,-,-,30.33775278,78.03311667,16-02-2026 19:00,277
6349,Yamuna Colony,Uttarakhand,5,Uttarakhand,49,Dehradun,Dehradun,-,-,-,-,-,-,-,-,30.33775278,78.03311667,16-02-2026 21:00,275
6350,Yamuna Colony,Uttarakhand,5,Uttarakhand,49,Dehradun,Dehradun,-,-,-,-,-,-,-,-,30.33775278,78.03311667,16-02-2026 22:00,274
6351,Yamuna Colony,Uttarakhand,5,Uttarakhand,49,Dehradun,Dehradun,-,-,-,-,-,-,-,-,30.33775278,78.03311667,17-02-2026 01:00,266
6352,Yamuna Colony,Uttarakhand,5,Uttarakhand,49,Dehradun,Dehradun,-,-,-,-,-,-,-,-,30.33775278,78.03311667,17-02-2026 03:00,256.5
6353,Yamuna Colony,Uttarakhand,5,Uttarakhand,49,Dehradun,Dehradun,-,-,-,-,-,-,-,-,30.33775278,78.03311667,17-02-2026 05:00,252.5
6354,Yamuna Colony,Uttarakhand,5,Uttarakhand,49,Dehradun,Dehradun,-,-,-,-,-,-,-,-,30.33775278,78.03311667,17-02-2026 09:00,304
6355,Yamuna Colony,Uttarakhand,5,Uttarakhand,49,Dehradun,Dehradun,-,-,-,-,-,-,-,-,30.33775278,78.03311667,17-02-2026 11:00,313
6356,Yamuna Colony,Uttarakhand,5,Uttarakhand,49,Dehradun,Dehradun,-,-,-,-,-,-,-,-,30.33775278,78.03311667,17-02-2026 12:00,317
6357,Yamuna Colony,Uttarakhand,5,Uttarakhand,49,Dehradun,Dehradun,-,-,-,-,-,-,-,-,30.33775278,78.03311667,17-02-2026 16:00,313.5
6358,Yamuna Colony,Uttarakhand,5,Uttarakhand,49,Dehradun,Dehradun,-,-,-,-,-,-,-,-,30.33775278,78.03311667,17-02-2026 18:00,288
6359,Yamuna Colony,Uttarakhand,5,Uttarakhand,49,Dehradun,Dehradun,-,-,-,-,-,-,-,-,30.33775278,78.03311667,17-02-2026 19:00,276
6360,Yamuna Colony,Uttarakhand,5,Uttarakhand,49,Dehradun,Dehradun,-,-,-,-,-,-,-,-,30.33775278,78.03311667,18-02-2026 01:00,260.5
6361,Yamuna Colony,Uttarakhand,5,Uttarakhand,49,Dehradun,Dehradun,-,-,-,-,-,-,-,-,30.33775278,78.03311667,18-02-2026 07:00,265.5
6362,Yamuna Colony,Uttarakhand,5,Uttarakhand,49,Dehradun,Dehradun,-,-,-,-,-,-,-,-,30.33775278,78.03311667,18-02-2026 09:00,279.5
6363,Yamuna Colony,Uttarakhand,5,Uttarakhand,49,Dehradun,Dehradun,-,-,-,-,-,-,-,-,30.33775278,78.03311667,18-02-2026 11:00,289.5
6364,Yamuna Colony,Uttarakhand,5,Uttarakhand,49,Dehradun,Dehradun,-,-,-,-,-,-,-,-,30.33775278,78.03311667,18-02-2026 14:00,308.5
6365,Yamuna Colony,Uttarakhand,5,Uttarakhand,49,Dehradun,Dehradun,-,-,-,-,-,-,-,-,30.33775278,78.03311667,18-02-2026 16:00,302.5
6366,Yamuna Colony,Uttarakhand,5,Uttarakhand,49,Dehradun,Dehradun,-,-,-,-,-,-,-,-,30.33775278,78.03311667,18-02-2026 17:00,287
6367,Yamuna Colony,Uttarakhand,5,Uttarakhand,49,Dehradun,Dehradun,-,-,-,-,-,-,-,-,30.33775278,78.03311667,18-02-2026 19:00,279.5
6368,Yamuna Colony,Uttarakhand,5,Uttarakhand,49,Dehradun,Dehradun,-,-,-,-,-,-,-,-,30.33775278,78.03311667,19-02-2026 02:00,268
6369,Yamuna Colony,Uttarakhand,5,Uttarakhand,49,Dehradun,Dehradun,-,-,-,-,-,-,-,-,30.33775278,78.03311667,19-02-2026 04:00,265.5
6370,Yamuna Colony,Uttarakhand,5,Uttarakhand,49,Dehradun,Dehradun,-,-,-,-,-,-,-,-,30.33775278,78.03311667,19-02-2026 06:00,263
6371,Yamuna Colony,Uttarakhand,5,Uttarakhand,49,Dehradun,Dehradun,-,-,-,-,-,-,-,-,30.33775278,78.03311667,19-02-2026 11:00,285.5
6372,Yamuna Colony,Uttarakhand,5,Uttarakhand,49,Dehradun,Dehradun,-,-,-,-,-,-,-,-,30.33775278,78.03311667,19-02-2026 13:00,314
6373,Yamuna Colony,Uttarakhand,5,Uttarakhand,49,Dehradun,Dehradun,-,-,-,-,-,-,-,-,30.33775278,78.03311667,19-02-2026 16:00,307.5
6374,Yamuna Colony,Uttarakhand,5,Uttarakhand,49,Dehradun,Dehradun,-,-,-,-,-,-,-,-,30.33775278,78.03311667,19-02-2026 23:00,272
6375,Yamuna Colony,Uttarakhand,5,Uttarakhand,49,Dehradun,Dehradun,-,-,-,-,-,-,-,-,30.33775278,78.03311667,20-02-2026 02:00,256
6376,Yamuna Colony,Uttarakhand,5,Uttarakhand,49,Dehradun,Dehradun,-,-,-,-,-,-,-,-,30.33775278,78.03311667,20-02-2026 04:00,251
6377,Yamuna Colony,Uttarakhand,5,Uttarakhand,49,Dehradun,Dehradun,-,-,-,-,-,-,-,-,30.33775278,78.03311667,20-02-2026 05:00,249
6378,Yamuna Colony,Uttarakhand,5,Uttarakhand,49,Dehradun,Dehradun,-,-,-,-,-,-,-,-,30.33775278,78.03311667,20-02-2026 06:00,249.5
6379,Yamuna Colony,Uttarakhand,5,Uttarakhand,49,Dehradun,Dehradun,-,-,-,-,-,-,-,-,30.33775278,78.03311667,20-02-2026 07:00,253.5
6380,Yamuna Colony,Uttarakhand,5,Uttarakhand,49,Dehradun,Dehradun,-,-,-,-,-,-,-,-,30.33775278,78.03311667,20-02-2026 09:00,297
6381,Yamuna Colony,Uttarakhand,5,Uttarakhand,49,Dehradun,Dehradun,-,-,-,-,-,-,-,-,30.33775278,78.03311667,20-02-2026 13:00,323
6382,Yamuna Colony,Uttarakhand,5,Uttarakhand,49,Dehradun,Dehradun,-,-,-,-,-,-,-,-,30.33775278,78.03311667,20-02-2026 15:00,320.5
6383,Yamuna Colony,Uttarakhand,5,Uttarakhand,49,Dehradun,Dehradun,-,-,-,-,-,-,-,-,30.33775278,78.03311667,20-02-2026 16:00,313.5
6384,Yamuna Colony,Uttarakhand,5,Uttarakhand,49,Dehradun,Dehradun,-,-,-,-,-,-,-,-,30.33775278,78.03311667,20-02-2026 17:00,305
6385,Yamuna Colony,Uttarakhand,5,Uttarakhand,49,Dehradun,Dehradun,-,-,-,-,-,-,-,-,30.33775278,78.03311667,20-02-2026 19:00,285
6386,Yamuna Colony,Uttarakhand,5,Uttarakhand,49,Dehradun,Dehradun,-,-,-,-,-,-,-,-,30.33775278,78.03311667,20-02-2026 20:00,278.5
6387,Yamuna Colony,Uttarakhand,5,Uttarakhand,49,Dehradun,Dehradun,-,-,-,-,-,-,-,-,30.33775278,78.03311667,21-02-2026 00:00,270
6388,Yamuna Colony,Uttarakhand,5,Uttarakhand,49,Dehradun,Dehradun,-,-,-,-,-,-,-,-,30.33775278,78.03311667,21-02-2026 02:00,263.5
6389,Yamuna Colony,Uttarakhand,5,Uttarakhand,49,Dehradun,Dehradun,-,-,-,-,-,-,-,-,30.33775278,78.03311667,21-02-2026 03:00,261
6390,Yamuna Colony,Uttarakhand,5,Uttarakhand,49,Dehradun,Dehradun,-,-,-,-,-,-,-,-,30.33775278,78.03311667,21-02-2026 06:00,255
6391,Yamuna Colony,Uttarakhand,5,Uttarakhand,49,Dehradun,Dehradun,-,-,-,-,-,-,-,-,30.33775278,78.03311667,21-02-2026 12:00,315.5
6392,Yamuna Colony,Uttarakhand,5,Uttarakhand,49,Dehradun,Dehradun,-,-,-,-,-,-,-,-,30.33775278,78.03311667,21-02-2026 15:00,314.5
6393,Yamuna Colony,Uttarakhand,5,Uttarakhand,49,Dehradun,Dehradun,-,-,-,-,-,-,-,-,30.33775278,78.03311667,21-02-2026 16:00,308.5
6394,Yamuna Colony,Uttarakhand,5,Uttarakhand,49,Dehradun,Dehradun,-,-,-,-,-,-,-,-,30.33775278,78.03311667,21-02-2026 18:00,293
6395,Yamuna Colony,Uttarakhand,5,Uttarakhand,49,Dehradun,Dehradun,-,-,-,-,-,-,-,-,30.33775278,78.03311667,21-02-2026 19:00,288
6396,Yamuna Colony,Uttarakhand,5,Uttarakhand,49,Dehradun,Dehradun,-,-,-,-,-,-,-,-,30.33775278,78.03311667,21-02-2026 20:00,279.5
6397,Yamuna Colony,Uttarakhand,5,Uttarakhand,49,Dehradun,Dehradun,-,-,-,-,-,-,-,-,30.33775278,78.03311667,21-02-2026 21:00,275.5
6398,Yamuna Colony,Uttarakhand,5,Uttarakhand,49,Dehradun,Dehradun,-,-,-,-,-,-,-,-,30.33775278,78.03311667,21-02-2026 22:00,274
6399,Yamuna Colony,Uttarakhand,5,Uttarakhand,49,Dehradun,Dehradun,-,-,-,-,-,-,-,-,30.33775278,78.03311667,21-02-2026 23:00,272
6400,Yamuna Colony,Uttarakhand,5,Uttarakhand,49,Dehradun,Dehradun,-,-,-,-,-,-,-,-,30.33775278,78.03311667,22-02-2026 02:00,263
6401,Yamuna Colony,Uttarakhand,5,Uttarakhand,49,Dehradun,Dehradun,-,-,-,-,-,-,-,-,30.33775278,78.03311667,22-02-2026 03:00,261
6402,Yamuna Colony,Uttarakhand,5,Uttarakhand,49,Dehradun,Dehradun,-,-,-,-,-,-,-,-,30.33775278,78.03311667,22-02-2026 06:00,255.5
6403,Yamuna Colony,Uttarakhand,5,Uttarakhand,49,Dehradun,Dehradun,-,-,-,-,-,-,-,-,30.33775278,78.03311667,22-02-2026 08:00,283
6404,Yamuna Colony,Uttarakhand,5,Uttarakhand,49,Dehradun,Dehradun,-,-,-,-,-,-,-,-,30.33775278,78.03311667,22-02-2026 12:00,309.5
6405,Yamuna Colony,Uttarakhand,5,Uttarakhand,49,Dehradun,Dehradun,-,-,-,-,-,-,-,-,30.33775278,78.03311667,22-02-2026 13:00,315.5
6406,Yamuna Colony,Uttarakhand,5,Uttarakhand,49,Dehradun,Dehradun,-,-,-,-,-,-,-,-,30.33775278,78.03311667,22-02-2026 16:00,305
6407,Yamuna Colony,Uttarakhand,5,Uttarakhand,49,Dehradun,Dehradun,-,-,-,-,-,-,-,-,30.33775278,78.03311667,22-02-2026 18:00,294
6408,Yamuna Colony,Uttarakhand,5,Uttarakhand,49,Dehradun,Dehradun,-,-,-,-,-,-,-,-,30.33775278,78.03311667,23-02-2026 01:00,270.5
6409,Yamuna Colony,Uttarakhand,5,Uttarakhand,49,Dehradun,Dehradun,-,-,-,-,-,-,-,-,30.33775278,78.03311667,23-02-2026 05:00,259
6410,Yamuna Colony,Uttarakhand,5,Uttarakhand,49,Dehradun,Dehradun,-,-,-,-,-,-,-,-,30.33775278,78.03311667,23-02-2026 07:00,263.5
6411,Yamuna Colony,Uttarakhand,5,Uttarakhand,49,Dehradun,Dehradun,-,-,-,-,-,-,-,-,30.33775278,78.03311667,23-02-2026 09:00,296.5
6412,Yamuna Colony,Uttarakhand,5,Uttarakhand,49,Dehradun,Dehradun,-,-,-,-,-,-,-,-,30.33775278,78.03311667,23-02-2026 12:00,314
6413,Yamuna Colony,Uttarakhand,5,Uttarakhand,49,Dehradun,Dehradun,-,-,-,-,-,-,-,-,30.33775278,78.03311667,23-02-2026 16:00,310.5
6414,Yamuna Colony,Uttarakhand,5,Uttarakhand,49,Dehradun,Dehradun,-,-,-,-,-,-,-,-,30.33775278,78.03311667,23-02-2026 23:00,275
6415,Yamuna Colony,Uttarakhand,5,Uttarakhand,49,Dehradun,Dehradun,-,-,-,-,-,-,-,-,30.33775278,78.03311667,24-02-2026 04:00,267.5
6416,Yamuna Colony,Uttarakhand,5,Uttarakhand,49,Dehradun,Dehradun,-,-,-,-,-,-,-,-,30.33775278,78.03311667,24-02-2026 05:00,267.5
6417,Yamuna Colony,Uttarakhand,5,Uttarakhand,49,Dehradun,Dehradun,-,-,-,-,-,-,-,-,30.33775278,78.03311667,24-02-2026 08:00,289.5
6418,Yamuna Colony,Uttarakhand,5,Uttarakhand,49,Dehradun,Dehradun,-,-,-,-,-,-,-,-,30.33775278,78.03311667,24-02-2026 09:00,301.5
6419,Yamuna Colony,Uttarakhand,5,Uttarakhand,49,Dehradun,Dehradun,-,-,-,-,-,-,-,-,30.33775278,78.03311667,24-02-2026 12:00,315
6420,Yamuna Colony,Uttarakhand,5,Uttarakhand,49,Dehradun,Dehradun,-,-,-,-,-,-,-,-,30.33775278,78.03311667,24-02-2026 14:00,319.5
6421,Yamuna Colony,Uttarakhand,5,Uttarakhand,49,Dehradun,Dehradun,-,-,-,-,-,-,-,-,30.33775278,78.03311667,24-02-2026 16:00,310
6422,Yamuna Colony,Uttarakhand,5,Uttarakhand,49,Dehradun,Dehradun,-,-,-,-,-,-,-,-,30.33775278,78.03311667,25-02-2026 05:00,261.5
6423,Yamuna Colony,Uttarakhand,5,Uttarakhand,49,Dehradun,Dehradun,-,-,-,-,-,-,-,-,30.33775278,78.03311667,27-02-2026 16:00,160
6424,Yamuna Colony,Uttarakhand,5,Uttarakhand,49,Dehradun,Dehradun,-,-,-,-,-,-,-,-,30.33775278,78.03311667,19-03-2026 09:00,316.5
6425,Yamuna Colony,Uttarakhand,5,Uttarakhand,49,Dehradun,Dehradun,-,-,-,-,-,-,-,-,30.33775278,78.03311667,19-03-2026 11:00,323
6426,Yamuna Colony,Uttarakhand,5,Uttarakhand,49,Dehradun,Dehradun,-,-,-,-,-,-,-,-,30.33775278,78.03311667,19-03-2026 12:00,321.5
6427,Yamuna Colony,Uttarakhand,5,Uttarakhand,49,Dehradun,Dehradun,-,-,-,-,-,-,-,-,30.33775278,78.03311667,19-03-2026 17:00,294.5
6428,Yamuna Colony,Uttarakhand,5,Uttarakhand,49,Dehradun,Dehradun,-,-,-,-,-,-,-,-,30.33775278,78.03311667,19-03-2026 20:00,277
6429,Yamuna Colony,Uttarakhand,5,Uttarakhand,49,Dehradun,Dehradun,-,-,-,-,-,-,-,-,30.33775278,78.03311667,19-03-2026 21:00,276.5
6430,Yamuna Colony,Uttarakhand,5,Uttarakhand,49,Dehradun,Dehradun,-,-,-,-,-,-,-,-,30.33775278,78.03311667,19-03-2026 22:00,274
6431,Yamuna Colony,Uttarakhand,5,Uttarakhand,49,Dehradun,Dehradun,-,-,-,-,-,-,-,-,30.33775278,78.03311667,20-03-2026 01:00,272
6432,Yamuna Colony,Uttarakhand,5,Uttarakhand,49,Dehradun,Dehradun,-,-,-,-,-,-,-,-,30.33775278,78.03311667,20-03-2026 06:00,272
6433,Yamuna Colony,Uttarakhand,5,Uttarakhand,49,Dehradun,Dehradun,-,-,-,-,-,-,-,-,30.33775278,78.03311667,20-03-2026 08:00,281.5
6434,Yamuna Colony,Uttarakhand,5,Uttarakhand,49,Dehradun,Dehradun,-,-,-,-,-,-,-,-,30.33775278,78.03311667,20-03-2026 10:00,273
6435,Yamuna Colony,Uttarakhand,5,Uttarakhand,49,Dehradun,Dehradun,-,-,-,-,-,-,-,-,30.33775278,78.03311667,20-03-2026 13:00,270
6436,Yamuna Colony,Uttarakhand,5,Uttarakhand,49,Dehradun,Dehradun,-,-,-,-,-,-,-,-,30.33775278,78.03311667,20-03-2026 16:00,265.5
6437,Yamuna Colony,Uttarakhand,5,Uttarakhand,49,Dehradun,Dehradun,-,-,-,-,-,-,-,-,30.33775278,78.03311667,21-03-2026 00:00,256.5
6438,Yamuna Colony,Uttarakhand,5,Uttarakhand,49,Dehradun,Dehradun,-,-,-,-,-,-,-,-,30.33775278,78.03311667,21-03-2026 01:00,254.5
6439,Yamuna Colony,Uttarakhand,5,Uttarakhand,49,Dehradun,Dehradun,-,-,-,-,-,-,-,-,30.33775278,78.03311667,21-03-2026 03:00,250
6440,Yamuna Colony,Uttarakhand,5,Uttarakhand,49,Dehradun,Dehradun,-,-,-,-,-,-,-,-,30.33775278,78.03311667,21-03-2026 05:00,248.5
6441,Yamuna Colony,Uttarakhand,5,Uttarakhand,49,Dehradun,Dehradun,-,-,-,-,-,-,-,-,30.33775278,78.03311667,21-03-2026 08:00,280
6442,Yamuna Colony,Uttarakhand,5,Uttarakhand,49,Dehradun,Dehradun,-,-,-,-,-,-,-,-,30.33775278,78.03311667,21-03-2026 13:00,313.5
6443,Yamuna Colony,Uttarakhand,5,Uttarakhand,49,Dehradun,Dehradun,-,-,-,-,-,-,-,-,30.33775278,78.03311667,21-03-2026 23:00,272.5
6444,Yamuna Colony,Uttarakhand,5,Uttarakhand,49,Dehradun,Dehradun,-,-,-,-,-,-,-,-,30.33775278,78.03311667,22-03-2026 02:00,262
6445,Yamuna Colony,Uttarakhand,5,Uttarakhand,49,Dehradun,Dehradun,-,-,-,-,-,-,-,-,30.33775278,78.03311667,22-03-2026 03:00,261.5
6446,Yamuna Colony,Uttarakhand,5,Uttarakhand,49,Dehradun,Dehradun,-,-,-,-,-,-,-,-,30.33775278,78.03311667,22-03-2026 04:00,260
6447,Yamuna Colony,Uttarakhand,5,Uttarakhand,49,Dehradun,Dehradun,-,-,-,-,-,-,-,-,30.33775278,78.03311667,22-03-2026 08:00,301
6448,Yamuna Colony,Uttarakhand,5,Uttarakhand,49,Dehradun,Dehradun,-,-,-,-,-,-,-,-,30.33775278,78.03311667,22-03-2026 11:00,315.5
6449,Yamuna Colony,Uttarakhand,5,Uttarakhand,49,Dehradun,Dehradun,-,-,-,-,-,-,-,-,30.33775278,78.03311667,22-03-2026 16:00,311.5
6450,Yamuna Colony,Uttarakhand,5,Uttarakhand,49,Dehradun,Dehradun,-,-,-,-,-,-,-,-,30.33775278,78.03311667,22-03-2026 21:00,281
6451,Yamuna Colony,Uttarakhand,5,Uttarakhand,49,Dehradun,Dehradun,-,-,-,-,-,-,-,-,30.33775278,78.03311667,23-03-2026 01:00,272
6452,Yamuna Colony,Uttarakhand,5,Uttarakhand,49,Dehradun,Dehradun,-,-,-,-,-,-,-,-,30.33775278,78.03311667,23-03-2026 02:00,270.5
6453,Yamuna Colony,Uttarakhand,5,Uttarakhand,49,Dehradun,Dehradun,-,-,-,-,-,-,-,-,30.33775278,78.03311667,23-03-2026 03:00,269.5
6454,Yamuna Colony,Uttarakhand,5,Uttarakhand,49,Dehradun,Dehradun,-,-,-,-,-,-,-,-,30.33775278,78.03311667,23-03-2026 08:00,305.5
6455,Yamuna Colony,Uttarakhand,5,Uttarakhand,49,Dehradun,Dehradun,-,-,-,-,-,-,-,-,30.33775278,78.03311667,23-03-2026 10:00,314.5
6456,Yamuna Colony,Uttarakhand,5,Uttarakhand,49,Dehradun,Dehradun,-,-,-,-,-,-,-,-,30.33775278,78.03311667,23-03-2026 15:00,322
6457,Yamuna Colony,Uttarakhand,5,Uttarakhand,49,Dehradun,Dehradun,-,-,-,-,-,-,-,-,30.33775278,78.03311667,23-03-2026 20:00,295
6458,Yamuna Colony,Uttarakhand,5,Uttarakhand,49,Dehradun,Dehradun,-,-,-,-,-,-,-,-,30.33775278,78.03311667,23-03-2026 22:00,286.5
6459,Yamuna Colony,Uttarakhand,5,Uttarakhand,49,Dehradun,Dehradun,-,-,-,-,-,-,-,-,30.33775278,78.03311667,24-03-2026 06:00,269.5
6460,Yamuna Colony,Uttarakhand,5,Uttarakhand,49,Dehradun,Dehradun,-,-,-,-,-,-,-,-,30.33775278,78.03311667,24-03-2026 07:00,291
6461,Yamuna Colony,Uttarakhand,5,Uttarakhand,49,Dehradun,Dehradun,-,-,-,-,-,-,-,-,30.33775278,78.03311667,24-03-2026 08:00,308
6462,Yamuna Colony,Uttarakhand,5,Uttarakhand,49,Dehradun,Dehradun,-,-,-,-,-,-,-,-,30.33775278,78.03311667,24-03-2026 09:00,310
6463,Yamuna Colony,Uttarakhand,5,Uttarakhand,49,Dehradun,Dehradun,-,-,-,-,-,-,-,-,30.33775278,78.03311667,24-03-2026 13:00,325
6464,Yamuna Colony,Uttarakhand,5,Uttarakhand,49,Dehradun,Dehradun,-,-,-,-,-,-,-,-,30.33775278,78.03311667,24-03-2026 15:00,322.5
6465,Yamuna Colony,Uttarakhand,5,Uttarakhand,49,Dehradun,Dehradun,-,-,-,-,-,-,-,-,30.33775278,78.03311667,15-04-2026 05:00,276
6466,Yamuna Colony,Uttarakhand,5,Uttarakhand,49,Dehradun,Dehradun,-,-,-,-,-,-,-,-,30.33775278,78.03311667,15-04-2026 12:00,353
6467,Yamuna Colony,Uttarakhand,5,Uttarakhand,49,Dehradun,Dehradun,-,-,-,-,-,-,-,-,30.33775278,78.03311667,15-04-2026 16:00,357.5
6468,Yamuna Colony,Uttarakhand,5,Uttarakhand,49,Dehradun,Dehradun,-,-,-,-,-,-,-,-,30.33775278,78.03311667,15-04-2026 22:00,311
6469,Yamuna Colony,Uttarakhand,5,Uttarakhand,49,Dehradun,Dehradun,-,-,-,-,-,-,-,-,30.33775278,78.03311667,16-04-2026 00:00,305
6470,Yamuna Colony,Uttarakhand,5,Uttarakhand,49,Dehradun,Dehradun,-,-,-,-,-,-,-,-,30.33775278,78.03311667,16-04-2026 13:00,367
6471,Yamuna Colony,Uttarakhand,5,Uttarakhand,49,Dehradun,Dehradun,-,-,-,-,-,-,-,-,30.33775278,78.03311667,16-04-2026 16:00,361.5
6472,Yamuna Colony,Uttarakhand,5,Uttarakhand,49,Dehradun,Dehradun,-,-,-,-,-,-,-,-,30.33775278,78.03311667,16-04-2026 18:00,339
6473,Yamuna Colony,Uttarakhand,5,Uttarakhand,49,Dehradun,Dehradun,-,-,-,-,-,-,-,-,30.33775278,78.03311667,17-04-2026 03:00,299
6474,Yamuna Colony,Uttarakhand,5,Uttarakhand,49,Dehradun,Dehradun,-,-,-,-,-,-,-,-,30.33775278,78.03311667,17-04-2026 10:00,345.5
6475,Yamuna Colony,Uttarakhand,5,Uttarakhand,49,Dehradun,Dehradun,-,-,-,-,-,-,-,-,30.33775278,78.03311667,17-04-2026 13:00,357
6476,Yamuna Colony,Uttarakhand,5,Uttarakhand,49,Dehradun,Dehradun,-,-,-,-,-,-,-,-,30.33775278,78.03311667,17-04-2026 18:00,330
6477,Yamuna Colony,Uttarakhand,5,Uttarakhand,49,Dehradun,Dehradun,-,-,-,-,-,-,-,-,30.33775278,78.03311667,18-04-2026 05:00,287.5
6478,Yamuna Colony,Uttarakhand,5,Uttarakhand,49,Dehradun,Dehradun,-,-,-,-,-,-,-,-,30.33775278,78.03311667,18-04-2026 07:00,318.5
6479,Yamuna Colony,Uttarakhand,5,Uttarakhand,49,Dehradun,Dehradun,-,-,-,-,-,-,-,-,30.33775278,78.03311667,18-04-2026 14:00,377
6480,Yamuna Colony,Uttarakhand,5,Uttarakhand,49,Dehradun,Dehradun,-,-,-,-,-,-,-,-,30.33775278,78.03311667,18-04-2026 21:00,332
6481,Yamuna Colony,Uttarakhand,5,Uttarakhand,49,Dehradun,Dehradun,-,-,-,-,-,-,-,-,30.33775278,78.03311667,18-04-2026 23:00,326
6482,Yamuna Colony,Uttarakhand,5,Uttarakhand,49,Dehradun,Dehradun,-,-,-,-,-,-,-,-,30.33775278,78.03311667,19-04-2026 15:00,371
6483,Yamuna Colony,Uttarakhand,5,Uttarakhand,49,Dehradun,Dehradun,-,-,-,-,-,-,-,-,30.33775278,78.03311667,20-04-2026 04:00,348.5
6484,Yamuna Colony,Uttarakhand,5,Uttarakhand,49,Dehradun,Dehradun,-,-,-,-,-,-,-,-,30.33775278,78.03311667,20-04-2026 05:00,320
6485,Yamuna Colony,Uttarakhand,5,Uttarakhand,49,Dehradun,Dehradun,-,-,-,-,-,-,-,-,30.33775278,78.03311667,20-04-2026 10:00,358
6486,Yamuna Colony,Uttarakhand,5,Uttarakhand,49,Dehradun,Dehradun,-,-,-,-,-,-,-,-,30.33775278,78.03311667,20-04-2026 14:00,369.5
6487,Yamuna Colony,Uttarakhand,5,Uttarakhand,49,Dehradun,Dehradun,-,-,-,-,-,-,-,-,30.33775278,78.03311667,20-04-2026 22:00,316
6488,Yamuna Colony,Uttarakhand,5,Uttarakhand,49,Dehradun,Dehradun,-,-,-,-,-,-,-,-,30.33775278,78.03311667,21-04-2026 00:00,314
6489,Yamuna Colony,Uttarakhand,5,Uttarakhand,49,Dehradun,Dehradun,-,-,-,-,-,-,-,-,30.33775278,78.03311667,21-04-2026 08:00,344.5
6490,Yamuna Colony,Uttarakhand,5,Uttarakhand,49,Dehradun,Dehradun,-,-,-,-,-,-,-,-,30.33775278,78.03311667,22-04-2026 10:00,359
6491,Yamuna Colony,Uttarakhand,5,Uttarakhand,49,Dehradun,Dehradun,-,-,-,-,-,-,-,-,30.33775278,78.03311667,22-04-2026 16:00,369.5
6492,Yamuna Colony,Uttarakhand,5,Uttarakhand,49,Dehradun,Dehradun,-,-,-,-,-,-,-,-,30.33775278,78.03311667,23-04-2026 03:00,303.5
6493,Yamuna Colony,Uttarakhand,5,Uttarakhand,49,Dehradun,Dehradun,-,-,-,-,-,-,-,-,30.33775278,78.03311667,23-04-2026 09:00,357
6494,Yamuna Colony,Uttarakhand,5,Uttarakhand,49,Dehradun,Dehradun,-,-,-,-,-,-,-,-,30.33775278,78.03311667,23-04-2026 12:00,368
6495,Yamuna Colony,Uttarakhand,5,Uttarakhand,49,Dehradun,Dehradun,-,-,-,-,-,-,-,-,30.33775278,78.03311667,23-04-2026 16:00,369
6496,Yamuna Colony,Uttarakhand,5,Uttarakhand,49,Dehradun,Dehradun,-,-,-,-,-,-,-,-,30.33775278,78.03311667,24-04-2026 06:00,316
6497,Yamuna Colony,Uttarakhand,5,Uttarakhand,49,Dehradun,Dehradun,-,-,-,-,-,-,-,-,30.33775278,78.03311667,24-04-2026 08:00,355
6498,Yamuna Colony,Uttarakhand,5,Uttarakhand,49,Dehradun,Dehradun,-,-,-,-,-,-,-,-,30.33775278,78.03311667,24-04-2026 12:00,375.5
6499,Yamuna Colony,Uttarakhand,5,Uttarakhand,49,Dehradun,Dehradun,-,-,-,-,-,-,-,-,30.33775278,78.03311667,24-04-2026 14:00,378.5
6500,Yamuna Colony,Uttarakhand,5,Uttarakhand,49,Dehradun,Dehradun,-,-,-,-,-,-,-,-,30.33775278,78.03311667,24-04-2026 18:00,359
6501,Yamuna Colony,Uttarakhand,5,Uttarakhand,49,Dehradun,Dehradun,-,-,-,-,-,-,-,-,30.33775278,78.03311667,24-04-2026 21:00,341
6502,Yamuna Colony,Uttarakhand,5,Uttarakhand,49,Dehradun,Dehradun,-,-,-,-,-,-,-,-,30.33775278,78.03311667,25-04-2026 05:00,310.5
6503,Yamuna Colony,Uttarakhand,5,Uttarakhand,49,Dehradun,Dehradun,-,-,-,-,-,-,-,-,30.33775278,78.03311667,25-04-2026 15:00,381.5
6504,Yamuna Colony,Uttarakhand,5,Uttarakhand,49,Dehradun,Dehradun,-,-,-,-,-,-,-,-,30.33775278,78.03311667,26-04-2026 00:00,323.5
6505,Yamuna Colony,Uttarakhand,5,Uttarakhand,49,Dehradun,Dehradun,-,-,-,-,-,-,-,-,30.33775278,78.03311667,26-04-2026 08:00,353
6506,Yamuna Colony,Uttarakhand,5,Uttarakhand,49,Dehradun,Dehradun,-,-,-,-,-,-,-,-,30.33775278,78.03311667,26-04-2026 14:00,385.5
6507,Yamuna Colony,Uttarakhand,5,Uttarakhand,49,Dehradun,Dehradun,-,-,-,-,-,-,-,-,30.33775278,78.03311667,26-04-2026 20:00,339
6508,Yamuna Colony,Uttarakhand,5,Uttarakhand,49,Dehradun,Dehradun,-,-,-,-,-,-,-,-,30.33775278,78.03311667,26-04-2026 22:00,325
6509,Yamuna Colony,Uttarakhand,5,Uttarakhand,49,Dehradun,Dehradun,-,-,-,-,-,-,-,-,30.33775278,78.03311667,27-04-2026 05:00,301.5
6510,Yamuna Colony,Uttarakhand,5,Uttarakhand,49,Dehradun,Dehradun,-,-,-,-,-,-,-,-,30.33775278,78.03311667,27-04-2026 09:00,355.5
6511,Yamuna Colony,Uttarakhand,5,Uttarakhand,49,Dehradun,Dehradun,-,-,-,-,-,-,-,-,30.33775278,78.03311667,27-04-2026 13:00,372
6512,Yamuna Colony,Uttarakhand,5,Uttarakhand,49,Dehradun,Dehradun,-,-,-,-,-,-,-,-,30.33775278,78.03311667,27-04-2026 23:00,327.5
6513,Yamuna Colony,Uttarakhand,5,Uttarakhand,49,Dehradun,Dehradun,-,-,-,-,-,-,-,-,30.33775278,78.03311667,28-04-2026 05:00,307.5
6514,Yamuna Colony,Uttarakhand,5,Uttarakhand,49,Dehradun,Dehradun,-,-,-,-,-,-,-,-,30.33775278,78.03311667,28-04-2026 07:00,354
6515,Yamuna Colony,Uttarakhand,5,Uttarakhand,49,Dehradun,Dehradun,-,-,-,-,-,-,-,-,30.33775278,78.03311667,28-04-2026 08:30,330.5
6516,Yamuna Colony,Uttarakhand,5,Uttarakhand,49,Dehradun,Dehradun,-,-,-,-,-,-,-,-,30.33775278,78.03311667,28-04-2026 11:00,355
6517,Yamuna Colony,Uttarakhand,5,Uttarakhand,49,Dehradun,Dehradun,-,-,-,-,-,-,-,-,30.33775278,78.03311667,28-04-2026 15:00,342
6518,Yamuna Colony,Uttarakhand,5,Uttarakhand,49,Dehradun,Dehradun,-,-,-,-,-,-,-,-,30.33775278,78.03311667,28-04-2026 20:00,316
6519,Yamuna Colony,Uttarakhand,5,Uttarakhand,49,Dehradun,Dehradun,-,-,-,-,-,-,-,-,30.33775278,78.03311667,29-04-2026 09:00,337
6520,Yamuna Colony,Uttarakhand,5,Uttarakhand,49,Dehradun,Dehradun,-,-,-,-,-,-,-,-,30.33775278,78.03311667,29-04-2026 11:00,339
6521,Yamuna Colony,Uttarakhand,5,Uttarakhand,49,Dehradun,Dehradun,-,-,-,-,-,-,-,-,30.33775278,78.03311667,29-04-2026 15:00,344
6522,Yamuna Colony,Uttarakhand,5,Uttarakhand,49,Dehradun,Dehradun,-,-,-,-,-,-,-,-,30.33775278,78.03311667,29-04-2026 18:00,333.5
6523,Yamuna Colony,Uttarakhand,5,Uttarakhand,49,Dehradun,Dehradun,-,-,-,-,-,-,-,-,30.33775278,78.03311667,29-04-2026 23:00,305
6524,Yamuna Colony,Uttarakhand,5,Uttarakhand,49,Dehradun,Dehradun,-,-,-,-,-,-,-,-,30.33775278,78.03311667,30-04-2026 00:00,337
6525,Yamuna Colony,Uttarakhand,5,Uttarakhand,49,Dehradun,Dehradun,-,-,-,-,-,-,-,-,30.33775278,78.03311667,30-04-2026 06:00,307
6526,Yamuna Colony,Uttarakhand,5,Uttarakhand,49,Dehradun,Dehradun,-,-,-,-,-,-,-,-,30.33775278,78.03311667,30-04-2026 07:00,327.5
6527,Yamuna Colony,Uttarakhand,5,Uttarakhand,49,Dehradun,Dehradun,-,-,-,-,-,-,-,-,30.33775278,78.03311667,30-04-2026 09:00,339.5
6528,Yamuna Colony,Uttarakhand,5,Uttarakhand,49,Dehradun,Dehradun,-,-,-,-,-,-,-,-,30.33775278,78.03311667,30-04-2026 10:00,342.5
6529,Yamuna Colony,Uttarakhand,5,Uttarakhand,49,Dehradun,Dehradun,-,-,-,-,-,-,-,-,30.33775278,78.03311667,30-04-2026 11:00,349
6530,Yamuna Colony,Uttarakhand,5,Uttarakhand,49,Dehradun,Dehradun,-,-,-,-,-,-,-,-,30.33775278,78.03311667,30-04-2026 12:00,349.5
6531,Yamuna Colony,Uttarakhand,5,Uttarakhand,49,Dehradun,Dehradun,-,-,-,-,-,-,-,-,30.33775278,78.03311667,30-04-2026 13:00,349
6532,Yamuna Colony,Uttarakhand,5,Uttarakhand,49,Dehradun,Dehradun,-,-,-,-,-,-,-,-,30.33775278,78.03311667,30-04-2026 15:00,288.5
6533,Yamuna Colony,Uttarakhand,5,Uttarakhand,49,Dehradun,Dehradun,-,-,-,-,-,-,-,-,30.33775278,78.03311667,30-04-2026 16:00,286
6534,Yamuna Colony,Uttarakhand,5,Uttarakhand,49,Dehradun,Dehradun,-,-,-,-,-,-,-,-,30.33775278,78.03311667,30-04-2026 17:00,299
6535,Yamuna Colony,Uttarakhand,5,Uttarakhand,49,Dehradun,Dehradun,-,-,-,-,-,-,-,-,30.33775278,78.03311667,30-04-2026 19:00,294.5
6536,Yamuna Colony,Uttarakhand,5,Uttarakhand,49,Dehradun,Dehradun,-,-,-,-,-,-,-,-,30.33775278,78.03311667,30-04-2026 20:00,292
6537,Yamuna Colony,Uttarakhand,5,Uttarakhand,49,Dehradun,Dehradun,-,-,-,-,-,-,-,-,30.33775278,78.03311667,30-04-2026 21:00,291.5
6538,Yamuna Colony,Uttarakhand,5,Uttarakhand,49,Dehradun,Dehradun,-,-,-,-,-,-,-,-,30.33775278,78.03311667,30-04-2026 22:00,287
6539,Yamuna Colony,Uttarakhand,5,Uttarakhand,49,Dehradun,Dehradun,-,-,-,-,-,-,-,-,30.33775278,78.03311667,30-04-2026 23:00,284
6540,Yamuna Colony,Uttarakhand,5,Uttarakhand,49,Dehradun,Dehradun,-,-,-,-,-,-,-,-,30.33775278,78.03311667,01-05-2026 00:00,281.5
6541,Yamuna Colony,Uttarakhand,5,Uttarakhand,49,Dehradun,Dehradun,-,-,-,-,-,-,-,-,30.33775278,78.03311667,01-05-2026 01:00,281
6542,Yamuna Colony,Uttarakhand,5,Uttarakhand,49,Dehradun,Dehradun,-,-,-,-,-,-,-,-,30.33775278,78.03311667,01-05-2026 02:00,283
6543,Yamuna Colony,Uttarakhand,5,Uttarakhand,49,Dehradun,Dehradun,-,-,-,-,-,-,-,-,30.33775278,78.03311667,01-05-2026 03:00,282.5
6544,Yamuna Colony,Uttarakhand,5,Uttarakhand,49,Dehradun,Dehradun,-,-,-,-,-,-,-,-,30.33775278,78.03311667,01-05-2026 05:00,278.5
6545,Yamuna Colony,Uttarakhand,5,Uttarakhand,49,Dehradun,Dehradun,-,-,-,-,-,-,-,-,30.33775278,78.03311667,01-05-2026 06:00,294
6546,Yamuna Colony,Uttarakhand,5,Uttarakhand,49,Dehradun,Dehradun,-,-,-,-,-,-,-,-,30.33775278,78.03311667,01-05-2026 08:00,324.5
6547,Yamuna Colony,Uttarakhand,5,Uttarakhand,49,Dehradun,Dehradun,-,-,-,-,-,-,-,-,30.33775278,78.03311667,01-05-2026 09:00,328
6548,Yamuna Colony,Uttarakhand,5,Uttarakhand,49,Dehradun,Dehradun,-,-,-,-,-,-,-,-,30.33775278,78.03311667,01-05-2026 13:00,341.5
6549,Yamuna Colony,Uttarakhand,5,Uttarakhand,49,Dehradun,Dehradun,-,-,-,-,-,-,-,-,30.33775278,78.03311667,01-05-2026 16:00,343
6550,Yamuna Colony,Uttarakhand,5,Uttarakhand,49,Dehradun,Dehradun,-,-,-,-,-,-,-,-,30.33775278,78.03311667,01-05-2026 18:00,330.5
6551,Yamuna Colony,Uttarakhand,5,Uttarakhand,49,Dehradun,Dehradun,-,-,-,-,-,-,-,-,30.33775278,78.03311667,01-05-2026 20:00,316.5
6552,Yamuna Colony,Uttarakhand,5,Uttarakhand,49,Dehradun,Dehradun,-,-,-,-,-,-,-,-,30.33775278,78.03311667,01-05-2026 22:00,311
6553,Yamuna Colony,Uttarakhand,5,Uttarakhand,49,Dehradun,Dehradun,-,-,-,-,-,-,-,-,30.33775278,78.03311667,02-05-2026 00:00,306.5
6554,Yamuna Colony,Uttarakhand,5,Uttarakhand,49,Dehradun,Dehradun,-,-,-,-,-,-,-,-,30.33775278,78.03311667,02-05-2026 01:00,306
6555,Yamuna Colony,Uttarakhand,5,Uttarakhand,49,Dehradun,Dehradun,-,-,-,-,-,-,-,-,30.33775278,78.03311667,22-07-2026 16:00,0.5
6556,Yamuna Colony,Uttarakhand,5,Uttarakhand,49,Dehradun,Dehradun,-,-,-,-,-,-,-,-,30.33775278,78.03311667,23-07-2026 08:00,0.5
6557,Yamuna Colony,Uttarakhand,5,Uttarakhand,49,Dehradun,Dehradun,-,-,-,-,-,-,-,-,30.33775278,78.03311667,23-07-2026 22:00,6.5
6558,Yamuna Colony,Uttarakhand,5,Uttarakhand,49,Dehradun,Dehradun,-,-,-,-,-,-,-,-,30.33775278,78.03311667,23-07-2026 23:00,0.5
6559,Yamuna Colony,Uttarakhand,5,Uttarakhand,49,Dehradun,Dehradun,-,-,-,-,-,-,-,-,30.33775278,78.03311667,25-07-2026 14:00,2.5
6560,Yamuna Colony,Uttarakhand,5,Uttarakhand,49,Dehradun,Dehradun,-,-,-,-,-,-,-,-,30.33775278,78.03311667,25-07-2026 15:00,1.5
6561,Yamuna Colony,Uttarakhand,5,Uttarakhand,49,Dehradun,Dehradun,-,-,-,-,-,-,-,-,30.33775278,78.03311667,26-07-2026 18:00,1.5
6562,Yamuna Colony,Uttarakhand,5,Uttarakhand,49,Dehradun,Dehradun,-,-,-,-,-,-,-,-,30.33775278,78.03311667,27-07-2026 18:00,0.5
6563,Yamuna Colony,Uttarakhand,5,Uttarakhand,49,Dehradun,Dehradun,-,-,-,-,-,-,-,-,30.33775278,78.03311667,27-07-2026 22:00,0.5
6564,Yamuna Colony,Uttarakhand,5,Uttarakhand,49,Dehradun,Dehradun,-,-,-,-,-,-,-,-,30.33775278,78.03311667,28-07-2026 01:00,28
6565,Yamuna Colony,Uttarakhand,5,Uttarakhand,49,Dehradun,Dehradun,-,-,-,-,-,-,-,-,30.33775278,78.03311667,29-07-2026 15:00,14
6566,Yamuna Colony,Uttarakhand,5,Uttarakhand,49,Dehradun,Dehradun,-,-,-,-,-,-,-,-,30.33775278,78.03311667,29-07-2026 16:00,5.5
6567,Yamuna Colony,Uttarakhand,5,Uttarakhand,49,Dehradun,Dehradun,-,-,-,-,-,-,-,-,30.33775278,78.03311667,01-08-2026 13:00,9.5
6568,Yamuna Colony,Uttarakhand,5,Uttarakhand,49,Dehradun,Dehradun,-,-,-,-,-,-,-,-,30.33775278,78.03311667,01-08-2026 14:00,2
6569,Yamuna Colony,Uttarakhand,5,Uttarakhand,49,Dehradun,Dehradun,-,-,-,-,-,-,-,-,30.33775278,78.03311667,02-08-2026 15:00,1
6570,Yamuna Colony,Uttarakhand,5,Uttarakhand,49,Dehradun,Dehradun,-,-,-,-,-,-,-,-,30.33775278,78.03311667,02-08-2026 21:00,4.5
6571,Yamuna Colony,Uttarakhand,5,Uttarakhand,49,Dehradun,Dehradun,-,-,-,-,-,-,-,-,30.33775278,78.03311667,02-08-2026 22:00,0.5
6572,Yamuna Colony,Uttarakhand,5,Uttarakhand,49,Dehradun,Dehradun,-,-,-,-,-,-,-,-,30.33775278,78.03311667,03-08-2026 04:00,1
6573,Yamuna Colony,Uttarakhand,5,Uttarakhand,49,Dehradun,Dehradun,-,-,-,-,-,-,-,-,30.33775278,78.03311667,03-08-2026 08:00,1
6574,Yamuna Colony,Uttarakhand,5,Uttarakhand,49,Dehradun,Dehradun,-,-,-,-,-,-,-,-,30.33775278,78.03311667,03-08-2026 12:00,22
6575,Yamuna Colony,Uttarakhand,5,Uttarakhand,49,Dehradun,Dehradun,-,-,-,-,-,-,-,-,30.33775278,78.03311667,03-08-2026 13:00,4.5
6576,Yamuna Colony,Uttarakhand,5,Uttarakhand,49,Dehradun,Dehradun,-,-,-,-,-,-,-,-,30.33775278,78.03311667,03-08-2026 14:00,0.5
6577,Yamuna Colony,Uttarakhand,5,Uttarakhand,49,Dehradun,Dehradun,-,-,-,-,-,-,-,-,30.33775278,78.03311667,04-08-2026 03:00,1
6578,Yamuna Colony,Uttarakhand,5,Uttarakhand,49,Dehradun,Dehradun,-,-,-,-,-,-,-,-,30.33775278,78.03311667,04-08-2026 08:00,1
6579,Yamuna Colony,Uttarakhand,5,Uttarakhand,49,Dehradun,Dehradun,-,-,-,-,-,-,-,-,30.33775278,78.03311667,04-08-2026 09:00,2
6580,Yamuna Colony,Uttarakhand,5,Uttarakhand,49,Dehradun,Dehradun,-,-,-,-,-,-,-,-,30.33775278,78.03311667,04-08-2026 13:00,0.5
6581,Yamuna Colony,Uttarakhand,5,Uttarakhand,49,Dehradun,Dehradun,-,-,-,-,-,-,-,-,30.33775278,78.03311667,04-08-2026 14:00,0.5
6582,Yamuna Colony,Uttarakhand,5,Uttarakhand,49,Dehradun,Dehradun,-,-,-,-,-,-,-,-,30.33775278,78.03311667,04-08-2026 21:00,26
6583,Yamuna Colony,Uttarakhand,5,Uttarakhand,49,Dehradun,Dehradun,-,-,-,-,-,-,-,-,30.33775278,78.03311667,04-08-2026 22:00,1
6584,Yamuna Colony,Uttarakhand,5,Uttarakhand,49,Dehradun,Dehradun,-,-,-,-,-,-,-,-,30.33775278,78.03311667,04-08-2026 23:00,2
6585,Yamuna Colony,Uttarakhand,5,Uttarakhand,49,Dehradun,Dehradun,-,-,-,-,-,-,-,-,30.33775278,78.03311667,05-08-2026 00:00,1.5
6586,Yamuna Colony,Uttarakhand,5,Uttarakhand,49,Dehradun,Dehradun,-,-,-,-,-,-,-,-,30.33775278,78.03311667,05-08-2026 01:00,0.5
6587,Yamuna Colony,Uttarakhand,5,Uttarakhand,49,Dehradun,Dehradun,-,-,-,-,-,-,-,-,30.33775278,78.03311667,05-08-2026 04:00,4.5
6588,Yamuna Colony,Uttarakhand,5,Uttarakhand,49,Dehradun,Dehradun,-,-,-,-,-,-,-,-,30.33775278,78.03311667,05-08-2026 05:00,8
6589,Yamuna Colony,Uttarakhand,5,Uttarakhand,49,Dehradun,Dehradun,-,-,-,-,-,-,-,-,30.33775278,78.03311667,05-08-2026 06:00,8
6590,Yamuna Colony,Uttarakhand,5,Uttarakhand,49,Dehradun,Dehradun,-,-,-,-,-,-,-,-,30.33775278,78.03311667,05-08-2026 07:00,2
6591,Yamuna Colony,Uttarakhand,5,Uttarakhand,49,Dehradun,Dehradun,-,-,-,-,-,-,-,-,30.33775278,78.03311667,05-08-2026 08:00,4.5
6592,Yamuna Colony,Uttarakhand,5,Uttarakhand,49,Dehradun,Dehradun,-,-,-,-,-,-,-,-,30.33775278,78.03311667,05-08-2026 09:00,1
6593,Yamuna Colony,Uttarakhand,5,Uttarakhand,49,Dehradun,Dehradun,-,-,-,-,-,-,-,-,30.33775278,78.03311667,05-08-2026 18:00,1
6594,Yamuna Colony,Uttarakhand,5,Uttarakhand,49,Dehradun,Dehradun,-,-,-,-,-,-,-,-,30.33775278,78.03311667,05-08-2026 23:00,14.5
6595,Yamuna Colony,Uttarakhand,5,Uttarakhand,49,Dehradun,Dehradun,-,-,-,-,-,-,-,-,30.33775278,78.03311667,06-08-2026 00:00,30.5
6596,Yamuna Colony,Uttarakhand,5,Uttarakhand,49,Dehradun,Dehradun,-,-,-,-,-,-,-,-,30.33775278,78.03311667,06-08-2026 01:00,2.5
6597,Yamuna Colony,Uttarakhand,5,Uttarakhand,49,Dehradun,Dehradun,-,-,-,-,-,-,-,-,30.33775278,78.03311667,06-08-2026 02:00,11.5
6598,Yamuna Colony,Uttarakhand,5,Uttarakhand,49,Dehradun,Dehradun,-,-,-,-,-,-,-,-,30.33775278,78.03311667,06-08-2026 03:00,4.5
6599,Yamuna Colony,Uttarakhand,5,Uttarakhand,49,Dehradun,Dehradun,-,-,-,-,-,-,-,-,30.33775278,78.03311667,06-08-2026 04:00,3.5
6600,Yamuna Colony,Uttarakhand,5,Uttarakhand,49,Dehradun,Dehradun,-,-,-,-,-,-,-,-,30.33775278,78.03311667,06-08-2026 05:00,2
6601,Yamuna Colony,Uttarakhand,5,Uttarakhand,49,Dehradun,Dehradun,-,-,-,-,-,-,-,-,30.33775278,78.03311667,06-08-2026 06:00,0.5
6602,Yamuna Colony,Uttarakhand,5,Uttarakhand,49,Dehradun,Dehradun,-,-,-,-,-,-,-,-,30.33775278,78.03311667,06-08-2026 07:00,0.5
6603,Yamuna Colony,Uttarakhand,5,Uttarakhand,49,Dehradun,Dehradun,-,-,-,-,-,-,-,-,30.33775278,78.03311667,06-08-2026 11:00,1
6604,Yamuna Colony,Uttarakhand,5,Uttarakhand,49,Dehradun,Dehradun,-,-,-,-,-,-,-,-,30.33775278,78.03311667,06-08-2026 12:00,2
6605,Yamuna Colony,Uttarakhand,5,Uttarakhand,49,Dehradun,Dehradun,-,-,-,-,-,-,-,-,30.33775278,78.03311667,06-08-2026 13:00,9
6606,Yamuna Colony,Uttarakhand,5,Uttarakhand,49,Dehradun,Dehradun,-,-,-,-,-,-,-,-,30.33775278,78.03311667,06-08-2026 14:00,2.5
6607,Yamuna Colony,Uttarakhand,5,Uttarakhand,49,Dehradun,Dehradun,-,-,-,-,-,-,-,-,30.33775278,78.03311667,06-08-2026 15:00,0.5
6608,Yamuna Colony,Uttarakhand,5,Uttarakhand,49,Dehradun,Dehradun,-,-,-,-,-,-,-,-,30.33775278,78.03311667,06-08-2026 16:00,0.5
6609,Yamuna Colony,Uttarakhand,5,Uttarakhand,49,Dehradun,Dehradun,-,-,-,-,-,-,-,-,30.33775278,78.03311667,06-08-2026 17:00,2.5
6610,Yamuna Colony,Uttarakhand,5,Uttarakhand,49,Dehradun,Dehradun,-,-,-,-,-,-,-,-,30.33775278,78.03311667,06-08-2026 18:00,3.5
6611,Yamuna Colony,Uttarakhand,5,Uttarakhand,49,Dehradun,Dehradun,-,-,-,-,-,-,-,-,30.33775278,78.03311667,06-08-2026 19:00,0.5
6612,Yamuna Colony,Uttarakhand,5,Uttarakhand,49,Dehradun,Dehradun,-,-,-,-,-,-,-,-,30.33775278,78.03311667,07-08-2026 13:00,2
6613,Yamuna Colony,Uttarakhand,5,Uttarakhand,49,Dehradun,Dehradun,-,-,-,-,-,-,-,-,30.33775278,78.03311667,07-08-2026 14:00,1
6614,Yamuna Colony,Uttarakhand,5,Uttarakhand,49,Dehradun,Dehradun,-,-,-,-,-,-,-,-,30.33775278,78.03311667,08-08-2026 15:00,1.5
6615,Yamuna Colony,Uttarakhand,5,Uttarakhand,49,Dehradun,Dehradun,-,-,-,-,-,-,-,-,30.33775278,78.03311667,08-08-2026 16:00,21
6616,Yamuna Colony,Uttarakhand,5,Uttarakhand,49,Dehradun,Dehradun,-,-,-,-,-,-,-,-,30.33775278,78.03311667,08-08-2026 17:00,0.5
6617,Yamuna Colony,Uttarakhand,5,Uttarakhand,49,Dehradun,Dehradun,-,-,-,-,-,-,-,-,30.33775278,78.03311667,08-08-2026 19:00,3.5
6618,Yamuna Colony,Uttarakhand,5,Uttarakhand,49,Dehradun,Dehradun,-,-,-,-,-,-,-,-,30.33775278,78.03311667,09-08-2026 19:00,1.5
6619,Yamuna Colony,Uttarakhand,5,Uttarakhand,49,Dehradun,Dehradun,-,-,-,-,-,-,-,-,30.33775278,78.03311667,09-08-2026 20:00,1
6620,Yamuna Colony,Uttarakhand,5,Uttarakhand,49,Dehradun,Dehradun,-,-,-,-,-,-,-,-,30.33775278,78.03311667,09-08-2026 21:00,2
6621,Yamuna Colony,Uttarakhand,5,Uttarakhand,49,Dehradun,Dehradun,-,-,-,-,-,-,-,-,30.33775278,78.03311667,09-08-2026 22:00,2
6622,Yamuna Colony,Uttarakhand,5,Uttarakhand,49,Dehradun,Dehradun,-,-,-,-,-,-,-,-,30.33775278,78.03311667,10-08-2026 01:00,3.5
6623,Yamuna Colony,Uttarakhand,5,Uttarakhand,49,Dehradun,Dehradun,-,-,-,-,-,-,-,-,30.33775278,78.03311667,10-08-2026 13:00,1
6624,Yamuna Colony,Uttarakhand,5,Uttarakhand,49,Dehradun,Dehradun,-,-,-,-,-,-,-,-,30.33775278,78.03311667,11-08-2026 16:00,1.5
6625,Yamuna Colony,Uttarakhand,5,Uttarakhand,49,Dehradun,Dehradun,-,-,-,-,-,-,-,-,30.33775278,78.03311667,11-08-2026 17:00,1
6626,Yamuna Colony,Uttarakhand,5,Uttarakhand,49,Dehradun,Dehradun,-,-,-,-,-,-,-,-,30.33775278,78.03311667,23-08-2026 11:00,2
6627,Yamuna Colony,Uttarakhand,5,Uttarakhand,49,Dehradun,Dehradun,-,-,-,-,-,-,-,-,30.33775278,78.03311667,23-08-2026 12:00,5.5
6628,Yamuna Colony,Uttarakhand,5,Uttarakhand,49,Dehradun,Dehradun,-,-,-,-,-,-,-,-,30.33775278,78.03311667,23-08-2026 13:00,3
6629,Yamuna Colony,Uttarakhand,5,Uttarakhand,49,Dehradun,Dehradun,-,-,-,-,-,-,-,-,30.33775278,78.03311667,24-08-2026 16:00,1
6630,Yamuna Colony,Uttarakhand,5,Uttarakhand,49,Dehradun,Dehradun,-,-,-,-,-,-,-,-,30.33775278,78.03311667,27-08-2026 00:00,5
6631,Yamuna Colony,Uttarakhand,5,Uttarakhand,49,Dehradun,Dehradun,-,-,-,-,-,-,-,-,30.33775278,78.03311667,27-08-2026 01:00,0.5
6632,Yamuna Colony,Uttarakhand,5,Uttarakhand,49,Dehradun,Dehradun,-,-,-,-,-,-,-,-,30.33775278,78.03311667,27-08-2026 09:00,1
