location,date,requested_latitude,requested_longitude,latitude,longitude,co2_ppm,grid_latitude,grid_longitude
Dehradun,2003-01-01,30.316500,78.032200,30.000000,78.000000,375.661346,30.000000,78.000000
Dehradun,2003-02-01,30.316500,78.032200,30.000000,78.000000,375.789795,30.000000,78.000000
Dehradun,2003-03-01,30.316500,78.032200,30.000000,78.000000,376.631012,30.000000,78.000000
Dehradun,2003-04-01,30.316500,78.032200,30.000000,78.000000,378.369904,30.000000,78.000000
Dehradun,2003-05-01,30.316500,78.032200,30.000000,78.000000,379.144989,30.000000,78.000000
Dehradun,2003-06-01,30.316500,78.032200,30.000000,78.000000,380.851074,30.000000,78.000000
Dehradun,2003-07-01,30.316500,78.032200,30.000000,78.000000,377.659973,30.000000,78.000000
Dehradun,2003-08-01,30.316500,78.032200,30.000000,78.000000,375.430237,30.000000,78.000000
Dehradun,2003-09-01,30.316500,78.032200,30.000000,78.000000,375.039673,30.000000,78.000000
Dehradun,2003-10-01,30.316500,78.032200,30.000000,78.000000,374.375397,30.000000,78.000000
Dehradun,2003-11-01,30.316500,78.032200,30.000000,78.000000,376.680328,30.000000,78.000000
Dehradun,2003-12-01,30.316500,78.032200,30.000000,78.000000,377.260559,30.000000,78.000000
Dehradun,2004-01-01,30.316500,78.032200,30.000000,78.000000,378.385071,30.000000,78.000000
Dehradun,2004-02-01,30.316500,78.032200,30.000000,78.000000,378.562500,30.000000,78.000000
Dehradun,2004-03-01,30.316500,78.032200,30.000000,78.000000,379.431610,30.000000,78.000000
Dehradun,2004-04-01,30.316500,78.032200,30.000000,78.000000,381.552155,30.000000,78.000000
Dehradun,2004-05-01,30.316500,78.032200,30.000000,78.000000,381.932465,30.000000,78.000000
Dehradun,2004-06-01,30.316500,78.032200,30.000000,78.000000,382.306702,30.000000,78.000000
Dehradun,2004-07-01,30.316500,78.032200,30.000000,78.000000,381.629730,30.000000,78.000000
Dehradun,2004-08-01,30.316500,78.032200,30.000000,78.000000,378.453186,30.000000,78.000000
Dehradun,2004-09-01,30.316500,78.032200,30.000000,78.000000,379.012207,30.000000,78.000000
Dehradun,2004-10-01,30.316500,78.032200,30.000000,78.000000,377.283295,30.000000,78.000000
Dehradun,2004-11-01,30.316500,78.032200,30.000000,78.000000,378.789459,30.000000,78.000000
Dehradun,2004-12-01,30.316500,78.032200,30.000000,78.000000,380.199585,30.000000,78.000000
Dehradun,2005-01-01,30.316500,78.032200,30.000000,78.000000,380.559570,30.000000,78.000000
Dehradun,2005-02-01,30.316500,78.032200,30.000000,78.000000,381.386566,30.000000,78.000000
Dehradun,2005-03-01,30.316500,78.032200,30.000000,78.000000,382.243774,30.000000,78.000000
Dehradun,2005-04-01,30.316500,78.032200,30.000000,78.000000,383.496765,30.000000,78.000000
Dehradun,2005-05-01,30.316500,78.032200,30.000000,78.000000,384.143188,30.000000,78.000000
Dehradun,2005-06-01,30.316500,78.032200,30.000000,78.000000,385.256897,30.000000,78.000000
Dehradun,2005-07-01,30.316500,78.032200,30.000000,78.000000,384.012817,30.000000,78.000000
Dehradun,2005-08-01,30.316500,78.032200,30.000000,78.000000,381.635132,30.000000,78.000000
Dehradun,2005-09-01,30.316500,78.032200,30.000000,78.000000,380.251495,30.000000,78.000000
Dehradun,2005-10-01,30.316500,78.032200,30.000000,78.000000,380.792236,30.000000,78.000000
Dehradun,2005-11-01,30.316500,78.032200,30.000000,78.000000,381.245178,30.000000,78.000000
Dehradun,2005-12-01,30.316500,78.032200,30.000000,78.000000,382.195465,30.000000,78.000000
Dehradun,2006-01-01,30.316500,78.032200,30.000000,78.000000,383.490356,30.000000,78.000000
Dehradun,2006-02-01,30.316500,78.032200,30.000000,78.000000,384.432251,30.000000,78.000000
Dehradun,2006-03-01,30.316500,78.032200,30.000000,78.000000,384.984589,30.000000,78.000000
Dehradun,2006-04-01,30.316500,78.032200,30.000000,78.000000,386.813629,30.000000,78.000000
Dehradun,2006-05-01,30.316500,78.032200,30.000000,78.000000,389.927124,30.000000,78.000000
Dehradun,2006-06-01,30.316500,78.032200,30.000000,78.000000,388.173645,30.000000,78.000000
Dehradun,2006-07-01,30.316500,78.032200,30.000000,78.000000,386.238617,30.000000,78.000000
Dehradun,2006-08-01,30.316500,78.032200,30.000000,78.000000,383.758118,30.000000,78.000000
Dehradun,2006-09-01,30.316500,78.032200,30.000000,78.000000,383.262299,30.000000,78.000000
Dehradun,2006-10-01,30.316500,78.032200,30.000000,78.000000,383.971924,30.000000,78.000000
Dehradun,2006-11-01,30.316500,78.032200,30.000000,78.000000,384.165527,30.000000,78.000000
Dehradun,2006-12-01,30.316500,78.032200,30.000000,78.000000,384.765869,30.000000,78.000000
Dehradun,2007-01-01,30.316500,78.032200,30.000000,78.000000,385.998657,30.000000,78.000000
Dehradun,2007-02-01,30.316500,78.032200,30.000000,78.000000,386.673798,30.000000,78.000000
Dehradun,2007-03-01,30.316500,78.032200,30.000000,78.000000,387.389771,30.000000,78.000000
Dehradun,2007-04-01,30.316500,78.032200,30.000000,78.000000,389.663574,30.000000,78.000000
Dehradun,2007-05-01,30.316500,78.032200,30.000000,78.000000,390.437469,30.000000,78.000000
Dehradun,2007-06-01,30.316500,78.032200,30.000000,78.000000,390.056549,30.000000,78.000000
Dehradun,2007-07-01,30.316500,78.032200,30.000000,78.000000,388.362152,30.000000,78.000000
Dehradun,2007-08-01,30.316500,78.032200,30.000000,78.000000,385.770355,30.000000,78.000000
Dehradun,2007-09-01,30.316500,78.032200,30.000000,78.000000,384.122589,30.000000,78.000000
Dehradun,2007-10-01,30.316500,78.032200,30.000000,78.000000,383.333832,30.000000,78.000000
Dehradun,2007-11-01,30.316500,78.032200,30.000000,78.000000,385.138580,30.000000,78.000000
Dehradun,2007-12-01,30.316500,78.032200,30.000000,78.000000,385.608948,30.000000,78.000000
Dehradun,2008-01-01,30.316500,78.032200,30.000000,78.000000,386.291473,30.000000,78.000000
Dehradun,2008-02-01,30.316500,78.032200,30.000000,78.000000,386.713409,30.000000,78.000000
Dehradun,2008-03-01,30.316500,78.032200,30.000000,78.000000,387.779907,30.000000,78.000000
Dehradun,2008-04-01,30.316500,78.032200,30.000000,78.000000,389.485657,30.000000,78.000000
Dehradun,2008-05-01,30.316500,78.032200,30.000000,78.000000,391.056000,30.000000,78.000000
Dehradun,2008-06-01,30.316500,78.032200,30.000000,78.000000,391.462982,30.000000,78.000000
Dehradun,2008-07-01,30.316500,78.032200,30.000000,78.000000,388.999664,30.000000,78.000000
Dehradun,2008-08-01,30.316500,78.032200,30.000000,78.000000,386.571747,30.000000,78.000000
Dehradun,2008-09-01,30.316500,78.032200,30.000000,78.000000,384.918335,30.000000,78.000000
Dehradun,2008-10-01,30.316500,78.032200,30.000000,78.000000,385.667114,30.000000,78.000000
Dehradun,2008-11-01,30.316500,78.032200,30.000000,78.000000,386.393768,30.000000,78.000000
Dehradun,2008-12-01,30.316500,78.032200,30.000000,78.000000,387.612915,30.000000,78.000000
Dehradun,2009-01-01,30.316500,78.032200,30.000000,78.000000,388.291138,30.000000,78.000000
Dehradun,2009-02-01,30.316500,78.032200,30.000000,78.000000,388.775604,30.000000,78.000000
Dehradun,2009-03-01,30.316500,78.032200,30.000000,78.000000,390.147858,30.000000,78.000000
Dehradun,2009-04-01,30.316500,78.032200,30.000000,78.000000,391.229706,30.000000,78.000000
Dehradun,2009-05-01,30.316500,78.032200,30.000000,78.000000,393.000824,30.000000,78.000000
Dehradun,2009-06-01,30.316500,78.032200,30.000000,78.000000,392.249146,30.000000,78.000000
Dehradun,2009-07-01,30.316500,78.032200,30.000000,78.000000,391.479004,30.000000,78.000000
Dehradun,2009-08-01,30.316500,78.032200,30.000000,78.000000,389.549683,30.000000,78.000000
Dehradun,2009-09-01,30.316500,78.032200,30.000000,78.000000,387.518921,30.000000,78.000000
Dehradun,2009-10-01,30.316500,78.032200,30.000000,78.000000,386.398804,30.000000,78.000000
Dehradun,2009-11-01,30.316500,78.032200,30.000000,78.000000,387.779907,30.000000,78.000000
Dehradun,2009-12-01,30.316500,78.032200,30.000000,78.000000,388.969482,30.000000,78.000000
Dehradun,2010-01-01,30.316500,78.032200,30.000000,78.000000,389.864838,30.000000,78.000000
Dehradun,2010-02-01,30.316500,78.032200,30.000000,78.000000,390.229248,30.000000,78.000000
Dehradun,2010-03-01,30.316500,78.032200,30.000000,78.000000,392.060028,30.000000,78.000000
Dehradun,2010-04-01,30.316500,78.032200,30.000000,78.000000,394.201996,30.000000,78.000000
Dehradun,2010-05-01,30.316500,78.032200,30.000000,78.000000,394.977173,30.000000,78.000000
Dehradun,2010-06-01,30.316500,78.032200,30.000000,78.000000,394.157593,30.000000,78.000000
Dehradun,2010-07-01,30.316500,78.032200,30.000000,78.000000,393.873718,30.000000,78.000000
Dehradun,2010-08-01,30.316500,78.032200,30.000000,78.000000,390.324951,30.000000,78.000000
Dehradun,2010-09-01,30.316500,78.032200,30.000000,78.000000,389.197205,30.000000,78.000000
Dehradun,2010-10-01,30.316500,78.032200,30.000000,78.000000,389.170074,30.000000,78.000000
Dehradun,2010-11-01,30.316500,78.032200,30.000000,78.000000,390.281708,30.000000,78.000000
Dehradun,2010-12-01,30.316500,78.032200,30.000000,78.000000,391.186615,30.000000,78.000000
Dehradun,2011-01-01,30.316500,78.032200,30.000000,78.000000,392.098419,30.000000,78.000000
Dehradun,2011-02-01,30.316500,78.032200,30.000000,78.000000,392.461975,30.000000,78.000000
Dehradun,2011-03-01,30.316500,78.032200,30.000000,78.000000,393.737213,30.000000,78.000000
Dehradun,2011-04-01,30.316500,78.032200,30.000000,78.000000,395.366516,30.000000,78.000000
Dehradun,2011-05-01,30.316500,78.032200,30.000000,78.000000,397.087524,30.000000,78.000000
Dehradun,2011-06-01,30.316500,78.032200,30.000000,78.000000,397.791931,30.000000,78.000000
Dehradun,2011-07-01,30.316500,78.032200,30.000000,78.000000,395.617432,30.000000,78.000000
Dehradun,2011-08-01,30.316500,78.032200,30.000000,78.000000,392.700623,30.000000,78.000000
Dehradun,2011-09-01,30.316500,78.032200,30.000000,78.000000,390.817444,30.000000,78.000000
Dehradun,2011-10-01,30.316500,78.032200,30.000000,78.000000,390.981812,30.000000,78.000000
Dehradun,2011-11-01,30.316500,78.032200,30.000000,78.000000,392.517151,30.000000,78.000000
Dehradun,2011-12-01,30.316500,78.032200,30.000000,78.000000,392.692596,30.000000,78.000000
Dehradun,2012-01-01,30.316500,78.032200,30.000000,78.000000,393.462128,30.000000,78.000000
Dehradun,2012-02-01,30.316500,78.032200,30.000000,78.000000,394.607300,30.000000,78.000000
Dehradun,2012-03-01,30.316500,78.032200,30.000000,78.000000,395.589783,30.000000,78.000000
Dehradun,2012-04-01,30.316500,78.032200,30.000000,78.000000,396.873169,30.000000,78.000000
Dehradun,2012-05-01,30.316500,78.032200,30.000000,78.000000,397.666351,30.000000,78.000000
Dehradun,2012-06-01,30.316500,78.032200,30.000000,78.000000,399.012238,30.000000,78.000000
Dehradun,2012-07-01,30.316500,78.032200,30.000000,78.000000,399.044983,30.000000,78.000000
Dehradun,2012-08-01,30.316500,78.032200,30.000000,78.000000,395.059631,30.000000,78.000000
Dehradun,2012-09-01,30.316500,78.032200,30.000000,78.000000,392.733032,30.000000,78.000000
Dehradun,2012-10-01,30.316500,78.032200,30.000000,78.000000,392.960449,30.000000,78.000000
Dehradun,2012-11-01,30.316500,78.032200,30.000000,78.000000,394.003021,30.000000,78.000000
Dehradun,2012-12-01,30.316500,78.032200,30.000000,78.000000,395.333099,30.000000,78.000000
Dehradun,2013-01-01,30.316500,78.032200,30.000000,78.000000,396.212494,30.000000,78.000000
Dehradun,2013-02-01,30.316500,78.032200,30.000000,78.000000,396.136841,30.000000,78.000000
Dehradun,2013-03-01,30.316500,78.032200,30.000000,78.000000,397.017548,30.000000,78.000000
Dehradun,2013-04-01,30.316500,78.032200,30.000000,78.000000,399.169342,30.000000,78.000000
Dehradun,2013-05-01,30.316500,78.032200,30.000000,78.000000,399.674866,30.000000,78.000000
Dehradun,2013-06-01,30.316500,78.032200,30.000000,78.000000,401.828400,30.000000,78.000000
Dehradun,2013-07-01,30.316500,78.032200,30.000000,78.000000,398.536926,30.000000,78.000000
Dehradun,2013-08-01,30.316500,78.032200,30.000000,78.000000,395.854584,30.000000,78.000000
Dehradun,2013-09-01,30.316500,78.032200,30.000000,78.000000,394.401306,30.000000,78.000000
Dehradun,2013-10-01,30.316500,78.032200,30.000000,78.000000,394.097748,30.000000,78.000000
Dehradun,2013-11-01,30.316500,78.032200,30.000000,78.000000,395.065765,30.000000,78.000000
Dehradun,2013-12-01,30.316500,78.032200,30.000000,78.000000,396.709778,30.000000,78.000000
Dehradun,2014-01-01,30.316500,78.032200,30.000000,78.000000,396.731079,30.000000,78.000000
Dehradun,2014-02-01,30.316500,78.032200,30.000000,78.000000,397.281128,30.000000,78.000000
Dehradun,2014-03-01,30.316500,78.032200,30.000000,78.000000,398.883850,30.000000,78.000000
Dehradun,2014-04-01,30.316500,78.032200,30.000000,78.000000,400.331573,30.000000,78.000000
Dehradun,2014-05-01,30.316500,78.032200,30.000000,78.000000,401.547607,30.000000,78.000000
Dehradun,2014-06-01,30.316500,78.032200,30.000000,78.000000,401.699768,30.000000,78.000000
Dehradun,2014-07-01,30.316500,78.032200,30.000000,78.000000,401.194641,30.000000,78.000000
Dehradun,2014-08-01,30.316500,78.032200,30.000000,78.000000,398.339905,30.000000,78.000000
Dehradun,2014-09-01,30.316500,78.032200,30.000000,78.000000,396.236328,30.000000,78.000000
Dehradun,2014-10-01,30.316500,78.032200,30.000000,78.000000,395.169556,30.000000,78.000000
Dehradun,2014-11-01,30.316500,78.032200,30.000000,78.000000,396.500458,30.000000,78.000000
Dehradun,2014-12-01,30.316500,78.032200,30.000000,78.000000,397.589325,30.000000,78.000000
Dehradun,2015-01-01,30.316500,78.032200,30.000000,78.000000,398.204987,30.000000,78.000000
Dehradun,2015-02-01,30.316500,78.032200,30.000000,78.000000,399.166504,30.000000,78.000000
Dehradun,2015-03-01,30.316500,78.032200,30.000000,78.000000,400.425476,30.000000,78.000000
Dehradun,2015-04-01,30.316500,78.032200,30.000000,78.000000,402.059265,30.000000,78.000000
Dehradun,2015-05-01,30.316500,78.032200,30.000000,78.000000,402.606323,30.000000,78.000000
Dehradun,2015-06-01,30.316500,78.032200,30.000000,78.000000,402.995819,30.000000,78.000000
Dehradun,2015-07-01,30.316500,78.032200,30.000000,78.000000,402.023376,30.000000,78.000000
Dehradun,2015-08-01,30.316500,78.032200,30.000000,78.000000,400.326691,30.000000,78.000000
Dehradun,2015-09-01,30.316500,78.032200,30.000000,78.000000,398.606689,30.000000,78.000000
Dehradun,2015-10-01,30.316500,78.032200,30.000000,78.000000,398.419647,30.000000,78.000000
Dehradun,2015-11-01,30.316500,78.032200,30.000000,78.000000,399.688293,30.000000,78.000000
Dehradun,2015-12-01,30.316500,78.032200,30.000000,78.000000,400.958923,30.000000,78.000000
Dehradun,2016-01-01,30.316500,78.032200,30.000000,78.000000,401.717468,30.000000,78.000000
Dehradun,2016-02-01,30.316500,78.032200,30.000000,78.000000,402.197845,30.000000,78.000000
Dehradun,2016-03-01,30.316500,78.032200,30.000000,78.000000,403.414856,30.000000,78.000000
Dehradun,2016-04-01,30.316500,78.032200,30.000000,78.000000,405.149231,30.000000,78.000000
Dehradun,2016-05-01,30.316500,78.032200,30.000000,78.000000,407.623718,30.000000,78.000000
Dehradun,2016-06-01,30.316500,78.032200,30.000000,78.000000,409.616211,30.000000,78.000000
Dehradun,2016-07-01,30.316500,78.032200,30.000000,78.000000,406.739594,30.000000,78.000000
Dehradun,2016-08-01,30.316500,78.032200,30.000000,78.000000,402.944153,30.000000,78.000000
Dehradun,2016-09-01,30.316500,78.032200,30.000000,78.000000,401.248413,30.000000,78.000000
Dehradun,2016-10-01,30.316500,78.032200,30.000000,78.000000,401.574432,30.000000,78.000000
Dehradun,2016-11-01,30.316500,78.032200,30.000000,78.000000,402.312775,30.000000,78.000000
Dehradun,2016-12-01,30.316500,78.032200,30.000000,78.000000,404.259583,30.000000,78.000000
Dehradun,2017-01-01,30.316500,78.032200,30.000000,78.000000,403.828552,30.000000,78.000000
Dehradun,2017-02-01,30.316500,78.032200,30.000000,78.000000,404.548401,30.000000,78.000000
Dehradun,2017-03-01,30.316500,78.032200,30.000000,78.000000,405.622223,30.000000,78.000000
Dehradun,2017-04-01,30.316500,78.032200,30.000000,78.000000,407.754242,30.000000,78.000000
Dehradun,2017-05-01,30.316500,78.032200,30.000000,78.000000,409.363373,30.000000,78.000000
Dehradun,2017-06-01,30.316500,78.032200,30.000000,78.000000,408.507599,30.000000,78.000000
Dehradun,2017-07-01,30.316500,78.032200,30.000000,78.000000,407.611847,30.000000,78.000000
Dehradun,2017-08-01,30.316500,78.032200,30.000000,78.000000,405.461212,30.000000,78.000000
Dehradun,2017-09-01,30.316500,78.032200,30.000000,78.000000,403.112305,30.000000,78.000000
Dehradun,2017-10-01,30.316500,78.032200,30.000000,78.000000,402.173981,30.000000,78.000000
Dehradun,2017-11-01,30.316500,78.032200,30.000000,78.000000,402.714722,30.000000,78.000000
Dehradun,2017-12-01,30.316500,78.032200,30.000000,78.000000,404.717407,30.000000,78.000000
Dehradun,2018-01-01,30.316500,78.032200,30.000000,78.000000,405.901093,30.000000,78.000000
Dehradun,2018-02-01,30.316500,78.032200,30.000000,78.000000,406.626831,30.000000,78.000000
Dehradun,2018-03-01,30.316500,78.032200,30.000000,78.000000,407.208038,30.000000,78.000000
Dehradun,2018-04-01,30.316500,78.032200,30.000000,78.000000,409.796753,30.000000,78.000000
Dehradun,2018-05-01,30.316500,78.032200,30.000000,78.000000,410.588196,30.000000,78.000000
Dehradun,2018-06-01,30.316500,78.032200,30.000000,78.000000,412.100677,30.000000,78.000000
Dehradun,2018-07-01,30.316500,78.032200,30.000000,78.000000,410.474304,30.000000,78.000000
Dehradun,2018-08-01,30.316500,78.032200,30.000000,78.000000,408.147461,30.000000,78.000000
Dehradun,2018-09-01,30.316500,78.032200,30.000000,78.000000,405.359161,30.000000,78.000000
Dehradun,2018-10-01,30.316500,78.032200,30.000000,78.000000,404.959686,30.000000,78.000000
Dehradun,2018-11-01,30.316500,78.032200,30.000000,78.000000,406.351898,30.000000,78.000000
Dehradun,2018-12-01,30.316500,78.032200,30.000000,78.000000,407.820312,30.000000,78.000000
Dehradun,2019-01-01,30.316500,78.032200,30.000000,78.000000,408.669067,30.000000,78.000000
Dehradun,2019-02-01,30.316500,78.032200,30.000000,78.000000,409.383362,30.000000,78.000000
Dehradun,2019-03-01,30.316500,78.032200,30.000000,78.000000,410.139557,30.000000,78.000000
Dehradun,2019-04-01,30.316500,78.032200,30.000000,78.000000,412.289185,30.000000,78.000000
Dehradun,2019-05-01,30.316500,78.032200,30.000000,78.000000,413.225769,30.000000,78.000000
Dehradun,2019-06-01,30.316500,78.032200,30.000000,78.000000,414.294830,30.000000,78.000000
Dehradun,2019-07-01,30.316500,78.032200,30.000000,78.000000,414.810822,30.000000,78.000000
Dehradun,2019-08-01,30.316500,78.032200,30.000000,78.000000,411.472412,30.000000,78.000000
Dehradun,2019-09-01,30.316500,78.032200,30.000000,78.000000,410.390869,30.000000,78.000000
Dehradun,2019-10-01,30.316500,78.032200,30.000000,78.000000,410.057587,30.000000,78.000000
Dehradun,2019-11-01,30.316500,78.032200,30.000000,78.000000,410.762390,30.000000,78.000000
Dehradun,2019-12-01,30.316500,78.032200,30.000000,78.000000,412.159332,30.000000,78.000000
Dehradun,2020-01-01,30.316500,78.032200,30.000000,78.000000,412.830505,30.000000,78.000000
Dehradun,2020-02-01,30.316500,78.032200,30.000000,78.000000,413.467255,30.000000,78.000000
Dehradun,2020-03-01,30.316500,78.032200,30.000000,78.000000,414.601776,30.000000,78.000000
Dehradun,2020-04-01,30.316500,78.032200,30.000000,78.000000,416.248993,30.000000,78.000000
Dehradun,2020-05-01,30.316500,78.032200,30.000000,78.000000,417.181366,30.000000,78.000000
Dehradun,2020-06-01,30.316500,78.032200,30.000000,78.000000,419.024109,30.000000,78.000000
Dehradun,2020-07-01,30.316500,78.032200,30.000000,78.000000,418.067505,30.000000,78.000000
Dehradun,2020-08-01,30.316500,78.032200,30.000000,78.000000,415.773590,30.000000,78.000000
Dehradun,2020-09-01,30.316500,78.032200,30.000000,78.000000,414.854431,30.000000,78.000000
Dehradun,2020-10-01,30.316500,78.032200,30.000000,78.000000,413.633667,30.000000,78.000000
Dehradun,2020-11-01,30.316500,78.032200,30.000000,78.000000,414.483337,30.000000,78.000000
Dehradun,2020-12-01,30.316500,78.032200,30.000000,78.000000,415.716461,30.000000,78.000000
Nainital,2003-01-01,29.391900,79.454200,29.250000,79.500000,374.682831,29.250000,79.500000
Nainital,2003-02-01,29.391900,79.454200,29.250000,79.500000,375.369354,29.250000,79.500000
Nainital,2003-03-01,29.391900,79.454200,29.250000,79.500000,376.202972,29.250000,79.500000
Nainital,2003-04-01,29.391900,79.454200,29.250000,79.500000,378.170624,29.250000,79.500000
Nainital,2003-05-01,29.391900,79.454200,29.250000,79.500000,379.421997,29.250000,79.500000
Nainital,2003-06-01,29.391900,79.454200,29.250000,79.500000,381.202118,29.250000,79.500000
Nainital,2003-07-01,29.391900,79.454200,29.250000,79.500000,377.593292,29.250000,79.500000
Nainital,2003-08-01,29.391900,79.454200,29.250000,79.500000,375.587708,29.250000,79.500000
Nainital,2003-09-01,29.391900,79.454200,29.250000,79.500000,374.343170,29.250000,79.500000
Nainital,2003-10-01,29.391900,79.454200,29.250000,79.500000,373.590668,29.250000,79.500000
Nainital,2003-11-01,29.391900,79.454200,29.250000,79.500000,376.073883,29.250000,79.500000
Nainital,2003-12-01,29.391900,79.454200,29.250000,79.500000,376.860504,29.250000,79.500000
Nainital,2004-01-01,29.391900,79.454200,29.250000,79.500000,377.888885,29.250000,79.500000
Nainital,2004-02-01,29.391900,79.454200,29.250000,79.500000,377.921265,29.250000,79.500000
Nainital,2004-03-01,29.391900,79.454200,29.250000,79.500000,379.178802,29.250000,79.500000
Nainital,2004-04-01,29.391900,79.454200,29.250000,79.500000,381.532532,29.250000,79.500000
Nainital,2004-05-01,29.391900,79.454200,29.250000,79.500000,382.217743,29.250000,79.500000
Nainital,2004-06-01,29.391900,79.454200,29.250000,79.500000,382.545319,29.250000,79.500000
Nainital,2004-07-01,29.391900,79.454200,29.250000,79.500000,381.725281,29.250000,79.500000
Nainital,2004-08-01,29.391900,79.454200,29.250000,79.500000,378.570526,29.250000,79.500000
Nainital,2004-09-01,29.391900,79.454200,29.250000,79.500000,378.617340,29.250000,79.500000
Nainital,2004-10-01,29.391900,79.454200,29.250000,79.500000,376.320374,29.250000,79.500000
Nainital,2004-11-01,29.391900,79.454200,29.250000,79.500000,377.916199,29.250000,79.500000
Nainital,2004-12-01,29.391900,79.454200,29.250000,79.500000,379.337952,29.250000,79.500000
Nainital,2005-01-01,29.391900,79.454200,29.250000,79.500000,380.143005,29.250000,79.500000
Nainital,2005-02-01,29.391900,79.454200,29.250000,79.500000,381.059418,29.250000,79.500000
Nainital,2005-03-01,29.391900,79.454200,29.250000,79.500000,381.785675,29.250000,79.500000
Nainital,2005-04-01,29.391900,79.454200,29.250000,79.500000,383.374908,29.250000,79.500000
Nainital,2005-05-01,29.391900,79.454200,29.250000,79.500000,384.304352,29.250000,79.500000
Nainital,2005-06-01,29.391900,79.454200,29.250000,79.500000,385.874817,29.250000,79.500000
Nainital,2005-07-01,29.391900,79.454200,29.250000,79.500000,383.697723,29.250000,79.500000
Nainital,2005-08-01,29.391900,79.454200,29.250000,79.500000,381.600677,29.250000,79.500000
Nainital,2005-09-01,29.391900,79.454200,29.250000,79.500000,379.895752,29.250000,79.500000
Nainital,2005-10-01,29.391900,79.454200,29.250000,79.500000,379.826660,29.250000,79.500000
Nainital,2005-11-01,29.391900,79.454200,29.250000,79.500000,380.664795,29.250000,79.500000
Nainital,2005-12-01,29.391900,79.454200,29.250000,79.500000,381.332062,29.250000,79.500000
Nainital,2006-01-01,29.391900,79.454200,29.250000,79.500000,383.009888,29.250000,79.500000
Nainital,2006-02-01,29.391900,79.454200,29.250000,79.500000,384.074799,29.250000,79.500000
Nainital,2006-03-01,29.391900,79.454200,29.250000,79.500000,384.622467,29.250000,79.500000
Nainital,2006-04-01,29.391900,79.454200,29.250000,79.500000,386.586456,29.250000,79.500000
Nainital,2006-05-01,29.391900,79.454200,29.250000,79.500000,389.845123,29.250000,79.500000
Nainital,2006-06-01,29.391900,79.454200,29.250000,79.500000,388.746277,29.250000,79.500000
Nainital,2006-07-01,29.391900,79.454200,29.250000,79.500000,386.381500,29.250000,79.500000
Nainital,2006-08-01,29.391900,79.454200,29.250000,79.500000,383.924835,29.250000,79.500000
Nainital,2006-09-01,29.391900,79.454200,29.250000,79.500000,382.963867,29.250000,79.500000
Nainital,2006-10-01,29.391900,79.454200,29.250000,79.500000,383.404968,29.250000,79.500000
Nainital,2006-11-01,29.391900,79.454200,29.250000,79.500000,383.342773,29.250000,79.500000
Nainital,2006-12-01,29.391900,79.454200,29.250000,79.500000,384.191498,29.250000,79.500000
Nainital,2007-01-01,29.391900,79.454200,29.250000,79.500000,385.444244,29.250000,79.500000
Nainital,2007-02-01,29.391900,79.454200,29.250000,79.500000,386.355042,29.250000,79.500000
Nainital,2007-03-01,29.391900,79.454200,29.250000,79.500000,386.847656,29.250000,79.500000
Nainital,2007-04-01,29.391900,79.454200,29.250000,79.500000,389.586548,29.250000,79.500000
Nainital,2007-05-01,29.391900,79.454200,29.250000,79.500000,390.696320,29.250000,79.500000
Nainital,2007-06-01,29.391900,79.454200,29.250000,79.500000,390.296814,29.250000,79.500000
Nainital,2007-07-01,29.391900,79.454200,29.250000,79.500000,388.646973,29.250000,79.500000
Nainital,2007-08-01,29.391900,79.454200,29.250000,79.500000,385.755188,29.250000,79.500000
Nainital,2007-09-01,29.391900,79.454200,29.250000,79.500000,383.549347,29.250000,79.500000
Nainital,2007-10-01,29.391900,79.454200,29.250000,79.500000,382.420532,29.250000,79.500000
Nainital,2007-11-01,29.391900,79.454200,29.250000,79.500000,384.141876,29.250000,79.500000
Nainital,2007-12-01,29.391900,79.454200,29.250000,79.500000,384.913300,29.250000,79.500000
Nainital,2008-01-01,29.391900,79.454200,29.250000,79.500000,385.885956,29.250000,79.500000
Nainital,2008-02-01,29.391900,79.454200,29.250000,79.500000,386.232605,29.250000,79.500000
Nainital,2008-03-01,29.391900,79.454200,29.250000,79.500000,387.562195,29.250000,79.500000
Nainital,2008-04-01,29.391900,79.454200,29.250000,79.500000,389.282654,29.250000,79.500000
Nainital,2008-05-01,29.391900,79.454200,29.250000,79.500000,391.268433,29.250000,79.500000
Nainital,2008-06-01,29.391900,79.454200,29.250000,79.500000,391.506256,29.250000,79.500000
Nainital,2008-07-01,29.391900,79.454200,29.250000,79.500000,389.044159,29.250000,79.500000
Nainital,2008-08-01,29.391900,79.454200,29.250000,79.500000,386.403534,29.250000,79.500000
Nainital,2008-09-01,29.391900,79.454200,29.250000,79.500000,384.498169,29.250000,79.500000
Nainital,2008-10-01,29.391900,79.454200,29.250000,79.500000,384.471619,29.250000,79.500000
Nainital,2008-11-01,29.391900,79.454200,29.250000,79.500000,385.198944,29.250000,79.500000
Nainital,2008-12-01,29.391900,79.454200,29.250000,79.500000,387.020172,29.250000,79.500000
Nainital,2009-01-01,29.391900,79.454200,29.250000,79.500000,387.723846,29.250000,79.500000
Nainital,2009-02-01,29.391900,79.454200,29.250000,79.500000,388.400208,29.250000,79.500000
Nainital,2009-03-01,29.391900,79.454200,29.250000,79.500000,389.843994,29.250000,79.500000
Nainital,2009-04-01,29.391900,79.454200,29.250000,79.500000,391.087250,29.250000,79.500000
Nainital,2009-05-01,29.391900,79.454200,29.250000,79.500000,393.505219,29.250000,79.500000
Nainital,2009-06-01,29.391900,79.454200,29.250000,79.500000,393.078735,29.250000,79.500000
Nainital,2009-07-01,29.391900,79.454200,29.250000,79.500000,391.435913,29.250000,79.500000
Nainital,2009-08-01,29.391900,79.454200,29.250000,79.500000,389.873505,29.250000,79.500000
Nainital,2009-09-01,29.391900,79.454200,29.250000,79.500000,386.584351,29.250000,79.500000
Nainital,2009-10-01,29.391900,79.454200,29.250000,79.500000,385.797668,29.250000,79.500000
Nainital,2009-11-01,29.391900,79.454200,29.250000,79.500000,386.972565,29.250000,79.500000
Nainital,2009-12-01,29.391900,79.454200,29.250000,79.500000,388.067719,29.250000,79.500000
Nainital,2010-01-01,29.391900,79.454200,29.250000,79.500000,388.728455,29.250000,79.500000
Nainital,2010-02-01,29.391900,79.454200,29.250000,79.500000,389.800507,29.250000,79.500000
Nainital,2010-03-01,29.391900,79.454200,29.250000,79.500000,391.528564,29.250000,79.500000
Nainital,2010-04-01,29.391900,79.454200,29.250000,79.500000,394.066650,29.250000,79.500000
Nainital,2010-05-01,29.391900,79.454200,29.250000,79.500000,395.439209,29.250000,79.500000
Nainital,2010-06-01,29.391900,79.454200,29.250000,79.500000,394.896210,29.250000,79.500000
Nainital,2010-07-01,29.391900,79.454200,29.250000,79.500000,393.838135,29.250000,79.500000
Nainital,2010-08-01,29.391900,79.454200,29.250000,79.500000,390.377533,29.250000,79.500000
Nainital,2010-09-01,29.391900,79.454200,29.250000,79.500000,389.119598,29.250000,79.500000
Nainital,2010-10-01,29.391900,79.454200,29.250000,79.500000,388.271851,29.250000,79.500000
Nainital,2010-11-01,29.391900,79.454200,29.250000,79.500000,389.396851,29.250000,79.500000
Nainital,2010-12-01,29.391900,79.454200,29.250000,79.500000,390.528107,29.250000,79.500000
Nainital,2011-01-01,29.391900,79.454200,29.250000,79.500000,391.278473,29.250000,79.500000
Nainital,2011-02-01,29.391900,79.454200,29.250000,79.500000,391.805542,29.250000,79.500000
Nainital,2011-03-01,29.391900,79.454200,29.250000,79.500000,393.296570,29.250000,79.500000
Nainital,2011-04-01,29.391900,79.454200,29.250000,79.500000,395.223267,29.250000,79.500000
Nainital,2011-05-01,29.391900,79.454200,29.250000,79.500000,397.293274,29.250000,79.500000
Nainital,2011-06-01,29.391900,79.454200,29.250000,79.500000,397.763245,29.250000,79.500000
Nainital,2011-07-01,29.391900,79.454200,29.250000,79.500000,395.476471,29.250000,79.500000
Nainital,2011-08-01,29.391900,79.454200,29.250000,79.500000,392.722260,29.250000,79.500000
Nainital,2011-09-01,29.391900,79.454200,29.250000,79.500000,390.378326,29.250000,79.500000
Nainital,2011-10-01,29.391900,79.454200,29.250000,79.500000,390.260406,29.250000,79.500000
Nainital,2011-11-01,29.391900,79.454200,29.250000,79.500000,391.690613,29.250000,79.500000
Nainital,2011-12-01,29.391900,79.454200,29.250000,79.500000,392.109406,29.250000,79.500000
Nainital,2012-01-01,29.391900,79.454200,29.250000,79.500000,392.953003,29.250000,79.500000
Nainital,2012-02-01,29.391900,79.454200,29.250000,79.500000,394.135498,29.250000,79.500000
Nainital,2012-03-01,29.391900,79.454200,29.250000,79.500000,395.252625,29.250000,79.500000
Nainital,2012-04-01,29.391900,79.454200,29.250000,79.500000,396.737793,29.250000,79.500000
Nainital,2012-05-01,29.391900,79.454200,29.250000,79.500000,398.031219,29.250000,79.500000
Nainital,2012-06-01,29.391900,79.454200,29.250000,79.500000,399.872253,29.250000,79.500000
Nainital,2012-07-01,29.391900,79.454200,29.250000,79.500000,399.016876,29.250000,79.500000
Nainital,2012-08-01,29.391900,79.454200,29.250000,79.500000,394.962433,29.250000,79.500000
Nainital,2012-09-01,29.391900,79.454200,29.250000,79.500000,392.241119,29.250000,79.500000
Nainital,2012-10-01,29.391900,79.454200,29.250000,79.500000,392.150818,29.250000,79.500000
Nainital,2012-11-01,29.391900,79.454200,29.250000,79.500000,393.258331,29.250000,79.500000
Nainital,2012-12-01,29.391900,79.454200,29.250000,79.500000,394.644257,29.250000,79.500000
Nainital,2013-01-01,29.391900,79.454200,29.250000,79.500000,395.474060,29.250000,79.500000
Nainital,2013-02-01,29.391900,79.454200,29.250000,79.500000,395.515594,29.250000,79.500000
Nainital,2013-03-01,29.391900,79.454200,29.250000,79.500000,396.333557,29.250000,79.500000
Nainital,2013-04-01,29.391900,79.454200,29.250000,79.500000,398.914490,29.250000,79.500000
Nainital,2013-05-01,29.391900,79.454200,29.250000,79.500000,400.457062,29.250000,79.500000
Nainital,2013-06-01,29.391900,79.454200,29.250000,79.500000,401.736053,29.250000,79.500000
Nainital,2013-07-01,29.391900,79.454200,29.250000,79.500000,398.120514,29.250000,79.500000
Nainital,2013-08-01,29.391900,79.454200,29.250000,79.500000,395.734161,29.250000,79.500000
Nainital,2013-09-01,29.391900,79.454200,29.250000,79.500000,393.932983,29.250000,79.500000
Nainital,2013-10-01,29.391900,79.454200,29.250000,79.500000,392.785095,29.250000,79.500000
Nainital,2013-11-01,29.391900,79.454200,29.250000,79.500000,394.285583,29.250000,79.500000
Nainital,2013-12-01,29.391900,79.454200,29.250000,79.500000,395.850647,29.250000,79.500000
Nainital,2014-01-01,29.391900,79.454200,29.250000,79.500000,396.205139,29.250000,79.500000
Nainital,2014-02-01,29.391900,79.454200,29.250000,79.500000,396.905884,29.250000,79.500000
Nainital,2014-03-01,29.391900,79.454200,29.250000,79.500000,398.327484,29.250000,79.500000
Nainital,2014-04-01,29.391900,79.454200,29.250000,79.500000,400.139069,29.250000,79.500000
Nainital,2014-05-01,29.391900,79.454200,29.250000,79.500000,401.770538,29.250000,79.500000
Nainital,2014-06-01,29.391900,79.454200,29.250000,79.500000,402.183899,29.250000,79.500000
Nainital,2014-07-01,29.391900,79.454200,29.250000,79.500000,401.367371,29.250000,79.500000
Nainital,2014-08-01,29.391900,79.454200,29.250000,79.500000,398.411011,29.250000,79.500000
Nainital,2014-09-01,29.391900,79.454200,29.250000,79.500000,395.629547,29.250000,79.500000
Nainital,2014-10-01,29.391900,79.454200,29.250000,79.500000,394.007660,29.250000,79.500000
Nainital,2014-11-01,29.391900,79.454200,29.250000,79.500000,395.657104,29.250000,79.500000
Nainital,2014-12-01,29.391900,79.454200,29.250000,79.500000,396.422546,29.250000,79.500000
Nainital,2015-01-01,29.391900,79.454200,29.250000,79.500000,397.388763,29.250000,79.500000
Nainital,2015-02-01,29.391900,79.454200,29.250000,79.500000,398.550781,29.250000,79.500000
Nainital,2015-03-01,29.391900,79.454200,29.250000,79.500000,399.921204,29.250000,79.500000
Nainital,2015-04-01,29.391900,79.454200,29.250000,79.500000,401.867828,29.250000,79.500000
Nainital,2015-05-01,29.391900,79.454200,29.250000,79.500000,402.698608,29.250000,79.500000
Nainital,2015-06-01,29.391900,79.454200,29.250000,79.500000,403.240601,29.250000,79.500000
Nainital,2015-07-01,29.391900,79.454200,29.250000,79.500000,402.161377,29.250000,79.500000
Nainital,2015-08-01,29.391900,79.454200,29.250000,79.500000,400.173462,29.250000,79.500000
Nainital,2015-09-01,29.391900,79.454200,29.250000,79.500000,398.242371,29.250000,79.500000
Nainital,2015-10-01,29.391900,79.454200,29.250000,79.500000,397.705109,29.250000,79.500000
Nainital,2015-11-01,29.391900,79.454200,29.250000,79.500000,398.687836,29.250000,79.500000
Nainital,2015-12-01,29.391900,79.454200,29.250000,79.500000,400.314880,29.250000,79.500000
Nainital,2016-01-01,29.391900,79.454200,29.250000,79.500000,400.990112,29.250000,79.500000
Nainital,2016-02-01,29.391900,79.454200,29.250000,79.500000,401.641449,29.250000,79.500000
Nainital,2016-03-01,29.391900,79.454200,29.250000,79.500000,403.127136,29.250000,79.500000
Nainital,2016-04-01,29.391900,79.454200,29.250000,79.500000,405.127625,29.250000,79.500000
Nainital,2016-05-01,29.391900,79.454200,29.250000,79.500000,407.955627,29.250000,79.500000
Nainital,2016-06-01,29.391900,79.454200,29.250000,79.500000,409.853546,29.250000,79.500000
Nainital,2016-07-01,29.391900,79.454200,29.250000,79.500000,406.631042,29.250000,79.500000
Nainital,2016-08-01,29.391900,79.454200,29.250000,79.500000,403.028259,29.250000,79.500000
Nainital,2016-09-01,29.391900,79.454200,29.250000,79.500000,400.454529,29.250000,79.500000
Nainital,2016-10-01,29.391900,79.454200,29.250000,79.500000,400.812927,29.250000,79.500000
Nainital,2016-11-01,29.391900,79.454200,29.250000,79.500000,401.606689,29.250000,79.500000
Nainital,2016-12-01,29.391900,79.454200,29.250000,79.500000,402.880310,29.250000,79.500000
Nainital,2017-01-01,29.391900,79.454200,29.250000,79.500000,403.266815,29.250000,79.500000
Nainital,2017-02-01,29.391900,79.454200,29.250000,79.500000,404.065765,29.250000,79.500000
Nainital,2017-03-01,29.391900,79.454200,29.250000,79.500000,405.310272,29.250000,79.500000
Nainital,2017-04-01,29.391900,79.454200,29.250000,79.500000,407.762695,29.250000,79.500000
Nainital,2017-05-01,29.391900,79.454200,29.250000,79.500000,409.539795,29.250000,79.500000
Nainital,2017-06-01,29.391900,79.454200,29.250000,79.500000,409.025665,29.250000,79.500000
Nainital,2017-07-01,29.391900,79.454200,29.250000,79.500000,407.852814,29.250000,79.500000
Nainital,2017-08-01,29.391900,79.454200,29.250000,79.500000,405.756134,29.250000,79.500000
Nainital,2017-09-01,29.391900,79.454200,29.250000,79.500000,402.627106,29.250000,79.500000
Nainital,2017-10-01,29.391900,79.454200,29.250000,79.500000,400.985535,29.250000,79.500000
Nainital,2017-11-01,29.391900,79.454200,29.250000,79.500000,401.736298,29.250000,79.500000
Nainital,2017-12-01,29.391900,79.454200,29.250000,79.500000,403.762909,29.250000,79.500000
Nainital,2018-01-01,29.391900,79.454200,29.250000,79.500000,405.175446,29.250000,79.500000
Nainital,2018-02-01,29.391900,79.454200,29.250000,79.500000,406.102325,29.250000,79.500000
Nainital,2018-03-01,29.391900,79.454200,29.250000,79.500000,406.885162,29.250000,79.500000
Nainital,2018-04-01,29.391900,79.454200,29.250000,79.500000,409.703186,29.250000,79.500000
Nainital,2018-05-01,29.391900,79.454200,29.250000,79.500000,411.026367,29.250000,79.500000
Nainital,2018-06-01,29.391900,79.454200,29.250000,79.500000,412.541931,29.250000,79.500000
Nainital,2018-07-01,29.391900,79.454200,29.250000,79.500000,410.494385,29.250000,79.500000
Nainital,2018-08-01,29.391900,79.454200,29.250000,79.500000,408.527069,29.250000,79.500000
Nainital,2018-09-01,29.391900,79.454200,29.250000,79.500000,405.042389,29.250000,79.500000
Nainital,2018-10-01,29.391900,79.454200,29.250000,79.500000,404.429932,29.250000,79.500000
Nainital,2018-11-01,29.391900,79.454200,29.250000,79.500000,405.417328,29.250000,79.500000
Nainital,2018-12-01,29.391900,79.454200,29.250000,79.500000,407.126038,29.250000,79.500000
Nainital,2019-01-01,29.391900,79.454200,29.250000,79.500000,408.187195,29.250000,79.500000
Nainital,2019-02-01,29.391900,79.454200,29.250000,79.500000,409.048645,29.250000,79.500000
Nainital,2019-03-01,29.391900,79.454200,29.250000,79.500000,409.776581,29.250000,79.500000
Nainital,2019-04-01,29.391900,79.454200,29.250000,79.500000,411.951538,29.250000,79.500000
Nainital,2019-05-01,29.391900,79.454200,29.250000,79.500000,413.388336,29.250000,79.500000
Nainital,2019-06-01,29.391900,79.454200,29.250000,79.500000,415.156891,29.250000,79.500000
Nainital,2019-07-01,29.391900,79.454200,29.250000,79.500000,414.903809,29.250000,79.500000
Nainital,2019-08-01,29.391900,79.454200,29.250000,79.500000,411.231567,29.250000,79.500000
Nainital,2019-09-01,29.391900,79.454200,29.250000,79.500000,409.899689,29.250000,79.500000
Nainital,2019-10-01,29.391900,79.454200,29.250000,79.500000,408.900879,29.250000,79.500000
Nainital,2019-11-01,29.391900,79.454200,29.250000,79.500000,410.064148,29.250000,79.500000
Nainital,2019-12-01,29.391900,79.454200,29.250000,79.500000,411.098358,29.250000,79.500000
Nainital,2020-01-01,29.391900,79.454200,29.250000,79.500000,412.504425,29.250000,79.500000
Nainital,2020-02-01,29.391900,79.454200,29.250000,79.500000,412.776764,29.250000,79.500000
Nainital,2020-03-01,29.391900,79.454200,29.250000,79.500000,414.097565,29.250000,79.500000
Nainital,2020-04-01,29.391900,79.454200,29.250000,79.500000,416.102783,29.250000,79.500000
Nainital,2020-05-01,29.391900,79.454200,29.250000,79.500000,417.242828,29.250000,79.500000
Nainital,2020-06-01,29.391900,79.454200,29.250000,79.500000,418.972473,29.250000,79.500000
Nainital,2020-07-01,29.391900,79.454200,29.250000,79.500000,418.305298,29.250000,79.500000
Nainital,2020-08-01,29.391900,79.454200,29.250000,79.500000,415.579926,29.250000,79.500000
Nainital,2020-09-01,29.391900,79.454200,29.250000,79.500000,414.422729,29.250000,79.500000
Nainital,2020-10-01,29.391900,79.454200,29.250000,79.500000,412.497803,29.250000,79.500000
Nainital,2020-11-01,29.391900,79.454200,29.250000,79.500000,413.578918,29.250000,79.500000
Nainital,2020-12-01,29.391900,79.454200,29.250000,79.500000,414.998718,29.250000,79.500000
Shimla,2003-01-01,31.104800,77.173400,30.750000,77.250000,375.397980,30.750000,77.250000
Shimla,2003-02-01,31.104800,77.173400,30.750000,77.250000,375.837708,30.750000,77.250000
Shimla,2003-03-01,31.104800,77.173400,30.750000,77.250000,376.449799,30.750000,77.250000
Shimla,2003-04-01,31.104800,77.173400,30.750000,77.250000,378.005066,30.750000,77.250000
Shimla,2003-05-01,31.104800,77.173400,30.750000,77.250000,378.906677,30.750000,77.250000
Shimla,2003-06-01,31.104800,77.173400,30.750000,77.250000,380.257996,30.750000,77.250000
Shimla,2003-07-01,31.104800,77.173400,30.750000,77.250000,377.660858,30.750000,77.250000
Shimla,2003-08-01,31.104800,77.173400,30.750000,77.250000,375.620270,30.750000,77.250000
Shimla,2003-09-01,31.104800,77.173400,30.750000,77.250000,375.713593,30.750000,77.250000
Shimla,2003-10-01,31.104800,77.173400,30.750000,77.250000,374.652863,30.750000,77.250000
Shimla,2003-11-01,31.104800,77.173400,30.750000,77.250000,376.434509,30.750000,77.250000
Shimla,2003-12-01,31.104800,77.173400,30.750000,77.250000,377.065247,30.750000,77.250000
Shimla,2004-01-01,31.104800,77.173400,30.750000,77.250000,378.316895,30.750000,77.250000
Shimla,2004-02-01,31.104800,77.173400,30.750000,77.250000,378.559326,30.750000,77.250000
Shimla,2004-03-01,31.104800,77.173400,30.750000,77.250000,379.224579,30.750000,77.250000
Shimla,2004-04-01,31.104800,77.173400,30.750000,77.250000,381.333221,30.750000,77.250000
Shimla,2004-05-01,31.104800,77.173400,30.750000,77.250000,381.417236,30.750000,77.250000
Shimla,2004-06-01,31.104800,77.173400,30.750000,77.250000,382.107086,30.750000,77.250000
Shimla,2004-07-01,31.104800,77.173400,30.750000,77.250000,381.391113,30.750000,77.250000
Shimla,2004-08-01,31.104800,77.173400,30.750000,77.250000,378.590088,30.750000,77.250000
Shimla,2004-09-01,31.104800,77.173400,30.750000,77.250000,378.960663,30.750000,77.250000
Shimla,2004-10-01,31.104800,77.173400,30.750000,77.250000,377.443237,30.750000,77.250000
Shimla,2004-11-01,31.104800,77.173400,30.750000,77.250000,378.585022,30.750000,77.250000
Shimla,2004-12-01,31.104800,77.173400,30.750000,77.250000,379.617828,30.750000,77.250000
Shimla,2005-01-01,31.104800,77.173400,30.750000,77.250000,380.479919,30.750000,77.250000
Shimla,2005-02-01,31.104800,77.173400,30.750000,77.250000,381.361237,30.750000,77.250000
Shimla,2005-03-01,31.104800,77.173400,30.750000,77.250000,382.158020,30.750000,77.250000
Shimla,2005-04-01,31.104800,77.173400,30.750000,77.250000,383.164551,30.750000,77.250000
Shimla,2005-05-01,31.104800,77.173400,30.750000,77.250000,383.777466,30.750000,77.250000
Shimla,2005-06-01,31.104800,77.173400,30.750000,77.250000,384.701080,30.750000,77.250000
Shimla,2005-07-01,31.104800,77.173400,30.750000,77.250000,383.850769,30.750000,77.250000
Shimla,2005-08-01,31.104800,77.173400,30.750000,77.250000,381.675964,30.750000,77.250000
Shimla,2005-09-01,31.104800,77.173400,30.750000,77.250000,380.580872,30.750000,77.250000
Shimla,2005-10-01,31.104800,77.173400,30.750000,77.250000,380.973114,30.750000,77.250000
Shimla,2005-11-01,31.104800,77.173400,30.750000,77.250000,381.112732,30.750000,77.250000
Shimla,2005-12-01,31.104800,77.173400,30.750000,77.250000,382.065033,30.750000,77.250000
Shimla,2006-01-01,31.104800,77.173400,30.750000,77.250000,383.324310,30.750000,77.250000
Shimla,2006-02-01,31.104800,77.173400,30.750000,77.250000,384.062164,30.750000,77.250000
Shimla,2006-03-01,31.104800,77.173400,30.750000,77.250000,384.813385,30.750000,77.250000
Shimla,2006-04-01,31.104800,77.173400,30.750000,77.250000,386.319000,30.750000,77.250000
Shimla,2006-05-01,31.104800,77.173400,30.750000,77.250000,389.061371,30.750000,77.250000
Shimla,2006-06-01,31.104800,77.173400,30.750000,77.250000,387.691040,30.750000,77.250000
Shimla,2006-07-01,31.104800,77.173400,30.750000,77.250000,386.132355,30.750000,77.250000
Shimla,2006-08-01,31.104800,77.173400,30.750000,77.250000,383.835663,30.750000,77.250000
Shimla,2006-09-01,31.104800,77.173400,30.750000,77.250000,383.531525,30.750000,77.250000
Shimla,2006-10-01,31.104800,77.173400,30.750000,77.250000,383.967072,30.750000,77.250000
Shimla,2006-11-01,31.104800,77.173400,30.750000,77.250000,384.016754,30.750000,77.250000
Shimla,2006-12-01,31.104800,77.173400,30.750000,77.250000,384.646057,30.750000,77.250000
Shimla,2007-01-01,31.104800,77.173400,30.750000,77.250000,385.773468,30.750000,77.250000
Shimla,2007-02-01,31.104800,77.173400,30.750000,77.250000,386.662079,30.750000,77.250000
Shimla,2007-03-01,31.104800,77.173400,30.750000,77.250000,387.194366,30.750000,77.250000
Shimla,2007-04-01,31.104800,77.173400,30.750000,77.250000,389.062073,30.750000,77.250000
Shimla,2007-05-01,31.104800,77.173400,30.750000,77.250000,389.877014,30.750000,77.250000
Shimla,2007-06-01,31.104800,77.173400,30.750000,77.250000,389.775757,30.750000,77.250000
Shimla,2007-07-01,31.104800,77.173400,30.750000,77.250000,388.124084,30.750000,77.250000
Shimla,2007-08-01,31.104800,77.173400,30.750000,77.250000,385.949982,30.750000,77.250000
Shimla,2007-09-01,31.104800,77.173400,30.750000,77.250000,384.481873,30.750000,77.250000
Shimla,2007-10-01,31.104800,77.173400,30.750000,77.250000,383.592072,30.750000,77.250000
Shimla,2007-11-01,31.104800,77.173400,30.750000,77.250000,384.564117,30.750000,77.250000
Shimla,2007-12-01,31.104800,77.173400,30.750000,77.250000,385.480988,30.750000,77.250000
Shimla,2008-01-01,31.104800,77.173400,30.750000,77.250000,386.338562,30.750000,77.250000
Shimla,2008-02-01,31.104800,77.173400,30.750000,77.250000,386.536774,30.750000,77.250000
Shimla,2008-03-01,31.104800,77.173400,30.750000,77.250000,387.594147,30.750000,77.250000
Shimla,2008-04-01,31.104800,77.173400,30.750000,77.250000,389.202179,30.750000,77.250000
Shimla,2008-05-01,31.104800,77.173400,30.750000,77.250000,390.599915,30.750000,77.250000
Shimla,2008-06-01,31.104800,77.173400,30.750000,77.250000,391.153290,30.750000,77.250000
Shimla,2008-07-01,31.104800,77.173400,30.750000,77.250000,388.964233,30.750000,77.250000
Shimla,2008-08-01,31.104800,77.173400,30.750000,77.250000,386.840454,30.750000,77.250000
Shimla,2008-09-01,31.104800,77.173400,30.750000,77.250000,385.071320,30.750000,77.250000
Shimla,2008-10-01,31.104800,77.173400,30.750000,77.250000,385.598846,30.750000,77.250000
Shimla,2008-11-01,31.104800,77.173400,30.750000,77.250000,385.849518,30.750000,77.250000
Shimla,2008-12-01,31.104800,77.173400,30.750000,77.250000,386.974152,30.750000,77.250000
Shimla,2009-01-01,31.104800,77.173400,30.750000,77.250000,387.993500,30.750000,77.250000
Shimla,2009-02-01,31.104800,77.173400,30.750000,77.250000,388.600861,30.750000,77.250000
Shimla,2009-03-01,31.104800,77.173400,30.750000,77.250000,389.982819,30.750000,77.250000
Shimla,2009-04-01,31.104800,77.173400,30.750000,77.250000,390.924133,30.750000,77.250000
Shimla,2009-05-01,31.104800,77.173400,30.750000,77.250000,392.250793,30.750000,77.250000
Shimla,2009-06-01,31.104800,77.173400,30.750000,77.250000,391.995117,30.750000,77.250000
Shimla,2009-07-01,31.104800,77.173400,30.750000,77.250000,391.493652,30.750000,77.250000
Shimla,2009-08-01,31.104800,77.173400,30.750000,77.250000,389.527283,30.750000,77.250000
Shimla,2009-09-01,31.104800,77.173400,30.750000,77.250000,387.634247,30.750000,77.250000
Shimla,2009-10-01,31.104800,77.173400,30.750000,77.250000,386.305908,30.750000,77.250000
Shimla,2009-11-01,31.104800,77.173400,30.750000,77.250000,387.348633,30.750000,77.250000
Shimla,2009-12-01,31.104800,77.173400,30.750000,77.250000,388.659393,30.750000,77.250000
Shimla,2010-01-01,31.104800,77.173400,30.750000,77.250000,389.452606,30.750000,77.250000
Shimla,2010-02-01,31.104800,77.173400,30.750000,77.250000,390.199951,30.750000,77.250000
Shimla,2010-03-01,31.104800,77.173400,30.750000,77.250000,391.758514,30.750000,77.250000
Shimla,2010-04-01,31.104800,77.173400,30.750000,77.250000,393.698700,30.750000,77.250000
Shimla,2010-05-01,31.104800,77.173400,30.750000,77.250000,394.378204,30.750000,77.250000
Shimla,2010-06-01,31.104800,77.173400,30.750000,77.250000,393.782837,30.750000,77.250000
Shimla,2010-07-01,31.104800,77.173400,30.750000,77.250000,393.674713,30.750000,77.250000
Shimla,2010-08-01,31.104800,77.173400,30.750000,77.250000,390.623444,30.750000,77.250000
Shimla,2010-09-01,31.104800,77.173400,30.750000,77.250000,389.420959,30.750000,77.250000
Shimla,2010-10-01,31.104800,77.173400,30.750000,77.250000,389.319153,30.750000,77.250000
Shimla,2010-11-01,31.104800,77.173400,30.750000,77.250000,389.846283,30.750000,77.250000
Shimla,2010-12-01,31.104800,77.173400,30.750000,77.250000,391.015625,30.750000,77.250000
Shimla,2011-01-01,31.104800,77.173400,30.750000,77.250000,391.932373,30.750000,77.250000
Shimla,2011-02-01,31.104800,77.173400,30.750000,77.250000,392.491180,30.750000,77.250000
Shimla,2011-03-01,31.104800,77.173400,30.750000,77.250000,393.524048,30.750000,77.250000
Shimla,2011-04-01,31.104800,77.173400,30.750000,77.250000,395.208649,30.750000,77.250000
Shimla,2011-05-01,31.104800,77.173400,30.750000,77.250000,396.700409,30.750000,77.250000
Shimla,2011-06-01,31.104800,77.173400,30.750000,77.250000,397.339325,30.750000,77.250000
Shimla,2011-07-01,31.104800,77.173400,30.750000,77.250000,395.678192,30.750000,77.250000
Shimla,2011-08-01,31.104800,77.173400,30.750000,77.250000,393.027283,30.750000,77.250000
Shimla,2011-09-01,31.104800,77.173400,30.750000,77.250000,390.948334,30.750000,77.250000
Shimla,2011-10-01,31.104800,77.173400,30.750000,77.250000,390.981964,30.750000,77.250000
Shimla,2011-11-01,31.104800,77.173400,30.750000,77.250000,391.927155,30.750000,77.250000
Shimla,2011-12-01,31.104800,77.173400,30.750000,77.250000,392.352509,30.750000,77.250000
Shimla,2012-01-01,31.104800,77.173400,30.750000,77.250000,393.597839,30.750000,77.250000
Shimla,2012-02-01,31.104800,77.173400,30.750000,77.250000,394.591034,30.750000,77.250000
Shimla,2012-03-01,31.104800,77.173400,30.750000,77.250000,395.375366,30.750000,77.250000
Shimla,2012-04-01,31.104800,77.173400,30.750000,77.250000,396.600220,30.750000,77.250000
Shimla,2012-05-01,31.104800,77.173400,30.750000,77.250000,397.385101,30.750000,77.250000
Shimla,2012-06-01,31.104800,77.173400,30.750000,77.250000,398.784027,30.750000,77.250000
Shimla,2012-07-01,31.104800,77.173400,30.750000,77.250000,398.851379,30.750000,77.250000
Shimla,2012-08-01,31.104800,77.173400,30.750000,77.250000,395.374725,30.750000,77.250000
Shimla,2012-09-01,31.104800,77.173400,30.750000,77.250000,393.101440,30.750000,77.250000
Shimla,2012-10-01,31.104800,77.173400,30.750000,77.250000,393.141846,30.750000,77.250000
Shimla,2012-11-01,31.104800,77.173400,30.750000,77.250000,394.061432,30.750000,77.250000
Shimla,2012-12-01,31.104800,77.173400,30.750000,77.250000,395.058624,30.750000,77.250000
Shimla,2013-01-01,31.104800,77.173400,30.750000,77.250000,396.128662,30.750000,77.250000
Shimla,2013-02-01,31.104800,77.173400,30.750000,77.250000,396.334198,30.750000,77.250000
Shimla,2013-03-01,31.104800,77.173400,30.750000,77.250000,396.870422,30.750000,77.250000
Shimla,2013-04-01,31.104800,77.173400,30.750000,77.250000,398.870850,30.750000,77.250000
Shimla,2013-05-01,31.104800,77.173400,30.750000,77.250000,399.298737,30.750000,77.250000
Shimla,2013-06-01,31.104800,77.173400,30.750000,77.250000,401.406097,30.750000,77.250000
Shimla,2013-07-01,31.104800,77.173400,30.750000,77.250000,398.395355,30.750000,77.250000
Shimla,2013-08-01,31.104800,77.173400,30.750000,77.250000,396.102875,30.750000,77.250000
Shimla,2013-09-01,31.104800,77.173400,30.750000,77.250000,394.760925,30.750000,77.250000
Shimla,2013-10-01,31.104800,77.173400,30.750000,77.250000,394.678772,30.750000,77.250000
Shimla,2013-11-01,31.104800,77.173400,30.750000,77.250000,394.981293,30.750000,77.250000
Shimla,2013-12-01,31.104800,77.173400,30.750000,77.250000,396.749695,30.750000,77.250000
Shimla,2014-01-01,31.104800,77.173400,30.750000,77.250000,396.848938,30.750000,77.250000
Shimla,2014-02-01,31.104800,77.173400,30.750000,77.250000,397.457916,30.750000,77.250000
Shimla,2014-03-01,31.104800,77.173400,30.750000,77.250000,398.879517,30.750000,77.250000
Shimla,2014-04-01,31.104800,77.173400,30.750000,77.250000,400.112671,30.750000,77.250000
Shimla,2014-05-01,31.104800,77.173400,30.750000,77.250000,401.284943,30.750000,77.250000
Shimla,2014-06-01,31.104800,77.173400,30.750000,77.250000,401.495972,30.750000,77.250000
Shimla,2014-07-01,31.104800,77.173400,30.750000,77.250000,401.088379,30.750000,77.250000
Shimla,2014-08-01,31.104800,77.173400,30.750000,77.250000,398.402466,30.750000,77.250000
Shimla,2014-09-01,31.104800,77.173400,30.750000,77.250000,396.424377,30.750000,77.250000
Shimla,2014-10-01,31.104800,77.173400,30.750000,77.250000,395.173676,30.750000,77.250000
Shimla,2014-11-01,31.104800,77.173400,30.750000,77.250000,395.968933,30.750000,77.250000
Shimla,2014-12-01,31.104800,77.173400,30.750000,77.250000,397.341003,30.750000,77.250000
Shimla,2015-01-01,31.104800,77.173400,30.750000,77.250000,398.184265,30.750000,77.250000
Shimla,2015-02-01,31.104800,77.173400,30.750000,77.250000,399.263824,30.750000,77.250000
Shimla,2015-03-01,31.104800,77.173400,30.750000,77.250000,400.424469,30.750000,77.250000
Shimla,2015-04-01,31.104800,77.173400,30.750000,77.250000,401.769409,30.750000,77.250000
Shimla,2015-05-01,31.104800,77.173400,30.750000,77.250000,402.364716,30.750000,77.250000
Shimla,2015-06-01,31.104800,77.173400,30.750000,77.250000,402.577118,30.750000,77.250000
Shimla,2015-07-01,31.104800,77.173400,30.750000,77.250000,401.919189,30.750000,77.250000
Shimla,2015-08-01,31.104800,77.173400,30.750000,77.250000,400.270325,30.750000,77.250000
Shimla,2015-09-01,31.104800,77.173400,30.750000,77.250000,398.604858,30.750000,77.250000
Shimla,2015-10-01,31.104800,77.173400,30.750000,77.250000,398.287048,30.750000,77.250000
Shimla,2015-11-01,31.104800,77.173400,30.750000,77.250000,399.487671,30.750000,77.250000
Shimla,2015-12-01,31.104800,77.173400,30.750000,77.250000,400.688599,30.750000,77.250000
Shimla,2016-01-01,31.104800,77.173400,30.750000,77.250000,401.655975,30.750000,77.250000
Shimla,2016-02-01,31.104800,77.173400,30.750000,77.250000,402.163208,30.750000,77.250000
Shimla,2016-03-01,31.104800,77.173400,30.750000,77.250000,403.208008,30.750000,77.250000
Shimla,2016-04-01,31.104800,77.173400,30.750000,77.250000,404.866974,30.750000,77.250000
Shimla,2016-05-01,31.104800,77.173400,30.750000,77.250000,407.038818,30.750000,77.250000
Shimla,2016-06-01,31.104800,77.173400,30.750000,77.250000,409.016541,30.750000,77.250000
Shimla,2016-07-01,31.104800,77.173400,30.750000,77.250000,406.592529,30.750000,77.250000
Shimla,2016-08-01,31.104800,77.173400,30.750000,77.250000,403.131500,30.750000,77.250000
Shimla,2016-09-01,31.104800,77.173400,30.750000,77.250000,401.752167,30.750000,77.250000
Shimla,2016-10-01,31.104800,77.173400,30.750000,77.250000,401.084076,30.750000,77.250000
Shimla,2016-11-01,31.104800,77.173400,30.750000,77.250000,401.726318,30.750000,77.250000
Shimla,2016-12-01,31.104800,77.173400,30.750000,77.250000,403.296570,30.750000,77.250000
Shimla,2017-01-01,31.104800,77.173400,30.750000,77.250000,404.079681,30.750000,77.250000
Shimla,2017-02-01,31.104800,77.173400,30.750000,77.250000,404.476410,30.750000,77.250000
Shimla,2017-03-01,31.104800,77.173400,30.750000,77.250000,405.517975,30.750000,77.250000
Shimla,2017-04-01,31.104800,77.173400,30.750000,77.250000,407.135773,30.750000,77.250000
Shimla,2017-05-01,31.104800,77.173400,30.750000,77.250000,408.900208,30.750000,77.250000
Shimla,2017-06-01,31.104800,77.173400,30.750000,77.250000,408.065552,30.750000,77.250000
Shimla,2017-07-01,31.104800,77.173400,30.750000,77.250000,407.579620,30.750000,77.250000
Shimla,2017-08-01,31.104800,77.173400,30.750000,77.250000,405.433777,30.750000,77.250000
Shimla,2017-09-01,31.104800,77.173400,30.750000,77.250000,403.244324,30.750000,77.250000
Shimla,2017-10-01,31.104800,77.173400,30.750000,77.250000,402.160065,30.750000,77.250000
Shimla,2017-11-01,31.104800,77.173400,30.750000,77.250000,402.557220,30.750000,77.250000
Shimla,2017-12-01,31.104800,77.173400,30.750000,77.250000,404.558502,30.750000,77.250000
Shimla,2018-01-01,31.104800,77.173400,30.750000,77.250000,405.613403,30.750000,77.250000
Shimla,2018-02-01,31.104800,77.173400,30.750000,77.250000,406.695282,30.750000,77.250000
Shimla,2018-03-01,31.104800,77.173400,30.750000,77.250000,407.070770,30.750000,77.250000
Shimla,2018-04-01,31.104800,77.173400,30.750000,77.250000,409.306702,30.750000,77.250000
Shimla,2018-05-01,31.104800,77.173400,30.750000,77.250000,410.046021,30.750000,77.250000
Shimla,2018-06-01,31.104800,77.173400,30.750000,77.250000,411.676514,30.750000,77.250000
Shimla,2018-07-01,31.104800,77.173400,30.750000,77.250000,410.547638,30.750000,77.250000
Shimla,2018-08-01,31.104800,77.173400,30.750000,77.250000,408.145050,30.750000,77.250000
Shimla,2018-09-01,31.104800,77.173400,30.750000,77.250000,405.665070,30.750000,77.250000
Shimla,2018-10-01,31.104800,77.173400,30.750000,77.250000,404.929413,30.750000,77.250000
Shimla,2018-11-01,31.104800,77.173400,30.750000,77.250000,405.790802,30.750000,77.250000
Shimla,2018-12-01,31.104800,77.173400,30.750000,77.250000,407.609711,30.750000,77.250000
Shimla,2019-01-01,31.104800,77.173400,30.750000,77.250000,408.685547,30.750000,77.250000
Shimla,2019-02-01,31.104800,77.173400,30.750000,77.250000,409.510681,30.750000,77.250000
Shimla,2019-03-01,31.104800,77.173400,30.750000,77.250000,410.234619,30.750000,77.250000
Shimla,2019-04-01,31.104800,77.173400,30.750000,77.250000,411.849091,30.750000,77.250000
Shimla,2019-05-01,31.104800,77.173400,30.750000,77.250000,413.000244,30.750000,77.250000
Shimla,2019-06-01,31.104800,77.173400,30.750000,77.250000,413.649414,30.750000,77.250000
Shimla,2019-07-01,31.104800,77.173400,30.750000,77.250000,414.637360,30.750000,77.250000
Shimla,2019-08-01,31.104800,77.173400,30.750000,77.250000,411.885925,30.750000,77.250000
Shimla,2019-09-01,31.104800,77.173400,30.750000,77.250000,411.215607,30.750000,77.250000
Shimla,2019-10-01,31.104800,77.173400,30.750000,77.250000,410.223419,30.750000,77.250000
Shimla,2019-11-01,31.104800,77.173400,30.750000,77.250000,410.745911,30.750000,77.250000
Shimla,2019-12-01,31.104800,77.173400,30.750000,77.250000,412.029724,30.750000,77.250000
Shimla,2020-01-01,31.104800,77.173400,30.750000,77.250000,413.044556,30.750000,77.250000
Shimla,2020-02-01,31.104800,77.173400,30.750000,77.250000,413.575653,30.750000,77.250000
Shimla,2020-03-01,31.104800,77.173400,30.750000,77.250000,414.729736,30.750000,77.250000
Shimla,2020-04-01,31.104800,77.173400,30.750000,77.250000,416.014435,30.750000,77.250000
Shimla,2020-05-01,31.104800,77.173400,30.750000,77.250000,416.841248,30.750000,77.250000
Shimla,2020-06-01,31.104800,77.173400,30.750000,77.250000,418.415436,30.750000,77.250000
Shimla,2020-07-01,31.104800,77.173400,30.750000,77.250000,417.769104,30.750000,77.250000
Shimla,2020-08-01,31.104800,77.173400,30.750000,77.250000,416.066223,30.750000,77.250000
Shimla,2020-09-01,31.104800,77.173400,30.750000,77.250000,414.726593,30.750000,77.250000
Shimla,2020-10-01,31.104800,77.173400,30.750000,77.250000,413.952332,30.750000,77.250000
Shimla,2020-11-01,31.104800,77.173400,30.750000,77.250000,414.543976,30.750000,77.250000
Shimla,2020-12-01,31.104800,77.173400,30.750000,77.250000,415.483704,30.750000,77.250000
Manali,2003-01-01,32.239600,77.188700,32.250000,77.250000,374.067719,32.250000,77.250000
Manali,2003-02-01,32.239600,77.188700,32.250000,77.250000,374.920502,32.250000,77.250000
Manali,2003-03-01,32.239600,77.188700,32.250000,77.250000,375.415161,32.250000,77.250000
Manali,2003-04-01,32.239600,77.188700,32.250000,77.250000,376.554077,32.250000,77.250000
Manali,2003-05-01,32.239600,77.188700,32.250000,77.250000,377.320496,32.250000,77.250000
Manali,2003-06-01,32.239600,77.188700,32.250000,77.250000,377.930450,32.250000,77.250000
Manali,2003-07-01,32.239600,77.188700,32.250000,77.250000,376.856079,32.250000,77.250000
Manali,2003-08-01,32.239600,77.188700,32.250000,77.250000,375.086304,32.250000,77.250000
Manali,2003-09-01,32.239600,77.188700,32.250000,77.250000,374.658325,32.250000,77.250000
Manali,2003-10-01,32.239600,77.188700,32.250000,77.250000,374.366852,32.250000,77.250000
Manali,2003-11-01,32.239600,77.188700,32.250000,77.250000,375.469757,32.250000,77.250000
Manali,2003-12-01,32.239600,77.188700,32.250000,77.250000,376.201141,32.250000,77.250000
Manali,2004-01-01,32.239600,77.188700,32.250000,77.250000,377.259308,32.250000,77.250000
Manali,2004-02-01,32.239600,77.188700,32.250000,77.250000,377.576355,32.250000,77.250000
Manali,2004-03-01,32.239600,77.188700,32.250000,77.250000,378.147064,32.250000,77.250000
Manali,2004-04-01,32.239600,77.188700,32.250000,77.250000,379.665802,32.250000,77.250000
Manali,2004-05-01,32.239600,77.188700,32.250000,77.250000,380.042999,32.250000,77.250000
Manali,2004-06-01,32.239600,77.188700,32.250000,77.250000,380.127350,32.250000,77.250000
Manali,2004-07-01,32.239600,77.188700,32.250000,77.250000,379.979401,32.250000,77.250000
Manali,2004-08-01,32.239600,77.188700,32.250000,77.250000,377.824005,32.250000,77.250000
Manali,2004-09-01,32.239600,77.188700,32.250000,77.250000,377.711731,32.250000,77.250000
Manali,2004-10-01,32.239600,77.188700,32.250000,77.250000,376.954803,32.250000,77.250000
Manali,2004-11-01,32.239600,77.188700,32.250000,77.250000,377.774841,32.250000,77.250000
Manali,2004-12-01,32.239600,77.188700,32.250000,77.250000,378.692963,32.250000,77.250000
Manali,2005-01-01,32.239600,77.188700,32.250000,77.250000,379.349579,32.250000,77.250000
Manali,2005-02-01,32.239600,77.188700,32.250000,77.250000,380.383453,32.250000,77.250000
Manali,2005-03-01,32.239600,77.188700,32.250000,77.250000,381.060150,32.250000,77.250000
Manali,2005-04-01,32.239600,77.188700,32.250000,77.250000,381.802368,32.250000,77.250000
Manali,2005-05-01,32.239600,77.188700,32.250000,77.250000,382.544189,32.250000,77.250000
Manali,2005-06-01,32.239600,77.188700,32.250000,77.250000,382.644470,32.250000,77.250000
Manali,2005-07-01,32.239600,77.188700,32.250000,77.250000,382.682648,32.250000,77.250000
Manali,2005-08-01,32.239600,77.188700,32.250000,77.250000,380.473999,32.250000,77.250000
Manali,2005-09-01,32.239600,77.188700,32.250000,77.250000,379.860443,32.250000,77.250000
Manali,2005-10-01,32.239600,77.188700,32.250000,77.250000,379.940002,32.250000,77.250000
Manali,2005-11-01,32.239600,77.188700,32.250000,77.250000,380.538727,32.250000,77.250000
Manali,2005-12-01,32.239600,77.188700,32.250000,77.250000,381.193665,32.250000,77.250000
Manali,2006-01-01,32.239600,77.188700,32.250000,77.250000,382.370880,32.250000,77.250000
Manali,2006-02-01,32.239600,77.188700,32.250000,77.250000,383.027802,32.250000,77.250000
Manali,2006-03-01,32.239600,77.188700,32.250000,77.250000,383.709106,32.250000,77.250000
Manali,2006-04-01,32.239600,77.188700,32.250000,77.250000,384.667480,32.250000,77.250000
Manali,2006-05-01,32.239600,77.188700,32.250000,77.250000,385.963135,32.250000,77.250000
Manali,2006-06-01,32.239600,77.188700,32.250000,77.250000,385.732330,32.250000,77.250000
Manali,2006-07-01,32.239600,77.188700,32.250000,77.250000,384.979034,32.250000,77.250000
Manali,2006-08-01,32.239600,77.188700,32.250000,77.250000,383.244690,32.250000,77.250000
Manali,2006-09-01,32.239600,77.188700,32.250000,77.250000,382.883026,32.250000,77.250000
Manali,2006-10-01,32.239600,77.188700,32.250000,77.250000,382.943848,32.250000,77.250000
Manali,2006-11-01,32.239600,77.188700,32.250000,77.250000,383.282440,32.250000,77.250000
Manali,2006-12-01,32.239600,77.188700,32.250000,77.250000,383.942871,32.250000,77.250000
Manali,2007-01-01,32.239600,77.188700,32.250000,77.250000,384.680420,32.250000,77.250000
Manali,2007-02-01,32.239600,77.188700,32.250000,77.250000,385.747711,32.250000,77.250000
Manali,2007-03-01,32.239600,77.188700,32.250000,77.250000,386.193726,32.250000,77.250000
Manali,2007-04-01,32.239600,77.188700,32.250000,77.250000,387.431976,32.250000,77.250000
Manali,2007-05-01,32.239600,77.188700,32.250000,77.250000,387.886200,32.250000,77.250000
Manali,2007-06-01,32.239600,77.188700,32.250000,77.250000,388.149963,32.250000,77.250000
Manali,2007-07-01,32.239600,77.188700,32.250000,77.250000,386.954407,32.250000,77.250000
Manali,2007-08-01,32.239600,77.188700,32.250000,77.250000,385.158051,32.250000,77.250000
Manali,2007-09-01,32.239600,77.188700,32.250000,77.250000,383.267181,32.250000,77.250000
Manali,2007-10-01,32.239600,77.188700,32.250000,77.250000,382.826904,32.250000,77.250000
Manali,2007-11-01,32.239600,77.188700,32.250000,77.250000,383.427063,32.250000,77.250000
Manali,2007-12-01,32.239600,77.188700,32.250000,77.250000,384.579254,32.250000,77.250000
Manali,2008-01-01,32.239600,77.188700,32.250000,77.250000,385.333252,32.250000,77.250000
Manali,2008-02-01,32.239600,77.188700,32.250000,77.250000,385.277191,32.250000,77.250000
Manali,2008-03-01,32.239600,77.188700,32.250000,77.250000,386.261719,32.250000,77.250000
Manali,2008-04-01,32.239600,77.188700,32.250000,77.250000,387.916809,32.250000,77.250000
Manali,2008-05-01,32.239600,77.188700,32.250000,77.250000,388.670044,32.250000,77.250000
Manali,2008-06-01,32.239600,77.188700,32.250000,77.250000,388.973328,32.250000,77.250000
Manali,2008-07-01,32.239600,77.188700,32.250000,77.250000,387.754974,32.250000,77.250000
Manali,2008-08-01,32.239600,77.188700,32.250000,77.250000,385.761230,32.250000,77.250000
Manali,2008-09-01,32.239600,77.188700,32.250000,77.250000,384.210510,32.250000,77.250000
Manali,2008-10-01,32.239600,77.188700,32.250000,77.250000,384.460083,32.250000,77.250000
Manali,2008-11-01,32.239600,77.188700,32.250000,77.250000,384.841400,32.250000,77.250000
Manali,2008-12-01,32.239600,77.188700,32.250000,77.250000,386.032654,32.250000,77.250000
Manali,2009-01-01,32.239600,77.188700,32.250000,77.250000,386.983154,32.250000,77.250000
Manali,2009-02-01,32.239600,77.188700,32.250000,77.250000,387.497833,32.250000,77.250000
Manali,2009-03-01,32.239600,77.188700,32.250000,77.250000,388.733917,32.250000,77.250000
Manali,2009-04-01,32.239600,77.188700,32.250000,77.250000,389.898376,32.250000,77.250000
Manali,2009-05-01,32.239600,77.188700,32.250000,77.250000,390.468689,32.250000,77.250000
Manali,2009-06-01,32.239600,77.188700,32.250000,77.250000,390.654968,32.250000,77.250000
Manali,2009-07-01,32.239600,77.188700,32.250000,77.250000,390.524017,32.250000,77.250000
Manali,2009-08-01,32.239600,77.188700,32.250000,77.250000,388.204468,32.250000,77.250000
Manali,2009-09-01,32.239600,77.188700,32.250000,77.250000,386.080353,32.250000,77.250000
Manali,2009-10-01,32.239600,77.188700,32.250000,77.250000,385.958557,32.250000,77.250000
Manali,2009-11-01,32.239600,77.188700,32.250000,77.250000,386.651703,32.250000,77.250000
Manali,2009-12-01,32.239600,77.188700,32.250000,77.250000,387.531250,32.250000,77.250000
Manali,2010-01-01,32.239600,77.188700,32.250000,77.250000,388.195740,32.250000,77.250000
Manali,2010-02-01,32.239600,77.188700,32.250000,77.250000,389.280945,32.250000,77.250000
Manali,2010-03-01,32.239600,77.188700,32.250000,77.250000,390.399445,32.250000,77.250000
Manali,2010-04-01,32.239600,77.188700,32.250000,77.250000,392.218842,32.250000,77.250000
Manali,2010-05-01,32.239600,77.188700,32.250000,77.250000,392.728271,32.250000,77.250000
Manali,2010-06-01,32.239600,77.188700,32.250000,77.250000,392.040894,32.250000,77.250000
Manali,2010-07-01,32.239600,77.188700,32.250000,77.250000,392.335571,32.250000,77.250000
Manali,2010-08-01,32.239600,77.188700,32.250000,77.250000,389.773743,32.250000,77.250000
Manali,2010-09-01,32.239600,77.188700,32.250000,77.250000,388.858337,32.250000,77.250000
Manali,2010-10-01,32.239600,77.188700,32.250000,77.250000,388.480896,32.250000,77.250000
Manali,2010-11-01,32.239600,77.188700,32.250000,77.250000,388.943695,32.250000,77.250000
Manali,2010-12-01,32.239600,77.188700,32.250000,77.250000,390.029266,32.250000,77.250000
Manali,2011-01-01,32.239600,77.188700,32.250000,77.250000,390.747955,32.250000,77.250000
Manali,2011-02-01,32.239600,77.188700,32.250000,77.250000,391.502502,32.250000,77.250000
Manali,2011-03-01,32.239600,77.188700,32.250000,77.250000,392.309082,32.250000,77.250000
Manali,2011-04-01,32.239600,77.188700,32.250000,77.250000,393.823639,32.250000,77.250000
Manali,2011-05-01,32.239600,77.188700,32.250000,77.250000,394.497009,32.250000,77.250000
Manali,2011-06-01,32.239600,77.188700,32.250000,77.250000,394.697479,32.250000,77.250000
Manali,2011-07-01,32.239600,77.188700,32.250000,77.250000,394.478455,32.250000,77.250000
Manali,2011-08-01,32.239600,77.188700,32.250000,77.250000,392.114868,32.250000,77.250000
Manali,2011-09-01,32.239600,77.188700,32.250000,77.250000,390.041901,32.250000,77.250000
Manali,2011-10-01,32.239600,77.188700,32.250000,77.250000,390.011963,32.250000,77.250000
Manali,2011-11-01,32.239600,77.188700,32.250000,77.250000,390.725464,32.250000,77.250000
Manali,2011-12-01,32.239600,77.188700,32.250000,77.250000,391.321289,32.250000,77.250000
Manali,2012-01-01,32.239600,77.188700,32.250000,77.250000,392.608093,32.250000,77.250000
Manali,2012-02-01,32.239600,77.188700,32.250000,77.250000,393.418579,32.250000,77.250000
Manali,2012-03-01,32.239600,77.188700,32.250000,77.250000,394.096619,32.250000,77.250000
Manali,2012-04-01,32.239600,77.188700,32.250000,77.250000,395.219879,32.250000,77.250000
Manali,2012-05-01,32.239600,77.188700,32.250000,77.250000,395.913971,32.250000,77.250000
Manali,2012-06-01,32.239600,77.188700,32.250000,77.250000,397.030701,32.250000,77.250000
Manali,2012-07-01,32.239600,77.188700,32.250000,77.250000,396.961365,32.250000,77.250000
Manali,2012-08-01,32.239600,77.188700,32.250000,77.250000,394.589783,32.250000,77.250000
Manali,2012-09-01,32.239600,77.188700,32.250000,77.250000,392.430725,32.250000,77.250000
Manali,2012-10-01,32.239600,77.188700,32.250000,77.250000,392.527130,32.250000,77.250000
Manali,2012-11-01,32.239600,77.188700,32.250000,77.250000,393.027618,32.250000,77.250000
Manali,2012-12-01,32.239600,77.188700,32.250000,77.250000,393.961487,32.250000,77.250000
Manali,2013-01-01,32.239600,77.188700,32.250000,77.250000,394.942352,32.250000,77.250000
Manali,2013-02-01,32.239600,77.188700,32.250000,77.250000,395.326233,32.250000,77.250000
Manali,2013-03-01,32.239600,77.188700,32.250000,77.250000,395.789032,32.250000,77.250000
Manali,2013-04-01,32.239600,77.188700,32.250000,77.250000,397.185333,32.250000,77.250000
Manali,2013-05-01,32.239600,77.188700,32.250000,77.250000,397.746826,32.250000,77.250000
Manali,2013-06-01,32.239600,77.188700,32.250000,77.250000,398.741699,32.250000,77.250000
Manali,2013-07-01,32.239600,77.188700,32.250000,77.250000,396.847473,32.250000,77.250000
Manali,2013-08-01,32.239600,77.188700,32.250000,77.250000,395.292145,32.250000,77.250000
Manali,2013-09-01,32.239600,77.188700,32.250000,77.250000,393.306793,32.250000,77.250000
Manali,2013-10-01,32.239600,77.188700,32.250000,77.250000,393.074585,32.250000,77.250000
Manali,2013-11-01,32.239600,77.188700,32.250000,77.250000,394.026520,32.250000,77.250000
Manali,2013-12-01,32.239600,77.188700,32.250000,77.250000,395.510254,32.250000,77.250000
Manali,2014-01-01,32.239600,77.188700,32.250000,77.250000,395.977692,32.250000,77.250000
Manali,2014-02-01,32.239600,77.188700,32.250000,77.250000,396.501160,32.250000,77.250000
Manali,2014-03-01,32.239600,77.188700,32.250000,77.250000,397.756683,32.250000,77.250000
Manali,2014-04-01,32.239600,77.188700,32.250000,77.250000,398.856079,32.250000,77.250000
Manali,2014-05-01,32.239600,77.188700,32.250000,77.250000,399.766388,32.250000,77.250000
Manali,2014-06-01,32.239600,77.188700,32.250000,77.250000,399.447388,32.250000,77.250000
Manali,2014-07-01,32.239600,77.188700,32.250000,77.250000,399.640106,32.250000,77.250000
Manali,2014-08-01,32.239600,77.188700,32.250000,77.250000,396.915985,32.250000,77.250000
Manali,2014-09-01,32.239600,77.188700,32.250000,77.250000,394.884827,32.250000,77.250000
Manali,2014-10-01,32.239600,77.188700,32.250000,77.250000,393.962463,32.250000,77.250000
Manali,2014-11-01,32.239600,77.188700,32.250000,77.250000,394.882080,32.250000,77.250000
Manali,2014-12-01,32.239600,77.188700,32.250000,77.250000,396.327271,32.250000,77.250000
Manali,2015-01-01,32.239600,77.188700,32.250000,77.250000,397.202576,32.250000,77.250000
Manali,2015-02-01,32.239600,77.188700,32.250000,77.250000,398.300476,32.250000,77.250000
Manali,2015-03-01,32.239600,77.188700,32.250000,77.250000,399.279205,32.250000,77.250000
Manali,2015-04-01,32.239600,77.188700,32.250000,77.250000,400.296326,32.250000,77.250000
Manali,2015-05-01,32.239600,77.188700,32.250000,77.250000,400.796814,32.250000,77.250000
Manali,2015-06-01,32.239600,77.188700,32.250000,77.250000,400.418701,32.250000,77.250000
Manali,2015-07-01,32.239600,77.188700,32.250000,77.250000,400.130219,32.250000,77.250000
Manali,2015-08-01,32.239600,77.188700,32.250000,77.250000,398.395142,32.250000,77.250000
Manali,2015-09-01,32.239600,77.188700,32.250000,77.250000,397.539459,32.250000,77.250000
Manali,2015-10-01,32.239600,77.188700,32.250000,77.250000,396.936554,32.250000,77.250000
Manali,2015-11-01,32.239600,77.188700,32.250000,77.250000,398.080780,32.250000,77.250000
Manali,2015-12-01,32.239600,77.188700,32.250000,77.250000,399.108917,32.250000,77.250000
Manali,2016-01-01,32.239600,77.188700,32.250000,77.250000,399.934326,32.250000,77.250000
Manali,2016-02-01,32.239600,77.188700,32.250000,77.250000,400.541931,32.250000,77.250000
Manali,2016-03-01,32.239600,77.188700,32.250000,77.250000,401.894989,32.250000,77.250000
Manali,2016-04-01,32.239600,77.188700,32.250000,77.250000,403.417755,32.250000,77.250000
Manali,2016-05-01,32.239600,77.188700,32.250000,77.250000,404.723938,32.250000,77.250000
Manali,2016-06-01,32.239600,77.188700,32.250000,77.250000,406.181183,32.250000,77.250000
Manali,2016-07-01,32.239600,77.188700,32.250000,77.250000,404.611359,32.250000,77.250000
Manali,2016-08-01,32.239600,77.188700,32.250000,77.250000,402.382812,32.250000,77.250000
Manali,2016-09-01,32.239600,77.188700,32.250000,77.250000,399.782806,32.250000,77.250000
Manali,2016-10-01,32.239600,77.188700,32.250000,77.250000,399.198273,32.250000,77.250000
Manali,2016-11-01,32.239600,77.188700,32.250000,77.250000,400.482819,32.250000,77.250000
Manali,2016-12-01,32.239600,77.188700,32.250000,77.250000,401.477722,32.250000,77.250000
Manali,2017-01-01,32.239600,77.188700,32.250000,77.250000,402.955536,32.250000,77.250000
Manali,2017-02-01,32.239600,77.188700,32.250000,77.250000,403.132874,32.250000,77.250000
Manali,2017-03-01,32.239600,77.188700,32.250000,77.250000,404.236267,32.250000,77.250000
Manali,2017-04-01,32.239600,77.188700,32.250000,77.250000,405.446808,32.250000,77.250000
Manali,2017-05-01,32.239600,77.188700,32.250000,77.250000,406.352234,32.250000,77.250000
Manali,2017-06-01,32.239600,77.188700,32.250000,77.250000,405.954895,32.250000,77.250000
Manali,2017-07-01,32.239600,77.188700,32.250000,77.250000,405.968048,32.250000,77.250000
Manali,2017-08-01,32.239600,77.188700,32.250000,77.250000,404.284363,32.250000,77.250000
Manali,2017-09-01,32.239600,77.188700,32.250000,77.250000,401.708679,32.250000,77.250000
Manali,2017-10-01,32.239600,77.188700,32.250000,77.250000,400.558411,32.250000,77.250000
Manali,2017-11-01,32.239600,77.188700,32.250000,77.250000,400.976288,32.250000,77.250000
Manali,2017-12-01,32.239600,77.188700,32.250000,77.250000,403.139404,32.250000,77.250000
Manali,2018-01-01,32.239600,77.188700,32.250000,77.250000,403.850616,32.250000,77.250000
Manali,2018-02-01,32.239600,77.188700,32.250000,77.250000,405.159607,32.250000,77.250000
Manali,2018-03-01,32.239600,77.188700,32.250000,77.250000,405.606049,32.250000,77.250000
Manali,2018-04-01,32.239600,77.188700,32.250000,77.250000,407.183411,32.250000,77.250000
Manali,2018-05-01,32.239600,77.188700,32.250000,77.250000,408.141724,32.250000,77.250000
Manali,2018-06-01,32.239600,77.188700,32.250000,77.250000,409.083466,32.250000,77.250000
Manali,2018-07-01,32.239600,77.188700,32.250000,77.250000,408.910156,32.250000,77.250000
Manali,2018-08-01,32.239600,77.188700,32.250000,77.250000,406.459686,32.250000,77.250000
Manali,2018-09-01,32.239600,77.188700,32.250000,77.250000,404.610962,32.250000,77.250000
Manali,2018-10-01,32.239600,77.188700,32.250000,77.250000,403.396149,32.250000,77.250000
Manali,2018-11-01,32.239600,77.188700,32.250000,77.250000,404.200928,32.250000,77.250000
Manali,2018-12-01,32.239600,77.188700,32.250000,77.250000,405.795685,32.250000,77.250000
Manali,2019-01-01,32.239600,77.188700,32.250000,77.250000,407.290710,32.250000,77.250000
Manali,2019-02-01,32.239600,77.188700,32.250000,77.250000,408.199310,32.250000,77.250000
Manali,2019-03-01,32.239600,77.188700,32.250000,77.250000,408.919495,32.250000,77.250000
Manali,2019-04-01,32.239600,77.188700,32.250000,77.250000,410.239655,32.250000,77.250000
Manali,2019-05-01,32.239600,77.188700,32.250000,77.250000,411.264893,32.250000,77.250000
Manali,2019-06-01,32.239600,77.188700,32.250000,77.250000,411.415436,32.250000,77.250000
Manali,2019-07-01,32.239600,77.188700,32.250000,77.250000,412.198303,32.250000,77.250000
Manali,2019-08-01,32.239600,77.188700,32.250000,77.250000,410.558990,32.250000,77.250000
Manali,2019-09-01,32.239600,77.188700,32.250000,77.250000,409.804535,32.250000,77.250000
Manali,2019-10-01,32.239600,77.188700,32.250000,77.250000,409.006012,32.250000,77.250000
Manali,2019-11-01,32.239600,77.188700,32.250000,77.250000,409.658966,32.250000,77.250000
Manali,2019-12-01,32.239600,77.188700,32.250000,77.250000,410.697632,32.250000,77.250000
Manali,2020-01-01,32.239600,77.188700,32.250000,77.250000,411.776764,32.250000,77.250000
Manali,2020-02-01,32.239600,77.188700,32.250000,77.250000,412.050995,32.250000,77.250000
Manali,2020-03-01,32.239600,77.188700,32.250000,77.250000,413.261841,32.250000,77.250000
Manali,2020-04-01,32.239600,77.188700,32.250000,77.250000,414.284851,32.250000,77.250000
Manali,2020-05-01,32.239600,77.188700,32.250000,77.250000,415.026062,32.250000,77.250000
Manali,2020-06-01,32.239600,77.188700,32.250000,77.250000,415.910706,32.250000,77.250000
Manali,2020-07-01,32.239600,77.188700,32.250000,77.250000,415.867249,32.250000,77.250000
Manali,2020-08-01,32.239600,77.188700,32.250000,77.250000,414.861420,32.250000,77.250000
Manali,2020-09-01,32.239600,77.188700,32.250000,77.250000,413.240662,32.250000,77.250000
Manali,2020-10-01,32.239600,77.188700,32.250000,77.250000,412.694489,32.250000,77.250000
Manali,2020-11-01,32.239600,77.188700,32.250000,77.250000,413.396210,32.250000,77.250000
Manali,2020-12-01,32.239600,77.188700,32.250000,77.250000,414.309875,32.250000,77.250000
Gangtok,2003-01-01,27.338900,88.606500,27.000000,88.500000,374.408417,27.000000,88.500000
Gangtok,2003-02-01,27.338900,88.606500,27.000000,88.500000,374.650482,27.000000,88.500000
Gangtok,2003-03-01,27.338900,88.606500,27.000000,88.500000,375.559387,27.000000,88.500000
Gangtok,2003-04-01,27.338900,88.606500,27.000000,88.500000,377.652100,27.000000,88.500000
Gangtok,2003-05-01,27.338900,88.606500,27.000000,88.500000,379.808929,27.000000,88.500000
Gangtok,2003-06-01,27.338900,88.606500,27.000000,88.500000,380.655701,27.000000,88.500000
Gangtok,2003-07-01,27.338900,88.606500,27.000000,88.500000,376.955811,27.000000,88.500000
Gangtok,2003-08-01,27.338900,88.606500,27.000000,88.500000,375.919250,27.000000,88.500000
Gangtok,2003-09-01,27.338900,88.606500,27.000000,88.500000,375.511963,27.000000,88.500000
Gangtok,2003-10-01,27.338900,88.606500,27.000000,88.500000,373.193848,27.000000,88.500000
Gangtok,2003-11-01,27.338900,88.606500,27.000000,88.500000,375.046539,27.000000,88.500000
Gangtok,2003-12-01,27.338900,88.606500,27.000000,88.500000,375.881744,27.000000,88.500000
Gangtok,2004-01-01,27.338900,88.606500,27.000000,88.500000,377.158936,27.000000,88.500000
Gangtok,2004-02-01,27.338900,88.606500,27.000000,88.500000,376.886108,27.000000,88.500000
Gangtok,2004-03-01,27.338900,88.606500,27.000000,88.500000,378.959473,27.000000,88.500000
Gangtok,2004-04-01,27.338900,88.606500,27.000000,88.500000,381.038696,27.000000,88.500000
Gangtok,2004-05-01,27.338900,88.606500,27.000000,88.500000,383.333038,27.000000,88.500000
Gangtok,2004-06-01,27.338900,88.606500,27.000000,88.500000,382.974060,27.000000,88.500000
Gangtok,2004-07-01,27.338900,88.606500,27.000000,88.500000,382.027802,27.000000,88.500000
Gangtok,2004-08-01,27.338900,88.606500,27.000000,88.500000,378.893402,27.000000,88.500000
Gangtok,2004-09-01,27.338900,88.606500,27.000000,88.500000,377.868622,27.000000,88.500000
Gangtok,2004-10-01,27.338900,88.606500,27.000000,88.500000,375.986481,27.000000,88.500000
Gangtok,2004-11-01,27.338900,88.606500,27.000000,88.500000,376.792664,27.000000,88.500000
Gangtok,2004-12-01,27.338900,88.606500,27.000000,88.500000,378.263641,27.000000,88.500000
Gangtok,2005-01-01,27.338900,88.606500,27.000000,88.500000,380.237274,27.000000,88.500000
Gangtok,2005-02-01,27.338900,88.606500,27.000000,88.500000,380.575104,27.000000,88.500000
Gangtok,2005-03-01,27.338900,88.606500,27.000000,88.500000,381.372253,27.000000,88.500000
Gangtok,2005-04-01,27.338900,88.606500,27.000000,88.500000,383.546051,27.000000,88.500000
Gangtok,2005-05-01,27.338900,88.606500,27.000000,88.500000,384.509674,27.000000,88.500000
Gangtok,2005-06-01,27.338900,88.606500,27.000000,88.500000,387.476624,27.000000,88.500000
Gangtok,2005-07-01,27.338900,88.606500,27.000000,88.500000,382.906342,27.000000,88.500000
Gangtok,2005-08-01,27.338900,88.606500,27.000000,88.500000,382.033936,27.000000,88.500000
Gangtok,2005-09-01,27.338900,88.606500,27.000000,88.500000,380.413757,27.000000,88.500000
Gangtok,2005-10-01,27.338900,88.606500,27.000000,88.500000,379.352142,27.000000,88.500000
Gangtok,2005-11-01,27.338900,88.606500,27.000000,88.500000,379.774963,27.000000,88.500000
Gangtok,2005-12-01,27.338900,88.606500,27.000000,88.500000,380.604004,27.000000,88.500000
Gangtok,2006-01-01,27.338900,88.606500,27.000000,88.500000,383.338440,27.000000,88.500000
Gangtok,2006-02-01,27.338900,88.606500,27.000000,88.500000,383.909302,27.000000,88.500000
Gangtok,2006-03-01,27.338900,88.606500,27.000000,88.500000,383.667999,27.000000,88.500000
Gangtok,2006-04-01,27.338900,88.606500,27.000000,88.500000,385.925903,27.000000,88.500000
Gangtok,2006-05-01,27.338900,88.606500,27.000000,88.500000,388.879822,27.000000,88.500000
Gangtok,2006-06-01,27.338900,88.606500,27.000000,88.500000,388.527527,27.000000,88.500000
Gangtok,2006-07-01,27.338900,88.606500,27.000000,88.500000,385.750366,27.000000,88.500000
Gangtok,2006-08-01,27.338900,88.606500,27.000000,88.500000,384.061340,27.000000,88.500000
Gangtok,2006-09-01,27.338900,88.606500,27.000000,88.500000,383.120392,27.000000,88.500000
Gangtok,2006-10-01,27.338900,88.606500,27.000000,88.500000,382.002930,27.000000,88.500000
Gangtok,2006-11-01,27.338900,88.606500,27.000000,88.500000,383.158386,27.000000,88.500000
Gangtok,2006-12-01,27.338900,88.606500,27.000000,88.500000,384.057831,27.000000,88.500000
Gangtok,2007-01-01,27.338900,88.606500,27.000000,88.500000,386.010437,27.000000,88.500000
Gangtok,2007-02-01,27.338900,88.606500,27.000000,88.500000,385.343201,27.000000,88.500000
Gangtok,2007-03-01,27.338900,88.606500,27.000000,88.500000,385.645813,27.000000,88.500000
Gangtok,2007-04-01,27.338900,88.606500,27.000000,88.500000,389.066711,27.000000,88.500000
Gangtok,2007-05-01,27.338900,88.606500,27.000000,88.500000,389.943085,27.000000,88.500000
Gangtok,2007-06-01,27.338900,88.606500,27.000000,88.500000,390.631165,27.000000,88.500000
Gangtok,2007-07-01,27.338900,88.606500,27.000000,88.500000,388.303375,27.000000,88.500000
Gangtok,2007-08-01,27.338900,88.606500,27.000000,88.500000,385.714752,27.000000,88.500000
Gangtok,2007-09-01,27.338900,88.606500,27.000000,88.500000,384.209106,27.000000,88.500000
Gangtok,2007-10-01,27.338900,88.606500,27.000000,88.500000,381.933380,27.000000,88.500000
Gangtok,2007-11-01,27.338900,88.606500,27.000000,88.500000,382.450226,27.000000,88.500000
Gangtok,2007-12-01,27.338900,88.606500,27.000000,88.500000,385.267761,27.000000,88.500000
Gangtok,2008-01-01,27.338900,88.606500,27.000000,88.500000,385.956238,27.000000,88.500000
Gangtok,2008-02-01,27.338900,88.606500,27.000000,88.500000,385.623840,27.000000,88.500000
Gangtok,2008-03-01,27.338900,88.606500,27.000000,88.500000,387.292175,27.000000,88.500000
Gangtok,2008-04-01,27.338900,88.606500,27.000000,88.500000,389.700012,27.000000,88.500000
Gangtok,2008-05-01,27.338900,88.606500,27.000000,88.500000,391.922302,27.000000,88.500000
Gangtok,2008-06-01,27.338900,88.606500,27.000000,88.500000,390.863586,27.000000,88.500000
Gangtok,2008-07-01,27.338900,88.606500,27.000000,88.500000,388.787140,27.000000,88.500000
Gangtok,2008-08-01,27.338900,88.606500,27.000000,88.500000,386.561371,27.000000,88.500000
Gangtok,2008-09-01,27.338900,88.606500,27.000000,88.500000,385.300415,27.000000,88.500000
Gangtok,2008-10-01,27.338900,88.606500,27.000000,88.500000,383.231079,27.000000,88.500000
Gangtok,2008-11-01,27.338900,88.606500,27.000000,88.500000,384.473206,27.000000,88.500000
Gangtok,2008-12-01,27.338900,88.606500,27.000000,88.500000,386.637482,27.000000,88.500000
Gangtok,2009-01-01,27.338900,88.606500,27.000000,88.500000,388.023865,27.000000,88.500000
Gangtok,2009-02-01,27.338900,88.606500,27.000000,88.500000,388.226746,27.000000,88.500000
Gangtok,2009-03-01,27.338900,88.606500,27.000000,88.500000,389.819885,27.000000,88.500000
Gangtok,2009-04-01,27.338900,88.606500,27.000000,88.500000,392.189117,27.000000,88.500000
Gangtok,2009-05-01,27.338900,88.606500,27.000000,88.500000,393.399445,27.000000,88.500000
Gangtok,2009-06-01,27.338900,88.606500,27.000000,88.500000,394.944305,27.000000,88.500000
Gangtok,2009-07-01,27.338900,88.606500,27.000000,88.500000,391.179565,27.000000,88.500000
Gangtok,2009-08-01,27.338900,88.606500,27.000000,88.500000,389.845215,27.000000,88.500000
Gangtok,2009-09-01,27.338900,88.606500,27.000000,88.500000,386.164154,27.000000,88.500000
Gangtok,2009-10-01,27.338900,88.606500,27.000000,88.500000,385.120667,27.000000,88.500000
Gangtok,2009-11-01,27.338900,88.606500,27.000000,88.500000,386.528992,27.000000,88.500000
Gangtok,2009-12-01,27.338900,88.606500,27.000000,88.500000,388.368164,27.000000,88.500000
Gangtok,2010-01-01,27.338900,88.606500,27.000000,88.500000,388.596710,27.000000,88.500000
Gangtok,2010-02-01,27.338900,88.606500,27.000000,88.500000,389.095062,27.000000,88.500000
Gangtok,2010-03-01,27.338900,88.606500,27.000000,88.500000,391.463348,27.000000,88.500000
Gangtok,2010-04-01,27.338900,88.606500,27.000000,88.500000,393.902374,27.000000,88.500000
Gangtok,2010-05-01,27.338900,88.606500,27.000000,88.500000,395.239258,27.000000,88.500000
Gangtok,2010-06-01,27.338900,88.606500,27.000000,88.500000,396.067749,27.000000,88.500000
Gangtok,2010-07-01,27.338900,88.606500,27.000000,88.500000,392.691223,27.000000,88.500000
Gangtok,2010-08-01,27.338900,88.606500,27.000000,88.500000,390.829254,27.000000,88.500000
Gangtok,2010-09-01,27.338900,88.606500,27.000000,88.500000,389.525787,27.000000,88.500000
Gangtok,2010-10-01,27.338900,88.606500,27.000000,88.500000,388.029114,27.000000,88.500000
Gangtok,2010-11-01,27.338900,88.606500,27.000000,88.500000,389.385742,27.000000,88.500000
Gangtok,2010-12-01,27.338900,88.606500,27.000000,88.500000,390.356964,27.000000,88.500000
Gangtok,2011-01-01,27.338900,88.606500,27.000000,88.500000,391.405426,27.000000,88.500000
Gangtok,2011-02-01,27.338900,88.606500,27.000000,88.500000,391.080963,27.000000,88.500000
Gangtok,2011-03-01,27.338900,88.606500,27.000000,88.500000,392.955383,27.000000,88.500000
Gangtok,2011-04-01,27.338900,88.606500,27.000000,88.500000,395.244202,27.000000,88.500000
Gangtok,2011-05-01,27.338900,88.606500,27.000000,88.500000,397.110565,27.000000,88.500000
Gangtok,2011-06-01,27.338900,88.606500,27.000000,88.500000,396.944061,27.000000,88.500000
Gangtok,2011-07-01,27.338900,88.606500,27.000000,88.500000,394.920227,27.000000,88.500000
Gangtok,2011-08-01,27.338900,88.606500,27.000000,88.500000,392.658447,27.000000,88.500000
Gangtok,2011-09-01,27.338900,88.606500,27.000000,88.500000,391.400665,27.000000,88.500000
Gangtok,2011-10-01,27.338900,88.606500,27.000000,88.500000,388.210907,27.000000,88.500000
Gangtok,2011-11-01,27.338900,88.606500,27.000000,88.500000,390.488770,27.000000,88.500000
Gangtok,2011-12-01,27.338900,88.606500,27.000000,88.500000,392.627930,27.000000,88.500000
Gangtok,2012-01-01,27.338900,88.606500,27.000000,88.500000,392.340424,27.000000,88.500000
Gangtok,2012-02-01,27.338900,88.606500,27.000000,88.500000,393.492645,27.000000,88.500000
Gangtok,2012-03-01,27.338900,88.606500,27.000000,88.500000,394.915894,27.000000,88.500000
Gangtok,2012-04-01,27.338900,88.606500,27.000000,88.500000,396.686523,27.000000,88.500000
Gangtok,2012-05-01,27.338900,88.606500,27.000000,88.500000,399.947449,27.000000,88.500000
Gangtok,2012-06-01,27.338900,88.606500,27.000000,88.500000,401.399658,27.000000,88.500000
Gangtok,2012-07-01,27.338900,88.606500,27.000000,88.500000,397.476166,27.000000,88.500000
Gangtok,2012-08-01,27.338900,88.606500,27.000000,88.500000,395.124603,27.000000,88.500000
Gangtok,2012-09-01,27.338900,88.606500,27.000000,88.500000,393.023956,27.000000,88.500000
Gangtok,2012-10-01,27.338900,88.606500,27.000000,88.500000,391.091980,27.000000,88.500000
Gangtok,2012-11-01,27.338900,88.606500,27.000000,88.500000,392.318970,27.000000,88.500000
Gangtok,2012-12-01,27.338900,88.606500,27.000000,88.500000,395.462067,27.000000,88.500000
Gangtok,2013-01-01,27.338900,88.606500,27.000000,88.500000,395.407257,27.000000,88.500000
Gangtok,2013-02-01,27.338900,88.606500,27.000000,88.500000,395.038666,27.000000,88.500000
Gangtok,2013-03-01,27.338900,88.606500,27.000000,88.500000,395.909485,27.000000,88.500000
Gangtok,2013-04-01,27.338900,88.606500,27.000000,88.500000,399.100800,27.000000,88.500000
Gangtok,2013-05-01,27.338900,88.606500,27.000000,88.500000,400.541962,27.000000,88.500000
Gangtok,2013-06-01,27.338900,88.606500,27.000000,88.500000,400.286591,27.000000,88.500000
Gangtok,2013-07-01,27.338900,88.606500,27.000000,88.500000,397.608948,27.000000,88.500000
Gangtok,2013-08-01,27.338900,88.606500,27.000000,88.500000,396.217499,27.000000,88.500000
Gangtok,2013-09-01,27.338900,88.606500,27.000000,88.500000,394.647552,27.000000,88.500000
Gangtok,2013-10-01,27.338900,88.606500,27.000000,88.500000,392.930511,27.000000,88.500000
Gangtok,2013-11-01,27.338900,88.606500,27.000000,88.500000,393.284882,27.000000,88.500000
Gangtok,2013-12-01,27.338900,88.606500,27.000000,88.500000,395.834778,27.000000,88.500000
Gangtok,2014-01-01,27.338900,88.606500,27.000000,88.500000,396.035980,27.000000,88.500000
Gangtok,2014-02-01,27.338900,88.606500,27.000000,88.500000,396.925842,27.000000,88.500000
Gangtok,2014-03-01,27.338900,88.606500,27.000000,88.500000,397.817505,27.000000,88.500000
Gangtok,2014-04-01,27.338900,88.606500,27.000000,88.500000,400.622864,27.000000,88.500000
Gangtok,2014-05-01,27.338900,88.606500,27.000000,88.500000,402.982269,27.000000,88.500000
Gangtok,2014-06-01,27.338900,88.606500,27.000000,88.500000,404.632111,27.000000,88.500000
Gangtok,2014-07-01,27.338900,88.606500,27.000000,88.500000,400.834167,27.000000,88.500000
Gangtok,2014-08-01,27.338900,88.606500,27.000000,88.500000,398.735260,27.000000,88.500000
Gangtok,2014-09-01,27.338900,88.606500,27.000000,88.500000,396.137848,27.000000,88.500000
Gangtok,2014-10-01,27.338900,88.606500,27.000000,88.500000,393.172913,27.000000,88.500000
Gangtok,2014-11-01,27.338900,88.606500,27.000000,88.500000,395.858887,27.000000,88.500000
Gangtok,2014-12-01,27.338900,88.606500,27.000000,88.500000,397.261047,27.000000,88.500000
Gangtok,2015-01-01,27.338900,88.606500,27.000000,88.500000,396.911438,27.000000,88.500000
Gangtok,2015-02-01,27.338900,88.606500,27.000000,88.500000,397.548004,27.000000,88.500000
Gangtok,2015-03-01,27.338900,88.606500,27.000000,88.500000,399.650299,27.000000,88.500000
Gangtok,2015-04-01,27.338900,88.606500,27.000000,88.500000,401.758118,27.000000,88.500000
Gangtok,2015-05-01,27.338900,88.606500,27.000000,88.500000,403.395905,27.000000,88.500000
Gangtok,2015-06-01,27.338900,88.606500,27.000000,88.500000,403.648499,27.000000,88.500000
Gangtok,2015-07-01,27.338900,88.606500,27.000000,88.500000,401.613129,27.000000,88.500000
Gangtok,2015-08-01,27.338900,88.606500,27.000000,88.500000,400.498077,27.000000,88.500000
Gangtok,2015-09-01,27.338900,88.606500,27.000000,88.500000,399.480469,27.000000,88.500000
Gangtok,2015-10-01,27.338900,88.606500,27.000000,88.500000,396.087158,27.000000,88.500000
Gangtok,2015-11-01,27.338900,88.606500,27.000000,88.500000,397.811768,27.000000,88.500000
Gangtok,2015-12-01,27.338900,88.606500,27.000000,88.500000,399.365997,27.000000,88.500000
Gangtok,2016-01-01,27.338900,88.606500,27.000000,88.500000,400.595673,27.000000,88.500000
Gangtok,2016-02-01,27.338900,88.606500,27.000000,88.500000,401.498749,27.000000,88.500000
Gangtok,2016-03-01,27.338900,88.606500,27.000000,88.500000,402.833466,27.000000,88.500000
Gangtok,2016-04-01,27.338900,88.606500,27.000000,88.500000,405.681061,27.000000,88.500000
Gangtok,2016-05-01,27.338900,88.606500,27.000000,88.500000,407.668488,27.000000,88.500000
Gangtok,2016-06-01,27.338900,88.606500,27.000000,88.500000,408.882446,27.000000,88.500000
Gangtok,2016-07-01,27.338900,88.606500,27.000000,88.500000,405.368500,27.000000,88.500000
Gangtok,2016-08-01,27.338900,88.606500,27.000000,88.500000,403.075928,27.000000,88.500000
Gangtok,2016-09-01,27.338900,88.606500,27.000000,88.500000,402.643707,27.000000,88.500000
Gangtok,2016-10-01,27.338900,88.606500,27.000000,88.500000,399.839264,27.000000,88.500000
Gangtok,2016-11-01,27.338900,88.606500,27.000000,88.500000,399.645447,27.000000,88.500000
Gangtok,2016-12-01,27.338900,88.606500,27.000000,88.500000,400.804199,27.000000,88.500000
Gangtok,2017-01-01,27.338900,88.606500,27.000000,88.500000,401.905090,27.000000,88.500000
Gangtok,2017-02-01,27.338900,88.606500,27.000000,88.500000,403.281372,27.000000,88.500000
Gangtok,2017-03-01,27.338900,88.606500,27.000000,88.500000,404.710693,27.000000,88.500000
Gangtok,2017-04-01,27.338900,88.606500,27.000000,88.500000,407.151154,27.000000,88.500000
Gangtok,2017-05-01,27.338900,88.606500,27.000000,88.500000,409.495544,27.000000,88.500000
Gangtok,2017-06-01,27.338900,88.606500,27.000000,88.500000,410.371429,27.000000,88.500000
Gangtok,2017-07-01,27.338900,88.606500,27.000000,88.500000,406.865814,27.000000,88.500000
Gangtok,2017-08-01,27.338900,88.606500,27.000000,88.500000,406.206482,27.000000,88.500000
Gangtok,2017-09-01,27.338900,88.606500,27.000000,88.500000,403.518951,27.000000,88.500000
Gangtok,2017-10-01,27.338900,88.606500,27.000000,88.500000,401.390656,27.000000,88.500000
Gangtok,2017-11-01,27.338900,88.606500,27.000000,88.500000,400.928497,27.000000,88.500000
Gangtok,2017-12-01,27.338900,88.606500,27.000000,88.500000,403.344086,27.000000,88.500000
Gangtok,2018-01-01,27.338900,88.606500,27.000000,88.500000,404.238037,27.000000,88.500000
Gangtok,2018-02-01,27.338900,88.606500,27.000000,88.500000,405.515381,27.000000,88.500000
Gangtok,2018-03-01,27.338900,88.606500,27.000000,88.500000,406.563477,27.000000,88.500000
Gangtok,2018-04-01,27.338900,88.606500,27.000000,88.500000,409.495056,27.000000,88.500000
Gangtok,2018-05-01,27.338900,88.606500,27.000000,88.500000,410.500824,27.000000,88.500000
Gangtok,2018-06-01,27.338900,88.606500,27.000000,88.500000,412.929260,27.000000,88.500000
Gangtok,2018-07-01,27.338900,88.606500,27.000000,88.500000,409.388306,27.000000,88.500000
Gangtok,2018-08-01,27.338900,88.606500,27.000000,88.500000,407.792725,27.000000,88.500000
Gangtok,2018-09-01,27.338900,88.606500,27.000000,88.500000,405.344208,27.000000,88.500000
Gangtok,2018-10-01,27.338900,88.606500,27.000000,88.500000,403.519592,27.000000,88.500000
Gangtok,2018-11-01,27.338900,88.606500,27.000000,88.500000,404.629272,27.000000,88.500000
Gangtok,2018-12-01,27.338900,88.606500,27.000000,88.500000,406.336914,27.000000,88.500000
Gangtok,2019-01-01,27.338900,88.606500,27.000000,88.500000,407.386658,27.000000,88.500000
Gangtok,2019-02-01,27.338900,88.606500,27.000000,88.500000,408.757202,27.000000,88.500000
Gangtok,2019-03-01,27.338900,88.606500,27.000000,88.500000,409.249603,27.000000,88.500000
Gangtok,2019-04-01,27.338900,88.606500,27.000000,88.500000,411.423309,27.000000,88.500000
Gangtok,2019-05-01,27.338900,88.606500,27.000000,88.500000,413.773987,27.000000,88.500000
Gangtok,2019-06-01,27.338900,88.606500,27.000000,88.500000,416.130554,27.000000,88.500000
Gangtok,2019-07-01,27.338900,88.606500,27.000000,88.500000,414.367828,27.000000,88.500000
Gangtok,2019-08-01,27.338900,88.606500,27.000000,88.500000,411.206543,27.000000,88.500000
Gangtok,2019-09-01,27.338900,88.606500,27.000000,88.500000,410.770630,27.000000,88.500000
Gangtok,2019-10-01,27.338900,88.606500,27.000000,88.500000,408.865540,27.000000,88.500000
Gangtok,2019-11-01,27.338900,88.606500,27.000000,88.500000,410.337006,27.000000,88.500000
Gangtok,2019-12-01,27.338900,88.606500,27.000000,88.500000,411.458282,27.000000,88.500000
Gangtok,2020-01-01,27.338900,88.606500,27.000000,88.500000,412.086670,27.000000,88.500000
Gangtok,2020-02-01,27.338900,88.606500,27.000000,88.500000,412.723267,27.000000,88.500000
Gangtok,2020-03-01,27.338900,88.606500,27.000000,88.500000,413.385864,27.000000,88.500000
Gangtok,2020-04-01,27.338900,88.606500,27.000000,88.500000,415.797241,27.000000,88.500000
Gangtok,2020-05-01,27.338900,88.606500,27.000000,88.500000,417.114502,27.000000,88.500000
Gangtok,2020-06-01,27.338900,88.606500,27.000000,88.500000,418.623627,27.000000,88.500000
Gangtok,2020-07-01,27.338900,88.606500,27.000000,88.500000,417.967041,27.000000,88.500000
Gangtok,2020-08-01,27.338900,88.606500,27.000000,88.500000,414.944458,27.000000,88.500000
Gangtok,2020-09-01,27.338900,88.606500,27.000000,88.500000,414.635254,27.000000,88.500000
Gangtok,2020-10-01,27.338900,88.606500,27.000000,88.500000,412.664795,27.000000,88.500000
Gangtok,2020-11-01,27.338900,88.606500,27.000000,88.500000,413.178253,27.000000,88.500000
Gangtok,2020-12-01,27.338900,88.606500,27.000000,88.500000,415.980225,27.000000,88.500000
Siliguri,2003-01-01,26.727100,88.395300,27.000000,88.500000,374.408417,27.000000,88.500000
Siliguri,2003-02-01,26.727100,88.395300,27.000000,88.500000,374.650482,27.000000,88.500000
Siliguri,2003-03-01,26.727100,88.395300,27.000000,88.500000,375.559387,27.000000,88.500000
Siliguri,2003-04-01,26.727100,88.395300,27.000000,88.500000,377.652100,27.000000,88.500000
Siliguri,2003-05-01,26.727100,88.395300,27.000000,88.500000,379.808929,27.000000,88.500000
Siliguri,2003-06-01,26.727100,88.395300,27.000000,88.500000,380.655701,27.000000,88.500000
Siliguri,2003-07-01,26.727100,88.395300,27.000000,88.500000,376.955811,27.000000,88.500000
Siliguri,2003-08-01,26.727100,88.395300,27.000000,88.500000,375.919250,27.000000,88.500000
Siliguri,2003-09-01,26.727100,88.395300,27.000000,88.500000,375.511963,27.000000,88.500000
Siliguri,2003-10-01,26.727100,88.395300,27.000000,88.500000,373.193848,27.000000,88.500000
Siliguri,2003-11-01,26.727100,88.395300,27.000000,88.500000,375.046539,27.000000,88.500000
Siliguri,2003-12-01,26.727100,88.395300,27.000000,88.500000,375.881744,27.000000,88.500000
Siliguri,2004-01-01,26.727100,88.395300,27.000000,88.500000,377.158936,27.000000,88.500000
Siliguri,2004-02-01,26.727100,88.395300,27.000000,88.500000,376.886108,27.000000,88.500000
Siliguri,2004-03-01,26.727100,88.395300,27.000000,88.500000,378.959473,27.000000,88.500000
Siliguri,2004-04-01,26.727100,88.395300,27.000000,88.500000,381.038696,27.000000,88.500000
Siliguri,2004-05-01,26.727100,88.395300,27.000000,88.500000,383.333038,27.000000,88.500000
Siliguri,2004-06-01,26.727100,88.395300,27.000000,88.500000,382.974060,27.000000,88.500000
Siliguri,2004-07-01,26.727100,88.395300,27.000000,88.500000,382.027802,27.000000,88.500000
Siliguri,2004-08-01,26.727100,88.395300,27.000000,88.500000,378.893402,27.000000,88.500000
Siliguri,2004-09-01,26.727100,88.395300,27.000000,88.500000,377.868622,27.000000,88.500000
Siliguri,2004-10-01,26.727100,88.395300,27.000000,88.500000,375.986481,27.000000,88.500000
Siliguri,2004-11-01,26.727100,88.395300,27.000000,88.500000,376.792664,27.000000,88.500000
Siliguri,2004-12-01,26.727100,88.395300,27.000000,88.500000,378.263641,27.000000,88.500000
Siliguri,2005-01-01,26.727100,88.395300,27.000000,88.500000,380.237274,27.000000,88.500000
Siliguri,2005-02-01,26.727100,88.395300,27.000000,88.500000,380.575104,27.000000,88.500000
Siliguri,2005-03-01,26.727100,88.395300,27.000000,88.500000,381.372253,27.000000,88.500000
Siliguri,2005-04-01,26.727100,88.395300,27.000000,88.500000,383.546051,27.000000,88.500000
Siliguri,2005-05-01,26.727100,88.395300,27.000000,88.500000,384.509674,27.000000,88.500000
Siliguri,2005-06-01,26.727100,88.395300,27.000000,88.500000,387.476624,27.000000,88.500000
Siliguri,2005-07-01,26.727100,88.395300,27.000000,88.500000,382.906342,27.000000,88.500000
Siliguri,2005-08-01,26.727100,88.395300,27.000000,88.500000,382.033936,27.000000,88.500000
Siliguri,2005-09-01,26.727100,88.395300,27.000000,88.500000,380.413757,27.000000,88.500000
Siliguri,2005-10-01,26.727100,88.395300,27.000000,88.500000,379.352142,27.000000,88.500000
Siliguri,2005-11-01,26.727100,88.395300,27.000000,88.500000,379.774963,27.000000,88.500000
Siliguri,2005-12-01,26.727100,88.395300,27.000000,88.500000,380.604004,27.000000,88.500000
Siliguri,2006-01-01,26.727100,88.395300,27.000000,88.500000,383.338440,27.000000,88.500000
Siliguri,2006-02-01,26.727100,88.395300,27.000000,88.500000,383.909302,27.000000,88.500000
Siliguri,2006-03-01,26.727100,88.395300,27.000000,88.500000,383.667999,27.000000,88.500000
Siliguri,2006-04-01,26.727100,88.395300,27.000000,88.500000,385.925903,27.000000,88.500000
Siliguri,2006-05-01,26.727100,88.395300,27.000000,88.500000,388.879822,27.000000,88.500000
Siliguri,2006-06-01,26.727100,88.395300,27.000000,88.500000,388.527527,27.000000,88.500000
Siliguri,2006-07-01,26.727100,88.395300,27.000000,88.500000,385.750366,27.000000,88.500000
Siliguri,2006-08-01,26.727100,88.395300,27.000000,88.500000,384.061340,27.000000,88.500000
Siliguri,2006-09-01,26.727100,88.395300,27.000000,88.500000,383.120392,27.000000,88.500000
Siliguri,2006-10-01,26.727100,88.395300,27.000000,88.500000,382.002930,27.000000,88.500000
Siliguri,2006-11-01,26.727100,88.395300,27.000000,88.500000,383.158386,27.000000,88.500000
Siliguri,2006-12-01,26.727100,88.395300,27.000000,88.500000,384.057831,27.000000,88.500000
Siliguri,2007-01-01,26.727100,88.395300,27.000000,88.500000,386.010437,27.000000,88.500000
Siliguri,2007-02-01,26.727100,88.395300,27.000000,88.500000,385.343201,27.000000,88.500000
Siliguri,2007-03-01,26.727100,88.395300,27.000000,88.500000,385.645813,27.000000,88.500000
Siliguri,2007-04-01,26.727100,88.395300,27.000000,88.500000,389.066711,27.000000,88.500000
Siliguri,2007-05-01,26.727100,88.395300,27.000000,88.500000,389.943085,27.000000,88.500000
Siliguri,2007-06-01,26.727100,88.395300,27.000000,88.500000,390.631165,27.000000,88.500000
Siliguri,2007-07-01,26.727100,88.395300,27.000000,88.500000,388.303375,27.000000,88.500000
Siliguri,2007-08-01,26.727100,88.395300,27.000000,88.500000,385.714752,27.000000,88.500000
Siliguri,2007-09-01,26.727100,88.395300,27.000000,88.500000,384.209106,27.000000,88.500000
Siliguri,2007-10-01,26.727100,88.395300,27.000000,88.500000,381.933380,27.000000,88.500000
Siliguri,2007-11-01,26.727100,88.395300,27.000000,88.500000,382.450226,27.000000,88.500000
Siliguri,2007-12-01,26.727100,88.395300,27.000000,88.500000,385.267761,27.000000,88.500000
Siliguri,2008-01-01,26.727100,88.395300,27.000000,88.500000,385.956238,27.000000,88.500000
Siliguri,2008-02-01,26.727100,88.395300,27.000000,88.500000,385.623840,27.000000,88.500000
Siliguri,2008-03-01,26.727100,88.395300,27.000000,88.500000,387.292175,27.000000,88.500000
Siliguri,2008-04-01,26.727100,88.395300,27.000000,88.500000,389.700012,27.000000,88.500000
Siliguri,2008-05-01,26.727100,88.395300,27.000000,88.500000,391.922302,27.000000,88.500000
Siliguri,2008-06-01,26.727100,88.395300,27.000000,88.500000,390.863586,27.000000,88.500000
Siliguri,2008-07-01,26.727100,88.395300,27.000000,88.500000,388.787140,27.000000,88.500000
Siliguri,2008-08-01,26.727100,88.395300,27.000000,88.500000,386.561371,27.000000,88.500000
Siliguri,2008-09-01,26.727100,88.395300,27.000000,88.500000,385.300415,27.000000,88.500000
Siliguri,2008-10-01,26.727100,88.395300,27.000000,88.500000,383.231079,27.000000,88.500000
Siliguri,2008-11-01,26.727100,88.395300,27.000000,88.500000,384.473206,27.000000,88.500000
Siliguri,2008-12-01,26.727100,88.395300,27.000000,88.500000,386.637482,27.000000,88.500000
Siliguri,2009-01-01,26.727100,88.395300,27.000000,88.500000,388.023865,27.000000,88.500000
Siliguri,2009-02-01,26.727100,88.395300,27.000000,88.500000,388.226746,27.000000,88.500000
Siliguri,2009-03-01,26.727100,88.395300,27.000000,88.500000,389.819885,27.000000,88.500000
Siliguri,2009-04-01,26.727100,88.395300,27.000000,88.500000,392.189117,27.000000,88.500000
Siliguri,2009-05-01,26.727100,88.395300,27.000000,88.500000,393.399445,27.000000,88.500000
Siliguri,2009-06-01,26.727100,88.395300,27.000000,88.500000,394.944305,27.000000,88.500000
Siliguri,2009-07-01,26.727100,88.395300,27.000000,88.500000,391.179565,27.000000,88.500000
Siliguri,2009-08-01,26.727100,88.395300,27.000000,88.500000,389.845215,27.000000,88.500000
Siliguri,2009-09-01,26.727100,88.395300,27.000000,88.500000,386.164154,27.000000,88.500000
Siliguri,2009-10-01,26.727100,88.395300,27.000000,88.500000,385.120667,27.000000,88.500000
Siliguri,2009-11-01,26.727100,88.395300,27.000000,88.500000,386.528992,27.000000,88.500000
Siliguri,2009-12-01,26.727100,88.395300,27.000000,88.500000,388.368164,27.000000,88.500000
Siliguri,2010-01-01,26.727100,88.395300,27.000000,88.500000,388.596710,27.000000,88.500000
Siliguri,2010-02-01,26.727100,88.395300,27.000000,88.500000,389.095062,27.000000,88.500000
Siliguri,2010-03-01,26.727100,88.395300,27.000000,88.500000,391.463348,27.000000,88.500000
Siliguri,2010-04-01,26.727100,88.395300,27.000000,88.500000,393.902374,27.000000,88.500000
Siliguri,2010-05-01,26.727100,88.395300,27.000000,88.500000,395.239258,27.000000,88.500000
Siliguri,2010-06-01,26.727100,88.395300,27.000000,88.500000,396.067749,27.000000,88.500000
Siliguri,2010-07-01,26.727100,88.395300,27.000000,88.500000,392.691223,27.000000,88.500000
Siliguri,2010-08-01,26.727100,88.395300,27.000000,88.500000,390.829254,27.000000,88.500000
Siliguri,2010-09-01,26.727100,88.395300,27.000000,88.500000,389.525787,27.000000,88.500000
Siliguri,2010-10-01,26.727100,88.395300,27.000000,88.500000,388.029114,27.000000,88.500000
Siliguri,2010-11-01,26.727100,88.395300,27.000000,88.500000,389.385742,27.000000,88.500000
Siliguri,2010-12-01,26.727100,88.395300,27.000000,88.500000,390.356964,27.000000,88.500000
Siliguri,2011-01-01,26.727100,88.395300,27.000000,88.500000,391.405426,27.000000,88.500000
Siliguri,2011-02-01,26.727100,88.395300,27.000000,88.500000,391.080963,27.000000,88.500000
Siliguri,2011-03-01,26.727100,88.395300,27.000000,88.500000,392.955383,27.000000,88.500000
Siliguri,2011-04-01,26.727100,88.395300,27.000000,88.500000,395.244202,27.000000,88.500000
Siliguri,2011-05-01,26.727100,88.395300,27.000000,88.500000,397.110565,27.000000,88.500000
Siliguri,2011-06-01,26.727100,88.395300,27.000000,88.500000,396.944061,27.000000,88.500000
Siliguri,2011-07-01,26.727100,88.395300,27.000000,88.500000,394.920227,27.000000,88.500000
Siliguri,2011-08-01,26.727100,88.395300,27.000000,88.500000,392.658447,27.000000,88.500000
Siliguri,2011-09-01,26.727100,88.395300,27.000000,88.500000,391.400665,27.000000,88.500000
Siliguri,2011-10-01,26.727100,88.395300,27.000000,88.500000,388.210907,27.000000,88.500000
Siliguri,2011-11-01,26.727100,88.395300,27.000000,88.500000,390.488770,27.000000,88.500000
Siliguri,2011-12-01,26.727100,88.395300,27.000000,88.500000,392.627930,27.000000,88.500000
Siliguri,2012-01-01,26.727100,88.395300,27.000000,88.500000,392.340424,27.000000,88.500000
Siliguri,2012-02-01,26.727100,88.395300,27.000000,88.500000,393.492645,27.000000,88.500000
Siliguri,2012-03-01,26.727100,88.395300,27.000000,88.500000,394.915894,27.000000,88.500000
Siliguri,2012-04-01,26.727100,88.395300,27.000000,88.500000,396.686523,27.000000,88.500000
Siliguri,2012-05-01,26.727100,88.395300,27.000000,88.500000,399.947449,27.000000,88.500000
Siliguri,2012-06-01,26.727100,88.395300,27.000000,88.500000,401.399658,27.000000,88.500000
Siliguri,2012-07-01,26.727100,88.395300,27.000000,88.500000,397.476166,27.000000,88.500000
Siliguri,2012-08-01,26.727100,88.395300,27.000000,88.500000,395.124603,27.000000,88.500000
Siliguri,2012-09-01,26.727100,88.395300,27.000000,88.500000,393.023956,27.000000,88.500000
Siliguri,2012-10-01,26.727100,88.395300,27.000000,88.500000,391.091980,27.000000,88.500000
Siliguri,2012-11-01,26.727100,88.395300,27.000000,88.500000,392.318970,27.000000,88.500000
Siliguri,2012-12-01,26.727100,88.395300,27.000000,88.500000,395.462067,27.000000,88.500000
Siliguri,2013-01-01,26.727100,88.395300,27.000000,88.500000,395.407257,27.000000,88.500000
Siliguri,2013-02-01,26.727100,88.395300,27.000000,88.500000,395.038666,27.000000,88.500000
Siliguri,2013-03-01,26.727100,88.395300,27.000000,88.500000,395.909485,27.000000,88.500000
Siliguri,2013-04-01,26.727100,88.395300,27.000000,88.500000,399.100800,27.000000,88.500000
Siliguri,2013-05-01,26.727100,88.395300,27.000000,88.500000,400.541962,27.000000,88.500000
Siliguri,2013-06-01,26.727100,88.395300,27.000000,88.500000,400.286591,27.000000,88.500000
Siliguri,2013-07-01,26.727100,88.395300,27.000000,88.500000,397.608948,27.000000,88.500000
Siliguri,2013-08-01,26.727100,88.395300,27.000000,88.500000,396.217499,27.000000,88.500000
Siliguri,2013-09-01,26.727100,88.395300,27.000000,88.500000,394.647552,27.000000,88.500000
Siliguri,2013-10-01,26.727100,88.395300,27.000000,88.500000,392.930511,27.000000,88.500000
Siliguri,2013-11-01,26.727100,88.395300,27.000000,88.500000,393.284882,27.000000,88.500000
Siliguri,2013-12-01,26.727100,88.395300,27.000000,88.500000,395.834778,27.000000,88.500000
Siliguri,2014-01-01,26.727100,88.395300,27.000000,88.500000,396.035980,27.000000,88.500000
Siliguri,2014-02-01,26.727100,88.395300,27.000000,88.500000,396.925842,27.000000,88.500000
Siliguri,2014-03-01,26.727100,88.395300,27.000000,88.500000,397.817505,27.000000,88.500000
Siliguri,2014-04-01,26.727100,88.395300,27.000000,88.500000,400.622864,27.000000,88.500000
Siliguri,2014-05-01,26.727100,88.395300,27.000000,88.500000,402.982269,27.000000,88.500000
Siliguri,2014-06-01,26.727100,88.395300,27.000000,88.500000,404.632111,27.000000,88.500000
Siliguri,2014-07-01,26.727100,88.395300,27.000000,88.500000,400.834167,27.000000,88.500000
Siliguri,2014-08-01,26.727100,88.395300,27.000000,88.500000,398.735260,27.000000,88.500000
Siliguri,2014-09-01,26.727100,88.395300,27.000000,88.500000,396.137848,27.000000,88.500000
Siliguri,2014-10-01,26.727100,88.395300,27.000000,88.500000,393.172913,27.000000,88.500000
Siliguri,2014-11-01,26.727100,88.395300,27.000000,88.500000,395.858887,27.000000,88.500000
Siliguri,2014-12-01,26.727100,88.395300,27.000000,88.500000,397.261047,27.000000,88.500000
Siliguri,2015-01-01,26.727100,88.395300,27.000000,88.500000,396.911438,27.000000,88.500000
Siliguri,2015-02-01,26.727100,88.395300,27.000000,88.500000,397.548004,27.000000,88.500000
Siliguri,2015-03-01,26.727100,88.395300,27.000000,88.500000,399.650299,27.000000,88.500000
Siliguri,2015-04-01,26.727100,88.395300,27.000000,88.500000,401.758118,27.000000,88.500000
Siliguri,2015-05-01,26.727100,88.395300,27.000000,88.500000,403.395905,27.000000,88.500000
Siliguri,2015-06-01,26.727100,88.395300,27.000000,88.500000,403.648499,27.000000,88.500000
Siliguri,2015-07-01,26.727100,88.395300,27.000000,88.500000,401.613129,27.000000,88.500000
Siliguri,2015-08-01,26.727100,88.395300,27.000000,88.500000,400.498077,27.000000,88.500000
Siliguri,2015-09-01,26.727100,88.395300,27.000000,88.500000,399.480469,27.000000,88.500000
Siliguri,2015-10-01,26.727100,88.395300,27.000000,88.500000,396.087158,27.000000,88.500000
Siliguri,2015-11-01,26.727100,88.395300,27.000000,88.500000,397.811768,27.000000,88.500000
Siliguri,2015-12-01,26.727100,88.395300,27.000000,88.500000,399.365997,27.000000,88.500000
Siliguri,2016-01-01,26.727100,88.395300,27.000000,88.500000,400.595673,27.000000,88.500000
Siliguri,2016-02-01,26.727100,88.395300,27.000000,88.500000,401.498749,27.000000,88.500000
Siliguri,2016-03-01,26.727100,88.395300,27.000000,88.500000,402.833466,27.000000,88.500000
Siliguri,2016-04-01,26.727100,88.395300,27.000000,88.500000,405.681061,27.000000,88.500000
Siliguri,2016-05-01,26.727100,88.395300,27.000000,88.500000,407.668488,27.000000,88.500000
Siliguri,2016-06-01,26.727100,88.395300,27.000000,88.500000,408.882446,27.000000,88.500000
Siliguri,2016-07-01,26.727100,88.395300,27.000000,88.500000,405.368500,27.000000,88.500000
Siliguri,2016-08-01,26.727100,88.395300,27.000000,88.500000,403.075928,27.000000,88.500000
Siliguri,2016-09-01,26.727100,88.395300,27.000000,88.500000,402.643707,27.000000,88.500000
Siliguri,2016-10-01,26.727100,88.395300,27.000000,88.500000,399.839264,27.000000,88.500000
Siliguri,2016-11-01,26.727100,88.395300,27.000000,88.500000,399.645447,27.000000,88.500000
Siliguri,2016-12-01,26.727100,88.395300,27.000000,88.500000,400.804199,27.000000,88.500000
Siliguri,2017-01-01,26.727100,88.395300,27.000000,88.500000,401.905090,27.000000,88.500000
Siliguri,2017-02-01,26.727100,88.395300,27.000000,88.500000,403.281372,27.000000,88.500000
Siliguri,2017-03-01,26.727100,88.395300,27.000000,88.500000,404.710693,27.000000,88.500000
Siliguri,2017-04-01,26.727100,88.395300,27.000000,88.500000,407.151154,27.000000,88.500000
Siliguri,2017-05-01,26.727100,88.395300,27.000000,88.500000,409.495544,27.000000,88.500000
Siliguri,2017-06-01,26.727100,88.395300,27.000000,88.500000,410.371429,27.000000,88.500000
Siliguri,2017-07-01,26.727100,88.395300,27.000000,88.500000,406.865814,27.000000,88.500000
Siliguri,2017-08-01,26.727100,88.395300,27.000000,88.500000,406.206482,27.000000,88.500000
Siliguri,2017-09-01,26.727100,88.395300,27.000000,88.500000,403.518951,27.000000,88.500000
Siliguri,2017-10-01,26.727100,88.395300,27.000000,88.500000,401.390656,27.000000,88.500000
Siliguri,2017-11-01,26.727100,88.395300,27.000000,88.500000,400.928497,27.000000,88.500000
Siliguri,2017-12-01,26.727100,88.395300,27.000000,88.500000,403.344086,27.000000,88.500000
Siliguri,2018-01-01,26.727100,88.395300,27.000000,88.500000,404.238037,27.000000,88.500000
Siliguri,2018-02-01,26.727100,88.395300,27.000000,88.500000,405.515381,27.000000,88.500000
Siliguri,2018-03-01,26.727100,88.395300,27.000000,88.500000,406.563477,27.000000,88.500000
Siliguri,2018-04-01,26.727100,88.395300,27.000000,88.500000,409.495056,27.000000,88.500000
Siliguri,2018-05-01,26.727100,88.395300,27.000000,88.500000,410.500824,27.000000,88.500000
Siliguri,2018-06-01,26.727100,88.395300,27.000000,88.500000,412.929260,27.000000,88.500000
Siliguri,2018-07-01,26.727100,88.395300,27.000000,88.500000,409.388306,27.000000,88.500000
Siliguri,2018-08-01,26.727100,88.395300,27.000000,88.500000,407.792725,27.000000,88.500000
Siliguri,2018-09-01,26.727100,88.395300,27.000000,88.500000,405.344208,27.000000,88.500000
Siliguri,2018-10-01,26.727100,88.395300,27.000000,88.500000,403.519592,27.000000,88.500000
Siliguri,2018-11-01,26.727100,88.395300,27.000000,88.500000,404.629272,27.000000,88.500000
Siliguri,2018-12-01,26.727100,88.395300,27.000000,88.500000,406.336914,27.000000,88.500000
Siliguri,2019-01-01,26.727100,88.395300,27.000000,88.500000,407.386658,27.000000,88.500000
Siliguri,2019-02-01,26.727100,88.395300,27.000000,88.500000,408.757202,27.000000,88.500000
Siliguri,2019-03-01,26.727100,88.395300,27.000000,88.500000,409.249603,27.000000,88.500000
Siliguri,2019-04-01,26.727100,88.395300,27.000000,88.500000,411.423309,27.000000,88.500000
Siliguri,2019-05-01,26.727100,88.395300,27.000000,88.500000,413.773987,27.000000,88.500000
Siliguri,2019-06-01,26.727100,88.395300,27.000000,88.500000,416.130554,27.000000,88.500000
Siliguri,2019-07-01,26.727100,88.395300,27.000000,88.500000,414.367828,27.000000,88.500000
Siliguri,2019-08-01,26.727100,88.395300,27.000000,88.500000,411.206543,27.000000,88.500000
Siliguri,2019-09-01,26.727100,88.395300,27.000000,88.500000,410.770630,27.000000,88.500000
Siliguri,2019-10-01,26.727100,88.395300,27.000000,88.500000,408.865540,27.000000,88.500000
Siliguri,2019-11-01,26.727100,88.395300,27.000000,88.500000,410.337006,27.000000,88.500000
Siliguri,2019-12-01,26.727100,88.395300,27.000000,88.500000,411.458282,27.000000,88.500000
Siliguri,2020-01-01,26.727100,88.395300,27.000000,88.500000,412.086670,27.000000,88.500000
Siliguri,2020-02-01,26.727100,88.395300,27.000000,88.500000,412.723267,27.000000,88.500000
Siliguri,2020-03-01,26.727100,88.395300,27.000000,88.500000,413.385864,27.000000,88.500000
Siliguri,2020-04-01,26.727100,88.395300,27.000000,88.500000,415.797241,27.000000,88.500000
Siliguri,2020-05-01,26.727100,88.395300,27.000000,88.500000,417.114502,27.000000,88.500000
Siliguri,2020-06-01,26.727100,88.395300,27.000000,88.500000,418.623627,27.000000,88.500000
Siliguri,2020-07-01,26.727100,88.395300,27.000000,88.500000,417.967041,27.000000,88.500000
Siliguri,2020-08-01,26.727100,88.395300,27.000000,88.500000,414.944458,27.000000,88.500000
Siliguri,2020-09-01,26.727100,88.395300,27.000000,88.500000,414.635254,27.000000,88.500000
Siliguri,2020-10-01,26.727100,88.395300,27.000000,88.500000,412.664795,27.000000,88.500000
Siliguri,2020-11-01,26.727100,88.395300,27.000000,88.500000,413.178253,27.000000,88.500000
Siliguri,2020-12-01,26.727100,88.395300,27.000000,88.500000,415.980225,27.000000,88.500000
Itanagar,2003-01-01,27.084400,93.605300,27.000000,93.750000,374.049988,27.000000,93.750000
Itanagar,2003-02-01,27.084400,93.605300,27.000000,93.750000,375.552948,27.000000,93.750000
Itanagar,2003-03-01,27.084400,93.605300,27.000000,93.750000,376.457825,27.000000,93.750000
Itanagar,2003-04-01,27.084400,93.605300,27.000000,93.750000,378.449921,27.000000,93.750000
Itanagar,2003-05-01,27.084400,93.605300,27.000000,93.750000,380.016724,27.000000,93.750000
Itanagar,2003-06-01,27.084400,93.605300,27.000000,93.750000,379.963104,27.000000,93.750000
Itanagar,2003-07-01,27.084400,93.605300,27.000000,93.750000,376.783691,27.000000,93.750000
Itanagar,2003-08-01,27.084400,93.605300,27.000000,93.750000,375.783234,27.000000,93.750000
Itanagar,2003-09-01,27.084400,93.605300,27.000000,93.750000,375.577362,27.000000,93.750000
Itanagar,2003-10-01,27.084400,93.605300,27.000000,93.750000,374.662903,27.000000,93.750000
Itanagar,2003-11-01,27.084400,93.605300,27.000000,93.750000,375.113281,27.000000,93.750000
Itanagar,2003-12-01,27.084400,93.605300,27.000000,93.750000,376.287750,27.000000,93.750000
Itanagar,2004-01-01,27.084400,93.605300,27.000000,93.750000,377.236176,27.000000,93.750000
Itanagar,2004-02-01,27.084400,93.605300,27.000000,93.750000,377.574585,27.000000,93.750000
Itanagar,2004-03-01,27.084400,93.605300,27.000000,93.750000,380.002594,27.000000,93.750000
Itanagar,2004-04-01,27.084400,93.605300,27.000000,93.750000,381.047485,27.000000,93.750000
Itanagar,2004-05-01,27.084400,93.605300,27.000000,93.750000,382.908173,27.000000,93.750000
Itanagar,2004-06-01,27.084400,93.605300,27.000000,93.750000,382.253113,27.000000,93.750000
Itanagar,2004-07-01,27.084400,93.605300,27.000000,93.750000,381.311218,27.000000,93.750000
Itanagar,2004-08-01,27.084400,93.605300,27.000000,93.750000,378.503510,27.000000,93.750000
Itanagar,2004-09-01,27.084400,93.605300,27.000000,93.750000,378.323425,27.000000,93.750000
Itanagar,2004-10-01,27.084400,93.605300,27.000000,93.750000,376.886658,27.000000,93.750000
Itanagar,2004-11-01,27.084400,93.605300,27.000000,93.750000,377.045837,27.000000,93.750000
Itanagar,2004-12-01,27.084400,93.605300,27.000000,93.750000,378.378418,27.000000,93.750000
Itanagar,2005-01-01,27.084400,93.605300,27.000000,93.750000,379.782562,27.000000,93.750000
Itanagar,2005-02-01,27.084400,93.605300,27.000000,93.750000,380.842407,27.000000,93.750000
Itanagar,2005-03-01,27.084400,93.605300,27.000000,93.750000,382.121002,27.000000,93.750000
Itanagar,2005-04-01,27.084400,93.605300,27.000000,93.750000,384.085846,27.000000,93.750000
Itanagar,2005-05-01,27.084400,93.605300,27.000000,93.750000,384.900726,27.000000,93.750000
Itanagar,2005-06-01,27.084400,93.605300,27.000000,93.750000,387.028839,27.000000,93.750000
Itanagar,2005-07-01,27.084400,93.605300,27.000000,93.750000,382.433716,27.000000,93.750000
Itanagar,2005-08-01,27.084400,93.605300,27.000000,93.750000,381.574219,27.000000,93.750000
Itanagar,2005-09-01,27.084400,93.605300,27.000000,93.750000,380.492676,27.000000,93.750000
Itanagar,2005-10-01,27.084400,93.605300,27.000000,93.750000,380.411987,27.000000,93.750000
Itanagar,2005-11-01,27.084400,93.605300,27.000000,93.750000,379.782776,27.000000,93.750000
Itanagar,2005-12-01,27.084400,93.605300,27.000000,93.750000,380.928741,27.000000,93.750000
Itanagar,2006-01-01,27.084400,93.605300,27.000000,93.750000,382.693451,27.000000,93.750000
Itanagar,2006-02-01,27.084400,93.605300,27.000000,93.750000,383.948700,27.000000,93.750000
Itanagar,2006-03-01,27.084400,93.605300,27.000000,93.750000,384.573792,27.000000,93.750000
Itanagar,2006-04-01,27.084400,93.605300,27.000000,93.750000,386.434631,27.000000,93.750000
Itanagar,2006-05-01,27.084400,93.605300,27.000000,93.750000,388.375366,27.000000,93.750000
Itanagar,2006-06-01,27.084400,93.605300,27.000000,93.750000,387.548401,27.000000,93.750000
Itanagar,2006-07-01,27.084400,93.605300,27.000000,93.750000,385.413269,27.000000,93.750000
Itanagar,2006-08-01,27.084400,93.605300,27.000000,93.750000,383.986359,27.000000,93.750000
Itanagar,2006-09-01,27.084400,93.605300,27.000000,93.750000,383.551636,27.000000,93.750000
Itanagar,2006-10-01,27.084400,93.605300,27.000000,93.750000,382.802490,27.000000,93.750000
Itanagar,2006-11-01,27.084400,93.605300,27.000000,93.750000,383.384399,27.000000,93.750000
Itanagar,2006-12-01,27.084400,93.605300,27.000000,93.750000,383.260986,27.000000,93.750000
Itanagar,2007-01-01,27.084400,93.605300,27.000000,93.750000,384.576569,27.000000,93.750000
Itanagar,2007-02-01,27.084400,93.605300,27.000000,93.750000,385.571075,27.000000,93.750000
Itanagar,2007-03-01,27.084400,93.605300,27.000000,93.750000,386.643005,27.000000,93.750000
Itanagar,2007-04-01,27.084400,93.605300,27.000000,93.750000,389.344299,27.000000,93.750000
Itanagar,2007-05-01,27.084400,93.605300,27.000000,93.750000,390.083435,27.000000,93.750000
Itanagar,2007-06-01,27.084400,93.605300,27.000000,93.750000,389.659363,27.000000,93.750000
Itanagar,2007-07-01,27.084400,93.605300,27.000000,93.750000,387.663910,27.000000,93.750000
Itanagar,2007-08-01,27.084400,93.605300,27.000000,93.750000,385.517212,27.000000,93.750000
Itanagar,2007-09-01,27.084400,93.605300,27.000000,93.750000,384.368958,27.000000,93.750000
Itanagar,2007-10-01,27.084400,93.605300,27.000000,93.750000,383.249756,27.000000,93.750000
Itanagar,2007-11-01,27.084400,93.605300,27.000000,93.750000,383.286438,27.000000,93.750000
Itanagar,2007-12-01,27.084400,93.605300,27.000000,93.750000,383.466736,27.000000,93.750000
Itanagar,2008-01-01,27.084400,93.605300,27.000000,93.750000,385.699524,27.000000,93.750000
Itanagar,2008-02-01,27.084400,93.605300,27.000000,93.750000,385.421631,27.000000,93.750000
Itanagar,2008-03-01,27.084400,93.605300,27.000000,93.750000,387.599945,27.000000,93.750000
Itanagar,2008-04-01,27.084400,93.605300,27.000000,93.750000,390.003235,27.000000,93.750000
Itanagar,2008-05-01,27.084400,93.605300,27.000000,93.750000,391.831940,27.000000,93.750000
Itanagar,2008-06-01,27.084400,93.605300,27.000000,93.750000,390.056732,27.000000,93.750000
Itanagar,2008-07-01,27.084400,93.605300,27.000000,93.750000,388.261200,27.000000,93.750000
Itanagar,2008-08-01,27.084400,93.605300,27.000000,93.750000,386.346069,27.000000,93.750000
Itanagar,2008-09-01,27.084400,93.605300,27.000000,93.750000,384.945312,27.000000,93.750000
Itanagar,2008-10-01,27.084400,93.605300,27.000000,93.750000,384.482208,27.000000,93.750000
Itanagar,2008-11-01,27.084400,93.605300,27.000000,93.750000,384.122040,27.000000,93.750000
Itanagar,2008-12-01,27.084400,93.605300,27.000000,93.750000,385.630737,27.000000,93.750000
Itanagar,2009-01-01,27.084400,93.605300,27.000000,93.750000,387.365387,27.000000,93.750000
Itanagar,2009-02-01,27.084400,93.605300,27.000000,93.750000,388.295685,27.000000,93.750000
Itanagar,2009-03-01,27.084400,93.605300,27.000000,93.750000,390.367828,27.000000,93.750000
Itanagar,2009-04-01,27.084400,93.605300,27.000000,93.750000,392.362213,27.000000,93.750000
Itanagar,2009-05-01,27.084400,93.605300,27.000000,93.750000,393.916870,27.000000,93.750000
Itanagar,2009-06-01,27.084400,93.605300,27.000000,93.750000,394.687469,27.000000,93.750000
Itanagar,2009-07-01,27.084400,93.605300,27.000000,93.750000,390.690582,27.000000,93.750000
Itanagar,2009-08-01,27.084400,93.605300,27.000000,93.750000,389.428162,27.000000,93.750000
Itanagar,2009-09-01,27.084400,93.605300,27.000000,93.750000,386.793518,27.000000,93.750000
Itanagar,2009-10-01,27.084400,93.605300,27.000000,93.750000,386.015137,27.000000,93.750000
Itanagar,2009-11-01,27.084400,93.605300,27.000000,93.750000,386.478546,27.000000,93.750000
Itanagar,2009-12-01,27.084400,93.605300,27.000000,93.750000,386.855896,27.000000,93.750000
Itanagar,2010-01-01,27.084400,93.605300,27.000000,93.750000,387.812439,27.000000,93.750000
Itanagar,2010-02-01,27.084400,93.605300,27.000000,93.750000,389.308929,27.000000,93.750000
Itanagar,2010-03-01,27.084400,93.605300,27.000000,93.750000,392.229706,27.000000,93.750000
Itanagar,2010-04-01,27.084400,93.605300,27.000000,93.750000,393.925720,27.000000,93.750000
Itanagar,2010-05-01,27.084400,93.605300,27.000000,93.750000,395.302673,27.000000,93.750000
Itanagar,2010-06-01,27.084400,93.605300,27.000000,93.750000,395.060547,27.000000,93.750000
Itanagar,2010-07-01,27.084400,93.605300,27.000000,93.750000,392.212646,27.000000,93.750000
Itanagar,2010-08-01,27.084400,93.605300,27.000000,93.750000,390.520142,27.000000,93.750000
Itanagar,2010-09-01,27.084400,93.605300,27.000000,93.750000,389.718658,27.000000,93.750000
Itanagar,2010-10-01,27.084400,93.605300,27.000000,93.750000,389.113647,27.000000,93.750000
Itanagar,2010-11-01,27.084400,93.605300,27.000000,93.750000,389.149414,27.000000,93.750000
Itanagar,2010-12-01,27.084400,93.605300,27.000000,93.750000,389.549713,27.000000,93.750000
Itanagar,2011-01-01,27.084400,93.605300,27.000000,93.750000,390.862885,27.000000,93.750000
Itanagar,2011-02-01,27.084400,93.605300,27.000000,93.750000,391.658234,27.000000,93.750000
Itanagar,2011-03-01,27.084400,93.605300,27.000000,93.750000,393.517944,27.000000,93.750000
Itanagar,2011-04-01,27.084400,93.605300,27.000000,93.750000,395.811157,27.000000,93.750000
Itanagar,2011-05-01,27.084400,93.605300,27.000000,93.750000,397.388489,27.000000,93.750000
Itanagar,2011-06-01,27.084400,93.605300,27.000000,93.750000,396.554108,27.000000,93.750000
Itanagar,2011-07-01,27.084400,93.605300,27.000000,93.750000,394.263123,27.000000,93.750000
Itanagar,2011-08-01,27.084400,93.605300,27.000000,93.750000,392.243927,27.000000,93.750000
Itanagar,2011-09-01,27.084400,93.605300,27.000000,93.750000,391.377777,27.000000,93.750000
Itanagar,2011-10-01,27.084400,93.605300,27.000000,93.750000,389.589783,27.000000,93.750000
Itanagar,2011-11-01,27.084400,93.605300,27.000000,93.750000,389.773315,27.000000,93.750000
Itanagar,2011-12-01,27.084400,93.605300,27.000000,93.750000,391.218231,27.000000,93.750000
Itanagar,2012-01-01,27.084400,93.605300,27.000000,93.750000,392.457306,27.000000,93.750000
Itanagar,2012-02-01,27.084400,93.605300,27.000000,93.750000,393.547699,27.000000,93.750000
Itanagar,2012-03-01,27.084400,93.605300,27.000000,93.750000,395.491455,27.000000,93.750000
Itanagar,2012-04-01,27.084400,93.605300,27.000000,93.750000,397.243744,27.000000,93.750000
Itanagar,2012-05-01,27.084400,93.605300,27.000000,93.750000,400.200470,27.000000,93.750000
Itanagar,2012-06-01,27.084400,93.605300,27.000000,93.750000,400.672333,27.000000,93.750000
Itanagar,2012-07-01,27.084400,93.605300,27.000000,93.750000,396.595642,27.000000,93.750000
Itanagar,2012-08-01,27.084400,93.605300,27.000000,93.750000,394.684540,27.000000,93.750000
Itanagar,2012-09-01,27.084400,93.605300,27.000000,93.750000,393.734009,27.000000,93.750000
Itanagar,2012-10-01,27.084400,93.605300,27.000000,93.750000,392.059723,27.000000,93.750000
Itanagar,2012-11-01,27.084400,93.605300,27.000000,93.750000,392.342438,27.000000,93.750000
Itanagar,2012-12-01,27.084400,93.605300,27.000000,93.750000,393.583405,27.000000,93.750000
Itanagar,2013-01-01,27.084400,93.605300,27.000000,93.750000,394.535370,27.000000,93.750000
Itanagar,2013-02-01,27.084400,93.605300,27.000000,93.750000,395.498932,27.000000,93.750000
Itanagar,2013-03-01,27.084400,93.605300,27.000000,93.750000,396.734863,27.000000,93.750000
Itanagar,2013-04-01,27.084400,93.605300,27.000000,93.750000,399.618164,27.000000,93.750000
Itanagar,2013-05-01,27.084400,93.605300,27.000000,93.750000,400.325165,27.000000,93.750000
Itanagar,2013-06-01,27.084400,93.605300,27.000000,93.750000,399.505951,27.000000,93.750000
Itanagar,2013-07-01,27.084400,93.605300,27.000000,93.750000,397.305542,27.000000,93.750000
Itanagar,2013-08-01,27.084400,93.605300,27.000000,93.750000,396.093689,27.000000,93.750000
Itanagar,2013-09-01,27.084400,93.605300,27.000000,93.750000,394.781891,27.000000,93.750000
Itanagar,2013-10-01,27.084400,93.605300,27.000000,93.750000,393.354126,27.000000,93.750000
Itanagar,2013-11-01,27.084400,93.605300,27.000000,93.750000,393.222839,27.000000,93.750000
Itanagar,2013-12-01,27.084400,93.605300,27.000000,93.750000,394.861725,27.000000,93.750000
Itanagar,2014-01-01,27.084400,93.605300,27.000000,93.750000,395.533478,27.000000,93.750000
Itanagar,2014-02-01,27.084400,93.605300,27.000000,93.750000,397.023529,27.000000,93.750000
Itanagar,2014-03-01,27.084400,93.605300,27.000000,93.750000,398.564178,27.000000,93.750000
Itanagar,2014-04-01,27.084400,93.605300,27.000000,93.750000,401.818237,27.000000,93.750000
Itanagar,2014-05-01,27.084400,93.605300,27.000000,93.750000,403.366852,27.000000,93.750000
Itanagar,2014-06-01,27.084400,93.605300,27.000000,93.750000,404.576538,27.000000,93.750000
Itanagar,2014-07-01,27.084400,93.605300,27.000000,93.750000,400.341675,27.000000,93.750000
Itanagar,2014-08-01,27.084400,93.605300,27.000000,93.750000,398.354126,27.000000,93.750000
Itanagar,2014-09-01,27.084400,93.605300,27.000000,93.750000,396.249756,27.000000,93.750000
Itanagar,2014-10-01,27.084400,93.605300,27.000000,93.750000,393.612213,27.000000,93.750000
Itanagar,2014-11-01,27.084400,93.605300,27.000000,93.750000,395.070679,27.000000,93.750000
Itanagar,2014-12-01,27.084400,93.605300,27.000000,93.750000,395.777100,27.000000,93.750000
Itanagar,2015-01-01,27.084400,93.605300,27.000000,93.750000,397.064606,27.000000,93.750000
Itanagar,2015-02-01,27.084400,93.605300,27.000000,93.750000,398.010529,27.000000,93.750000
Itanagar,2015-03-01,27.084400,93.605300,27.000000,93.750000,400.491913,27.000000,93.750000
Itanagar,2015-04-01,27.084400,93.605300,27.000000,93.750000,402.395386,27.000000,93.750000
Itanagar,2015-05-01,27.084400,93.605300,27.000000,93.750000,403.906342,27.000000,93.750000
Itanagar,2015-06-01,27.084400,93.605300,27.000000,93.750000,403.375153,27.000000,93.750000
Itanagar,2015-07-01,27.084400,93.605300,27.000000,93.750000,401.267151,27.000000,93.750000
Itanagar,2015-08-01,27.084400,93.605300,27.000000,93.750000,400.005096,27.000000,93.750000
Itanagar,2015-09-01,27.084400,93.605300,27.000000,93.750000,399.301178,27.000000,93.750000
Itanagar,2015-10-01,27.084400,93.605300,27.000000,93.750000,397.240631,27.000000,93.750000
Itanagar,2015-11-01,27.084400,93.605300,27.000000,93.750000,397.579376,27.000000,93.750000
Itanagar,2015-12-01,27.084400,93.605300,27.000000,93.750000,398.873657,27.000000,93.750000
Itanagar,2016-01-01,27.084400,93.605300,27.000000,93.750000,399.927826,27.000000,93.750000
Itanagar,2016-02-01,27.084400,93.605300,27.000000,93.750000,401.461914,27.000000,93.750000
Itanagar,2016-03-01,27.084400,93.605300,27.000000,93.750000,403.580017,27.000000,93.750000
Itanagar,2016-04-01,27.084400,93.605300,27.000000,93.750000,406.148834,27.000000,93.750000
Itanagar,2016-05-01,27.084400,93.605300,27.000000,93.750000,408.088348,27.000000,93.750000
Itanagar,2016-06-01,27.084400,93.605300,27.000000,93.750000,407.530243,27.000000,93.750000
Itanagar,2016-07-01,27.084400,93.605300,27.000000,93.750000,404.500671,27.000000,93.750000
Itanagar,2016-08-01,27.084400,93.605300,27.000000,93.750000,403.183319,27.000000,93.750000
Itanagar,2016-09-01,27.084400,93.605300,27.000000,93.750000,402.572998,27.000000,93.750000
Itanagar,2016-10-01,27.084400,93.605300,27.000000,93.750000,400.605072,27.000000,93.750000
Itanagar,2016-11-01,27.084400,93.605300,27.000000,93.750000,400.198792,27.000000,93.750000
Itanagar,2016-12-01,27.084400,93.605300,27.000000,93.750000,401.028687,27.000000,93.750000
Itanagar,2017-01-01,27.084400,93.605300,27.000000,93.750000,402.160828,27.000000,93.750000
Itanagar,2017-02-01,27.084400,93.605300,27.000000,93.750000,403.589264,27.000000,93.750000
Itanagar,2017-03-01,27.084400,93.605300,27.000000,93.750000,405.025757,27.000000,93.750000
Itanagar,2017-04-01,27.084400,93.605300,27.000000,93.750000,407.904572,27.000000,93.750000
Itanagar,2017-05-01,27.084400,93.605300,27.000000,93.750000,410.204315,27.000000,93.750000
Itanagar,2017-06-01,27.084400,93.605300,27.000000,93.750000,409.579346,27.000000,93.750000
Itanagar,2017-07-01,27.084400,93.605300,27.000000,93.750000,406.136627,27.000000,93.750000
Itanagar,2017-08-01,27.084400,93.605300,27.000000,93.750000,405.740204,27.000000,93.750000
Itanagar,2017-09-01,27.084400,93.605300,27.000000,93.750000,404.247986,27.000000,93.750000
Itanagar,2017-10-01,27.084400,93.605300,27.000000,93.750000,402.493164,27.000000,93.750000
Itanagar,2017-11-01,27.084400,93.605300,27.000000,93.750000,401.304779,27.000000,93.750000
Itanagar,2017-12-01,27.084400,93.605300,27.000000,93.750000,402.578125,27.000000,93.750000
Itanagar,2018-01-01,27.084400,93.605300,27.000000,93.750000,403.035614,27.000000,93.750000
Itanagar,2018-02-01,27.084400,93.605300,27.000000,93.750000,405.705414,27.000000,93.750000
Itanagar,2018-03-01,27.084400,93.605300,27.000000,93.750000,406.771942,27.000000,93.750000
Itanagar,2018-04-01,27.084400,93.605300,27.000000,93.750000,409.601837,27.000000,93.750000
Itanagar,2018-05-01,27.084400,93.605300,27.000000,93.750000,411.037781,27.000000,93.750000
Itanagar,2018-06-01,27.084400,93.605300,27.000000,93.750000,412.048676,27.000000,93.750000
Itanagar,2018-07-01,27.084400,93.605300,27.000000,93.750000,408.794922,27.000000,93.750000
Itanagar,2018-08-01,27.084400,93.605300,27.000000,93.750000,407.515625,27.000000,93.750000
Itanagar,2018-09-01,27.084400,93.605300,27.000000,93.750000,405.939270,27.000000,93.750000
Itanagar,2018-10-01,27.084400,93.605300,27.000000,93.750000,403.965820,27.000000,93.750000
Itanagar,2018-11-01,27.084400,93.605300,27.000000,93.750000,404.766663,27.000000,93.750000
Itanagar,2018-12-01,27.084400,93.605300,27.000000,93.750000,405.718994,27.000000,93.750000
Itanagar,2019-01-01,27.084400,93.605300,27.000000,93.750000,407.070465,27.000000,93.750000
Itanagar,2019-02-01,27.084400,93.605300,27.000000,93.750000,409.183105,27.000000,93.750000
Itanagar,2019-03-01,27.084400,93.605300,27.000000,93.750000,410.017242,27.000000,93.750000
Itanagar,2019-04-01,27.084400,93.605300,27.000000,93.750000,411.973114,27.000000,93.750000
Itanagar,2019-05-01,27.084400,93.605300,27.000000,93.750000,414.330597,27.000000,93.750000
Itanagar,2019-06-01,27.084400,93.605300,27.000000,93.750000,415.840332,27.000000,93.750000
Itanagar,2019-07-01,27.084400,93.605300,27.000000,93.750000,413.195404,27.000000,93.750000
Itanagar,2019-08-01,27.084400,93.605300,27.000000,93.750000,410.829590,27.000000,93.750000
Itanagar,2019-09-01,27.084400,93.605300,27.000000,93.750000,410.766876,27.000000,93.750000
Itanagar,2019-10-01,27.084400,93.605300,27.000000,93.750000,409.971313,27.000000,93.750000
Itanagar,2019-11-01,27.084400,93.605300,27.000000,93.750000,410.451691,27.000000,93.750000
Itanagar,2019-12-01,27.084400,93.605300,27.000000,93.750000,411.053802,27.000000,93.750000
Itanagar,2020-01-01,27.084400,93.605300,27.000000,93.750000,412.257202,27.000000,93.750000
Itanagar,2020-02-01,27.084400,93.605300,27.000000,93.750000,412.794708,27.000000,93.750000
Itanagar,2020-03-01,27.084400,93.605300,27.000000,93.750000,414.229248,27.000000,93.750000
Itanagar,2020-04-01,27.084400,93.605300,27.000000,93.750000,416.885223,27.000000,93.750000
Itanagar,2020-05-01,27.084400,93.605300,27.000000,93.750000,418.016541,27.000000,93.750000
Itanagar,2020-06-01,27.084400,93.605300,27.000000,93.750000,417.731232,27.000000,93.750000
Itanagar,2020-07-01,27.084400,93.605300,27.000000,93.750000,416.462311,27.000000,93.750000
Itanagar,2020-08-01,27.084400,93.605300,27.000000,93.750000,414.639008,27.000000,93.750000
Itanagar,2020-09-01,27.084400,93.605300,27.000000,93.750000,414.532288,27.000000,93.750000
Itanagar,2020-10-01,27.084400,93.605300,27.000000,93.750000,415.202240,27.000000,93.750000
Itanagar,2020-11-01,27.084400,93.605300,27.000000,93.750000,413.737274,27.000000,93.750000
Itanagar,2020-12-01,27.084400,93.605300,27.000000,93.750000,414.139740,27.000000,93.750000
Guwahati,2003-01-01,26.144500,91.736200,26.250000,91.500000,373.942261,26.250000,91.500000
Guwahati,2003-02-01,26.144500,91.736200,26.250000,91.500000,375.378021,26.250000,91.500000
Guwahati,2003-03-01,26.144500,91.736200,26.250000,91.500000,376.418732,26.250000,91.500000
Guwahati,2003-04-01,26.144500,91.736200,26.250000,91.500000,378.675873,26.250000,91.500000
Guwahati,2003-05-01,26.144500,91.736200,26.250000,91.500000,380.150787,26.250000,91.500000
Guwahati,2003-06-01,26.144500,91.736200,26.250000,91.500000,380.180145,26.250000,91.500000
Guwahati,2003-07-01,26.144500,91.736200,26.250000,91.500000,376.438110,26.250000,91.500000
Guwahati,2003-08-01,26.144500,91.736200,26.250000,91.500000,375.483032,26.250000,91.500000
Guwahati,2003-09-01,26.144500,91.736200,26.250000,91.500000,375.273346,26.250000,91.500000
Guwahati,2003-10-01,26.144500,91.736200,26.250000,91.500000,374.088074,26.250000,91.500000
Guwahati,2003-11-01,26.144500,91.736200,26.250000,91.500000,374.715637,26.250000,91.500000
Guwahati,2003-12-01,26.144500,91.736200,26.250000,91.500000,375.990540,26.250000,91.500000
Guwahati,2004-01-01,26.144500,91.736200,26.250000,91.500000,377.142792,26.250000,91.500000
Guwahati,2004-02-01,26.144500,91.736200,26.250000,91.500000,377.388885,26.250000,91.500000
Guwahati,2004-03-01,26.144500,91.736200,26.250000,91.500000,379.790863,26.250000,91.500000
Guwahati,2004-04-01,26.144500,91.736200,26.250000,91.500000,381.440857,26.250000,91.500000
Guwahati,2004-05-01,26.144500,91.736200,26.250000,91.500000,383.437866,26.250000,91.500000
Guwahati,2004-06-01,26.144500,91.736200,26.250000,91.500000,382.587524,26.250000,91.500000
Guwahati,2004-07-01,26.144500,91.736200,26.250000,91.500000,381.209351,26.250000,91.500000
Guwahati,2004-08-01,26.144500,91.736200,26.250000,91.500000,378.299805,26.250000,91.500000
Guwahati,2004-09-01,26.144500,91.736200,26.250000,91.500000,377.979706,26.250000,91.500000
Guwahati,2004-10-01,26.144500,91.736200,26.250000,91.500000,376.167603,26.250000,91.500000
Guwahati,2004-11-01,26.144500,91.736200,26.250000,91.500000,376.602173,26.250000,91.500000
Guwahati,2004-12-01,26.144500,91.736200,26.250000,91.500000,378.224487,26.250000,91.500000
Guwahati,2005-01-01,26.144500,91.736200,26.250000,91.500000,379.855743,26.250000,91.500000
Guwahati,2005-02-01,26.144500,91.736200,26.250000,91.500000,380.877380,26.250000,91.500000
Guwahati,2005-03-01,26.144500,91.736200,26.250000,91.500000,382.170380,26.250000,91.500000
Guwahati,2005-04-01,26.144500,91.736200,26.250000,91.500000,384.260773,26.250000,91.500000
Guwahati,2005-05-01,26.144500,91.736200,26.250000,91.500000,385.078857,26.250000,91.500000
Guwahati,2005-06-01,26.144500,91.736200,26.250000,91.500000,387.161469,26.250000,91.500000
Guwahati,2005-07-01,26.144500,91.736200,26.250000,91.500000,382.165985,26.250000,91.500000
Guwahati,2005-08-01,26.144500,91.736200,26.250000,91.500000,381.390747,26.250000,91.500000
Guwahati,2005-09-01,26.144500,91.736200,26.250000,91.500000,380.068298,26.250000,91.500000
Guwahati,2005-10-01,26.144500,91.736200,26.250000,91.500000,379.736511,26.250000,91.500000
Guwahati,2005-11-01,26.144500,91.736200,26.250000,91.500000,379.390381,26.250000,91.500000
Guwahati,2005-12-01,26.144500,91.736200,26.250000,91.500000,380.666443,26.250000,91.500000
Guwahati,2006-01-01,26.144500,91.736200,26.250000,91.500000,382.623779,26.250000,91.500000
Guwahati,2006-02-01,26.144500,91.736200,26.250000,91.500000,383.763916,26.250000,91.500000
Guwahati,2006-03-01,26.144500,91.736200,26.250000,91.500000,384.666473,26.250000,91.500000
Guwahati,2006-04-01,26.144500,91.736200,26.250000,91.500000,386.639465,26.250000,91.500000
Guwahati,2006-05-01,26.144500,91.736200,26.250000,91.500000,388.491180,26.250000,91.500000
Guwahati,2006-06-01,26.144500,91.736200,26.250000,91.500000,387.730957,26.250000,91.500000
Guwahati,2006-07-01,26.144500,91.736200,26.250000,91.500000,385.105988,26.250000,91.500000
Guwahati,2006-08-01,26.144500,91.736200,26.250000,91.500000,383.722046,26.250000,91.500000
Guwahati,2006-09-01,26.144500,91.736200,26.250000,91.500000,383.032776,26.250000,91.500000
Guwahati,2006-10-01,26.144500,91.736200,26.250000,91.500000,382.048187,26.250000,91.500000
Guwahati,2006-11-01,26.144500,91.736200,26.250000,91.500000,383.120209,26.250000,91.500000
Guwahati,2006-12-01,26.144500,91.736200,26.250000,91.500000,383.358917,26.250000,91.500000
Guwahati,2007-01-01,26.144500,91.736200,26.250000,91.500000,384.858246,26.250000,91.500000
Guwahati,2007-02-01,26.144500,91.736200,26.250000,91.500000,385.450989,26.250000,91.500000
Guwahati,2007-03-01,26.144500,91.736200,26.250000,91.500000,386.502045,26.250000,91.500000
Guwahati,2007-04-01,26.144500,91.736200,26.250000,91.500000,389.676392,26.250000,91.500000
Guwahati,2007-05-01,26.144500,91.736200,26.250000,91.500000,390.305908,26.250000,91.500000
Guwahati,2007-06-01,26.144500,91.736200,26.250000,91.500000,390.093933,26.250000,91.500000
Guwahati,2007-07-01,26.144500,91.736200,26.250000,91.500000,387.436829,26.250000,91.500000
Guwahati,2007-08-01,26.144500,91.736200,26.250000,91.500000,385.356659,26.250000,91.500000
Guwahati,2007-09-01,26.144500,91.736200,26.250000,91.500000,384.211395,26.250000,91.500000
Guwahati,2007-10-01,26.144500,91.736200,26.250000,91.500000,382.643829,26.250000,91.500000
Guwahati,2007-11-01,26.144500,91.736200,26.250000,91.500000,382.786591,26.250000,91.500000
Guwahati,2007-12-01,26.144500,91.736200,26.250000,91.500000,383.712708,26.250000,91.500000
Guwahati,2008-01-01,26.144500,91.736200,26.250000,91.500000,385.647675,26.250000,91.500000
Guwahati,2008-02-01,26.144500,91.736200,26.250000,91.500000,385.602234,26.250000,91.500000
Guwahati,2008-03-01,26.144500,91.736200,26.250000,91.500000,387.867126,26.250000,91.500000
Guwahati,2008-04-01,26.144500,91.736200,26.250000,91.500000,390.094299,26.250000,91.500000
Guwahati,2008-05-01,26.144500,91.736200,26.250000,91.500000,392.553345,26.250000,91.500000
Guwahati,2008-06-01,26.144500,91.736200,26.250000,91.500000,390.183929,26.250000,91.500000
Guwahati,2008-07-01,26.144500,91.736200,26.250000,91.500000,388.166321,26.250000,91.500000
Guwahati,2008-08-01,26.144500,91.736200,26.250000,91.500000,385.993439,26.250000,91.500000
Guwahati,2008-09-01,26.144500,91.736200,26.250000,91.500000,384.689819,26.250000,91.500000
Guwahati,2008-10-01,26.144500,91.736200,26.250000,91.500000,383.640839,26.250000,91.500000
Guwahati,2008-11-01,26.144500,91.736200,26.250000,91.500000,383.824432,26.250000,91.500000
Guwahati,2008-12-01,26.144500,91.736200,26.250000,91.500000,385.820038,26.250000,91.500000
Guwahati,2009-01-01,26.144500,91.736200,26.250000,91.500000,387.603912,26.250000,91.500000
Guwahati,2009-02-01,26.144500,91.736200,26.250000,91.500000,388.159027,26.250000,91.500000
Guwahati,2009-03-01,26.144500,91.736200,26.250000,91.500000,390.495483,26.250000,91.500000
Guwahati,2009-04-01,26.144500,91.736200,26.250000,91.500000,392.458832,26.250000,91.500000
Guwahati,2009-05-01,26.144500,91.736200,26.250000,91.500000,393.882721,26.250000,91.500000
Guwahati,2009-06-01,26.144500,91.736200,26.250000,91.500000,394.919830,26.250000,91.500000
Guwahati,2009-07-01,26.144500,91.736200,26.250000,91.500000,390.322296,26.250000,91.500000
Guwahati,2009-08-01,26.144500,91.736200,26.250000,91.500000,389.278290,26.250000,91.500000
Guwahati,2009-09-01,26.144500,91.736200,26.250000,91.500000,386.537567,26.250000,91.500000
Guwahati,2009-10-01,26.144500,91.736200,26.250000,91.500000,385.180267,26.250000,91.500000
Guwahati,2009-11-01,26.144500,91.736200,26.250000,91.500000,386.274292,26.250000,91.500000
Guwahati,2009-12-01,26.144500,91.736200,26.250000,91.500000,387.297791,26.250000,91.500000
Guwahati,2010-01-01,26.144500,91.736200,26.250000,91.500000,387.639252,26.250000,91.500000
Guwahati,2010-02-01,26.144500,91.736200,26.250000,91.500000,389.347321,26.250000,91.500000
Guwahati,2010-03-01,26.144500,91.736200,26.250000,91.500000,392.125031,26.250000,91.500000
Guwahati,2010-04-01,26.144500,91.736200,26.250000,91.500000,394.233063,26.250000,91.500000
Guwahati,2010-05-01,26.144500,91.736200,26.250000,91.500000,395.820770,26.250000,91.500000
Guwahati,2010-06-01,26.144500,91.736200,26.250000,91.500000,395.475922,26.250000,91.500000
Guwahati,2010-07-01,26.144500,91.736200,26.250000,91.500000,391.807404,26.250000,91.500000
Guwahati,2010-08-01,26.144500,91.736200,26.250000,91.500000,390.265991,26.250000,91.500000
Guwahati,2010-09-01,26.144500,91.736200,26.250000,91.500000,389.399902,26.250000,91.500000
Guwahati,2010-10-01,26.144500,91.736200,26.250000,91.500000,388.523376,26.250000,91.500000
Guwahati,2010-11-01,26.144500,91.736200,26.250000,91.500000,389.008423,26.250000,91.500000
Guwahati,2010-12-01,26.144500,91.736200,26.250000,91.500000,389.683044,26.250000,91.500000
Guwahati,2011-01-01,26.144500,91.736200,26.250000,91.500000,391.021545,26.250000,91.500000
Guwahati,2011-02-01,26.144500,91.736200,26.250000,91.500000,391.542725,26.250000,91.500000
Guwahati,2011-03-01,26.144500,91.736200,26.250000,91.500000,393.530670,26.250000,91.500000
Guwahati,2011-04-01,26.144500,91.736200,26.250000,91.500000,396.310944,26.250000,91.500000
Guwahati,2011-05-01,26.144500,91.736200,26.250000,91.500000,397.641968,26.250000,91.500000
Guwahati,2011-06-01,26.144500,91.736200,26.250000,91.500000,396.848511,26.250000,91.500000
Guwahati,2011-07-01,26.144500,91.736200,26.250000,91.500000,394.128906,26.250000,91.500000
Guwahati,2011-08-01,26.144500,91.736200,26.250000,91.500000,392.195709,26.250000,91.500000
Guwahati,2011-09-01,26.144500,91.736200,26.250000,91.500000,390.925507,26.250000,91.500000
Guwahati,2011-10-01,26.144500,91.736200,26.250000,91.500000,388.510376,26.250000,91.500000
Guwahati,2011-11-01,26.144500,91.736200,26.250000,91.500000,389.600861,26.250000,91.500000
Guwahati,2011-12-01,26.144500,91.736200,26.250000,91.500000,391.262543,26.250000,91.500000
Guwahati,2012-01-01,26.144500,91.736200,26.250000,91.500000,392.444580,26.250000,91.500000
Guwahati,2012-02-01,26.144500,91.736200,26.250000,91.500000,393.782532,26.250000,91.500000
Guwahati,2012-03-01,26.144500,91.736200,26.250000,91.500000,395.644897,26.250000,91.500000
Guwahati,2012-04-01,26.144500,91.736200,26.250000,91.500000,397.715576,26.250000,91.500000
Guwahati,2012-05-01,26.144500,91.736200,26.250000,91.500000,400.568756,26.250000,91.500000
Guwahati,2012-06-01,26.144500,91.736200,26.250000,91.500000,401.243317,26.250000,91.500000
Guwahati,2012-07-01,26.144500,91.736200,26.250000,91.500000,396.435791,26.250000,91.500000
Guwahati,2012-08-01,26.144500,91.736200,26.250000,91.500000,394.502930,26.250000,91.500000
Guwahati,2012-09-01,26.144500,91.736200,26.250000,91.500000,393.380341,26.250000,91.500000
Guwahati,2012-10-01,26.144500,91.736200,26.250000,91.500000,391.326843,26.250000,91.500000
Guwahati,2012-11-01,26.144500,91.736200,26.250000,91.500000,392.099091,26.250000,91.500000
Guwahati,2012-12-01,26.144500,91.736200,26.250000,91.500000,393.939453,26.250000,91.500000
Guwahati,2013-01-01,26.144500,91.736200,26.250000,91.500000,394.605164,26.250000,91.500000
Guwahati,2013-02-01,26.144500,91.736200,26.250000,91.500000,395.449951,26.250000,91.500000
Guwahati,2013-03-01,26.144500,91.736200,26.250000,91.500000,396.713806,26.250000,91.500000
Guwahati,2013-04-01,26.144500,91.736200,26.250000,91.500000,399.738434,26.250000,91.500000
Guwahati,2013-05-01,26.144500,91.736200,26.250000,91.500000,400.707031,26.250000,91.500000
Guwahati,2013-06-01,26.144500,91.736200,26.250000,91.500000,399.579285,26.250000,91.500000
Guwahati,2013-07-01,26.144500,91.736200,26.250000,91.500000,396.999512,26.250000,91.500000
Guwahati,2013-08-01,26.144500,91.736200,26.250000,91.500000,395.812164,26.250000,91.500000
Guwahati,2013-09-01,26.144500,91.736200,26.250000,91.500000,394.227325,26.250000,91.500000
Guwahati,2013-10-01,26.144500,91.736200,26.250000,91.500000,392.880920,26.250000,91.500000
Guwahati,2013-11-01,26.144500,91.736200,26.250000,91.500000,392.940796,26.250000,91.500000
Guwahati,2013-12-01,26.144500,91.736200,26.250000,91.500000,394.945068,26.250000,91.500000
Guwahati,2014-01-01,26.144500,91.736200,26.250000,91.500000,395.608124,26.250000,91.500000
Guwahati,2014-02-01,26.144500,91.736200,26.250000,91.500000,397.169037,26.250000,91.500000
Guwahati,2014-03-01,26.144500,91.736200,26.250000,91.500000,398.658661,26.250000,91.500000
Guwahati,2014-04-01,26.144500,91.736200,26.250000,91.500000,401.947388,26.250000,91.500000
Guwahati,2014-05-01,26.144500,91.736200,26.250000,91.500000,403.663177,26.250000,91.500000
Guwahati,2014-06-01,26.144500,91.736200,26.250000,91.500000,404.621460,26.250000,91.500000
Guwahati,2014-07-01,26.144500,91.736200,26.250000,91.500000,400.133911,26.250000,91.500000
Guwahati,2014-08-01,26.144500,91.736200,26.250000,91.500000,398.056732,26.250000,91.500000
Guwahati,2014-09-01,26.144500,91.736200,26.250000,91.500000,395.854797,26.250000,91.500000
Guwahati,2014-10-01,26.144500,91.736200,26.250000,91.500000,392.932526,26.250000,91.500000
Guwahati,2014-11-01,26.144500,91.736200,26.250000,91.500000,394.933044,26.250000,91.500000
Guwahati,2014-12-01,26.144500,91.736200,26.250000,91.500000,395.946075,26.250000,91.500000
Guwahati,2015-01-01,26.144500,91.736200,26.250000,91.500000,396.897186,26.250000,91.500000
Guwahati,2015-02-01,26.144500,91.736200,26.250000,91.500000,397.847626,26.250000,91.500000
Guwahati,2015-03-01,26.144500,91.736200,26.250000,91.500000,400.436615,26.250000,91.500000
Guwahati,2015-04-01,26.144500,91.736200,26.250000,91.500000,402.788483,26.250000,91.500000
Guwahati,2015-05-01,26.144500,91.736200,26.250000,91.500000,404.507446,26.250000,91.500000
Guwahati,2015-06-01,26.144500,91.736200,26.250000,91.500000,403.750244,26.250000,91.500000
Guwahati,2015-07-01,26.144500,91.736200,26.250000,91.500000,401.541016,26.250000,91.500000
Guwahati,2015-08-01,26.144500,91.736200,26.250000,91.500000,399.852417,26.250000,91.500000
Guwahati,2015-09-01,26.144500,91.736200,26.250000,91.500000,398.905884,26.250000,91.500000
Guwahati,2015-10-01,26.144500,91.736200,26.250000,91.500000,396.605133,26.250000,91.500000
Guwahati,2015-11-01,26.144500,91.736200,26.250000,91.500000,397.497528,26.250000,91.500000
Guwahati,2015-12-01,26.144500,91.736200,26.250000,91.500000,398.967163,26.250000,91.500000
Guwahati,2016-01-01,26.144500,91.736200,26.250000,91.500000,400.195190,26.250000,91.500000
Guwahati,2016-02-01,26.144500,91.736200,26.250000,91.500000,401.426483,26.250000,91.500000
Guwahati,2016-03-01,26.144500,91.736200,26.250000,91.500000,403.859558,26.250000,91.500000
Guwahati,2016-04-01,26.144500,91.736200,26.250000,91.500000,406.627991,26.250000,91.500000
Guwahati,2016-05-01,26.144500,91.736200,26.250000,91.500000,408.309875,26.250000,91.500000
Guwahati,2016-06-01,26.144500,91.736200,26.250000,91.500000,407.734070,26.250000,91.500000
Guwahati,2016-07-01,26.144500,91.736200,26.250000,91.500000,404.279633,26.250000,91.500000
Guwahati,2016-08-01,26.144500,91.736200,26.250000,91.500000,402.822510,26.250000,91.500000
Guwahati,2016-09-01,26.144500,91.736200,26.250000,91.500000,402.193176,26.250000,91.500000
Guwahati,2016-10-01,26.144500,91.736200,26.250000,91.500000,399.774536,26.250000,91.500000
Guwahati,2016-11-01,26.144500,91.736200,26.250000,91.500000,399.676361,26.250000,91.500000
Guwahati,2016-12-01,26.144500,91.736200,26.250000,91.500000,400.719086,26.250000,91.500000
Guwahati,2017-01-01,26.144500,91.736200,26.250000,91.500000,402.099060,26.250000,91.500000
Guwahati,2017-02-01,26.144500,91.736200,26.250000,91.500000,403.691742,26.250000,91.500000
Guwahati,2017-03-01,26.144500,91.736200,26.250000,91.500000,405.208313,26.250000,91.500000
Guwahati,2017-04-01,26.144500,91.736200,26.250000,91.500000,408.391266,26.250000,91.500000
Guwahati,2017-05-01,26.144500,91.736200,26.250000,91.500000,410.590057,26.250000,91.500000
Guwahati,2017-06-01,26.144500,91.736200,26.250000,91.500000,410.136414,26.250000,91.500000
Guwahati,2017-07-01,26.144500,91.736200,26.250000,91.500000,406.088715,26.250000,91.500000
Guwahati,2017-08-01,26.144500,91.736200,26.250000,91.500000,405.454407,26.250000,91.500000
Guwahati,2017-09-01,26.144500,91.736200,26.250000,91.500000,403.858154,26.250000,91.500000
Guwahati,2017-10-01,26.144500,91.736200,26.250000,91.500000,401.981628,26.250000,91.500000
Guwahati,2017-11-01,26.144500,91.736200,26.250000,91.500000,400.936554,26.250000,91.500000
Guwahati,2017-12-01,26.144500,91.736200,26.250000,91.500000,402.702209,26.250000,91.500000
Guwahati,2018-01-01,26.144500,91.736200,26.250000,91.500000,403.344666,26.250000,91.500000
Guwahati,2018-02-01,26.144500,91.736200,26.250000,91.500000,405.708282,26.250000,91.500000
Guwahati,2018-03-01,26.144500,91.736200,26.250000,91.500000,407.041290,26.250000,91.500000
Guwahati,2018-04-01,26.144500,91.736200,26.250000,91.500000,410.054932,26.250000,91.500000
Guwahati,2018-05-01,26.144500,91.736200,26.250000,91.500000,411.074768,26.250000,91.500000
Guwahati,2018-06-01,26.144500,91.736200,26.250000,91.500000,412.080719,26.250000,91.500000
Guwahati,2018-07-01,26.144500,91.736200,26.250000,91.500000,408.505157,26.250000,91.500000
Guwahati,2018-08-01,26.144500,91.736200,26.250000,91.500000,407.277161,26.250000,91.500000
Guwahati,2018-09-01,26.144500,91.736200,26.250000,91.500000,405.453339,26.250000,91.500000
Guwahati,2018-10-01,26.144500,91.736200,26.250000,91.500000,403.827484,26.250000,91.500000
Guwahati,2018-11-01,26.144500,91.736200,26.250000,91.500000,404.468384,26.250000,91.500000
Guwahati,2018-12-01,26.144500,91.736200,26.250000,91.500000,405.593933,26.250000,91.500000
Guwahati,2019-01-01,26.144500,91.736200,26.250000,91.500000,407.014099,26.250000,91.500000
Guwahati,2019-02-01,26.144500,91.736200,26.250000,91.500000,409.061371,26.250000,91.500000
Guwahati,2019-03-01,26.144500,91.736200,26.250000,91.500000,410.092529,26.250000,91.500000
Guwahati,2019-04-01,26.144500,91.736200,26.250000,91.500000,412.182983,26.250000,91.500000
Guwahati,2019-05-01,26.144500,91.736200,26.250000,91.500000,414.802673,26.250000,91.500000
Guwahati,2019-06-01,26.144500,91.736200,26.250000,91.500000,416.267639,26.250000,91.500000
Guwahati,2019-07-01,26.144500,91.736200,26.250000,91.500000,412.993774,26.250000,91.500000
Guwahati,2019-08-01,26.144500,91.736200,26.250000,91.500000,410.764923,26.250000,91.500000
Guwahati,2019-09-01,26.144500,91.736200,26.250000,91.500000,410.382904,26.250000,91.500000
Guwahati,2019-10-01,26.144500,91.736200,26.250000,91.500000,409.437805,26.250000,91.500000
Guwahati,2019-11-01,26.144500,91.736200,26.250000,91.500000,410.001282,26.250000,91.500000
Guwahati,2019-12-01,26.144500,91.736200,26.250000,91.500000,410.935822,26.250000,91.500000
Guwahati,2020-01-01,26.144500,91.736200,26.250000,91.500000,412.195282,26.250000,91.500000
Guwahati,2020-02-01,26.144500,91.736200,26.250000,91.500000,412.768707,26.250000,91.500000
Guwahati,2020-03-01,26.144500,91.736200,26.250000,91.500000,414.197205,26.250000,91.500000
Guwahati,2020-04-01,26.144500,91.736200,26.250000,91.500000,417.084961,26.250000,91.500000
Guwahati,2020-05-01,26.144500,91.736200,26.250000,91.500000,418.107849,26.250000,91.500000
Guwahati,2020-06-01,26.144500,91.736200,26.250000,91.500000,418.131073,26.250000,91.500000
Guwahati,2020-07-01,26.144500,91.736200,26.250000,91.500000,416.305939,26.250000,91.500000
Guwahati,2020-08-01,26.144500,91.736200,26.250000,91.500000,414.306915,26.250000,91.500000
Guwahati,2020-09-01,26.144500,91.736200,26.250000,91.500000,414.141968,26.250000,91.500000
Guwahati,2020-10-01,26.144500,91.736200,26.250000,91.500000,414.242218,26.250000,91.500000
Guwahati,2020-11-01,26.144500,91.736200,26.250000,91.500000,413.260254,26.250000,91.500000
Guwahati,2020-12-01,26.144500,91.736200,26.250000,91.500000,414.259674,26.250000,91.500000
Aizawl,2003-01-01,23.727100,92.717600,24.000000,93.000000,373.867767,24.000000,93.000000
Aizawl,2003-02-01,23.727100,92.717600,24.000000,93.000000,376.042206,24.000000,93.000000
Aizawl,2003-03-01,23.727100,92.717600,24.000000,93.000000,378.199402,24.000000,93.000000
Aizawl,2003-04-01,23.727100,92.717600,24.000000,93.000000,380.165222,24.000000,93.000000
Aizawl,2003-05-01,23.727100,92.717600,24.000000,93.000000,380.399933,24.000000,93.000000
Aizawl,2003-06-01,23.727100,92.717600,24.000000,93.000000,380.027283,24.000000,93.000000
Aizawl,2003-07-01,23.727100,92.717600,24.000000,93.000000,376.814972,24.000000,93.000000
Aizawl,2003-08-01,23.727100,92.717600,24.000000,93.000000,375.996765,24.000000,93.000000
Aizawl,2003-09-01,23.727100,92.717600,24.000000,93.000000,376.404022,24.000000,93.000000
Aizawl,2003-10-01,23.727100,92.717600,24.000000,93.000000,376.339996,24.000000,93.000000
Aizawl,2003-11-01,23.727100,92.717600,24.000000,93.000000,375.363586,24.000000,93.000000
Aizawl,2003-12-01,23.727100,92.717600,24.000000,93.000000,376.546509,24.000000,93.000000
Aizawl,2004-01-01,23.727100,92.717600,24.000000,93.000000,377.221710,24.000000,93.000000
Aizawl,2004-02-01,23.727100,92.717600,24.000000,93.000000,377.860626,24.000000,93.000000
Aizawl,2004-03-01,23.727100,92.717600,24.000000,93.000000,381.316864,24.000000,93.000000
Aizawl,2004-04-01,23.727100,92.717600,24.000000,93.000000,382.450989,24.000000,93.000000
Aizawl,2004-05-01,23.727100,92.717600,24.000000,93.000000,383.353607,24.000000,93.000000
Aizawl,2004-06-01,23.727100,92.717600,24.000000,93.000000,382.003174,24.000000,93.000000
Aizawl,2004-07-01,23.727100,92.717600,24.000000,93.000000,380.371979,24.000000,93.000000
Aizawl,2004-08-01,23.727100,92.717600,24.000000,93.000000,378.986450,24.000000,93.000000
Aizawl,2004-09-01,23.727100,92.717600,24.000000,93.000000,379.226410,24.000000,93.000000
Aizawl,2004-10-01,23.727100,92.717600,24.000000,93.000000,377.646606,24.000000,93.000000
Aizawl,2004-11-01,23.727100,92.717600,24.000000,93.000000,377.617676,24.000000,93.000000
Aizawl,2004-12-01,23.727100,92.717600,24.000000,93.000000,378.780243,24.000000,93.000000
Aizawl,2005-01-01,23.727100,92.717600,24.000000,93.000000,380.053223,24.000000,93.000000
Aizawl,2005-02-01,23.727100,92.717600,24.000000,93.000000,381.297729,24.000000,93.000000
Aizawl,2005-03-01,23.727100,92.717600,24.000000,93.000000,383.534485,24.000000,93.000000
Aizawl,2005-04-01,23.727100,92.717600,24.000000,93.000000,385.392120,24.000000,93.000000
Aizawl,2005-05-01,23.727100,92.717600,24.000000,93.000000,385.888275,24.000000,93.000000
Aizawl,2005-06-01,23.727100,92.717600,24.000000,93.000000,387.313965,24.000000,93.000000
Aizawl,2005-07-01,23.727100,92.717600,24.000000,93.000000,382.439941,24.000000,93.000000
Aizawl,2005-08-01,23.727100,92.717600,24.000000,93.000000,381.819946,24.000000,93.000000
Aizawl,2005-09-01,23.727100,92.717600,24.000000,93.000000,381.561523,24.000000,93.000000
Aizawl,2005-10-01,23.727100,92.717600,24.000000,93.000000,381.694489,24.000000,93.000000
Aizawl,2005-11-01,23.727100,92.717600,24.000000,93.000000,380.368530,24.000000,93.000000
Aizawl,2005-12-01,23.727100,92.717600,24.000000,93.000000,381.258636,24.000000,93.000000
Aizawl,2006-01-01,23.727100,92.717600,24.000000,93.000000,382.394623,24.000000,93.000000
Aizawl,2006-02-01,23.727100,92.717600,24.000000,93.000000,384.335968,24.000000,93.000000
Aizawl,2006-03-01,23.727100,92.717600,24.000000,93.000000,386.057739,24.000000,93.000000
Aizawl,2006-04-01,23.727100,92.717600,24.000000,93.000000,387.216797,24.000000,93.000000
Aizawl,2006-05-01,23.727100,92.717600,24.000000,93.000000,388.905792,24.000000,93.000000
Aizawl,2006-06-01,23.727100,92.717600,24.000000,93.000000,387.129974,24.000000,93.000000
Aizawl,2006-07-01,23.727100,92.717600,24.000000,93.000000,385.306580,24.000000,93.000000
Aizawl,2006-08-01,23.727100,92.717600,24.000000,93.000000,384.379089,24.000000,93.000000
Aizawl,2006-09-01,23.727100,92.717600,24.000000,93.000000,384.134003,24.000000,93.000000
Aizawl,2006-10-01,23.727100,92.717600,24.000000,93.000000,384.257111,24.000000,93.000000
Aizawl,2006-11-01,23.727100,92.717600,24.000000,93.000000,384.474701,24.000000,93.000000
Aizawl,2006-12-01,23.727100,92.717600,24.000000,93.000000,383.977112,24.000000,93.000000
Aizawl,2007-01-01,23.727100,92.717600,24.000000,93.000000,384.735992,24.000000,93.000000
Aizawl,2007-02-01,23.727100,92.717600,24.000000,93.000000,385.803467,24.000000,93.000000
Aizawl,2007-03-01,23.727100,92.717600,24.000000,93.000000,387.437592,24.000000,93.000000
Aizawl,2007-04-01,23.727100,92.717600,24.000000,93.000000,390.039032,24.000000,93.000000
Aizawl,2007-05-01,23.727100,92.717600,24.000000,93.000000,391.759552,24.000000,93.000000
Aizawl,2007-06-01,23.727100,92.717600,24.000000,93.000000,389.877991,24.000000,93.000000
Aizawl,2007-07-01,23.727100,92.717600,24.000000,93.000000,387.498260,24.000000,93.000000
Aizawl,2007-08-01,23.727100,92.717600,24.000000,93.000000,386.107666,24.000000,93.000000
Aizawl,2007-09-01,23.727100,92.717600,24.000000,93.000000,385.163025,24.000000,93.000000
Aizawl,2007-10-01,23.727100,92.717600,24.000000,93.000000,384.591400,24.000000,93.000000
Aizawl,2007-11-01,23.727100,92.717600,24.000000,93.000000,384.389435,24.000000,93.000000
Aizawl,2007-12-01,23.727100,92.717600,24.000000,93.000000,384.129822,24.000000,93.000000
Aizawl,2008-01-01,23.727100,92.717600,24.000000,93.000000,385.722961,24.000000,93.000000
Aizawl,2008-02-01,23.727100,92.717600,24.000000,93.000000,386.020447,24.000000,93.000000
Aizawl,2008-03-01,23.727100,92.717600,24.000000,93.000000,389.289490,24.000000,93.000000
Aizawl,2008-04-01,23.727100,92.717600,24.000000,93.000000,390.652679,24.000000,93.000000
Aizawl,2008-05-01,23.727100,92.717600,24.000000,93.000000,393.231598,24.000000,93.000000
Aizawl,2008-06-01,23.727100,92.717600,24.000000,93.000000,390.169556,24.000000,93.000000
Aizawl,2008-07-01,23.727100,92.717600,24.000000,93.000000,388.184021,24.000000,93.000000
Aizawl,2008-08-01,23.727100,92.717600,24.000000,93.000000,386.702545,24.000000,93.000000
Aizawl,2008-09-01,23.727100,92.717600,24.000000,93.000000,386.029877,24.000000,93.000000
Aizawl,2008-10-01,23.727100,92.717600,24.000000,93.000000,385.615479,24.000000,93.000000
Aizawl,2008-11-01,23.727100,92.717600,24.000000,93.000000,384.645721,24.000000,93.000000
Aizawl,2008-12-01,23.727100,92.717600,24.000000,93.000000,386.143585,24.000000,93.000000
Aizawl,2009-01-01,23.727100,92.717600,24.000000,93.000000,387.699158,24.000000,93.000000
Aizawl,2009-02-01,23.727100,92.717600,24.000000,93.000000,388.500122,24.000000,93.000000
Aizawl,2009-03-01,23.727100,92.717600,24.000000,93.000000,391.937042,24.000000,93.000000
Aizawl,2009-04-01,23.727100,92.717600,24.000000,93.000000,392.783936,24.000000,93.000000
Aizawl,2009-05-01,23.727100,92.717600,24.000000,93.000000,394.574402,24.000000,93.000000
Aizawl,2009-06-01,23.727100,92.717600,24.000000,93.000000,394.642181,24.000000,93.000000
Aizawl,2009-07-01,23.727100,92.717600,24.000000,93.000000,390.530884,24.000000,93.000000
Aizawl,2009-08-01,23.727100,92.717600,24.000000,93.000000,389.623627,24.000000,93.000000
Aizawl,2009-09-01,23.727100,92.717600,24.000000,93.000000,388.318817,24.000000,93.000000
Aizawl,2009-10-01,23.727100,92.717600,24.000000,93.000000,387.274017,24.000000,93.000000
Aizawl,2009-11-01,23.727100,92.717600,24.000000,93.000000,387.671570,24.000000,93.000000
Aizawl,2009-12-01,23.727100,92.717600,24.000000,93.000000,387.384827,24.000000,93.000000
Aizawl,2010-01-01,23.727100,92.717600,24.000000,93.000000,387.641174,24.000000,93.000000
Aizawl,2010-02-01,23.727100,92.717600,24.000000,93.000000,389.741516,24.000000,93.000000
Aizawl,2010-03-01,23.727100,92.717600,24.000000,93.000000,393.511261,24.000000,93.000000
Aizawl,2010-04-01,23.727100,92.717600,24.000000,93.000000,395.043396,24.000000,93.000000
Aizawl,2010-05-01,23.727100,92.717600,24.000000,93.000000,396.182678,24.000000,93.000000
Aizawl,2010-06-01,23.727100,92.717600,24.000000,93.000000,394.470795,24.000000,93.000000
Aizawl,2010-07-01,23.727100,92.717600,24.000000,93.000000,391.929016,24.000000,93.000000
Aizawl,2010-08-01,23.727100,92.717600,24.000000,93.000000,390.991791,24.000000,93.000000
Aizawl,2010-09-01,23.727100,92.717600,24.000000,93.000000,390.288422,24.000000,93.000000
Aizawl,2010-10-01,23.727100,92.717600,24.000000,93.000000,390.765961,24.000000,93.000000
Aizawl,2010-11-01,23.727100,92.717600,24.000000,93.000000,390.076019,24.000000,93.000000
Aizawl,2010-12-01,23.727100,92.717600,24.000000,93.000000,390.098297,24.000000,93.000000
Aizawl,2011-01-01,23.727100,92.717600,24.000000,93.000000,391.124847,24.000000,93.000000
Aizawl,2011-02-01,23.727100,92.717600,24.000000,93.000000,391.967957,24.000000,93.000000
Aizawl,2011-03-01,23.727100,92.717600,24.000000,93.000000,394.643341,24.000000,93.000000
Aizawl,2011-04-01,23.727100,92.717600,24.000000,93.000000,396.827728,24.000000,93.000000
Aizawl,2011-05-01,23.727100,92.717600,24.000000,93.000000,398.256653,24.000000,93.000000
Aizawl,2011-06-01,23.727100,92.717600,24.000000,93.000000,396.755096,24.000000,93.000000
Aizawl,2011-07-01,23.727100,92.717600,24.000000,93.000000,393.965515,24.000000,93.000000
Aizawl,2011-08-01,23.727100,92.717600,24.000000,93.000000,392.863403,24.000000,93.000000
Aizawl,2011-09-01,23.727100,92.717600,24.000000,93.000000,392.237793,24.000000,93.000000
Aizawl,2011-10-01,23.727100,92.717600,24.000000,93.000000,391.066986,24.000000,93.000000
Aizawl,2011-11-01,23.727100,92.717600,24.000000,93.000000,390.172791,24.000000,93.000000
Aizawl,2011-12-01,23.727100,92.717600,24.000000,93.000000,391.832184,24.000000,93.000000
Aizawl,2012-01-01,23.727100,92.717600,24.000000,93.000000,392.610870,24.000000,93.000000
Aizawl,2012-02-01,23.727100,92.717600,24.000000,93.000000,393.973083,24.000000,93.000000
Aizawl,2012-03-01,23.727100,92.717600,24.000000,93.000000,396.261841,24.000000,93.000000
Aizawl,2012-04-01,23.727100,92.717600,24.000000,93.000000,398.349579,24.000000,93.000000
Aizawl,2012-05-01,23.727100,92.717600,24.000000,93.000000,400.859192,24.000000,93.000000
Aizawl,2012-06-01,23.727100,92.717600,24.000000,93.000000,400.358063,24.000000,93.000000
Aizawl,2012-07-01,23.727100,92.717600,24.000000,93.000000,396.104889,24.000000,93.000000
Aizawl,2012-08-01,23.727100,92.717600,24.000000,93.000000,395.104218,24.000000,93.000000
Aizawl,2012-09-01,23.727100,92.717600,24.000000,93.000000,394.927246,24.000000,93.000000
Aizawl,2012-10-01,23.727100,92.717600,24.000000,93.000000,392.868988,24.000000,93.000000
Aizawl,2012-11-01,23.727100,92.717600,24.000000,93.000000,393.288269,24.000000,93.000000
Aizawl,2012-12-01,23.727100,92.717600,24.000000,93.000000,393.962738,24.000000,93.000000
Aizawl,2013-01-01,23.727100,92.717600,24.000000,93.000000,394.616791,24.000000,93.000000
Aizawl,2013-02-01,23.727100,92.717600,24.000000,93.000000,395.545166,24.000000,93.000000
Aizawl,2013-03-01,23.727100,92.717600,24.000000,93.000000,397.995056,24.000000,93.000000
Aizawl,2013-04-01,23.727100,92.717600,24.000000,93.000000,400.430939,24.000000,93.000000
Aizawl,2013-05-01,23.727100,92.717600,24.000000,93.000000,401.856659,24.000000,93.000000
Aizawl,2013-06-01,23.727100,92.717600,24.000000,93.000000,399.043274,24.000000,93.000000
Aizawl,2013-07-01,23.727100,92.717600,24.000000,93.000000,397.185089,24.000000,93.000000
Aizawl,2013-08-01,23.727100,92.717600,24.000000,93.000000,396.330658,24.000000,93.000000
Aizawl,2013-09-01,23.727100,92.717600,24.000000,93.000000,395.782990,24.000000,93.000000
Aizawl,2013-10-01,23.727100,92.717600,24.000000,93.000000,395.090271,24.000000,93.000000
Aizawl,2013-11-01,23.727100,92.717600,24.000000,93.000000,393.963562,24.000000,93.000000
Aizawl,2013-12-01,23.727100,92.717600,24.000000,93.000000,395.620270,24.000000,93.000000
Aizawl,2014-01-01,23.727100,92.717600,24.000000,93.000000,395.659241,24.000000,93.000000
Aizawl,2014-02-01,23.727100,92.717600,24.000000,93.000000,397.322052,24.000000,93.000000
Aizawl,2014-03-01,23.727100,92.717600,24.000000,93.000000,399.350616,24.000000,93.000000
Aizawl,2014-04-01,23.727100,92.717600,24.000000,93.000000,402.507629,24.000000,93.000000
Aizawl,2014-05-01,23.727100,92.717600,24.000000,93.000000,403.614258,24.000000,93.000000
Aizawl,2014-06-01,23.727100,92.717600,24.000000,93.000000,404.522339,24.000000,93.000000
Aizawl,2014-07-01,23.727100,92.717600,24.000000,93.000000,400.057983,24.000000,93.000000
Aizawl,2014-08-01,23.727100,92.717600,24.000000,93.000000,398.225433,24.000000,93.000000
Aizawl,2014-09-01,23.727100,92.717600,24.000000,93.000000,396.647095,24.000000,93.000000
Aizawl,2014-10-01,23.727100,92.717600,24.000000,93.000000,394.853729,24.000000,93.000000
Aizawl,2014-11-01,23.727100,92.717600,24.000000,93.000000,396.047272,24.000000,93.000000
Aizawl,2014-12-01,23.727100,92.717600,24.000000,93.000000,396.296692,24.000000,93.000000
Aizawl,2015-01-01,23.727100,92.717600,24.000000,93.000000,397.219025,24.000000,93.000000
Aizawl,2015-02-01,23.727100,92.717600,24.000000,93.000000,398.368896,24.000000,93.000000
Aizawl,2015-03-01,23.727100,92.717600,24.000000,93.000000,401.269653,24.000000,93.000000
Aizawl,2015-04-01,23.727100,92.717600,24.000000,93.000000,403.452515,24.000000,93.000000
Aizawl,2015-05-01,23.727100,92.717600,24.000000,93.000000,404.560272,24.000000,93.000000
Aizawl,2015-06-01,23.727100,92.717600,24.000000,93.000000,403.233826,24.000000,93.000000
Aizawl,2015-07-01,23.727100,92.717600,24.000000,93.000000,401.769897,24.000000,93.000000
Aizawl,2015-08-01,23.727100,92.717600,24.000000,93.000000,400.099274,24.000000,93.000000
Aizawl,2015-09-01,23.727100,92.717600,24.000000,93.000000,399.564117,24.000000,93.000000
Aizawl,2015-10-01,23.727100,92.717600,24.000000,93.000000,398.423828,24.000000,93.000000
Aizawl,2015-11-01,23.727100,92.717600,24.000000,93.000000,398.484772,24.000000,93.000000
Aizawl,2015-12-01,23.727100,92.717600,24.000000,93.000000,399.919800,24.000000,93.000000
Aizawl,2016-01-01,23.727100,92.717600,24.000000,93.000000,400.409332,24.000000,93.000000
Aizawl,2016-02-01,23.727100,92.717600,24.000000,93.000000,402.784485,24.000000,93.000000
Aizawl,2016-03-01,23.727100,92.717600,24.000000,93.000000,405.016052,24.000000,93.000000
Aizawl,2016-04-01,23.727100,92.717600,24.000000,93.000000,407.648743,24.000000,93.000000
Aizawl,2016-05-01,23.727100,92.717600,24.000000,93.000000,408.893188,24.000000,93.000000
Aizawl,2016-06-01,23.727100,92.717600,24.000000,93.000000,407.324738,24.000000,93.000000
Aizawl,2016-07-01,23.727100,92.717600,24.000000,93.000000,404.235931,24.000000,93.000000
Aizawl,2016-08-01,23.727100,92.717600,24.000000,93.000000,403.476105,24.000000,93.000000
Aizawl,2016-09-01,23.727100,92.717600,24.000000,93.000000,402.985443,24.000000,93.000000
Aizawl,2016-10-01,23.727100,92.717600,24.000000,93.000000,401.974335,24.000000,93.000000
Aizawl,2016-11-01,23.727100,92.717600,24.000000,93.000000,400.848480,24.000000,93.000000
Aizawl,2016-12-01,23.727100,92.717600,24.000000,93.000000,401.436920,24.000000,93.000000
Aizawl,2017-01-01,23.727100,92.717600,24.000000,93.000000,402.226593,24.000000,93.000000
Aizawl,2017-02-01,23.727100,92.717600,24.000000,93.000000,403.779541,24.000000,93.000000
Aizawl,2017-03-01,23.727100,92.717600,24.000000,93.000000,406.275574,24.000000,93.000000
Aizawl,2017-04-01,23.727100,92.717600,24.000000,93.000000,409.011871,24.000000,93.000000
Aizawl,2017-05-01,23.727100,92.717600,24.000000,93.000000,411.353363,24.000000,93.000000
Aizawl,2017-06-01,23.727100,92.717600,24.000000,93.000000,409.191528,24.000000,93.000000
Aizawl,2017-07-01,23.727100,92.717600,24.000000,93.000000,405.958496,24.000000,93.000000
Aizawl,2017-08-01,23.727100,92.717600,24.000000,93.000000,405.539581,24.000000,93.000000
Aizawl,2017-09-01,23.727100,92.717600,24.000000,93.000000,404.821533,24.000000,93.000000
Aizawl,2017-10-01,23.727100,92.717600,24.000000,93.000000,403.633423,24.000000,93.000000
Aizawl,2017-11-01,23.727100,92.717600,24.000000,93.000000,402.294617,24.000000,93.000000
Aizawl,2017-12-01,23.727100,92.717600,24.000000,93.000000,403.259583,24.000000,93.000000
Aizawl,2018-01-01,23.727100,92.717600,24.000000,93.000000,403.968994,24.000000,93.000000
Aizawl,2018-02-01,23.727100,92.717600,24.000000,93.000000,405.987457,24.000000,93.000000
Aizawl,2018-03-01,23.727100,92.717600,24.000000,93.000000,408.491882,24.000000,93.000000
Aizawl,2018-04-01,23.727100,92.717600,24.000000,93.000000,411.150269,24.000000,93.000000
Aizawl,2018-05-01,23.727100,92.717600,24.000000,93.000000,411.892334,24.000000,93.000000
Aizawl,2018-06-01,23.727100,92.717600,24.000000,93.000000,411.896729,24.000000,93.000000
Aizawl,2018-07-01,23.727100,92.717600,24.000000,93.000000,408.314423,24.000000,93.000000
Aizawl,2018-08-01,23.727100,92.717600,24.000000,93.000000,407.476624,24.000000,93.000000
Aizawl,2018-09-01,23.727100,92.717600,24.000000,93.000000,406.243439,24.000000,93.000000
Aizawl,2018-10-01,23.727100,92.717600,24.000000,93.000000,405.227142,24.000000,93.000000
Aizawl,2018-11-01,23.727100,92.717600,24.000000,93.000000,405.272583,24.000000,93.000000
Aizawl,2018-12-01,23.727100,92.717600,24.000000,93.000000,406.106354,24.000000,93.000000
Aizawl,2019-01-01,23.727100,92.717600,24.000000,93.000000,406.524780,24.000000,93.000000
Aizawl,2019-02-01,23.727100,92.717600,24.000000,93.000000,409.144714,24.000000,93.000000
Aizawl,2019-03-01,23.727100,92.717600,24.000000,93.000000,410.981171,24.000000,93.000000
Aizawl,2019-04-01,23.727100,92.717600,24.000000,93.000000,413.401550,24.000000,93.000000
Aizawl,2019-05-01,23.727100,92.717600,24.000000,93.000000,414.932098,24.000000,93.000000
Aizawl,2019-06-01,23.727100,92.717600,24.000000,93.000000,415.469788,24.000000,93.000000
Aizawl,2019-07-01,23.727100,92.717600,24.000000,93.000000,412.365326,24.000000,93.000000
Aizawl,2019-08-01,23.727100,92.717600,24.000000,93.000000,411.199646,24.000000,93.000000
Aizawl,2019-09-01,23.727100,92.717600,24.000000,93.000000,411.235016,24.000000,93.000000
Aizawl,2019-10-01,23.727100,92.717600,24.000000,93.000000,411.046051,24.000000,93.000000
Aizawl,2019-11-01,23.727100,92.717600,24.000000,93.000000,410.463654,24.000000,93.000000
Aizawl,2019-12-01,23.727100,92.717600,24.000000,93.000000,411.367065,24.000000,93.000000
Aizawl,2020-01-01,23.727100,92.717600,24.000000,93.000000,412.176331,24.000000,93.000000
Aizawl,2020-02-01,23.727100,92.717600,24.000000,93.000000,412.852753,24.000000,93.000000
Aizawl,2020-03-01,23.727100,92.717600,24.000000,93.000000,414.912231,24.000000,93.000000
Aizawl,2020-04-01,23.727100,92.717600,24.000000,93.000000,417.712494,24.000000,93.000000
Aizawl,2020-05-01,23.727100,92.717600,24.000000,93.000000,418.863831,24.000000,93.000000
Aizawl,2020-06-01,23.727100,92.717600,24.000000,93.000000,416.763214,24.000000,93.000000
Aizawl,2020-07-01,23.727100,92.717600,24.000000,93.000000,415.474487,24.000000,93.000000
Aizawl,2020-08-01,23.727100,92.717600,24.000000,93.000000,414.803528,24.000000,93.000000
Aizawl,2020-09-01,23.727100,92.717600,24.000000,93.000000,414.755768,24.000000,93.000000
Aizawl,2020-10-01,23.727100,92.717600,24.000000,93.000000,416.095123,24.000000,93.000000
Aizawl,2020-11-01,23.727100,92.717600,24.000000,93.000000,414.342896,24.000000,93.000000
Aizawl,2020-12-01,23.727100,92.717600,24.000000,93.000000,414.285889,24.000000,93.000000
Shillong,2003-01-01,25.578800,91.893300,25.500000,92.250000,373.836456,25.500000,92.250000
Shillong,2003-02-01,25.578800,91.893300,25.500000,92.250000,375.244812,25.500000,92.250000
Shillong,2003-03-01,25.578800,91.893300,25.500000,92.250000,376.726166,25.500000,92.250000
Shillong,2003-04-01,25.578800,91.893300,25.500000,92.250000,378.834167,25.500000,92.250000
Shillong,2003-05-01,25.578800,91.893300,25.500000,92.250000,380.138641,25.500000,92.250000
Shillong,2003-06-01,25.578800,91.893300,25.500000,92.250000,380.113892,25.500000,92.250000
Shillong,2003-07-01,25.578800,91.893300,25.500000,92.250000,376.673676,25.500000,92.250000
Shillong,2003-08-01,25.578800,91.893300,25.500000,92.250000,375.792480,25.500000,92.250000
Shillong,2003-09-01,25.578800,91.893300,25.500000,92.250000,375.813904,25.500000,92.250000
Shillong,2003-10-01,25.578800,91.893300,25.500000,92.250000,374.631042,25.500000,92.250000
Shillong,2003-11-01,25.578800,91.893300,25.500000,92.250000,374.400085,25.500000,92.250000
Shillong,2003-12-01,25.578800,91.893300,25.500000,92.250000,375.999908,25.500000,92.250000
Shillong,2004-01-01,25.578800,91.893300,25.500000,92.250000,376.850250,25.500000,92.250000
Shillong,2004-02-01,25.578800,91.893300,25.500000,92.250000,377.142456,25.500000,92.250000
Shillong,2004-03-01,25.578800,91.893300,25.500000,92.250000,379.939331,25.500000,92.250000
Shillong,2004-04-01,25.578800,91.893300,25.500000,92.250000,381.656921,25.500000,92.250000
Shillong,2004-05-01,25.578800,91.893300,25.500000,92.250000,383.244415,25.500000,92.250000
Shillong,2004-06-01,25.578800,91.893300,25.500000,92.250000,382.441864,25.500000,92.250000
Shillong,2004-07-01,25.578800,91.893300,25.500000,92.250000,380.717896,25.500000,92.250000
Shillong,2004-08-01,25.578800,91.893300,25.500000,92.250000,378.495483,25.500000,92.250000
Shillong,2004-09-01,25.578800,91.893300,25.500000,92.250000,378.460022,25.500000,92.250000
Shillong,2004-10-01,25.578800,91.893300,25.500000,92.250000,376.314117,25.500000,92.250000
Shillong,2004-11-01,25.578800,91.893300,25.500000,92.250000,376.503967,25.500000,92.250000
Shillong,2004-12-01,25.578800,91.893300,25.500000,92.250000,378.106812,25.500000,92.250000
Shillong,2005-01-01,25.578800,91.893300,25.500000,92.250000,379.568207,25.500000,92.250000
Shillong,2005-02-01,25.578800,91.893300,25.500000,92.250000,380.945618,25.500000,92.250000
Shillong,2005-03-01,25.578800,91.893300,25.500000,92.250000,382.479187,25.500000,92.250000
Shillong,2005-04-01,25.578800,91.893300,25.500000,92.250000,384.313324,25.500000,92.250000
Shillong,2005-05-01,25.578800,91.893300,25.500000,92.250000,385.482513,25.500000,92.250000
Shillong,2005-06-01,25.578800,91.893300,25.500000,92.250000,387.199585,25.500000,92.250000
Shillong,2005-07-01,25.578800,91.893300,25.500000,92.250000,382.223022,25.500000,92.250000
Shillong,2005-08-01,25.578800,91.893300,25.500000,92.250000,381.497772,25.500000,92.250000
Shillong,2005-09-01,25.578800,91.893300,25.500000,92.250000,380.634033,25.500000,92.250000
Shillong,2005-10-01,25.578800,91.893300,25.500000,92.250000,380.033447,25.500000,92.250000
Shillong,2005-11-01,25.578800,91.893300,25.500000,92.250000,379.221863,25.500000,92.250000
Shillong,2005-12-01,25.578800,91.893300,25.500000,92.250000,380.712341,25.500000,92.250000
Shillong,2006-01-01,25.578800,91.893300,25.500000,92.250000,382.367157,25.500000,92.250000
Shillong,2006-02-01,25.578800,91.893300,25.500000,92.250000,383.851624,25.500000,92.250000
Shillong,2006-03-01,25.578800,91.893300,25.500000,92.250000,384.982178,25.500000,92.250000
Shillong,2006-04-01,25.578800,91.893300,25.500000,92.250000,386.489227,25.500000,92.250000
Shillong,2006-05-01,25.578800,91.893300,25.500000,92.250000,388.502045,25.500000,92.250000
Shillong,2006-06-01,25.578800,91.893300,25.500000,92.250000,387.424072,25.500000,92.250000
Shillong,2006-07-01,25.578800,91.893300,25.500000,92.250000,385.115509,25.500000,92.250000
Shillong,2006-08-01,25.578800,91.893300,25.500000,92.250000,383.804871,25.500000,92.250000
Shillong,2006-09-01,25.578800,91.893300,25.500000,92.250000,383.501251,25.500000,92.250000
Shillong,2006-10-01,25.578800,91.893300,25.500000,92.250000,382.172699,25.500000,92.250000
Shillong,2006-11-01,25.578800,91.893300,25.500000,92.250000,382.998962,25.500000,92.250000
Shillong,2006-12-01,25.578800,91.893300,25.500000,92.250000,382.937714,25.500000,92.250000
Shillong,2007-01-01,25.578800,91.893300,25.500000,92.250000,384.510071,25.500000,92.250000
Shillong,2007-02-01,25.578800,91.893300,25.500000,92.250000,385.198853,25.500000,92.250000
Shillong,2007-03-01,25.578800,91.893300,25.500000,92.250000,386.587585,25.500000,92.250000
Shillong,2007-04-01,25.578800,91.893300,25.500000,92.250000,389.611298,25.500000,92.250000
Shillong,2007-05-01,25.578800,91.893300,25.500000,92.250000,390.759338,25.500000,92.250000
Shillong,2007-06-01,25.578800,91.893300,25.500000,92.250000,389.829193,25.500000,92.250000
Shillong,2007-07-01,25.578800,91.893300,25.500000,92.250000,387.411285,25.500000,92.250000
Shillong,2007-08-01,25.578800,91.893300,25.500000,92.250000,385.615753,25.500000,92.250000
Shillong,2007-09-01,25.578800,91.893300,25.500000,92.250000,384.644623,25.500000,92.250000
Shillong,2007-10-01,25.578800,91.893300,25.500000,92.250000,383.133575,25.500000,92.250000
Shillong,2007-11-01,25.578800,91.893300,25.500000,92.250000,382.903259,25.500000,92.250000
Shillong,2007-12-01,25.578800,91.893300,25.500000,92.250000,383.429810,25.500000,92.250000
Shillong,2008-01-01,25.578800,91.893300,25.500000,92.250000,385.603882,25.500000,92.250000
Shillong,2008-02-01,25.578800,91.893300,25.500000,92.250000,385.383362,25.500000,92.250000
Shillong,2008-03-01,25.578800,91.893300,25.500000,92.250000,387.938782,25.500000,92.250000
Shillong,2008-04-01,25.578800,91.893300,25.500000,92.250000,390.177368,25.500000,92.250000
Shillong,2008-05-01,25.578800,91.893300,25.500000,92.250000,392.621429,25.500000,92.250000
Shillong,2008-06-01,25.578800,91.893300,25.500000,92.250000,389.988342,25.500000,92.250000
Shillong,2008-07-01,25.578800,91.893300,25.500000,92.250000,388.134552,25.500000,92.250000
Shillong,2008-08-01,25.578800,91.893300,25.500000,92.250000,386.323608,25.500000,92.250000
Shillong,2008-09-01,25.578800,91.893300,25.500000,92.250000,385.250671,25.500000,92.250000
Shillong,2008-10-01,25.578800,91.893300,25.500000,92.250000,383.787354,25.500000,92.250000
Shillong,2008-11-01,25.578800,91.893300,25.500000,92.250000,383.740173,25.500000,92.250000
Shillong,2008-12-01,25.578800,91.893300,25.500000,92.250000,385.772369,25.500000,92.250000
Shillong,2009-01-01,25.578800,91.893300,25.500000,92.250000,387.384308,25.500000,92.250000
Shillong,2009-02-01,25.578800,91.893300,25.500000,92.250000,388.010132,25.500000,92.250000
Shillong,2009-03-01,25.578800,91.893300,25.500000,92.250000,390.682770,25.500000,92.250000
Shillong,2009-04-01,25.578800,91.893300,25.500000,92.250000,392.198944,25.500000,92.250000
Shillong,2009-05-01,25.578800,91.893300,25.500000,92.250000,393.993561,25.500000,92.250000
Shillong,2009-06-01,25.578800,91.893300,25.500000,92.250000,394.671265,25.500000,92.250000
Shillong,2009-07-01,25.578800,91.893300,25.500000,92.250000,390.272919,25.500000,92.250000
Shillong,2009-08-01,25.578800,91.893300,25.500000,92.250000,389.420502,25.500000,92.250000
Shillong,2009-09-01,25.578800,91.893300,25.500000,92.250000,387.197662,25.500000,92.250000
Shillong,2009-10-01,25.578800,91.893300,25.500000,92.250000,385.764801,25.500000,92.250000
Shillong,2009-11-01,25.578800,91.893300,25.500000,92.250000,386.465729,25.500000,92.250000
Shillong,2009-12-01,25.578800,91.893300,25.500000,92.250000,386.922516,25.500000,92.250000
Shillong,2010-01-01,25.578800,91.893300,25.500000,92.250000,387.459656,25.500000,92.250000
Shillong,2010-02-01,25.578800,91.893300,25.500000,92.250000,389.398193,25.500000,92.250000
Shillong,2010-03-01,25.578800,91.893300,25.500000,92.250000,392.347717,25.500000,92.250000
Shillong,2010-04-01,25.578800,91.893300,25.500000,92.250000,394.251648,25.500000,92.250000
Shillong,2010-05-01,25.578800,91.893300,25.500000,92.250000,395.820953,25.500000,92.250000
Shillong,2010-06-01,25.578800,91.893300,25.500000,92.250000,394.904266,25.500000,92.250000
Shillong,2010-07-01,25.578800,91.893300,25.500000,92.250000,391.900177,25.500000,92.250000
Shillong,2010-08-01,25.578800,91.893300,25.500000,92.250000,390.642731,25.500000,92.250000
Shillong,2010-09-01,25.578800,91.893300,25.500000,92.250000,389.718048,25.500000,92.250000
Shillong,2010-10-01,25.578800,91.893300,25.500000,92.250000,389.225983,25.500000,92.250000
Shillong,2010-11-01,25.578800,91.893300,25.500000,92.250000,388.732666,25.500000,92.250000
Shillong,2010-12-01,25.578800,91.893300,25.500000,92.250000,389.613037,25.500000,92.250000
Shillong,2011-01-01,25.578800,91.893300,25.500000,92.250000,390.672333,25.500000,92.250000
Shillong,2011-02-01,25.578800,91.893300,25.500000,92.250000,391.420502,25.500000,92.250000
Shillong,2011-03-01,25.578800,91.893300,25.500000,92.250000,393.605682,25.500000,92.250000
Shillong,2011-04-01,25.578800,91.893300,25.500000,92.250000,396.183350,25.500000,92.250000
Shillong,2011-05-01,25.578800,91.893300,25.500000,92.250000,397.724365,25.500000,92.250000
Shillong,2011-06-01,25.578800,91.893300,25.500000,92.250000,396.684418,25.500000,92.250000
Shillong,2011-07-01,25.578800,91.893300,25.500000,92.250000,394.112000,25.500000,92.250000
Shillong,2011-08-01,25.578800,91.893300,25.500000,92.250000,392.390961,25.500000,92.250000
Shillong,2011-09-01,25.578800,91.893300,25.500000,92.250000,391.358673,25.500000,92.250000
Shillong,2011-10-01,25.578800,91.893300,25.500000,92.250000,388.829834,25.500000,92.250000
Shillong,2011-11-01,25.578800,91.893300,25.500000,92.250000,389.338379,25.500000,92.250000
Shillong,2011-12-01,25.578800,91.893300,25.500000,92.250000,390.997253,25.500000,92.250000
Shillong,2012-01-01,25.578800,91.893300,25.500000,92.250000,392.351288,25.500000,92.250000
Shillong,2012-02-01,25.578800,91.893300,25.500000,92.250000,393.512512,25.500000,92.250000
Shillong,2012-03-01,25.578800,91.893300,25.500000,92.250000,395.599030,25.500000,92.250000
Shillong,2012-04-01,25.578800,91.893300,25.500000,92.250000,397.830261,25.500000,92.250000
Shillong,2012-05-01,25.578800,91.893300,25.500000,92.250000,400.619507,25.500000,92.250000
Shillong,2012-06-01,25.578800,91.893300,25.500000,92.250000,400.689911,25.500000,92.250000
Shillong,2012-07-01,25.578800,91.893300,25.500000,92.250000,396.169800,25.500000,92.250000
Shillong,2012-08-01,25.578800,91.893300,25.500000,92.250000,394.805054,25.500000,92.250000
Shillong,2012-09-01,25.578800,91.893300,25.500000,92.250000,393.846832,25.500000,92.250000
Shillong,2012-10-01,25.578800,91.893300,25.500000,92.250000,391.520660,25.500000,92.250000
Shillong,2012-11-01,25.578800,91.893300,25.500000,92.250000,392.083527,25.500000,92.250000
Shillong,2012-12-01,25.578800,91.893300,25.500000,92.250000,393.665527,25.500000,92.250000
Shillong,2013-01-01,25.578800,91.893300,25.500000,92.250000,394.330353,25.500000,92.250000
Shillong,2013-02-01,25.578800,91.893300,25.500000,92.250000,395.214233,25.500000,92.250000
Shillong,2013-03-01,25.578800,91.893300,25.500000,92.250000,396.969238,25.500000,92.250000
Shillong,2013-04-01,25.578800,91.893300,25.500000,92.250000,400.017548,25.500000,92.250000
Shillong,2013-05-01,25.578800,91.893300,25.500000,92.250000,400.945740,25.500000,92.250000
Shillong,2013-06-01,25.578800,91.893300,25.500000,92.250000,399.301544,25.500000,92.250000
Shillong,2013-07-01,25.578800,91.893300,25.500000,92.250000,397.042450,25.500000,92.250000
Shillong,2013-08-01,25.578800,91.893300,25.500000,92.250000,396.056763,25.500000,92.250000
Shillong,2013-09-01,25.578800,91.893300,25.500000,92.250000,394.820221,25.500000,92.250000
Shillong,2013-10-01,25.578800,91.893300,25.500000,92.250000,393.613373,25.500000,92.250000
Shillong,2013-11-01,25.578800,91.893300,25.500000,92.250000,392.988037,25.500000,92.250000
Shillong,2013-12-01,25.578800,91.893300,25.500000,92.250000,394.902679,25.500000,92.250000
Shillong,2014-01-01,25.578800,91.893300,25.500000,92.250000,395.440186,25.500000,92.250000
Shillong,2014-02-01,25.578800,91.893300,25.500000,92.250000,397.036682,25.500000,92.250000
Shillong,2014-03-01,25.578800,91.893300,25.500000,92.250000,398.729736,25.500000,92.250000
Shillong,2014-04-01,25.578800,91.893300,25.500000,92.250000,401.955231,25.500000,92.250000
Shillong,2014-05-01,25.578800,91.893300,25.500000,92.250000,403.513000,25.500000,92.250000
Shillong,2014-06-01,25.578800,91.893300,25.500000,92.250000,404.635345,25.500000,92.250000
Shillong,2014-07-01,25.578800,91.893300,25.500000,92.250000,400.032715,25.500000,92.250000
Shillong,2014-08-01,25.578800,91.893300,25.500000,92.250000,398.145691,25.500000,92.250000
Shillong,2014-09-01,25.578800,91.893300,25.500000,92.250000,396.145264,25.500000,92.250000
Shillong,2014-10-01,25.578800,91.893300,25.500000,92.250000,393.324463,25.500000,92.250000
Shillong,2014-11-01,25.578800,91.893300,25.500000,92.250000,394.730652,25.500000,92.250000
Shillong,2014-12-01,25.578800,91.893300,25.500000,92.250000,395.893982,25.500000,92.250000
Shillong,2015-01-01,25.578800,91.893300,25.500000,92.250000,396.747192,25.500000,92.250000
Shillong,2015-02-01,25.578800,91.893300,25.500000,92.250000,397.888031,25.500000,92.250000
Shillong,2015-03-01,25.578800,91.893300,25.500000,92.250000,400.685333,25.500000,92.250000
Shillong,2015-04-01,25.578800,91.893300,25.500000,92.250000,402.782074,25.500000,92.250000
Shillong,2015-05-01,25.578800,91.893300,25.500000,92.250000,404.410004,25.500000,92.250000
Shillong,2015-06-01,25.578800,91.893300,25.500000,92.250000,403.408539,25.500000,92.250000
Shillong,2015-07-01,25.578800,91.893300,25.500000,92.250000,401.650787,25.500000,92.250000
Shillong,2015-08-01,25.578800,91.893300,25.500000,92.250000,400.053589,25.500000,92.250000
Shillong,2015-09-01,25.578800,91.893300,25.500000,92.250000,399.042084,25.500000,92.250000
Shillong,2015-10-01,25.578800,91.893300,25.500000,92.250000,396.872894,25.500000,92.250000
Shillong,2015-11-01,25.578800,91.893300,25.500000,92.250000,397.377655,25.500000,92.250000
Shillong,2015-12-01,25.578800,91.893300,25.500000,92.250000,398.846588,25.500000,92.250000
Shillong,2016-01-01,25.578800,91.893300,25.500000,92.250000,399.942047,25.500000,92.250000
Shillong,2016-02-01,25.578800,91.893300,25.500000,92.250000,401.555237,25.500000,92.250000
Shillong,2016-03-01,25.578800,91.893300,25.500000,92.250000,404.025269,25.500000,92.250000
Shillong,2016-04-01,25.578800,91.893300,25.500000,92.250000,406.616577,25.500000,92.250000
Shillong,2016-05-01,25.578800,91.893300,25.500000,92.250000,408.602661,25.500000,92.250000
Shillong,2016-06-01,25.578800,91.893300,25.500000,92.250000,407.465332,25.500000,92.250000
Shillong,2016-07-01,25.578800,91.893300,25.500000,92.250000,404.312988,25.500000,92.250000
Shillong,2016-08-01,25.578800,91.893300,25.500000,92.250000,402.982269,25.500000,92.250000
Shillong,2016-09-01,25.578800,91.893300,25.500000,92.250000,402.606537,25.500000,92.250000
Shillong,2016-10-01,25.578800,91.893300,25.500000,92.250000,400.320618,25.500000,92.250000
Shillong,2016-11-01,25.578800,91.893300,25.500000,92.250000,399.607452,25.500000,92.250000
Shillong,2016-12-01,25.578800,91.893300,25.500000,92.250000,400.815430,25.500000,92.250000
Shillong,2017-01-01,25.578800,91.893300,25.500000,92.250000,401.955505,25.500000,92.250000
Shillong,2017-02-01,25.578800,91.893300,25.500000,92.250000,403.404572,25.500000,92.250000
Shillong,2017-03-01,25.578800,91.893300,25.500000,92.250000,405.242035,25.500000,92.250000
Shillong,2017-04-01,25.578800,91.893300,25.500000,92.250000,408.338593,25.500000,92.250000
Shillong,2017-05-01,25.578800,91.893300,25.500000,92.250000,410.773621,25.500000,92.250000
Shillong,2017-06-01,25.578800,91.893300,25.500000,92.250000,409.436676,25.500000,92.250000
Shillong,2017-07-01,25.578800,91.893300,25.500000,92.250000,406.051086,25.500000,92.250000
Shillong,2017-08-01,25.578800,91.893300,25.500000,92.250000,405.587097,25.500000,92.250000
Shillong,2017-09-01,25.578800,91.893300,25.500000,92.250000,403.978394,25.500000,92.250000
Shillong,2017-10-01,25.578800,91.893300,25.500000,92.250000,402.357910,25.500000,92.250000
Shillong,2017-11-01,25.578800,91.893300,25.500000,92.250000,401.202911,25.500000,92.250000
Shillong,2017-12-01,25.578800,91.893300,25.500000,92.250000,402.781036,25.500000,92.250000
Shillong,2018-01-01,25.578800,91.893300,25.500000,92.250000,403.304932,25.500000,92.250000
Shillong,2018-02-01,25.578800,91.893300,25.500000,92.250000,405.714722,25.500000,92.250000
Shillong,2018-03-01,25.578800,91.893300,25.500000,92.250000,407.297150,25.500000,92.250000
Shillong,2018-04-01,25.578800,91.893300,25.500000,92.250000,410.153442,25.500000,92.250000
Shillong,2018-05-01,25.578800,91.893300,25.500000,92.250000,411.316467,25.500000,92.250000
Shillong,2018-06-01,25.578800,91.893300,25.500000,92.250000,412.009094,25.500000,92.250000
Shillong,2018-07-01,25.578800,91.893300,25.500000,92.250000,408.364624,25.500000,92.250000
Shillong,2018-08-01,25.578800,91.893300,25.500000,92.250000,407.212372,25.500000,92.250000
Shillong,2018-09-01,25.578800,91.893300,25.500000,92.250000,405.667053,25.500000,92.250000
Shillong,2018-10-01,25.578800,91.893300,25.500000,92.250000,404.108063,25.500000,92.250000
Shillong,2018-11-01,25.578800,91.893300,25.500000,92.250000,404.407745,25.500000,92.250000
Shillong,2018-12-01,25.578800,91.893300,25.500000,92.250000,405.520905,25.500000,92.250000
Shillong,2019-01-01,25.578800,91.893300,25.500000,92.250000,406.508331,25.500000,92.250000
Shillong,2019-02-01,25.578800,91.893300,25.500000,92.250000,408.839386,25.500000,92.250000
Shillong,2019-03-01,25.578800,91.893300,25.500000,92.250000,410.301361,25.500000,92.250000
Shillong,2019-04-01,25.578800,91.893300,25.500000,92.250000,412.454559,25.500000,92.250000
Shillong,2019-05-01,25.578800,91.893300,25.500000,92.250000,414.868927,25.500000,92.250000
Shillong,2019-06-01,25.578800,91.893300,25.500000,92.250000,415.745270,25.500000,92.250000
Shillong,2019-07-01,25.578800,91.893300,25.500000,92.250000,412.652649,25.500000,92.250000
Shillong,2019-08-01,25.578800,91.893300,25.500000,92.250000,410.816193,25.500000,92.250000
Shillong,2019-09-01,25.578800,91.893300,25.500000,92.250000,410.443237,25.500000,92.250000
Shillong,2019-10-01,25.578800,91.893300,25.500000,92.250000,409.734619,25.500000,92.250000
Shillong,2019-11-01,25.578800,91.893300,25.500000,92.250000,409.701599,25.500000,92.250000
Shillong,2019-12-01,25.578800,91.893300,25.500000,92.250000,410.790314,25.500000,92.250000
Shillong,2020-01-01,25.578800,91.893300,25.500000,92.250000,411.938354,25.500000,92.250000
Shillong,2020-02-01,25.578800,91.893300,25.500000,92.250000,412.542542,25.500000,92.250000
Shillong,2020-03-01,25.578800,91.893300,25.500000,92.250000,414.416687,25.500000,92.250000
Shillong,2020-04-01,25.578800,91.893300,25.500000,92.250000,417.225433,25.500000,92.250000
Shillong,2020-05-01,25.578800,91.893300,25.500000,92.250000,418.657349,25.500000,92.250000
Shillong,2020-06-01,25.578800,91.893300,25.500000,92.250000,417.198608,25.500000,92.250000
Shillong,2020-07-01,25.578800,91.893300,25.500000,92.250000,415.799774,25.500000,92.250000
Shillong,2020-08-01,25.578800,91.893300,25.500000,92.250000,414.272461,25.500000,92.250000
Shillong,2020-09-01,25.578800,91.893300,25.500000,92.250000,414.334839,25.500000,92.250000
Shillong,2020-10-01,25.578800,91.893300,25.500000,92.250000,414.954559,25.500000,92.250000
Shillong,2020-11-01,25.578800,91.893300,25.500000,92.250000,413.433289,25.500000,92.250000
Shillong,2020-12-01,25.578800,91.893300,25.500000,92.250000,413.976898,25.500000,92.250000
